Group,PairwiseHL,Counts
0.5,0.024704790078671074,58
0.6,0.03141069877133816,487
0.7,0.03899149804210097,239
0.8,0.028331291340667693,16
