,Avg Noise HL,Avg Filter HL,Improv HL
simon,0.7071067811865474,0.32201787341942445,54.46
ghz,0.7071067811865475,0.013636865583571427,98.07
addition,0.6678230711206281,0.5074766424274024,24.01
similarity,0.7071067811865475,0.5705622666883643,19.31
phase,0.6356292750971886,0.4011815502940872,36.88
qft,0.7071067811865471,0.5461953297897001,22.76
