{"FilterHL": [0.19113183046413165, 0.20113146084161637, 0.2252222988066227, 0.22540355581662844, 0.19352170144244454, 0.5491425230712862, 0.5114812806897479], "NoiseHL": [0.17292174472788055, 0.9777317691158276, 0.9645160063173019, 0.3109456488900021, 0.1918686187731628, 0.8694363572910027, 0.8588994179728561]}