{"FilterHL": [0.018088193124806418, 0.3874054923481597, 0.43110645249908924, 0.41710236255495214, 0.4336637090605305, 0.674778367104831, 0.42833002961768], "NoiseHL": [0.2592282347903943, 0.9269134570066851, 0.9519716382329884, 0.879508542676776, 0.9419801073492742, 0.6882505000934721, 0.9682458365518541]}