{"FilterHL": [0.32302037221946656, 0.40311132935123367, 0.397500540231576, 0.350716140701757, 0.3219977208161116, 0.40752992732562193, 0.38064918954386856], "NoiseHL": [0.8365956095926401, 0.5773210134087714, 0.6008508526685505, 0.8183704978364954, 0.8483081564049672, 0.6135180897127358, 0.5752607156296097]}