{"FilterHL": [0.29104238482015193, 0.3470171963795285, 0.2941165801603685, 0.3242189146761096, 0.35624009677959717, 0.35834844650913794, 0.31522560114033515], "NoiseHL": [0.38199626805548176, 0.41086336869340845, 0.4301223467230811, 0.46593936993592305, 0.43164836532599377, 0.443065036586771, 0.3735268181027545]}