{"FilterHL": [0.06675663317422306, 0.1317302066200061, 0.10829932801164821, 0.04663120285170439, 0.14184524752271463, 0.24174967559855243, 0.15869092456216946], "NoiseHL": [0.5042453249510771, 0.2334624615687677, 0.27999017877987586, 0.39744340601432615, 0.21114707877169614, 0.5796575975671121, 0.3298621153958197]}