{"FilterHL": [0.06126908103257249, 0.11044678973897706, 0.10352029769407099, 0.16239155198774788, 0.15039522612588221, 0.1199809235407436, 0.18080139683253738], "NoiseHL": [0.07485158329957632, 0.12800700983754204, 0.1201690814232815, 0.18789439420346057, 0.15216909072271156, 0.14844130054786012, 0.2182622577068742]}