{"FilterHL": [0.1906121182929617, 0.3565300328797766, 0.10845528837117736, 0.373448251843788, 0.4797547774814194, 0.3497841441880576, 0.35188126353726684], "NoiseHL": [0.18349448950951458, 0.9644315395205335, 0.18591628100129778, 0.9476601530626825, 0.9180323542562462, 0.33735062055143317, 0.9627407175509953]}