{"FilterHL": [0.3840440207452014, 0.30726956300043107, 0.4285428458441915, 0.2049131013090167, 0.645662222322357, 0.3742185825658156, 0.5981398588923375], "NoiseHL": [0.8001515299358598, 0.4060206014755737, 0.807789252011163, 0.43605290327983826, 0.3857804385840386, 0.8200460937133673, 0.4078440155757117]}