{"FilterHL": [0.34595468554334347, 0.35012216211726416, 0.33528067199881767, 0.3417972840452204, 0.3399406218329304, 0.3556328350981476, 0.35273584366454325], "NoiseHL": [0.6200376577527046, 0.6316142099282483, 0.6618532951069249, 0.6068735160381905, 0.6207232730465844, 0.6648970930989617, 0.6639258656562752]}