{"FilterHL": [0.1451575475874553, 0.23228367645465464, 0.16931436714072534, 0.17459345783843008, 0.2638303397246298, 0.298945333378974, 0.35451932651706075], "NoiseHL": [0.20144725094889065, 0.27591289122663604, 0.1975669957396983, 0.20804599883982905, 0.2665198024797702, 0.3106336916875709, 0.3524453805211772]}