{"FilterHL": [0.2804988310280591, 0.4931401197108477, 0.222389423272302, 0.3425788642618292, 0.7132093510018742, 0.5690788592058567, 0.232039610011958], "NoiseHL": [0.9521571054607526, 0.7133895560463567, 0.9816044040891759, 0.43875311734301836, 0.16912810925474056, 0.9320704204277097, 0.975174891634421]}