{"FilterHL": [0.22174012117138492, 0.1370863570003563, 0.20863964229817594, 0.1548188344935969, 0.290865799089254, 0.2032538709994584, 0.2743367229313311], "NoiseHL": [0.635801005524681, 0.6146770577895915, 0.6285233131906083, 0.6175211031143617, 0.6107246039385454, 0.6184093601245965, 0.6364269463281886]}