{"FilterHL": [0.34868370594153825, 0.19274103532823617, 0.16753882326870004, 0.13185296854096526, 0.3369620885199815, 0.27999253461654766, 0.15553110112566518], "NoiseHL": [0.46551143417406476, 0.4588044682275637, 0.3210277625595204, 0.3239919088787919, 0.4650389719328804, 0.4523717441994515, 0.32066757265767415]}