{"FilterHL": [0.4107613671110972, 0.03969927285812248, 0.005507322926073663, 0.4257763264236009, 0.4257763264236009, 0.419707829854015, 0.7071067811865475], "NoiseHL": [0.9682458365518541, 0.4549328562787095, 0.3008703820942616, 0.9519716382329884, 0.9519716382329884, 0.9577683809404189, 0.40183890856608057]}