{"FilterHL": [0.19817261540763684, 0.17791448502093568, 0.22152162655130425, 0.20107007620454978, 0.19954593596226927, 0.20223919331525134, 0.20313250095792343], "NoiseHL": [0.626429119306786, 0.6189656156912156, 0.6494225774649979, 0.6337197417486361, 0.6294748856667851, 0.6385613459379798, 0.6331973172305086]}