{"FilterHL": [0.05129114853748984, 0.061115502509101395, 0.07158972099068368, 0.032448899452436945, 0.6356281763489515, 0.08697892165375078, 0.08743692235077055], "NoiseHL": [0.12879155114861268, 0.06503831961763232, 0.19260064563129242, 0.03804021555841061, 0.5660983211269297, 0.042077723008771745, 0.20017548317624564]}