{"FilterHL": [0.24353528390837664, 0.5280376187975369, 0.23509448672058353, 0.5548172507219559, 0.6803188419529403, 0.6928978541247789, 0.6882001234440893], "NoiseHL": [0.6335110694029366, 0.8474118917337639, 0.6378519663680405, 0.8148772593697535, 0.6263847450621277, 0.3044863194873082, 0.6150798267308858]}