{"FilterHL": [0.17376811750395887, 0.22305217999229648, 0.18287957187234222, 0.21585983558990335, 0.2363519505799036, 0.24377560679772353, 0.22266628675135394], "NoiseHL": [0.14713566416911572, 0.41321191492125553, 0.14069248686087177, 0.39740285122430496, 0.4102118294985986, 0.19460510537150155, 0.3911569253549338]}