{"FilterHL": [0.053111026185237366, 0.09703649099321333, 0.24525765216991827, 0.11963279536230298, 0.34319686186230786, 0.37930223211199227, 0.17962784206545718], "NoiseHL": [0.10282966624324406, 0.09257381368431193, 0.40338176910615653, 0.08253731296923247, 0.3879108863179964, 0.2875159763924139, 0.09581464537081762]}