{"FilterHL": [0.19382853025625252, 0.3113148649389791, 0.6955804349597615, 0.4912701878293658, 0.6551942464469355, 0.5928574860574801, 0.6749912591741395], "NoiseHL": [0.21495228943920308, 0.26292502656355854, 0.9376143066973434, 0.9075428584058376, 0.90803600187575, 0.911140380883038, 0.33751288111854577]}