{"FilterHL": [0.2829408782341236, 0.22008339200871477, 0.4093019352145206, 0.41895088735000136, 0.37790558076430386, 0.5032252616024816, 0.6717920967445489], "NoiseHL": [0.2575524920313184, 0.30870272256256437, 0.881834870930339, 0.8890800165678434, 0.8938641090457489, 0.8694165545239155, 0.3148289250766034]}