{"FilterHL": [0.03192999832378465, 0.46942299830648665, 0.25390254785688665, 0.46241743292821164, 0.7071067811865475, 0.48461007459339994, 0.7071067811865475], "NoiseHL": [0.20502044197399763, 0.9496962517239858, 0.2542471176599839, 0.9618950346842261, 0.3727925888374984, 0.9490968155588387, 0.4257080916674943]}