{"FilterHL": [0.4605811836984845, 0.19147519220609685, 0.45419513681718193, 0.028878456468402394, 0.7071067811865475, 0.45609004141409265, 0.7071067811865475], "NoiseHL": [0.9577683809404189, 0.32424710260113027, 0.9682458365518541, 0.3751893617838597, 0.20217423592924638, 0.9644287820793879, 0.26916281322186875]}