{"FilterHL": [0.30896634734363987, 0.31415729108316187, 0.3492651974513859, 0.3868268152555139, 0.6924130650356115, 0.6742415466438639, 0.4949349056351929], "NoiseHL": [0.872698586247607, 0.8569115930673363, 0.6316809300105362, 0.6396202163115465, 0.622717743394319, 0.6514727227759776, 0.8786498426615148]}