{"FilterHL": [0.003760775405961832, 0.5242451474785772, 0.2933295599688458, 0.003287234730376617, 0.5242451474785772, 0.379292961016157, 0.5972886413854795], "NoiseHL": [0.26023620398396025, 0.937533610294062, 0.5981447387006347, 0.3996616021907821, 0.937533610294062, 0.6733606116207774, 0.6704330851079369]}