{"FilterHL": [0.26010454275788003, 0.3378775316245196, 0.32386267640994015, 0.32406803588839656, 0.4137947633313076, 0.4390534085300293, 0.42755670493201725], "NoiseHL": [0.483883271046476, 0.8153633903097979, 0.9318352319777653, 0.9314131092270532, 0.9132537485456504, 0.9101540381671694, 0.80535732617938]}