{"FilterHL": [0.18911536985008495, 0.21214680025767818, 0.18043382992294318, 0.1981438132034306, 0.5721050620668519, 0.5708032197203592, 0.7071067811865475], "NoiseHL": [0.6609888353903544, 0.6550185251125634, 0.6386820961697015, 0.6502646491937841, 0.7051839300858826, 0.719596017533716, 0.7367726259813261]}