{"FilterHL": [0.17749563531405294, 0.1280821832033511, 0.17012503571094598, 0.16614648832357026, 0.1806308218912912, 0.16498330708495856, 0.16424387386920591], "NoiseHL": [0.2530909573584605, 0.2703569464806323, 0.2255073782954872, 0.2260559115383156, 0.22051752194240112, 0.2090479477597982, 0.19757505316330273]}