{"FilterHL": [0.1883475627997311, 0.4935884090917877, 0.005131347461186067, 0.011529253097935807, 0.5021952353759858, 0.010026765378443957, 0.004204107222736643], "NoiseHL": [0.3447941251790983, 0.9644287820793879, 0.48165043551804065, 0.49934881661868424, 0.9577683809404189, 0.49608857060667483, 0.45763586502579223]}