{"FilterHL": [0.03617975409717326, 0.23387470203922808, 0.1098848582628237, 0.24373191255655124, 0.2605731780584273, 0.10127194574374934, 0.13897361901825897], "NoiseHL": [0.04413139008543533, 0.24069015991375975, 0.08175666596046996, 0.26819690911082794, 0.2529739841400824, 0.07202904420333542, 0.11386185959367796]}