{"FilterHL": [0.08165335436331732, 0.44383231726024336, 0.28457906606848776, 0.443123573805653, 0.11081815465142024, 0.4485468207153546, 0.27937951099202346], "NoiseHL": [0.19334008254447121, 0.9321101782201741, 0.3423310843632449, 0.9333562489068905, 0.208316631302042, 0.9493175538903896, 0.32581901244452555]}