{"FilterHL": [0.39222370816541174, 0.34173587722994414, 0.2769460908525653, 0.3875848298048297, 0.3971881307165959, 0.46988845737189533, 0.4553940512958731], "NoiseHL": [0.8530775727183267, 0.6185774657163295, 0.5454844297950313, 0.893357363377586, 0.8502893048231177, 0.5183694896592066, 0.6098543397657051]}