{"FilterHL": [0.3931144605436448, 0.3975917679182865, 0.42990517772157305, 0.42750080451984096, 0.4297027556011106, 0.41160413871978624, 0.46469644965730766], "NoiseHL": [0.4994183329859581, 0.4992236885097801, 0.4979271348101214, 0.4428865312772652, 0.48772681411699664, 0.4964920495399567, 0.5546064254898703]}