{"FilterHL": [0.35082290281513434, 0.5606052962403215, 0.2509866343112841, 0.3286944269245126, 0.6044557945135548, 0.5740587652748272, 0.44410197048942784], "NoiseHL": [0.9299825254232835, 0.8075447643258793, 0.6262433755004941, 0.6515988253504037, 0.6453362714973888, 0.6580593114256645, 0.9042355870226707]}