{"FilterHL": [0.06841780603138026, 0.44295870776307916, 0.058547241755509696, 0.44803619530564803, 0.6902599351167049, 0.457548406190903, 0.6925736514250003], "NoiseHL": [0.20094366309262354, 0.9746519218274314, 0.20724439166038103, 0.9424769594278085, 0.33048910203418524, 0.9508626597703148, 0.34236377710959215]}