{"FilterHL": [0.19941095833603853, 0.17094640317466095, 0.17115155273327104, 0.24089270466219626, 0.2984767178558988, 0.4035883453200283, 0.37443401439954094], "NoiseHL": [0.04659344078054767, 0.5159919917180471, 0.04325731709874531, 0.5190646189345717, 0.5428936157111014, 0.1198806124567786, 0.5477986111666975]}