{"FilterHL": [0.4292855971826502, 0.3300952689468773, 0.1155379722878015, 0.32604908179388603, 0.38477144656548157, 0.7071067811865474, 0.37465382561376276], "NoiseHL": [0.9181913808295525, 0.8933427433366034, 0.4613317088078047, 0.8904229295962709, 0.8748926310494755, 0.5351922422567627, 0.8790309575375379]}