{"FilterHL": [0.13743183754021307, 0.08632212514299344, 0.10707778236962459, 0.09387310739797941, 0.11599343227512433, 0.1504286566149743, 0.11893031710125428], "NoiseHL": [0.14562448780558743, 0.17348939251061976, 0.14904344910580025, 0.16305481743632566, 0.1513706377454247, 0.1462579647450907, 0.18031639591822493]}