{"FilterHL": [0.07221267195697036, 0.09359589937407821, 0.09242498022706781, 0.06622237728959593, 0.09821392168130348, 0.06522662238287766, 0.06896173400688253], "NoiseHL": [0.11477518818909241, 0.1568676586531672, 0.12631199154131537, 0.1487833087481123, 0.12986569484231064, 0.1409955239100133, 0.12789913627083324]}