{"FilterHL": [0.04021493026909832, 0.028221301571916477, 0.04719777739826903, 0.017739221273038685, 0.017666876684205524, 0.019010744196392163, 0.02431846676282267], "NoiseHL": [0.1996013906971365, 0.24374483406524788, 0.19182305127106086, 0.25752750345317427, 0.17967352720470656, 0.25822437229063905, 0.17993942105616226]}