{"FilterHL": [0.018141476370640692, 0.11995317817640036, 0.08846422079801507, 0.4675264922163809, 0.4764958258525749, 0.6825580295546934, 0.46343662586945095], "NoiseHL": [0.45035058837389064, 0.33442904892757247, 0.36463389022061904, 0.948184682523371, 0.9334702092705494, 0.37148803110976686, 0.9485263698867292]}