{"FilterHL": [0.2557284480541237, 0.2709342280793791, 0.30467176656510975, 0.33015957451137234, 0.34803779148490854, 0.45597718609536064, 0.40925417159262517], "NoiseHL": [0.651730264078727, 0.6451688818777871, 0.6197705946556235, 0.9255630820377649, 0.9185974632622081, 0.6757410671252315, 0.6286352460000443]}