{"FilterHL": [0.1594804951436219, 0.4045960716390433, 0.09977888578580413, 0.37876894298164926, 0.33549145489379945, 0.5095507880087653, 0.34731314640973027], "NoiseHL": [0.29489334612489326, 0.9600575409614633, 0.2721380131975363, 0.9306231954643497, 0.5171960222291427, 0.7433817078918237, 0.5137677206284667]}