{"FilterHL": [0.4493764495516954, 0.4127986657789372, 0.16839987209782228, 0.43672697200318816, 0.45774034533331975, 0.4533928470281695, 0.44854083243791504], "NoiseHL": [0.8762151887231008, 0.6978491453178435, 0.30657061936137, 0.8765059897478223, 0.8836779817319604, 0.6097970453579776, 0.9234983498851377]}