{"FilterHL": [0.17356657712275014, 0.24609457506433552, 0.25996932278785284, 0.2353963354098266, 0.23241122269291284, 0.5617912348402031, 0.2998229488475835], "NoiseHL": [0.3628829693873173, 0.6617151200183954, 0.6717492409470738, 0.4176564271221967, 0.2951608495499683, 0.6714314557040413, 0.38009945929413264]}