{"FilterHL": [0.20282053312671383, 0.21651301960673616, 0.2516585945997082, 0.5409095052587135, 0.4720956863562696, 0.5078761988762609, 0.24181123482890568], "NoiseHL": [0.18143133060371686, 0.26750143155052775, 0.21821173164078878, 0.7887227210775701, 0.8643700939075064, 0.5531310950140402, 0.20321851922139245]}