{"FilterHL": [0.1018978104746981, 0.3528635146913925, 0.3030144747603624, 0.3340785145131134, 0.5032058139998395, 0.5474454992898754, 0.3878488454400669], "NoiseHL": [0.2731203904299117, 0.9334218645601627, 0.4120974785703638, 0.9524271934613366, 0.4200387111320075, 0.5644329574874712, 0.724828287173012]}