{"FilterHL": [0.26187500693803145, 0.4346655086393335, 0.15759295931839565, 0.4117198319053612, 0.5220875481667546, 0.3751200899370714, 0.5145926422217687], "NoiseHL": [0.19291246031928722, 0.852678636394862, 0.39063501110886756, 0.8238538747494472, 0.8254483164059503, 0.2887850518835637, 0.8780690933804267]}