{"FilterHL": [0.029272659742876354, 0.0, 0.39279646494832116, 0.35676265063103296, 0.5426351038344307, 0.5025284489691739, 0.5318564379593032], "NoiseHL": [0.2681834254622317, 0.25516228884138725, 0.7299417797624068, 0.7091048489854151, 0.5661126428795361, 0.5283957968151037, 0.48037617970627206]}