{"FilterHL": [0.36320640672194254, 0.3918136323554509, 0.40853607323079216, 0.3374931806072933, 0.4969165733381339, 0.5207933676191665, 0.4574514411221672], "NoiseHL": [0.496220205274459, 0.5991489747558705, 0.47905364562037367, 0.5962274286276943, 0.5954539470958383, 0.5340384983753633, 0.5893673619629731]}