{"FilterHL": [0.10623905108076644, 0.07033125525183534, 0.09400756091023467, 0.10194932195441637, 0.10586311125241689, 0.1005248451079093, 0.10702477190337305], "NoiseHL": [0.21821976399948073, 0.21353902865146218, 0.19123465624238617, 0.19546422887276804, 0.31303717793017893, 0.29995288525008157, 0.2917802727056505]}