{"FilterHL": [0.07128918166460241, 0.065556128187072, 0.06028187040729142, 0.087474612291137, 0.13905789676348343, 0.10710353375933293, 0.10398324090335528], "NoiseHL": [0.162482998835309, 0.12991359300790178, 0.2107465677818989, 0.1874664299621471, 0.19383788790913714, 0.15851627758493947, 0.2429207941952572]}