{"FilterHL": [0.05076429551929638, 0.06826568944443694, 0.037482309520485625, 0.05732797475806091, 0.03905658516711439, 0.06089709801088259, 0.08058316641364725], "NoiseHL": [0.11838038383452432, 0.08554539695639754, 0.11846908812586923, 0.09549111843958351, 0.10559575906216605, 0.07609280403076353, 0.12839515151304345]}