{"FilterHL": [0.39012478315318233, 0.08854572198968386, 0.41963192489750706, 0.3931045379693411, 0.48784647942963616, 0.3409785984048778, 0.6180430075481159], "NoiseHL": [0.8714046468418254, 0.3206218848261616, 0.9193609355860606, 0.9074523462823674, 0.9305979924083115, 0.9441948800963371, 0.38636785043637045]}