{"FilterHL": [0.31895568490865367, 0.16422708798378644, 0.1817910525629121, 0.126567497252066, 0.19565590949759912, 0.2735945285592612, 0.36049384333838147], "NoiseHL": [0.3650004527540343, 0.25462682330099984, 0.39957437118942346, 0.2345973891421854, 0.4016801273831271, 0.36930365795347636, 0.38585955970982566]}