{"FilterHL": [0.1946578191025225, 0.14530682919180474, 0.1893652341767769, 0.1344829221279918, 0.5698622964192731, 0.2815446423408423, 0.4676879721274377], "NoiseHL": [0.7380870483444876, 0.5332632337312181, 0.729454438540179, 0.5272918567956961, 0.5409961550261826, 0.710876491108807, 0.5560586597957738]}