{"FilterHL": [0.017241931150705277, 0.02095700093282068, 0.0188599768375535, 0.022354400845227634, 0.011949744282371397, 0.011322564146198312, 0.031497292037773884], "NoiseHL": [0.12465350079766523, 0.24171718414422852, 0.10844316723103392, 0.2232207580724849, 0.11303585801740904, 0.23053798714090284, 0.12717205925558311]}