{"FilterHL": [0.24872437498304345, 0.27746016952851915, 0.148877878417003, 0.1600985382560194, 0.2787886699080358, 0.3793173272415595, 0.26219392606201314], "NoiseHL": [0.627049896329783, 0.6427830387766663, 0.3164969885230666, 0.5769429770172679, 0.6158035320775848, 0.5820713385414209, 0.587162285629735]}