{"FilterHL": [0.14678543695965157, 0.13378912816823624, 0.17161715775218275, 0.10526519279918328, 0.12777997361288124, 0.14858195056063767, 0.14531934354398632], "NoiseHL": [0.15903405426708353, 0.13137022694102204, 0.21982217340119, 0.16353558045355254, 0.12807054039649615, 0.1505999335071357, 0.18966076536901272]}