{"FilterHL": [0.23573267407717974, 0.20675117032006307, 0.22683268171296828, 0.21651132754211896, 0.6490878378049694, 0.5271123716359616, 0.43261609366237264], "NoiseHL": [0.6209717731573564, 0.6281332878007717, 0.6609845328876895, 0.6508527260866175, 0.6573946898121388, 0.6589202841211375, 0.6733171612464194]}