{"FilterHL": [0.30684108953102074, 0.2872362070760775, 0.3500482836652569, 0.35177418477344724, 0.5117594506078601, 0.48610811762450234, 0.582751679184175], "NoiseHL": [0.872127316726794, 0.7008640209756698, 0.8840507646866823, 0.6908067150507885, 0.7598715060495996, 0.7566216984146366, 0.4477779360418496]}