{"FilterHL": [0.21488170071710183, 0.37714041156747125, 0.23332842026776612, 0.2690747745593714, 0.5606069902982086, 0.48119725685525855, 0.5362015209762226], "NoiseHL": [0.6269185180718602, 0.6309834591545134, 0.24871856673026368, 0.21969130860236483, 0.23588341547539662, 0.23648895785607885, 0.6605243303913534]}