{"FilterHL": [0.19709566463255687, 0.2698253200682443, 0.22287117283165195, 0.2544933943869618, 0.21192707352304732, 0.2564841932790537, 0.21786016494903548], "NoiseHL": [0.6279327074274268, 0.6435366722602908, 0.6295878376341074, 0.6329584184445831, 0.6469415262062712, 0.6286340044940328, 0.6342612003817698]}