{"FilterHL": [0.17499932364511075, 0.1503523064923608, 0.07350728628918045, 0.23225473744166547, 0.5641093697476572, 0.36589561987597813, 0.266854538826782], "NoiseHL": [0.41298354187291514, 0.6783231714543623, 0.42569856337937184, 0.6443563418926355, 0.21295026587046695, 0.45269912375280136, 0.6823987746399944]}