{"FilterHL": [0.26108738198433773, 0.21948102613015208, 0.4155459921813128, 0.4178181104368488, 0.3965581579978317, 0.42132544959658547, 0.32167174542095045], "NoiseHL": [0.20601561843917143, 0.20819179585195538, 0.7094810654289625, 0.6914871408299555, 0.6960998624751508, 0.7170027257381565, 0.29982908207388353]}