{"FilterHL": [0.010791683105052406, 0.02744682990882655, 0.006284155203315711, 0.0198287436605946, 0.009242017950394464, 0.0034454230136078353, 0.02716826647621638], "NoiseHL": [0.17130599405504693, 0.26670687131862786, 0.18401874244748714, 0.2734125144441906, 0.18323499646657374, 0.2523565189387858, 0.18122672730585918]}