{"FilterHL": [0.22191893800870705, 0.24433876689850675, 0.13097367494271686, 0.12774889593460817, 0.34460281338883664, 0.5297099162711572, 0.38840632215859977], "NoiseHL": [0.6648405658082839, 0.6779021891074876, 0.5817934470458366, 0.589428593981349, 0.6291230272595438, 0.7928397418063866, 0.6065736415546441]}