{"FilterHL": [0.10685937765054787, 0.23921289492406905, 0.4250646525288154, 0.4131345204070711, 0.44158400981148643, 0.42814668189254335, 0.7062280305405195], "NoiseHL": [0.20041151263837034, 0.26827709132816097, 0.9601444458126568, 0.9774279524323912, 0.9418057920179239, 0.9497693798923335, 0.3730304907692911]}