{"FilterHL": [0.14820600559023983, 0.20823396044540976, 0.16056605859431075, 0.22364894060813495, 0.33359187757698, 0.1795886516255088, 0.41522278672753793], "NoiseHL": [0.6665957712537418, 0.601897183038606, 0.6608025328901308, 0.6111583369468077, 0.616630834049877, 0.6672291426892152, 0.6054067599895289]}