{"FilterHL": [0.029404460453446503, 0.050723699416626924, 0.024136859915838825, 0.028494021480346087, 0.02640181911432305, 0.03950670418948852, 0.03318226745830162], "NoiseHL": [0.06109092668088671, 0.10268821663010105, 0.04334660886024761, 0.025639664227087987, 0.046534050100222366, 0.05759725492545247, 0.057001644858117116]}