{"FilterHL": [0.21794424301390167, 0.25177858188437285, 0.1436487380251525, 0.23806382622272906, 0.19039684998668843, 0.6514249265543625, 0.5038735118284429], "NoiseHL": [0.6780779567611146, 0.8644020694340014, 0.6944265280852233, 0.8539004582203796, 0.6650337052831925, 0.7366531154531267, 0.6437465843517617]}