{"FilterHL": [0.18042094595186342, 0.16903513908051743, 0.17998970313241577, 0.13575684138171673, 0.4816477502850676, 0.42003342248722814, 0.41311983387826695], "NoiseHL": [0.5219884928795488, 0.47192870045512114, 0.49187566451490183, 0.38900909819294216, 0.42212299081540355, 0.6508283127038622, 0.6351542885230335]}