{"FilterHL": [0.012761615506947922, 0.39474968619502043, 0.28679578216000645, 0.302841005215731, 0.472058452952409, 0.12690513479808885, 0.5876843990127864], "NoiseHL": [0.2954782282049058, 0.9842509842514762, 0.6391643898915864, 0.6360727208749941, 0.9577683809404189, 0.3849502264547481, 0.6608338115331394]}