{"FilterHL": [0.1848653737373196, 0.20471899689646272, 0.17011795416934775, 0.15917333782410933, 0.18977812739845357, 0.19456942474350378, 0.16922980319036324], "NoiseHL": [0.24741723109608343, 0.2637873403945776, 0.22479930096066378, 0.2368431620393244, 0.24472666460543088, 0.2439635132651248, 0.24067809703868273]}