{"FilterHL": [0.24006887319271514, 0.32547390097793805, 0.44023975702428575, 0.24688950746049723, 0.358663130204221, 0.6740425497160955, 0.5788843556991604], "NoiseHL": [0.5984528153809529, 0.6021751023131365, 0.6019616196046981, 0.6111541479884604, 0.33214326292268026, 0.9246238678243607, 0.9601706706473364]}