{"FilterHL": [0.4552278112505646, 0.3455653891819153, 0.26768284061244774, 0.4536046967149277, 0.46828790293020317, 0.33496150532256813, 0.35069672581151323], "NoiseHL": [0.7678554912892435, 0.48325658209727496, 0.4652626617463072, 0.7757008509790897, 0.7875393734184793, 0.4679402343525884, 0.5138461965134795]}