{"FilterHL": [0.2242617993295165, 0.48310845624511267, 0.4080294210378149, 0.41466216896768754, 0.2991036632180622, 0.4761456551521188, 0.4752090472905396], "NoiseHL": [0.5939193133012687, 0.8637845795423337, 0.9419801073492742, 0.9354143466934853, 0.6299336006801127, 0.8495484068717576, 0.8408047741274395]}