{"FilterHL": [0.13886639512236795, 0.22074734341038652, 0.2510550497105347, 0.21933890251887428, 0.35120387159283606, 0.3588059679586111, 0.3661922378212749], "NoiseHL": [0.5846894527298131, 0.5656915014083184, 0.6840154418318454, 0.636105045123691, 0.6995157554509164, 0.4841422790662484, 0.6763678122429526]}