{"FilterHL": [0.38258319017698, 0.39914114441259024, 0.2390013813916239, 0.31313511762905544, 0.6895057953536714, 0.5441738092930294, 0.2684342559010507], "NoiseHL": [0.8626363523981285, 0.8627110213862919, 0.8300060613710573, 0.4678319684189526, 0.24737883459599536, 0.926343297648439, 0.8729231026378267]}