{"FilterHL": [0.20740043208403106, 0.19966745200231203, 0.18395312348060597, 0.20894043632595016, 0.2038266039629082, 0.2147666067740979, 0.21353006125443008], "NoiseHL": [0.6317674036639024, 0.6139070716934294, 0.6366181583638694, 0.6219420739439768, 0.6293292569414787, 0.636566745625509, 0.6149112371055668]}