{"FilterHL": [0.17943275008569037, 0.15897929450516624, 0.22813355397069524, 0.20814091922236894, 0.13661833581930685, 0.5648512520122517, 0.17097972203132644], "NoiseHL": [0.15674503628534286, 0.9727604316571193, 0.336154998231202, 0.9632220784973072, 0.33586924850133365, 0.9467605163405336, 0.4111921843624089]}