{"FilterHL": [0.253373818591269, 0.2899731170052421, 0.2638109380892549, 0.2646265269521185, 0.24899259737623336, 0.2590582451889343, 0.2596742364405574], "NoiseHL": [0.6220272494188706, 0.6508840255906221, 0.633189428215558, 0.6299809505654765, 0.6014448666984376, 0.6341260823060871, 0.6262045831383085]}