{"FilterHL": [0.27586925091442965, 0.24718312790784172, 0.27261996000848965, 0.37695760668334083, 0.3582143687011891, 0.40407144361865077, 0.5301416868558363], "NoiseHL": [0.614485307275411, 0.3979192039856409, 0.6556509286051535, 0.3991149428701275, 0.48309448318770076, 0.5677671217775784, 0.5053477190510212]}