{"FilterHL": [0.18043017393117347, 0.21966739552494488, 0.5287823749447413, 0.46376632622623665, 0.5131607562000275, 0.48458100695011574, 0.6728255494744092], "NoiseHL": [0.24909651048680784, 0.36525496665686147, 0.7438851265746622, 0.9122668201924069, 0.846304274603066, 0.8930642825118441, 0.4876809783866974]}