{"FilterHL": [0.0285482718103208, 0.05575654466049797, 0.04511916806238852, 0.027547553185466495, 0.04465917107944964, 0.022367710572802468, 0.06420741236494003], "NoiseHL": [0.19846284605090758, 0.24252120053091178, 0.2641599030625819, 0.25362333852331165, 0.2869098868553196, 0.2640643161754598, 0.16384710626804083]}