{"FilterHL": [0.23781586607283312, 0.13932433362470498, 0.23856281833617538, 0.16131442717231465, 0.2290571980370401, 0.19748481560728318, 0.23667230431850433], "NoiseHL": [0.560825554181318, 0.686767052641263, 0.6425318068813858, 0.6098215491032483, 0.6868564148277074, 0.6030321775501498, 0.6773657340428402]}