{"FilterHL": [0.07242913344268527, 0.10971438460511879, 0.076685597627655, 0.08296953508942337, 0.09035915530614164, 0.12182963477052555, 0.09945104722054476], "NoiseHL": [0.07048512636753312, 0.14399975915114308, 0.07929898191732156, 0.1162542787879603, 0.054014853083315266, 0.13277197058843979, 0.08475270064709592]}