{"FilterHL": [0.0004455482651330329, 0.0, 0.0057727312392499225, 0.0, 0.0, 0.005453590709206865, 0.040797522786122836], "NoiseHL": [0.23612166756010983, 0.2900052920042101, 0.322560925753623, 0.3008703820942616, 0.2730507170196538, 0.3217152965180304, 0.38420521071217134]}