{"FilterHL": [0.6243987453387682, 0.2756117305894724, 0.24570644853808574, 0.49078271624751973, 0.48647572439822306, 0.2643756936010042, 0.2760448357912792], "NoiseHL": [0.7843260745802803, 0.3852876097105336, 0.24184179457148489, 0.8521417672676554, 0.85974337914715, 0.27741031188959575, 0.3880465939901521]}