{"FilterHL": [0.30368892692357996, 0.29859563651394244, 0.30945133079882703, 0.26827319156653456, 0.6859775086983301, 0.567512163929221, 0.624290913077509], "NoiseHL": [0.9009638879877454, 0.2527812954928687, 0.8977459531529036, 0.2562079913180571, 0.6187003112304199, 0.6189258708533436, 0.6514815687176376]}