{"FilterHL": [0.04951913450980452, 0.06628699264896849, 0.05473916636926897, 0.043886040969838065, 0.03657252029323093, 0.0814709806330251, 0.05052723622554087], "NoiseHL": [0.0722301064233488, 0.06558900335567064, 0.099265361187294, 0.04000395859719878, 0.054430018750222395, 0.0854331223980237, 0.07112233266772779]}