{"FilterHL": [0.2896992653386497, 0.26144345662768753, 0.38056746488886506, 0.31301791018727415, 0.43742747879463884, 0.3236798990963389, 0.269592538532712], "NoiseHL": [0.4820022511194056, 0.9124740640195872, 0.5793072020313655, 0.8768696617869789, 0.8403175759526116, 0.5279256137850045, 0.9014013578443538]}