{"FilterHL": [0.017686042796526427, 0.026464361590777894, 0.016345043310077197, 0.01660532342226379, 0.018705965947717347, 0.02000385373796606, 0.0370300257810997], "NoiseHL": [0.16579471378504093, 0.20603543699434856, 0.189447004885369, 0.15699804014283883, 0.2713903840419039, 0.24057977226925675, 0.2766412128986002]}