{"FilterHL": [0.06820422930167812, 0.29932086074717124, 0.3331673934237254, 0.13677742662606054, 0.20714908136660629, 0.244036478330318, 0.29363510367773665], "NoiseHL": [0.3735106675498137, 0.8502848774598971, 0.8466045267190051, 0.41509362250139276, 0.34375708899497975, 0.845334104296987, 0.843749987478954]}