{"FilterHL": [0.001736897493569791, 0.003652332102737759, 0.004703913929129339, 0.006626227865541975, 0.0007618142689583221, 0.01552324592464867, 0.0076140446873427785], "NoiseHL": [0.2203211650582041, 0.2642352093617047, 0.2541370758203428, 0.3350491837643214, 0.2890849465754854, 0.35826616493699964, 0.3383205474006166]}