{"FilterHL": [0.009077567535401369, 0.02795331551562285, 0.00714060177048456, 0.01619507001659943, 0.00725829021651701, 0.012214116746158266, 0.028450398366923556], "NoiseHL": [0.1900443749380703, 0.3256045314747182, 0.24161219480220422, 0.289134875802292, 0.24808459506972874, 0.33587242686430846, 0.24937901733573237]}