{"FilterHL": [0.35493549268462754, 0.36655977782501975, 0.370262419516605, 0.3419817368652322, 0.354215418854076, 0.35549645748315645, 0.355319221750262], "NoiseHL": [0.4251592955389871, 0.37422315782137394, 0.3899605627604749, 0.40361780979091993, 0.4232628416791536, 0.36622178920753734, 0.4576668107937189]}