{"FilterHL": [0.3769493785242506, 0.4058588373912159, 0.27300495176502176, 0.3663485812249612, 0.6159175566046673, 0.4559205752531503, 0.6397237181775256], "NoiseHL": [0.8921886195835969, 0.6372209138968427, 0.8800742838648844, 0.605263749169873, 0.6303357772927572, 0.8563653385923624, 0.6278634423325835]}