{"FilterHL": [0.27715037276245286, 0.2034972655385101, 0.28728680059386436, 0.15706438836518416, 0.5638159661885337, 0.4585761972436449, 0.42943612738797804], "NoiseHL": [0.7311083136633085, 0.4755086248749643, 0.7424447671370639, 0.4800282476013262, 0.48025681469684384, 0.7379073840116392, 0.4800101082732595]}