{"FilterHL": [0.16427051888787142, 0.4163398578287687, 0.4198721583282404, 0.13080108404364063, 0.4198721583282404, 0.26245974037129394, 0.5639525206603422], "NoiseHL": [0.4583104392927531, 0.9609648513541094, 0.9577683809404189, 0.575517849445374, 0.9577683809404189, 0.6290101448453127, 0.9168727502768447]}