{"FilterHL": [0.018562116669839663, 0.03255220114809233, 0.1511701273751873, 0.026198932561426233, 0.02091393387469415, 0.014856780223182387, 0.029630561271955146], "NoiseHL": [0.3067134254087072, 0.4765493354379094, 0.4785275173052486, 0.47427512101839425, 0.2803121452537586, 0.2588492790668234, 0.4090188881625817]}