{"FilterHL": [0.10212583786703569, 0.17092717544193858, 0.09573564467848614, 0.1704824655454565, 0.12363463796589877, 0.23138785590249109, 0.12080620234055475], "NoiseHL": [0.1729811637326554, 0.6210623479540597, 0.15032319814440498, 0.6275255044305182, 0.2660836469539143, 0.6684104649516546, 0.24480354653810463]}