{"FilterHL": [0.0017590371714535126, 0.0002644787889906515, 0.0, 0.0, 0.6819615931013114, 0.6817769339669402, 0.6821470960012885], "NoiseHL": [0.24154202878078956, 0.24790907888765304, 0.2972843603127713, 0.2954782282049058, 0.9644287820793879, 0.9609648513541094, 0.9682458365518541]}