{"FilterHL": [0.3313470445172585, 0.1974184579295741, 0.3225065984722208, 0.17676192698801926, 0.5241616907226899, 0.5684544677357912, 0.5491490265893243], "NoiseHL": [0.7598595341395786, 0.5335320027890783, 0.7656995798284699, 0.5204521745449451, 0.538644027561782, 0.7456556265373848, 0.5258267836886052]}