{"FilterHL": [0.29076421820924364, 0.288274607667931, 0.22548116360617823, 0.19268046941606215, 0.49708157216040777, 0.5066841552651381, 0.5240853938532409], "NoiseHL": [0.9348464138118905, 0.933926890780069, 0.6052059821681708, 0.6005952953242453, 0.5575306407103782, 0.562831226239241, 0.902115494552847]}