{"FilterHL": [0.219773708597442, 0.2361740841764485, 0.15038651290286242, 0.13065412920701375, 0.28624158204250855, 0.2657289044939883, 0.2091107717263137], "NoiseHL": [0.6642259058777817, 0.5823494826000674, 0.5761617783094648, 0.22840736991860655, 0.6374682030649413, 0.5798547677847368, 0.5720502131030718]}