{"FilterHL": [0.2099007365968022, 0.11777920996227238, 0.21554226664083298, 0.3769319291247046, 0.184177843866719, 0.17258469416496755, 0.2969939073365936], "NoiseHL": [0.4059429156505095, 0.24429928021468636, 0.23078512043623617, 0.5542951871404077, 0.4058501809921098, 0.14558955976457885, 0.28124500562755395]}