{"FilterHL": [0.2850583191812485, 0.24582090152296696, 0.18135467307097686, 0.18750860318286888, 0.3377329135777215, 0.26730584363105453, 0.17650345120433542], "NoiseHL": [0.7450083842613908, 0.5445461530110814, 0.5022747103274959, 0.6673890058520706, 0.6638522776271649, 0.5251265427468769, 0.49672872219263015]}