{"FilterHL": [0.14487509667936085, 0.3885675067882859, 0.38311520458597675, 0.3963468612090909, 0.3853417051957765, 0.44914816452797485, 0.39581519525975695], "NoiseHL": [0.23894715991145374, 0.9529355230593977, 0.98064035582477, 0.9472570535032476, 0.9571360696104655, 0.9707686084102308, 0.9572048496035834]}