{"FilterHL": [0.43188257916692435, 0.38418126312905315, 0.23731068525770427, 0.14551554934922104, 0.4104601103652366, 0.2762051621505643, 0.49755904497537484], "NoiseHL": [0.9036099416641075, 0.7813646049039684, 0.5074874542665735, 0.43202386376479196, 0.44882857342253646, 0.328864888099022, 0.8079500549716961]}