{"FilterHL": [0.3296585928414863, 0.29361118128138275, 0.27455224321474875, 0.31224416186987886, 0.28079320278614345, 0.2929980786139763, 0.39252558474204574], "NoiseHL": [0.38972342905280905, 0.7981179045943761, 0.7968529580306806, 0.5515327090888146, 0.4243236971288736, 0.7529887259853658, 0.7776452654696874]}