{"FilterHL": [0.010528075945502176, 0.4721034843879974, 0.46395863675960825, 0.04762119768519827, 0.6212157637059629, 0.4721034843879974, 0.46395863675960825], "NoiseHL": [0.21442692192304294, 0.9644287820793879, 0.9725602358021185, 0.37443152810313624, 0.30706506372943193, 0.9644287820793879, 0.9725602358021185]}