{"FilterHL": [0.34854241001977704, 0.3582483430979362, 0.0996335221416929, 0.12872578302397478, 0.6409008054693438, 0.6450629099162694, 0.4728297737929817], "NoiseHL": [0.8244807700629215, 0.840256966828137, 0.4137080733020198, 0.4502969532367345, 0.3612089942542062, 0.41979483921132643, 0.8435662657819742]}