{"FilterHL": [0.2216351674938774, 0.2683290501008657, 0.3930260698355675, 0.2815912497920284, 0.7043332751391724, 0.4128633015206272, 0.3171442129010749], "NoiseHL": [0.17408336600857524, 0.7410497579074973, 0.44922015565975426, 0.7245077306279303, 0.9396026371129996, 0.19739928979273455, 0.508369800733758]}