{"FilterHL": [0.3814137010041947, 0.3923829671718215, 0.38550392626965085, 0.3903094048582296, 0.7177092491594332, 0.411102883501665, 0.646736570523775], "NoiseHL": [0.45343720887366556, 0.6535461814705315, 0.4380453229961805, 0.6687650276336563, 0.7630290458798917, 0.3779322382029262, 0.7271070532882054]}