{"FilterHL": [0.2437925831348121, 0.1567050194715802, 0.15133107285514397, 0.1495392875756002, 0.4387588276386993, 0.4637012315066641, 0.514036495108137], "NoiseHL": [0.6258503097258546, 0.6371557459612022, 0.6280887036188337, 0.6134005465476606, 0.6378524712580417, 0.6215378643525423, 0.6292083864105891]}