{"FilterHL": [0.3496786743459484, 0.3566534925412283, 0.2302088758723653, 0.3485661275353697, 0.3360620927024477, 0.6104634817041238, 0.39318823819348475], "NoiseHL": [0.9143058713752747, 0.7717391765276216, 0.5357754668017457, 0.8945447421109196, 0.9427849723182227, 0.4869786177732795, 0.7888811258354029]}