{"FilterHL": [0.3293940021905078, 0.34436580321367644, 0.2610417557820263, 0.37596463269131253, 0.5108645773759191, 0.5638590260535774, 0.4160105374823078], "NoiseHL": [0.785623199970301, 0.8764012159828087, 0.29197548498105563, 0.8267551897814945, 0.836369433103737, 0.3536179233114838, 0.861262419542074]}