{"FilterHL": [0.1675973696978964, 0.1374388433521934, 0.268447105391309, 0.07175984826035664, 0.7146533796033977, 0.7080927554261857, 0.17127236080285457], "NoiseHL": [0.5967862734600264, 0.5575369243805534, 0.7238919885479514, 0.7292467710942035, 0.5950971815766115, 0.5718467011524517, 0.5311105346098455]}