{"FilterHL": [0.36287577740598087, 0.06170123089707084, 0.35001891967300885, 0.05772996991065462, 0.5068788345535886, 0.3030129633980164, 0.42505571069271547], "NoiseHL": [0.8909707625602488, 0.3235391989054, 0.9084591981057537, 0.3787924058160347, 0.3068327205854663, 0.8746453310997048, 0.310861727660438]}