{"FilterHL": [0.2529553973957623, 0.2991495620981708, 0.36162215359453975, 0.35801171364408096, 0.4655819268980826, 0.48717631464478883, 0.4538400259247553], "NoiseHL": [0.6100805479134384, 0.5953715469351984, 0.5816688491081166, 0.5969936160673898, 0.5984251977314101, 0.6187780244422522, 0.6068376741115058]}