{"FilterHL": [0.07698221162366826, 0.09959632043223757, 0.06387630887590916, 0.07696331659389401, 0.09123606687868595, 0.10517599968969889, 0.09152964532692517], "NoiseHL": [0.20663121093123735, 0.23294914052222068, 0.2225388027277706, 0.2109785217341926, 0.26676842032825165, 0.2433977520056286, 0.24791928050170775]}