{"FilterHL": [0.5402236408461553, 0.5030976746726679, 0.05675948200846864, 0.005717066619721109, 0.7071067811865475, 0.4954399656643683, 0.7429590907072032], "NoiseHL": [0.89407271129916, 0.9509934134795927, 0.5824167882556901, 0.4888893240112019, 0.2805544744785667, 0.9526567102002035, 0.39921824232623754]}