{"FilterHL": [0.22589731131119123, 0.21720073885780466, 0.23162159464869367, 0.1936769386887713, 0.2936931235581852, 0.3190830672939073, 0.3119254110243418], "NoiseHL": [0.5507803064298625, 0.581963504558964, 0.5976093053011313, 0.6104537706131501, 0.5544244859243148, 0.5398819546189741, 0.5355715175133144]}