{"FilterHL": [0.25749944894470606, 0.3326686190742578, 0.29749946115247694, 0.42100466648890944, 0.35927504703708846, 0.5725460485081183, 0.3753890274673176], "NoiseHL": [0.5892437278678468, 0.8268538561731466, 0.5651119821867411, 0.8388571283743531, 0.832497005749872, 0.6031357947400579, 0.8241563816415655]}