{"FilterHL": [0.5177540343216607, 0.42052585656889263, 0.5019986691304725, 0.4379583104450779, 0.5357558382279212, 0.46821545782100227, 0.49058391738310664], "NoiseHL": [0.54478856477819, 0.8172868858675736, 0.785684527198129, 0.49861781868022215, 0.4772701076661467, 0.7892800616588027, 0.7820521091258161]}