{"FilterHL": [0.4181160854008224, 0.33875710339695014, 0.3342941992698316, 0.09137881595194208, 0.6980235090263738, 0.7075642537680346, 0.6086605964016222], "NoiseHL": [0.8281949329446191, 0.8835538329511555, 0.8143603908923686, 0.6125671581268254, 0.7385532100730987, 0.7715111722299095, 0.9264001705024166]}