{"FilterHL": [0.025491030368048676, 0.058074687798847564, 0.025713602454091208, 0.03134589378900618, 0.07700043650281999, 0.036647855916479385, 0.040326273141633985], "NoiseHL": [0.05903434777541921, 0.07875912870527361, 0.056268632779702725, 0.06945662850874525, 0.06868113048193329, 0.06072412780998893, 0.0893050245949582]}