{"FilterHL": [0.33359954013196425, 0.3869098799837602, 0.36164251468730146, 0.3096233887910159, 0.36611641478286516, 0.3918956171581879, 0.38043265532436377], "NoiseHL": [0.9126585948051942, 0.6352216455302143, 0.6286420273921408, 0.9407219982922854, 0.6333843135059313, 0.6133123729614716, 0.6059696608855936]}