{"FilterHL": [0.254213309882108, 0.36035385016482985, 0.29491575523222774, 0.34696204772108147, 0.3200162224394798, 0.5436212065895325, 0.5568017394440042], "NoiseHL": [0.6492781387288509, 0.9000131754258123, 0.25032466786328583, 0.9188507722482766, 0.9378995134500321, 0.6611316265548509, 0.8501431043148974]}