{"FilterHL": [0.1677015714254142, 0.16651799195326192, 0.14666455429817796, 0.18043486973209666, 0.1899284083413061, 0.19532475233835894, 0.14779588132007382], "NoiseHL": [0.31331721009326763, 0.28109386159159927, 0.31063682692535444, 0.3240046380700052, 0.2996144834684747, 0.3103949563635639, 0.31821076122797637]}