{"FilterHL": [0.010798329807984878, 0.5274276674966181, 0.03726102651140968, 0.0, 0.0, 0.5195724321892182, 0.03948851758164963], "NoiseHL": [0.21561738357673682, 0.9644287820793879, 0.3383205474006166, 0.35826616493699964, 0.20960401046104254, 0.9842509842514762, 0.33750491859769377]}