{"FilterHL": [0.32087381174237156, 0.5242268301277198, 0.4370916045806991, 0.42708233924065653, 0.464488289171683, 0.4618705558179109, 0.45271498781006037], "NoiseHL": [0.23570461805218026, 0.8107666447905824, 0.9234954698848138, 0.5063858279856567, 0.9612276970811182, 0.8394603077675667, 0.9472719870457482]}