{"FilterHL": [0.25544801751827384, 0.2485119524557499, 0.09815750396626259, 0.0992609717217569, 0.26044880985732827, 0.2606295331540744, 0.10947607383007903], "NoiseHL": [0.6402119362855637, 0.6312890134975783, 0.13005723828932308, 0.24244420037175576, 0.6395865970010379, 0.6132206833841816, 0.11378184173401258]}