{"FilterHL": [0.19197991182982255, 0.21767578963976972, 0.21436952250655378, 0.2396513180646843, 0.2005687530944539, 0.22191181712002142, 0.38277450367972415], "NoiseHL": [0.23637781886978454, 0.2677509997866094, 0.9443296256865369, 0.9294379827790876, 0.9551190401115655, 0.9398279102648506, 0.37023035023365036]}