{"FilterHL": [0.16675840685775606, 0.3480983193145486, 0.35062734843743043, 0.38800700769779184, 0.7157057960658927, 0.41294723410765993, 0.43347247806770917], "NoiseHL": [0.31256317193413785, 0.9349997230959923, 0.8968138029092402, 0.9746519218274315, 0.9558854344514338, 0.9044546085827223, 0.9244064846234897]}