{"FilterHL": [0.1888927965536886, 0.17414987040883784, 0.19744744135561443, 0.2058003974888269, 0.478168037735657, 0.4335709396735483, 0.3348799019152188], "NoiseHL": [0.5044508800433042, 0.49593317845935636, 0.36855830648675036, 0.3909529412161899, 0.27345423935336793, 0.30092636943907736, 0.3183387402011615]}