{"FilterHL": [0.0, 0.016962429413654254, 0.28866173994406674, 0.28650588474271366, 0.566283106925506, 0.6416793996262751, 0.28653462399696306], "NoiseHL": [0.2317051022141721, 0.30706506372943193, 0.6328120432247771, 0.6518118430488907, 0.9274943403634671, 0.9609648513541094, 0.6223250973563772]}