{"FilterHL": [0.2696397360190363, 0.2625287757260493, 0.1564684796503086, 0.15608507743816366, 0.2845573986372352, 0.26265135488320057, 0.3428186672015842], "NoiseHL": [0.8362315571221679, 0.8327977990693703, 0.35946954672757053, 0.319767429253998, 0.381404457921978, 0.37179182895281, 0.8342734012834461]}