{"FilterHL": [0.033675545815974865, 0.24204205272202378, 0.4278698006881088, 0.38792403994519076, 0.39077829463372304, 0.4907036170446693, 0.3822904786801081], "NoiseHL": [0.30618621784789724, 0.957951642799775, 0.9274943403634671, 0.9577683809404189, 0.9547835630925373, 0.8585643568593576, 0.9644287820793878]}