{"FilterHL": [0.09163458317445464, 0.37779233802385526, 0.23889077053863336, 0.45661179936104856, 0.38405523351992654, 0.34349104721661045, 0.6624864184841375], "NoiseHL": [0.18633406739044847, 0.9644827411233615, 0.20385752025682383, 0.9460744141679603, 0.9662375962199179, 0.3132765479636289, 0.9530311126431438]}