{"FilterHL": [0.15401419151002071, 0.1336338873453665, 0.17668367136377722, 0.21365069484147772, 0.1782758473125658, 0.15580577926675457, 0.19184818069166418], "NoiseHL": [0.5673987875352521, 0.5676971170024939, 0.5964214294683529, 0.5911086624402887, 0.556660951250655, 0.5296139682322493, 0.5830441425856456]}