{"FilterHL": [0.4235817828877129, 0.40111562786191407, 0.3236043896190048, 0.3887966141146595, 0.3452467332991498, 0.38244129751082645, 0.4169196126225275], "NoiseHL": [0.6415785367185188, 0.811081435497251, 0.6397117122937632, 0.6111649736291692, 0.6289792002205388, 0.6113439875680678, 0.6440558429650564]}