{"FilterHL": [0.2648692322407183, 0.38019594134969026, 0.18485820830936883, 0.20772309583228865, 0.6039975024519071, 0.20925366323440703, 0.5404281079433383], "NoiseHL": [0.3630554317694862, 0.6918265327312917, 0.20347248504788684, 0.251899963062915, 0.6997860696579907, 0.27398009286536296, 0.6461010599710255]}