{"FilterHL": [0.3134856953660193, 0.24951728889209143, 0.26655198145410686, 0.5250239585244023, 0.3207777566593059, 0.22695622893198059, 0.3539259876593363], "NoiseHL": [0.8768136526733967, 0.28157335901062003, 0.22351333595419462, 0.7449809893136908, 0.879264713726202, 0.2349440739092622, 0.1519300856661374]}