{"FilterHL": [0.14154479401540854, 0.13687366751337005, 0.35578280763720455, 0.3286732725276808, 0.40702269924699347, 0.36689061229403513, 0.6778496308909301], "NoiseHL": [0.27984054650379847, 0.23431959865038673, 0.763203641455869, 0.7263514352952305, 0.7736242138847751, 0.7355244661222503, 0.3057997130307372]}