{"FilterHL": [0.46055679217328926, 0.39322751443805215, 0.42517206319159817, 0.45786803836253037, 0.47883423126602986, 0.4026444145975279, 0.38423262641160355], "NoiseHL": [0.7432423896843996, 0.23264848041814984, 0.21861700220325836, 0.6546496596514053, 0.6328770666135543, 0.23626687207439062, 0.20188953640977422]}