{"FilterHL": [0.06534211806613492, 0.0942951271700264, 0.06627957255291851, 0.0591251005945971, 0.15311181731933482, 0.08803584718534006, 0.11421117016406612], "NoiseHL": [0.26163498626394194, 0.27859616248523855, 0.2072336675298483, 0.16324126703089073, 0.26933758829827914, 0.28115242623214076, 0.1913033936770965]}