{"FilterHL": [0.1684759428560224, 0.29419300397237613, 0.4589252281554685, 0.06295655558318002, 0.1888336791455003, 0.3205187344532127, 0.5711327615392502], "NoiseHL": [0.18516262705411204, 0.9801579994079891, 0.8806954194959964, 0.3277556360774216, 0.1522631434883963, 0.9689928229878875, 0.8095692562106418]}