{"FilterHL": [0.0, 0.37522285606439565, 0.37522285606439565, 0.4047096656200631, 0.5194383894848275, 0.5315105594652302, 0.6679258553770776], "NoiseHL": [0.2120278888000165, 0.9776532238865889, 0.9776532238865889, 0.9577683809404189, 0.9000885944638944, 0.8937224527747617, 0.6469541549744127]}