{"FilterHL": [0.3222053168952817, 0.15614933718971252, 0.2773239429804769, 0.17636881263732915, 0.2750634036594699, 0.5989240518588761, 0.5938690379843965], "NoiseHL": [0.8959770875790218, 0.48413302861821733, 0.9212212070370046, 0.2218717021233236, 0.4591633098045109, 0.6888580842591259, 0.7315275034335041]}