{"FilterHL": [0.5252149911084967, 0.5308229819537335, 0.3894711285097067, 0.38047170548953, 0.39485632432836865, 0.37257088380213366, 0.5273387958179722], "NoiseHL": [0.7456064837510805, 0.7650438051011242, 0.320508831228309, 0.30527542300006466, 0.30363001065009104, 0.31444779183824395, 0.7634851199161107]}