{"FilterHL": [0.22715437854880347, 0.10714872433514448, 0.3841884702919537, 0.1890081982932127, 0.3381026341734099, 0.47774064154238366, 0.4615200493154909], "NoiseHL": [0.13205435424521408, 0.31877802892559387, 0.7909140764872138, 0.6136355195388532, 0.3478277100948482, 0.7520793899846838, 0.5388113463531482]}