{"FilterHL": [0.03268178652966836, 0.05719456975099357, 0.039355527442734115, 0.06016043314009692, 0.08101244529646387, 0.03735684396923748, 0.0950757516970195], "NoiseHL": [0.10963153675071559, 0.21043553056706243, 0.12170625945603913, 0.23752229465876173, 0.14540332892381402, 0.21834926285945935, 0.1485450433183906]}