{"FilterHL": [0.013393836289594854, 0.2768038770054203, 0.028120472917755913, 0.5352977489074061, 0.42387158823683485, 0.7071067811865475, 0.4150393300959527], "NoiseHL": [0.2900052920042101, 0.9731544595353185, 0.3774567248364172, 0.8448173899030075, 0.9682458365518541, 0.3481681860298433, 0.9725602358021185]}