{"FilterHL": [0.19329465075481106, 0.3024545755982275, 0.18657186101452927, 0.2440310431496797, 0.34520076544053513, 0.19737224508206122, 0.2737817867518597], "NoiseHL": [0.20441144859211816, 0.2973255894474611, 0.25694013345217925, 0.359336364763474, 0.4478703027736453, 0.12339436987263161, 0.25459905868396576]}