{"FilterHL": [0.41119771811992695, 0.010828783001588045, 0.38554463748465956, 0.3903666858234924, 0.7071067811865475, 0.38083462019235875, 0.48515537480763926], "NoiseHL": [0.9547835630925373, 0.24790907888765304, 0.9725602358021185, 0.9682458365518541, 0.41404456405962115, 0.9776532238865889, 0.9274943403634671]}