{"FilterHL": [0.3933108143010805, 0.40507298546675585, 0.41193677026882947, 0.6014015654976955, 0.5753732251547709, 0.5036996151335791, 0.5517769051331779], "NoiseHL": [0.35774413024464446, 0.25248959270546634, 0.6409332059975263, 0.7860869659869463, 0.6987910507390086, 0.7583558959949878, 0.701927192893401]}