{"FilterHL": [0.16326612041338656, 0.29657190149653545, 0.33485331689685827, 0.36622855162786255, 0.3615022242520923, 0.4807196191306683, 0.3443184619777662], "NoiseHL": [0.5476335182974633, 0.8649099840867719, 0.7270143394234267, 0.8789295261689668, 0.7251576565272422, 0.6550308347632129, 0.6404238661023498]}