{"FilterHL": [0.4317924609283952, 0.30910111592423295, 0.069738427585239, 0.2577753432231994, 0.24790331985652977, 0.33958017563572934, 0.5321439960853038], "NoiseHL": [0.83738255226089, 0.8173206556366763, 0.3026162061699705, 0.4351148542223695, 0.3595218882598891, 0.48724188768120263, 0.845096453555233]}