{"FilterHL": [0.2706968910927193, 0.2783462628628493, 0.2727514597256502, 0.28349554517972586, 0.4871730327623941, 0.2918780292023514, 0.6371133561079708], "NoiseHL": [0.6412266161675568, 0.6678943276769963, 0.6410566078939047, 0.6558017420156284, 0.9026609641626023, 0.6467576033778323, 0.6325750557246915]}