{"FilterHL": [0.38289913031822337, 0.3888709967152096, 0.18574753060482485, 0.37880350178356, 0.3931923737293664, 0.4220736309130606, 0.4752489322096144], "NoiseHL": [0.9575144908320908, 0.6248512406613473, 0.2623311455101781, 0.630149549372448, 0.9470043616170344, 0.6280464207773915, 0.3248921199338423]}