{"FilterHL": [0.2280844293183228, 0.2006664059422092, 0.22179833276051758, 0.2740330894777976, 0.21735458915821332, 0.20583916039304406, 0.23248766360291553], "NoiseHL": [0.6023998482533157, 0.6192017205090824, 0.6184753517483936, 0.6137810802690556, 0.6313793301495295, 0.6287511857036906, 0.600660305439507]}