{"FilterHL": [0.3946031361884077, 0.3782173285673104, 0.4340472841699576, 0.3270717214588787, 0.4191998765697363, 0.42254652317199826, 0.3822345487955148], "NoiseHL": [0.5252821504036524, 0.6340432444616808, 0.8926714883895068, 0.7633334012136805, 0.9148412635975901, 0.9250940659341603, 0.6581774889289612]}