{"FilterHL": [0.4317332860132032, 0.21261632003499198, 0.49034721454724683, 0.20137035559903763, 0.29027402122221385, 0.45914259771270927, 0.30120752028742503], "NoiseHL": [0.8427316810216503, 0.37254307016041666, 0.8469940099557638, 0.3673611118332173, 0.3202079569072662, 0.8516889536415271, 0.37173940197416905]}