{"FilterHL": [0.19537858427777227, 0.25831491446815885, 0.31362403416608226, 0.28493120462906907, 0.3294160029697432, 0.28951810495803304, 0.5554436363776069], "NoiseHL": [0.5912836066363449, 0.5942225258691521, 0.799490712490691, 0.8026471154217114, 0.7796082034834687, 0.7706299404136068, 0.568376680162224]}