{"FilterHL": [0.3250906060020429, 0.29196622955621004, 0.4223442041778747, 0.370794885874011, 0.3452188766781599, 0.5243781420586905, 0.6655773652941072], "NoiseHL": [0.9153099101573287, 0.36636331298411684, 0.833052365445825, 0.8537879447347361, 0.869971774676754, 0.8479994503345184, 0.3291077211630326]}