{"FilterHL": [0.2126486489127126, 0.21585315306972633, 0.27557223483132237, 0.2965826420262137, 0.444022408965833, 0.4608103183657124, 0.6354872489856151], "NoiseHL": [0.6467397842540767, 0.6430348472039832, 0.9417196738753417, 0.9287373796892627, 0.9083548376468974, 0.9109119585616331, 0.6491056942551466]}