{"FilterHL": [0.2229205036438775, 0.2364205737954266, 0.1768915412109246, 0.2718824313875543, 0.2518677526257661, 0.503437110002039, 0.25216689402611603], "NoiseHL": [0.18475267205341644, 0.9566458889191258, 0.155910305963178, 0.9393645546355522, 0.9525927773033535, 0.3261007203525723, 0.9532119511533997]}