{"FilterHL": [0.21476304790489473, 0.30847601227092486, 0.13970956699561835, 0.20195060011509874, 0.3077544060105839, 0.20703556413769714, 0.21462654604063017], "NoiseHL": [0.7537415891211794, 0.8690986471083999, 0.46229035985860617, 0.3082664086095172, 0.8735917190814781, 0.7687946173325043, 0.29670674440407374]}