{"FilterHL": [0.32416185111942314, 0.40161294269826464, 0.4271685208153043, 0.4672258482698269, 0.4804685548177051, 0.5932673360872743, 0.4516186879446654], "NoiseHL": [0.26254868294944245, 0.9496582370030937, 0.9696780652873539, 0.9555218422822919, 0.8919692738548226, 0.6247551100602333, 0.9069100735312479]}