{"FilterHL": [0.07190169424601409, 0.41879183060307335, 0.22089551118204004, 0.40739373806173584, 0.4816811982919163, 0.4654694326939405, 0.4720528704232383], "NoiseHL": [0.25471087966698125, 0.908854669514284, 0.33460639545677234, 0.9055621742997101, 0.9343282579823864, 0.9346315316171881, 0.9055272562098399]}