{"FilterHL": [0.2556784457815812, 0.23338383480735733, 0.31440560961031033, 0.3069745361920169, 0.3245623055739198, 0.3350818756328082, 0.31946238014301115], "NoiseHL": [0.36779476902896957, 0.389677272680507, 0.3900398683160836, 0.41163984137852544, 0.4158124403523427, 0.40931787281413373, 0.35337963827064767]}