{"FilterHL": [0.22762893652461214, 0.19471754357613358, 0.32111237730351005, 0.23833424094559855, 0.3289917532489435, 0.29962492522009904, 0.28892859789872105], "NoiseHL": [0.34233331716225335, 0.37535860187602454, 0.39042615767664285, 0.2978351898281026, 0.2612759147492982, 0.4176970567305014, 0.2777359337547555]}