{"FilterHL": [0.19829415164780542, 0.13471613820422834, 0.18725005252223748, 0.5141052486221441, 0.18817346061651122, 0.12699705256749128, 0.22904081702060283], "NoiseHL": [0.1806319804119288, 0.9728542013894333, 0.20468015129311004, 0.8455080993003684, 0.1749366556189943, 0.9776571162520232, 0.17226721525901945]}