{"FilterHL": [0.028925365567036464, 0.43016207501240594, 0.4267813757476816, 0.22969913929137034, 0.06914460087089017, 0.4266979081359426, 0.4274646664446584], "NoiseHL": [0.23612166756010983, 0.9682458365518541, 0.8881156181758034, 0.34225769078137713, 0.24154202878078956, 0.9776532238865889, 0.8893678668827628]}