{"FilterHL": [0.20805080691744332, 0.19611903495248306, 0.46621965131352316, 0.4665981228072988, 0.7475102200888122, 0.487385649749708, 0.4835605725213888], "NoiseHL": [0.20826739491130314, 0.2864273711815677, 0.9127221051669797, 0.9077862856866286, 0.9028638528444151, 0.9460039630432889, 0.29772979098895824]}