{"FilterHL": [0.19239633653068924, 0.23330712674016635, 0.24381182326029335, 0.21054989840873, 0.27100250566791206, 0.23329359064597444, 0.2404947169301431], "NoiseHL": [0.5641717709792948, 0.6354439699254754, 0.6864953565914484, 0.6513330306218529, 0.6343098504117385, 0.6652067264499929, 0.6206550461684155]}