{"FilterHL": [0.03410229814712216, 0.06442790251024118, 0.049265846870300646, 0.03698298403562831, 0.035744988275043556, 0.03588109634898431, 0.028895115363395733], "NoiseHL": [0.057574045381001346, 0.09219821817179202, 0.06451081798671619, 0.06298503015346521, 0.07812320258823591, 0.05695110467177499, 0.058787917601559256]}