{"FilterHL": [0.03485784095437668, 0.045690976106988766, 0.01920235225828024, 0.039053093006723265, 0.0196516071501072, 0.051445588981221015, 0.02807228293280993], "NoiseHL": [0.038630141995407714, 0.06400417277577931, 0.03921592868709089, 0.039690372534593475, 0.0655743273087717, 0.0761459728989116, 0.09197527232388206]}