{"FilterHL": [0.3741130568397008, 0.4509954355905278, 0.38094897474278716, 0.4596014930611492, 0.4080555498106874, 0.39992315210708806, 0.520844154034681], "NoiseHL": [0.8911906979232074, 0.3405500039464464, 0.8752917630950896, 0.8409096248987163, 0.8304577340787386, 0.8431915388004141, 0.27949400845580774]}