{"FilterHL": [0.2905406280024508, 0.2138091104490033, 0.3626250828302595, 0.4603787714839521, 0.5119091960090909, 0.4595571496582943, 0.5542029889323411], "NoiseHL": [0.546900823404997, 0.15009745154566712, 0.5500905366585442, 0.48350412187244296, 0.44905271058887636, 0.525772686451171, 0.4977802746277738]}