{"FilterHL": [0.2934964977803162, 0.33015753019953253, 0.3127492325733329, 0.03587078070320099, 0.4815546467855161, 0.6852485841114779, 0.7071067811865475], "NoiseHL": [0.47037645864927213, 0.9577683809404189, 0.9644287820793879, 0.5666358789381295, 0.8404257833493234, 0.8221502926884452, 0.7221643355730204]}