{"FilterHL": [0.029526949600516807, 0.06058663768293, 0.02814337574623176, 0.03440687380546099, 0.032969821708050254, 0.024304300531114847, 0.03214419363331542], "NoiseHL": [0.06822467992891401, 0.10882061805461121, 0.06351150994826606, 0.07352400009734456, 0.058269417974128074, 0.044602040441591696, 0.060270034448339165]}