{"FilterHL": [0.6727057328313998, 0.29718650769187765, 0.37944424886441036, 0.4995422766869877, 0.47572550109243633, 0.2701667950866718, 0.3847531567070414], "NoiseHL": [0.7942082586462994, 0.3688323140774506, 0.3557686672170811, 0.8220050937471908, 0.8094531227795859, 0.3298121076644732, 0.38303374053041467]}