{"FilterHL": [0.03016459829904178, 0.04961721147520395, 0.03149829143158331, 0.03914637480102472, 0.031909153436719635, 0.014377280225782763, 0.0915977660949064], "NoiseHL": [0.04498922625996698, 0.05772094904999485, 0.07070698574882177, 0.07487798457354576, 0.043558332750673535, 0.02892462258521596, 0.1377336418672274]}