{"FilterHL": [0.11933718869804825, 0.020351550903606165, 0.4522418547431747, 0.016318171513500446, 0.6293798780381189, 0.02530501055576096, 0.3533980574686321], "NoiseHL": [0.21139164750922432, 0.2729028195020121, 0.9210369117869102, 0.26213545256118415, 0.9026212784124629, 0.3559467171123998, 0.32473245374460347]}