{"FilterHL": [0.04046995733954637, 0.06692727717880094, 0.03140312766778785, 0.027411531178520306, 0.03907225994823326, 0.033796138214632204, 0.05217235924827926], "NoiseHL": [0.2533418548689171, 0.14663745163224187, 0.24804940232896128, 0.16147217259902624, 0.25656433636210324, 0.17725329935731066, 0.25727469056019503]}