{"FilterHL": [0.4217367142548048, 0.007216806013129289, 0.43634050553082415, 0.4273546536678967, 0.4796681665608667, 0.41943066398658474, 0.42885271252135676], "NoiseHL": [0.9206466967388834, 0.23004043400481183, 0.933866181907992, 0.9765574890310097, 0.9143219181921913, 0.936217680126064, 0.9603987180879714]}