{"FilterHL": [0.19671376156509623, 0.21434143109543496, 0.24528563721231658, 0.23165293801773476, 0.41668598086485703, 0.32411608773751754, 0.3935903379526233], "NoiseHL": [0.7440203107220023, 0.6058451997833596, 0.7571410778389316, 0.5039229284992048, 0.4874462949137871, 0.7428610013635113, 0.590010953142371]}