{"FilterHL": [0.39523241553700866, 0.27177664885655234, 0.1834503550261034, 0.19639621463262583, 0.37376275878677423, 0.3281877522668427, 0.24503685843786543], "NoiseHL": [0.7023142892696463, 0.5814071181305642, 0.5755057576783527, 0.6871682017098968, 0.6907342484329893, 0.6148599266537195, 0.5820484441282239]}