{"FilterHL": [0.4001701755458331, 0.37558175945361333, 0.17260169831270264, 0.10966139856654587, 0.4891464490257223, 0.4909409845663648, 0.47103297879314154], "NoiseHL": [0.9419831038254665, 0.9552813619738971, 0.19059654305639526, 0.18242498912986424, 0.7885433033898149, 0.791813566006404, 0.4364063567410006]}