{"FilterHL": [0.25674121541208317, 0.173329014157679, 0.13517454181946909, 0.16500913925136693, 0.27013849324534633, 0.24520072930697928, 0.27004593420503087], "NoiseHL": [0.6893200491657616, 0.607230065584602, 0.503563024552645, 0.5289735719001262, 0.5810053176627329, 0.5966247638927754, 0.6136854548397922]}