{"FilterHL": [0.15521118459799013, 0.17940533841782758, 0.1770080190102264, 0.1947992263186009, 0.420224523758461, 0.40134024874208196, 0.41378998980634457], "NoiseHL": [0.6130723511124395, 0.6272113232568971, 0.6258086590279283, 0.6413987051802038, 0.624377787263968, 0.637460056044077, 0.6312639593139227]}