{"FilterHL": [0.2105954376556892, 0.21372346609387885, 0.15551065730916444, 0.14698084216850602, 0.4887877464703494, 0.4902841755881916, 0.41919081029540567], "NoiseHL": [0.6422241541338408, 0.6468808421315392, 0.6294048723747834, 0.6281738368459856, 0.6285572836699643, 0.6438650466723856, 0.6306333580052071]}