{"FilterHL": [0.028037068857801186, 0.032647256947753854, 0.009603059817345948, 0.03285953189689799, 0.10476442824340665, 0.09767315398957366, 0.06178880801978538], "NoiseHL": [0.19719547645081476, 0.25788917329100963, 0.2872784418536377, 0.33259714622164493, 0.27584932847744553, 0.26102660238452474, 0.1758190365863249]}