{"FilterHL": [0.4331102955956667, 0.3038005102405443, 0.4482981335463324, 0.4604793899045024, 0.3110915476438748, 0.3145060578961873, 0.2771494750742307], "NoiseHL": [0.3774744291878629, 0.37408727722204466, 0.7592020767204694, 0.7758294949318433, 0.7477119874955648, 0.7647170334346355, 0.3293169798188298]}