{"FilterHL": [0.061567154208420447, 0.10015392174065804, 0.05765834320449873, 0.07752899210061995, 0.07678701119234463, 0.12121880599673832, 0.0807896715286229], "NoiseHL": [0.09961673097782525, 0.13976620764709977, 0.03615202198989951, 0.1234841082579064, 0.07572117313521069, 0.12693473437265015, 0.06649588104016284]}