{"FilterHL": [0.24932418565242057, 0.17737450807423763, 0.41320712013184074, 0.46444713336386, 0.6867785567119881, 0.3439498807643038, 0.6722343646989485], "NoiseHL": [0.4536093208873597, 0.4290901542485813, 0.797736576453346, 0.7967823496828873, 0.38267483426978716, 0.43428298136145843, 0.37634750360172814]}