{"FilterHL": [0.03418267220134405, 0.07335791682560015, 0.043723287952896414, 0.03997066483598714, 0.08183979003712512, 0.0530535440241515, 0.09104148499455214], "NoiseHL": [0.1071447101375474, 0.07210027912372075, 0.11749414335266396, 0.08686493251413102, 0.09978092394266753, 0.04412428173151036, 0.14811809378850285]}