{"FilterHL": [0.19920138497339832, 0.18505006516245656, 0.25902497443939276, 0.2444806991613484, 0.279546476135647, 0.1899880636893104, 0.28459656044066084], "NoiseHL": [0.31238748470151706, 0.3334541315085804, 0.3539238681272401, 0.32440876235205873, 0.3526322335970017, 0.32060181690183404, 0.3676834399887046]}