{"FilterHL": [0.2271579952609312, 0.0, 0.39976175649462103, 0.3960942863813186, 0.7071067811865474, 0.7071067811865475, 0.45265057098140216], "NoiseHL": [0.2881621992123956, 0.2144269219230429, 0.9725602358021185, 0.9776532238865889, 0.38100711692276873, 0.31935946036106205, 0.908437463863315]}