{"FilterHL": [0.0732322366995485, 0.0676280615703024, 0.03161990951137199, 0.04589341035443265, 0.11719617511760808, 0.08591334561048607, 0.0797485498513927], "NoiseHL": [0.194764257367578, 0.32290856272720947, 0.2742743180956644, 0.27439117349237074, 0.18664993375284172, 0.33001597755507267, 0.2813591303544531]}