{"FilterHL": [0.17803639860291087, 0.1363723023963391, 0.17816801029656834, 0.1391913725385305, 0.3051880811218666, 0.29264676079836843, 0.30359396309472175], "NoiseHL": [0.2828504077304501, 0.26987446859145753, 0.3044572357315073, 0.2851212120924494, 0.3031324643487089, 0.29885313077017844, 0.30223471875378144]}