{"FilterHL": [0.009417351371357206, 0.4227073157767664, 0.3974390828699501, 0.3974390828699501, 0.3974390828699501, 0.6958392218513773, 0.5165227099340938], "NoiseHL": [0.277846286164513, 0.9419801073492742, 0.9682458365518541, 0.9682458365518541, 0.9682458365518541, 0.39747691872394614, 0.9202754430473797]}