{"FilterHL": [0.2306645771710075, 0.5306601452969331, 0.18481610310182955, 0.3804283187201531, 0.6258833493738033, 0.4942426782492457, 0.6228588394391537], "NoiseHL": [0.6519507905847817, 0.7738737058985754, 0.6349590431126539, 0.9130854578206841, 0.6417533232523162, 0.9452760669914747, 0.6497271058155324]}