{"FilterHL": [0.000356562663314517, 0.0010079437713046003, 0.016981380827201038, 0.010556982723470174, 0.0, 0.018879295837100296, 0.032918974013200764], "NoiseHL": [0.21159772196649182, 0.31488735035330745, 0.2672010086631309, 0.3124423771407937, 0.3035375752754972, 0.35355339059327373, 0.2752578002073101]}