{"FilterHL": [0.2978342680625426, 0.2555744657744586, 0.2911335099109819, 0.2629854729852899, 0.31626351362099514, 0.26958932286967585, 0.3269475603839597], "NoiseHL": [0.6527840839605535, 0.6439329554896125, 0.6584492659315249, 0.6348480045082686, 0.6790972810020415, 0.654815532028933, 0.6875017127187381]}