{"FilterHL": [0.009124446931562688, 0.3915815635677702, 0.36169798264955877, 0.3731547731021935, 0.3437496963572334, 0.3385879103196607, 0.3506666395667434], "NoiseHL": [0.22493644505680482, 0.9220250890818954, 0.9255502230749308, 0.9099012799664632, 0.9609648513541094, 0.9682458365518541, 0.9402907018445731]}