{"FilterHL": [0.23374038433083533, 0.39447588352876867, 0.29245450376570997, 0.32114620285083495, 0.494694370086818, 0.43444652837022435, 0.37595066926550336], "NoiseHL": [0.5243703446159395, 0.876517149741446, 0.8808401848386815, 0.8179030468242382, 0.8334496154517692, 0.8493397934496054, 0.848743035074621]}