{"FilterHL": [0.2006935675568422, 0.22369573907068308, 0.44255895003904955, 0.2248761046478226, 0.20005668193287718, 0.4778722248111984, 0.23021916182931032], "NoiseHL": [0.1983707178254646, 0.9617468941133203, 0.9017621862782823, 0.3474660361203542, 0.20762364194905938, 0.8834439223757802, 0.9783841701671531]}