{"FilterHL": [0.39030505168088886, 0.5410498827686788, 0.255390010636748, 0.2899019401617349, 0.13136198801655402, 0.3399944934001842, 0.5693341382056761], "NoiseHL": [0.7022776613527021, 0.7133123962399921, 0.4782611459023769, 0.48239514055091964, 0.42814179770700006, 0.5055143907484708, 0.649399059395102]}