{"FilterHL": [0.21018925812258524, 0.152489992026662, 0.33947520256438296, 0.17180450766141572, 0.21641639442969982, 0.23873150149138186, 0.4753344777311225], "NoiseHL": [0.6144742296168029, 0.6017964564366148, 0.5940207734753562, 0.3301847991447974, 0.2864077278969349, 0.2752060609348491, 0.7631638246434365]}