{"FilterHL": [0.24359419418930853, 0.10903949524797896, 0.26133914374284833, 0.26217521533059085, 0.48533364945885277, 0.6488259214540474, 0.47760146752709726], "NoiseHL": [0.7358345284631715, 0.5547542252435039, 0.9277501883361503, 0.9269086543089388, 0.5791877746174251, 0.7409083356943229, 0.9111592508869436]}