{"FilterHL": [0.25103016106084186, 0.08425816807311401, 0.13248672052049912, 0.11385945262313202, 0.21190811237905594, 0.21865250379932474, 0.10131618205947499], "NoiseHL": [0.5307851914327859, 0.1805339280301257, 0.4986503065876047, 0.22224434300177795, 0.4114120820094383, 0.40737331197054505, 0.3166059601807428]}