{"FilterHL": [0.07451718765325958, 0.1481389771711123, 0.13845879993921606, 0.08814818491187242, 0.5325293818278739, 0.5675279940970368, 0.4894125136157616], "NoiseHL": [0.44208938376440554, 0.5040339584835034, 0.41745168638986785, 0.44740580786412226, 0.7143064945872144, 0.7278501520967074, 0.40805186087968504]}