{"FilterHL": [0.2061665035829166, 0.3097361591492409, 0.19135395852575687, 0.4285013300795184, 0.3353993588611855, 0.3758826992992628, 0.3078719256916002], "NoiseHL": [0.2812393081403578, 0.866729366047481, 0.256119614638879, 0.8143690934541211, 0.8670544703549687, 0.5319814819996125, 0.8803213307085506]}