{"FilterHL": [0.37719421061683867, 0.27945927723748665, 0.4023731782214751, 0.19300095932506325, 0.7106688077749251, 0.527528600420556, 0.7445299269153801], "NoiseHL": [0.873323549000384, 0.34334355774535547, 0.8814329484838082, 0.3416275753367773, 0.32211108729425314, 0.8650767153071439, 0.3269245907461566]}