{"FilterHL": [0.0, 0.4723901379470025, 0.11852983525395289, 0.4788734061664333, 0.378065056471425, 0.7071067811865475, 0.3718911185848577], "NoiseHL": [0.27879713016662017, 0.9644287820793879, 0.3131623291459826, 0.9519716382329884, 0.9511916470778953, 0.3220654202929363, 0.9613475575514607]}