{"FilterHL": [0.7071067811865475, 0.07869696054708787, 0.12169744902978875, 0.08518664067418485, 0.6773273984540886, 0.08404026594531473, 0.14554898849924497], "NoiseHL": [0.7071067811865475, 0.1758230827458947, 0.307081611782651, 0.2272593629512166, 0.9782924089392484, 0.17207819581477565, 0.3041234470595475]}