{"FilterHL": [0.2375257869106546, 0.2059920039247528, 0.24385815020212004, 0.21329408233337585, 0.33619347816908207, 0.39466157958154396, 0.32820795874556613], "NoiseHL": [0.6533118410536959, 0.7936069756508863, 0.6273743985016392, 0.7624040286446664, 0.47859939018773096, 0.7355679571512291, 0.4909256252110866]}