{"FilterHL": [0.196119073258341, 0.198887806178465, 0.15846389109162165, 0.2568823240320439, 0.18728713795036803, 0.1291752442430099, 0.6833539363721781], "NoiseHL": [0.8504287510681946, 0.8557097139091532, 0.364728617612552, 0.2840488951986487, 0.5096154486275052, 0.4788969371123301, 0.798807061691325]}