{"FilterHL": [0.1916876992664536, 0.20638029878790246, 0.1742159762337563, 0.1874566853759749, 0.2890136008428076, 0.21588962825888802, 0.22976970606730418], "NoiseHL": [0.628764269322991, 0.6277458635833773, 0.5966776601387974, 0.6180044384698095, 0.603887243980176, 0.6531211088690382, 0.6521698126500324]}