{"FilterHL": [0.2970043114197036, 0.23813719407607223, 0.22105675646236392, 0.18702833161698207, 0.20283651595803948, 0.2968057499330422, 0.301876871046629], "NoiseHL": [0.5109460809175012, 0.5466567518784011, 0.5141388851782069, 0.5237088879976779, 0.5356704454084485, 0.5388345156097017, 0.5191801703712872]}