{"FilterHL": [0.028747085664379127, 0.042951367207393606, 0.06804632593048705, 0.04762949379885114, 0.026884767199412088, 0.032999158540201315, 0.047224901448919845], "NoiseHL": [0.056305204696881744, 0.06589452797733972, 0.07922376499820387, 0.0754670019778219, 0.04913597035394548, 0.0336947494755003, 0.04947741724585213]}