{"FilterHL": [0.29436215543103184, 0.2744777294461718, 0.2742653243527396, 0.2595125129828825, 0.6178824068802627, 0.7071067811865475, 0.5174395059977088], "NoiseHL": [0.6724681436270875, 0.6571137345509522, 0.6560406175247974, 0.6320052564605692, 0.6419334671542568, 0.659371989734337, 0.9124880294986502]}