{"FilterHL": [0.003148043586488168, 0.4068051783190571, 0.3338667500901319, 0.298702031111756, 0.0241571247332594, 0.3963124453243179, 0.2858285996531984], "NoiseHL": [0.21323045788224296, 0.9519716382329884, 0.9321584529345694, 0.9437227603282585, 0.21561738357673682, 0.9682458365518541, 0.9474551595844564]}