{"FilterHL": [0.18603323720658999, 0.3508787920517157, 0.3288254106308273, 0.3293944009532652, 0.5619012654651361, 0.45699679052301295, 0.5927326199952201], "NoiseHL": [0.5032162704543377, 0.760897090485751, 0.5177024079739776, 0.7552348648248612, 0.7322578865178059, 0.5140972770431634, 0.7414306429219805]}