{"FilterHL": [0.02540876950647368, 0.024312455302512196, 0.014193582784992465, 0.020904224533428408, 0.007479827516249357, 0.01539137033215181, 0.025010905754045444], "NoiseHL": [0.11436499784441384, 0.2130317855306746, 0.10877618205974922, 0.21948610247583694, 0.11847806253823315, 0.19761022099405093, 0.12210662997585298]}