{"FilterHL": [0.22901032261431986, 0.1632940864364539, 0.5130956897916709, 0.21882665970670545, 0.2987680722281909, 0.5195656081491958, 0.33443960575634124], "NoiseHL": [0.9728581576972972, 0.3145187183662875, 0.861072524178589, 0.30401896623765257, 0.1801558386456961, 0.8556308068985367, 0.15445924787771267]}