{"FilterHL": [0.0, 0.0, 0.029370879655060626, 0.025020763230229275, 0.0, 0.00803824836349588, 0.05474388495134581], "NoiseHL": [0.21915374002515098, 0.3079419224910519, 0.27795355197570687, 0.34372803606308355, 0.2963824050818444, 0.3479977451053712, 0.2572567319124989]}