{"FilterHL": [0.4820386183677706, 0.48506248496962245, 0.05804906902578555, 0.21738934984915412, 0.41415250569529244, 0.7071067811865474, 0.5513348167066898], "NoiseHL": [0.9443234745186339, 0.937533610294062, 0.28444670306439407, 0.3317537805080239, 0.35693813745221237, 0.39304364719121454, 0.8907105509059612]}