{"FilterHL": [0.24786235058119, 0.32414049920780896, 0.4144774843163757, 0.39797430073981527, 0.5843109244699941, 0.2092660134961435, 0.4104397053416688], "NoiseHL": [0.7428685069314458, 0.5067493953860587, 0.7858247977350802, 0.7535696166237768, 0.8067626585161949, 0.8186894059169536, 0.5482552188077304]}