{"FilterHL": [0.3955195261662855, 0.3762184874627797, 0.38212115435568256, 0.3463090723366317, 0.650858900620788, 0.35691322515262697, 0.3748918458303491], "NoiseHL": [0.780327535736589, 0.7961548471682811, 0.4238342799624486, 0.7551212389448979, 0.818590165660419, 0.4248841188435332, 0.8152520775837931]}