{"rainbow": {"addition": {"FilterTVD": [0.35192500011679745, 0.8837862241870758, 0.6435420917235126, 0.9351591833302275, 0.4138747449658924, 0.7885951528335886, 0.5967020407400506, 0.812770663018601, 0.4879122449074937], "FilterJHN": [0.4074416084965165, 0.6154892293099854, 0.5194757152533569, 0.6374685689526035, 0.4314736999357228, 0.5764097686668338, 0.5014707559635052, 0.5861677424950813, 0.45988075088833535], "FilterHL": [0.5599721078553901, 0.8057621040836511, 0.6927078538821277, 0.8317725831233541, 0.5885523061298488, 0.7597247599207753, 0.6714672870728831, 0.7712069650300454, 0.622267484076641]}, "ghz": {"FilterTVD": [0.2736163259204046, 0.27361632592040463, 0.2736163259204047, 0.27361632592040463], "FilterJHN": [0.2706326599361659, 0.2889459064634663, 0.28170394695718537, 0.2729660507873585], "FilterHL": [0.3964947427075728, 0.4189736102756857, 0.41052538187207643, 0.4003286877491203]}, "phase": {"FilterTVD": [0.27361632592040463, 0.2736163259204046, 0.27361632592040463, 0.3913252228555504, 0.305524680608778, 0.33079094363203787, 0.2839732458886264, 0.2994137433423732, 0.4427615750560694, 0.3896992347808798, 0.42127394756821507, 0.27361632592040463, 0.27361632592040463, 0.4483157521958605, 0.27361632592040463], "FilterJHN": [0.2242964946367977, 0.3263190390428804, 0.18846457246696238, 0.2595395230535409, 0.17523968296230036, 0.2981009968133535, 0.15491748561002888, 0.24610887813673837, 0.3458721250284333, 0.4221331020888436, 0.3028693321829689, 0.24636179111742415, 0.19648754690839326, 0.3225429415756689, 0.20682517515066196], "FilterHL": [0.3084844275089348, 0.4634411255158925, 0.27431969197270967, 0.36085771857805327, 0.27012408142164374, 0.4254662775433727, 0.24998168000163948, 0.3468008719727981, 0.4360086135924959, 0.5774492839634359, 0.38786574870429025, 0.3468033958715343, 0.29802348481790825, 0.4465667093823665, 0.3040017778223167]}, "qft": {"FilterTVD": [1.0596755820617219, 0.9312912191515058, 1.264288160449878, 1.2041079903357144, 1.047639548038889, 0.9092251567763125, 1.198089973324298, 1.1278797748577738, 0.9714113325609484, 0.9072191511058406, 1.2221620413699634, 1.2081200016766587, 0.9453332588448108, 0.7968888392298739, 1.1960839676538257, 1.0917716727892757, 1.0536575650503053, 0.8851530887306472, 1.216144024358547, 1.2341980753927961, 1.0757236274254987, 0.9092251567763125, 1.2081200016766585, 1.147939831562495, 0.9774293495723646, 0.8831470830601749, 1.2402160924042123, 1.1740179052786324, 0.9553632871971713, 0.8069188675822345, 1.2041079903357141], "FilterJHN": [0.6315767723227592, 0.5910854577758209, 0.7026561490805956, 0.6805986938225724, 0.6276797061616165, 0.5843304637987425, 0.6784558405857176, 0.6541548485388455, 0.6035051802857244, 0.5837188459816898, 0.6870916467731293, 0.6820331066652825, 0.5954112560969267, 0.5506198543405515, 0.6777438548504378, 0.6420914443064538, 0.6296252453621206, 0.5770167811612308, 0.6849163195599705, 0.6914768004166599, 0.6368110960908054, 0.5843304637987425, 0.6820331066652825, 0.6609760534772683, 0.6053847519242724, 0.5764097686668339, 0.6936872515152116, 0.6699848175300014, 0.5985147659491267, 0.5535904660040275, 0.6805986938225724], "FilterHL": [0.9183729167950277, 0.8690251161173376, 1.0071978996257338, 0.9791696091394103, 0.9135984880772589, 0.8608372169791219, 0.9764746920180769, 0.9461796861655649, 0.8841077171520636, 0.860096342666791, 0.9873630280581769, 0.9809760338517823, 0.8742739869240143, 0.8201009998390115, 0.975580230625074, 0.9312893035851162, 0.9159812264521153, 0.8519827871136548, 0.9846131929166482, 0.9929219237115686, 0.9247962388774085, 0.8608372169791217, 0.9809760338517822, 0.9546389119023706, 0.886393851922221, 0.8512483601600449, 0.9957323356328064, 0.9658617432876191, 0.8780425752766835, 0.8236836928828548, 0.9791696091394103]}, "similarity": {"FilterTVD": [0.9992643088460689, 0.9762532967642821, 0.9745858449107119, 0.9309239471789263, 0.9461106942160691, 0.9556024111142833, 0.8189216877799985, 1.0543162668557116, 0.963238801208568, 0.9688908147717832, 0.9214322302807121, 0.9176355435214265, 0.9537040677346404, 0.8436001517153553, 1.0486212367167829, 1.3675429244967812, 0.9499073809753549, 0.9828701077828534, 1.0049593389849973, 0.9897725919478547, 0.9916709353274974, 1.1131649116246398, 1.3998147619507095, 1.0638079837539256, 1.010654369123926, 0.9992643088460689, 1.0827914175503541, 1.409306478848924, 0.9631957846328548, 0.9688908147717832, 0.9138388567621407, 0.9878742485682118, 0.9859759051885689, 0.9878742485682119, 1.4131031656082096, 0.9783825316699977, 1.3656445811171385, 1.0258411161610688, 1.012552712503569, 1.0638079837539256, 1.0562146102353542, 1.1378433755599966, 0.9726875015310691, 0.9840775618089261, 1.0676046705132114, 1.069503013892854, 1.2175737975049963, 1.1815052732917821, 1.1207582851432112], "FilterJHN": [0.6269209921863304, 0.6233721933447135, 0.6129500200810479, 0.5985147659491267, 0.6035051802857245, 0.6066403496356756, 0.5625440566702494, 0.6462196203364344, 0.6188139032326541, 0.6110514586883883, 0.5954112560969267, 0.5941730753144928, 0.6060122934224501, 0.5703593145726925, 0.6381267658418611, 0.7661944653212392, 0.6107460023881113, 0.6271274976482275, 0.6231627075535794, 0.6180375748230622, 0.6186761186222365, 0.6609760534772683, 0.7830296157483251, 0.6489815715779732, 0.6295404840480833, 0.621236245830179, 0.6501042366042865, 0.7883073395038913, 0.6091577935517185, 0.6110514586883883, 0.5929366978597975, 0.6173996180256481, 0.6236937648729263, 0.6251277618973725, 0.7904702262119362, 0.6142184983972095, 0.7652481928863633, 0.6302750828176743, 0.6257400304102078, 0.6491381154661691, 0.6449268852051104, 0.6699848175300014, 0.6123166159652068, 0.6161254492736505, 0.6447497157658016, 0.6454162281801408, 0.70039413562146, 0.6863652860415956, 0.6653270562349554], "FilterHL": [0.8925182472550205, 0.887837749577093, 0.8756197989744138, 0.8581409253196393, 0.864177516524284, 0.8679730696817066, 0.8147693037165759, 0.9163318795433254, 0.8822916756847787, 0.8733177434510825, 0.8543896906742764, 0.8528936757590063, 0.8672125186008491, 0.8241756212017297, 0.9062633288679215, 1.0718340224526357, 0.8726937893210741, 0.8925019121331378, 0.8880221485291481, 0.8817939401711762, 0.8825694379976088, 0.9343252009606381, 1.0969814947482666, 0.9197984937216204, 0.8957685768130293, 0.885680011271897, 0.9209368037262182, 1.1052878883325221, 0.8710226492237348, 0.8733177434510825, 0.8514001602563396, 0.8810192868163208, 0.8885260698477927, 0.8902146881168838, 1.1087670694203864, 0.8771584529146444, 1.0704690169534432, 0.8966808938970882, 0.8911576447266938, 0.9199751206279191, 0.914710250942712, 0.945479070830523, 0.8748516633653171, 0.8794724865729532, 0.9143680055398928, 0.9151848385226405, 0.9836629496375431, 0.9659300646857403, 0.9398726020240362]}, "simon": {"FilterTVD": [0.2736163259204045, 0.27361632592040463, 0.7327470019622654, 0.27361632592040463, 0.7453500631891388, 0.27361632592040463, 0.40180650480051244], "FilterJHN": [0.09282911851593947, 0.07342721511557901, 0.5200213052101696, 0.056151884825808684, 0.526065098934514, 0.03760826761729811, 0.384163491325326], "FilterHL": [0.20119149363642827, 0.19094155911767532, 0.6838693548137253, 0.1834858310679324, 0.6905885507094309, 0.17747748643635233, 0.5281587782140876]}}, "weber": {"addition": {"FilterTVD": [0.7790564768074986, 1.246048948199639, 1.0751980440317828, 1.2536423217182104, 0.699326054862499, 1.0789947307910686, 1.02014608602214, 1.0638079837539256, 0.8208200311596412], "FilterJHN": [0.5500265182227659, 0.7118468492991553, 0.6474205232879341, 0.714964507258012, 0.5253111232369966, 0.6487607430745386, 0.6283275616560982, 0.6434190356101701, 0.5631433227877543], "FilterHL": [0.7997177392633281, 0.9983283096607045, 0.9176425663216077, 1.0023551270810673, 0.7700392729681329, 0.919287181999087, 0.8943080325838139, 0.9127378915844714, 0.8154903072042057]}, "ghz": {"FilterTVD": [0.47195181037713785, 0.47195181037713785, 0.4930214625035688, 0.47387368384606887],