,Avg Noise HL,Avg Filter HL,Improv HL
similarity,0.678245279913627,0.6388520741611439,5.81
phase,0.679492543695008,0.5606209304054264,17.49
qft,0.7237106078240129,0.7071067811865471,2.29
addition,0.4714045207910316,0.1664917175415301,64.68
simon,0.7071067811865474,0.2882157189626443,59.24
ghz,0.7071067811865474,0.00317253990548256,99.55
