{"FilterHL": [0.26162495625762455, 0.28368936780729287, 0.2812203519013021, 0.3425149611600263, 0.40943692619452093, 0.5955809484965574, 0.5984089903884048], "NoiseHL": [0.6815483515076389, 0.8295119273799665, 0.2776536949390603, 0.9645915008670223, 0.6845143689977591, 0.6676754991709993, 0.812447118580213]}