{"FilterHL": [0.0004731934840074583, 0.3276464091634728, 0.33644474464246504, 0.40075360808518506, 0.7071067811865475, 0.6182105061403206, 0.7071067811865475], "NoiseHL": [0.1957864663624126, 0.9682458365518541, 0.9644287820793879, 0.949304389076411, 0.7071067811865475, 0.7582572430264133, 0.322560925753623]}