{"FilterHL": [0.26401848901385483, 0.2906339570352954, 0.04023795566259921, 0.323144261151405, 0.4543388147292442, 0.4718222184689755, 0.5630285911841036], "NoiseHL": [0.9592235881558764, 0.9519717089305924, 0.4372403360669149, 0.7827689416305086, 0.8634269637177426, 0.6274298802460897, 0.43257651696593996]}