{"FilterHL": [0.21216014807391112, 0.3325719049558832, 0.5250437285550076, 0.26640717310810436, 0.48120028461467823, 0.525301527762701, 0.5123175031293027], "NoiseHL": [0.2252419867885582, 0.8063907630307077, 0.8678495409821202, 0.49127540795362795, 0.91716352387643, 0.8253572765392978, 0.948329150460963]}