{"FilterHL": [0.43448426164817083, 0.4269911730433535, 0.4072535929061315, 0.2856704017999171, 0.5784470726989823, 0.5575863367133096, 0.5740523882582015], "NoiseHL": [0.49719449660838827, 0.5981659458131627, 0.5173644898862229, 0.6791953033874366, 0.19282325820105195, 0.45670244840061336, 0.2066339839965707]}