{"FilterHL": [0.03748729648292974, 0.0547843547677771, 0.031490864548985385, 0.04484347477203076, 0.02321315504796499, 0.2361008106758347, 0.2522654340692254], "NoiseHL": [0.08654637881755768, 0.15864202144137055, 0.09350438486368096, 0.08774604676365541, 0.08123921983489182, 0.19846669592790828, 0.20195494085951596]}