{"FilterHL": [0.12617074921868762, 0.14433093773342978, 0.14596248305349235, 0.22833514932702417, 0.1613260508806577, 0.14334969132396197, 0.25774696098126426], "NoiseHL": [0.5812389903461097, 0.581101519647931, 0.4115038539282217, 0.6208202278499177, 0.21316040072717435, 0.6747744692078596, 0.40758876650732406]}