{"FilterHL": [0.3910731054653802, 0.3741071858908259, 0.2976217489502046, 0.4217892486511769, 0.34569535639612237, 0.42851283717913624, 0.55844555372961], "NoiseHL": [0.6029079252797861, 0.9347740578383015, 0.9108214479317025, 0.6301518185550895, 0.5352820468478582, 0.901287049799902, 0.892170529357488]}