{"FilterHL": [0.2631100088892878, 0.2788468770320298, 0.2188869296602644, 0.36917615989290214, 0.40906712483133895, 0.567344118595877, 0.05794640105099957], "NoiseHL": [0.7287238893615473, 0.7094948148845716, 0.37895537095415605, 0.9187776499947526, 0.1897466737739606, 0.6035143181610035, 0.4049643081452099]}