{"FilterHL": [0.07692779049760139, 0.2934215935368026, 0.3078898236523591, 0.1580408555572699, 0.7071067811865475, 0.29954824469286395, 0.7071067811865475], "NoiseHL": [0.511408993494778, 0.9561668960480915, 0.93796843460363, 0.7534912264389587, 0.18985162009694143, 0.9496592218737023, 0.4394542625636691]}