{"FilterHL": [0.0, 6.351815356768295e-05, 0.03125763592130254, 0.0003888272889289357, 0.05775166847352675, 0.01971318913073066, 0.033891950667513174], "NoiseHL": [0.3690972973785796, 0.17098527586296225, 0.310162967364568, 0.3721517875737817, 0.4875762172695113, 0.4260427756026386, 0.2912337389614226]}