{"FilterHL": [0.42573747293365816, 0.34863004364365496, 0.11315233442325835, 0.1984314849324345, 0.5769808110021396, 0.5351479895463799, 0.548770795357579], "NoiseHL": [0.6974230987289924, 0.6971887703171574, 0.5750586364640412, 0.5349627895584015, 0.11539149048775929, 0.5514644303920937, 0.38401413686575886]}