{"FilterHL": [0.06641418137415983, 0.15423734678845813, 0.06958577808059221, 0.11780907780825414, 0.07382553544539025, 0.09047835669244862, 0.11087876483907837], "NoiseHL": [0.4037113988654738, 0.41862015229123967, 0.1489148330814861, 0.15518252937172355, 0.38313520344964563, 0.4027388410513489, 0.1488213730004435]}