{"FilterHL": [0.02234686456211535, 0.050292463297135555, 0.02539482311821896, 0.03246287469015855, 0.03166110840564893, 0.029621633712953996, 0.06582373179340319], "NoiseHL": [0.036768893516957786, 0.07470160039249871, 0.11646653199984112, 0.11439087876136035, 0.047803516510635684, 0.04835943876100518, 0.17586798837642126]}