{"FilterHL": [0.2007365922834409, 0.20375249715455374, 0.1145108861579538, 0.1965838881783659, 0.17069246234704283, 0.30629732833739365, 0.12536495171359077], "NoiseHL": [0.5306581488883276, 0.4299867195782626, 0.5033195768887446, 0.5409367126722114, 0.5117417973328775, 0.3339378058394279, 0.5027431014823052]}