{"FilterHL": [0.25012744862733644, 0.18759168081892774, 0.36378384386892115, 0.34143722788912334, 0.3771392770217334, 0.6322292830954253, 0.4619285200806467], "NoiseHL": [0.7815712058765668, 0.38886027952428115, 0.8315561860439059, 0.46517665712250167, 0.3740746177019082, 0.8634103134621165, 0.49618520938712707]}