{"FilterHL": [0.2429471562138002, 0.23728310492693463, 0.4476483223926874, 0.4235762215974409, 0.4134150815089369, 0.41961731043841755, 0.4298609062373235], "NoiseHL": [0.1394925326069845, 0.14598877673118812, 0.9814203408756582, 0.9819827345422462, 0.9216152173918204, 0.9237711802150365, 0.9432358514290116]}