{"FilterHL": [0.04681101777848455, 0.04482761689414908, 0.3268932231325464, 0.4707870362393256, 0.7071067811865475, 0.450483979912057, 0.43988989886672164], "NoiseHL": [0.33050424933300065, 0.44893373776093665, 0.8462683683133324, 0.8992221787455923, 0.3533728331021018, 0.8697334673784388, 0.9287360360487431]}