{"FilterHL": [0.27156644148777154, 0.34637690709695756, 0.1270768421966951, 0.09591085625406216, 0.34026292004475533, 0.37708314128564363, 0.09391592330712364], "NoiseHL": [0.44297370474740505, 0.35048474853981443, 0.16871316252960558, 0.14549383399682903, 0.36454672800935445, 0.4352358705638163, 0.1243236550444086]}