{"FilterHL": [0.0, 0.4456421450664959, 0.41671457967507286, 0.41903199057692236, 0.4408876753779392, 0.4181879995485672, 0.4565385007375039], "NoiseHL": [0.33750491859769377, 0.8943726111527698, 0.9644287820793878, 0.9547835630925373, 0.904313415407559, 0.9577683809404189, 0.8903431645173603]}