{"FilterHL": [0.01860047720960682, 0.3382584048976753, 0.34124518251271924, 0.40051717332464193, 0.620347343812951, 0.34931098817648587, 0.7071067811865475], "NoiseHL": [0.3390370886469793, 0.9431179338044514, 0.9370096951475836, 0.8305461719135006, 0.24381739855122692, 0.9379515174929722, 0.42173539957171896]}