{"FilterHL": [0.3075086691211363, 0.30363373066608557, 0.30445506333664757, 0.3394002147366725, 0.2771817500224168, 0.30303514422658145, 0.3096731969373795], "NoiseHL": [0.6524271181263279, 0.9458445773065653, 0.9402004294953322, 0.6453584264257939, 0.5799737397878799, 0.9464669121753486, 0.9221246293132298]}