{"FilterHL": [0.02995470377105297, 0.3124327674134593, 0.0818833166112048, 0.44787925391711764, 0.4485084631977058, 0.584808344121676, 0.3190683929430321], "NoiseHL": [0.36400901403002783, 0.891673704564807, 0.34712090546235475, 0.8800282731002076, 0.7501821082340552, 0.770280150694555, 0.553455230621005]}