{"FilterHL": [0.23610093298232598, 0.2565667445369623, 0.245580148838581, 0.32645309382875504, 0.5324192731556547, 0.5818480855784696, 0.7071067811865475], "NoiseHL": [0.6649654192669935, 0.8575303761470435, 0.6225568785936658, 0.9682459750620082, 0.7037861022952849, 0.656679648334611, 0.41007880950340303]}