{"FilterHL": [0.07781559622883655, 0.08194404276483258, 0.0851786620267498, 0.10264737714747127, 0.12634498436814215, 0.14972353914125158, 0.09129094349218915], "NoiseHL": [0.15100167016249316, 0.1166552125065216, 0.10553000463849674, 0.16672628851653917, 0.1535198150629969, 0.10372425845785438, 0.09312760475085366]}