{"FilterHL": [0.05357380442710003, 0.37944801406115997, 0.1629903431581682, 0.23585090371480016, 0.615661875453292, 0.4718244105177579, 0.6957021649900931], "NoiseHL": [0.765109124439, 0.8101713267930569, 0.7796029193542151, 0.8462191317808316, 0.5852696996372764, 0.7360760309577035, 0.6002548802994971]}