{"FilterHL": [0.1468805013920891, 0.3992455960288524, 0.08451138229942794, 0.05056194807300586, 0.14455542241113253, 0.11651042665268442, 0.17546049066594707], "NoiseHL": [0.5042899661020691, 0.7161015577527382, 0.340937707796313, 0.5530130097618977, 0.3104136790840151, 0.620258117996856, 0.3207546573144876]}