{"FilterHL": [0.0007532281870442914, 0.2829288855406532, 0.3462763727931701, 0.40292022529070726, 0.7071067811865475, 0.4445405552398566, 0.560969365580842], "NoiseHL": [0.35355339059327373, 0.887723035652075, 0.841116896529129, 0.905804845038757, 0.9609648513541094, 0.8656162097382152, 0.6120957867458554]}