{"FilterHL": [0.27511698405181484, 0.5355167732784221, 0.19710534314653763, 0.19641335142465105, 0.6496626022213726, 0.7071067811865475, 0.7071067811865475], "NoiseHL": [0.9544713936813178, 0.8352338095575124, 0.6670859172638527, 0.6109199937732845, 0.6826269444411629, 0.7259194906430377, 0.38891439586709664]}