{"FilterHL": [0.305159585495483, 0.26354016150401716, 0.2985472571573444, 0.2973538247522152, 0.7071067811865475, 0.46747374922554347, 0.6147680763972866], "NoiseHL": [0.6351001470041387, 0.6434308454777953, 0.9446291343861115, 0.9461887160543975, 0.5131149404642263, 0.9063962935654128, 0.6363360540965218]}