{"FilterHL": [0.17721670256891378, 0.31811367808889585, 0.24910004214209236, 0.2293437268998695, 0.2679837797656957, 0.29693485625826704, 0.34342021086302066], "NoiseHL": [0.2866064601773605, 0.3851874503499667, 0.36059820890034444, 0.4360071523728573, 0.3545920201271515, 0.35186440859666807, 0.4104798230693545]}