{"FilterHL": [0.20495654777005062, 0.20981824695500856, 0.5073817498535558, 0.5082723961345533, 0.5039896124708402, 0.5048684879153111, 0.5093138464286785], "NoiseHL": [0.3729127483443755, 0.37896325629565314, 0.9013878188659972, 0.8930155951464421, 0.9419801073492742, 0.9294000258308334, 0.8838834764831843]}