{"FilterHL": [0.31103616030145326, 0.09749151687608246, 0.3238107666189075, 0.07968807664303185, 0.6406039519078757, 0.4159241731306787, 0.47349489526151306], "NoiseHL": [0.8384141680611135, 0.47572755003926837, 0.8483187035184375, 0.400393374975698, 0.14770309256012798, 0.9248817265431795, 0.9295432605093299]}