{"FilterHL": [0.15693294903491486, 0.605326380705642, 0.22810050126409945, 0.32907971661522695, 0.22902609414601055, 0.5110131322133936, 0.6211194132537201], "NoiseHL": [0.4532843800991697, 0.9019351155370248, 0.18900182094289927, 0.9560212971823505, 0.5087643354227729, 0.8256286817793801, 0.8980476875467827]}