{"FilterHL": [0.3362370592713027, 0.22052757051649244, 0.12338066042402755, 0.2741831600732874, 0.28459790921608497, 0.11094375781344452, 0.07495607009882722], "NoiseHL": [0.4480035549044349, 0.4376222468709834, 0.44566570829732843, 0.4549370207074803, 0.4708317538846313, 0.44218761817157526, 0.44442412807119064]}