{"FilterHL": [0.1831053064865938, 0.34471521210985406, 0.24693804434131503, 0.40508493456060285, 0.4822725727141802, 0.4659719715534817, 0.6144965632123732], "NoiseHL": [0.5213525502276084, 0.783607350770494, 0.4040742125788763, 0.9361393039406247, 0.4152156591843978, 0.524098381046974, 0.4410695058979223]}