{"FilterHL": [0.01694292675329059, 0.029395140324310908, 0.022140367504962132, 0.020160413114643626, 0.7033734126509552, 0.7060734561463579, 0.7051802391097264], "NoiseHL": [0.44263482766385326, 0.42217045927666225, 0.42487043476170755, 0.4106379214463768, 0.9496591825499183, 0.9347843090031828, 0.9473105847184006]}