{"FilterHL": [0.20394967637275918, 0.4418078448162206, 0.5071505045892888, 0.4657079196421265, 0.5056720893606274, 0.4511068891960965, 0.5926177980842235], "NoiseHL": [0.5090535255856136, 0.9713091117011076, 0.8409790396319634, 0.9265044558053269, 0.71309345129193, 0.9758834447902993, 0.7536446656040521]}