{"FilterHL": [0.1410308343918385, 0.09289929703185554, 0.17819759128830495, 0.18964673123458164, 0.3138389245352956, 0.13343899814809748, 0.22673306702017856], "NoiseHL": [0.2097087957874949, 0.18843139411627494, 0.23156066005715067, 0.19874788359099063, 0.19460739953135472, 0.19878066213806328, 0.2557059638573355]}