{"FilterHL": [0.29274773630023326, 0.273833250344964, 0.27210185864196323, 0.2612248786997106, 0.3802482845021979, 0.27420633505331465, 0.32651842145684634], "NoiseHL": [0.6738249208014626, 0.9493121642978475, 0.944402304919506, 0.6285875561019163, 0.15373453996618586, 0.9460945341289295, 0.37909063711780044]}