{"FilterHL": [0.0, 0.31735749116100787, 0.0, 0.34282380180098687, 0.4186049926825174, 0.7071067811865475, 0.5456344138124781], "NoiseHL": [0.4111921843624089, 0.9610723967830023, 0.5354488648255004, 0.9546045117010001, 0.9776532238865889, 0.3415124733494542, 0.9467605163405336]}