{"FilterHL": [0.264856798619054, 0.2588180740130349, 0.24703890856096228, 0.3703124028524441, 0.45106943801204497, 0.3319816914484374, 0.27348207532855345], "NoiseHL": [0.4056431112738085, 0.434777137483754, 0.42104891191338395, 0.39393813137739636, 0.4247066041958445, 0.4416107240136916, 0.34886302145938164]}