{"FilterHL": [0.06948259154408569, 0.07787586216167673, 0.08299122261055315, 0.05491416119715173, 0.17112389707752454, 0.18765619002433012, 0.3834601327388651], "NoiseHL": [0.2650481500154582, 0.23812865725871094, 0.33008888994784, 0.3094950505331326, 0.29308314717607026, 0.28647394563640544, 0.34231911582274394]}