{"FilterHL": [0.3493548715816573, 0.31894266485762734, 0.3160292647805902, 0.41826003040633325, 0.5591197251302809, 0.6059651129462109, 0.4122187050149383], "NoiseHL": [0.4904792383023489, 0.5090151895435977, 0.7945229864931599, 0.7851883022566629, 0.19126656492568514, 0.7050438333073966, 0.3890332800910928]}