{"FilterHL": [0.1272589774827837, 0.2916830290305262, 0.1732029732707485, 0.3049604260885559, 0.5115068671582618, 0.42544636483320886, 0.21867189600517314], "NoiseHL": [0.595828004264777, 0.8457687351171425, 0.5760996141206159, 0.8426270320726398, 0.5572830403621699, 0.8093241892452683, 0.553007880952893]}