{"FilterHL": [0.16787551588631502, 0.16002465734011967, 0.26156290113862607, 0.15439577851852843, 0.15002094631652876, 0.1404131499707832, 0.16533765149160595], "NoiseHL": [0.6534724544863776, 0.610306249422416, 0.658105122247737, 0.628296686478776, 0.5891623389075886, 0.5714698326476072, 0.6320068087222028]}