{"FilterHL": [0.31015985352347, 0.5464219345836794, 0.3577391780485546, 0.34281939633612213, 0.5559215170056335, 0.4694821784497068, 0.5724217901659462], "NoiseHL": [0.9255632348259378, 0.8152304084391481, 0.6507655064561391, 0.6725773848698988, 0.7445067677260175, 0.6732867816587023, 0.7850755024063855]}