{"FilterHL": [0.02703949004794962, 0.04528572119914894, 0.026017721879991282, 0.025715422967471775, 0.5498531269790671, 0.5000676802242634, 0.52947493894662], "NoiseHL": [0.3786118510782658, 0.267613880060949, 0.38420932269196056, 0.24853145001102014, 0.6158897329028263, 0.6123460588256462, 0.6551493914677238]}