{"FilterHL": [0.5078152060403867, 0.1845823178277398, 0.044540532210917534, 0.37180541230938985, 0.4974206006757277, 0.6165602938164403, 0.5957369253648254], "NoiseHL": [0.7391321839910114, 0.6393821266612368, 0.28126103718869994, 0.8784569132130775, 0.43810715182821147, 0.6640335006004318, 0.26117350333581757]}