{"FilterHL": [0.21517642249553137, 0.2513553132698825, 0.22627302945480868, 0.24867347062953118, 0.48019921973963015, 0.25885194600267813, 0.3684658864015017], "NoiseHL": [0.669362592501179, 0.933926890780069, 0.9543033624811563, 0.6491825657960735, 0.18749744433589086, 0.9334408643730955, 0.41293261957154775]}