{"FilterHL": [0.3633785967566024, 0.3293499063416781, 0.25352993886784003, 0.32156809702530476, 0.3817508573817462, 0.32895052237626565, 0.43633873136959034], "NoiseHL": [0.665728794510644, 0.9501944731349874, 0.6844214158874303, 0.9005017354032357, 0.6360748942819783, 0.9496384935988181, 0.6422003865043543]}