{"FilterHL": [0.25131326258948933, 0.35748028339777943, 0.38063867785043837, 0.306395671157328, 0.34335391293567163, 0.6414165657518668, 0.4864620215014839], "NoiseHL": [0.3840055776056904, 0.4222153328659188, 0.5014997257482973, 0.35517473900096985, 0.3312228016824327, 0.4667214854862626, 0.55906864211669]}