{"FilterHL": [0.08256424897916624, 0.06167871260157823, 0.06702532065828913, 0.0796817977130891, 0.21005092290581032, 0.22682611722772905, 0.19302336973565204], "NoiseHL": [0.1274274888825689, 0.23582285133954695, 0.24303728404064293, 0.11209556866573406, 0.06320550175207316, 0.07431385920775636, 0.11959488696184943]}