{"FilterHL": [0.0, 0.5193456562538001, 0.29415417194948723, 0.21830650467223056, 0.5193151439154251, 0.47569874677969876, 0.5841085512154112], "NoiseHL": [0.36060618173820735, 0.9119833330588046, 0.6313706827514479, 0.5843985287855401, 0.9644287820793878, 0.6865890806384574, 0.7638618852683131]}