{"FilterHL": [0.3410264930272503, 0.3415865276601934, 0.3677107702973958, 0.07036548411482114, 0.6643074783512929, 0.45792333554612913, 0.34604467084638957], "NoiseHL": [0.9393716403748327, 0.9440230480822317, 0.9560274611289868, 0.23214493182787965, 0.40610222567258636, 0.9509822222507025, 0.9529784761698484]}