{"FilterHL": [0.26663586110826365, 0.2799394011027946, 0.29458991663936185, 0.26816387548099035, 0.7071067811865475, 0.574746658773336, 0.7071067811865475], "NoiseHL": [0.6632229612339561, 0.6089179847696199, 0.8441684754316193, 0.6744230388238417, 0.39655991676318825, 0.7899179044583848, 0.4983672733549244]}