{"FilterHL": [0.21658736857400146, 0.24583676800303236, 0.22017636351392364, 0.2129633188814349, 0.5703752631172128, 0.5139110498296265, 0.642876138173751], "NoiseHL": [0.8011816482973853, 0.7588901468774731, 0.5621277446703883, 0.636012526665854, 0.48731736963887895, 0.6282372846939397, 0.3917278255903929]}