{"FilterHL": [0.21097791411556327, 0.19734436054592358, 0.27998847298434065, 0.25845684069590996, 0.3922354568513, 0.39019340747463266, 0.42282694083915945], "NoiseHL": [0.6488433560613818, 0.7823334212174624, 0.7648059259721576, 0.7030342320759752, 0.7423852002684248, 0.4508490827541852, 0.5219939599831507]}