{"FilterHL": [0.3534868429514792, 0.3703890229090303, 0.3615193755423307, 0.11822417937494385, 0.41254847471743467, 0.36129719616456113, 0.5020556786221382], "NoiseHL": [0.9126207182077584, 0.747157130311034, 0.8968689113885752, 0.4328086893307222, 0.5858549236630842, 0.8890337015051686, 0.809704671537167]}