{"FilterHL": [0.13712582619035288, 0.10054471483117379, 0.33520518561015744, 0.20741214768825886, 0.5551832745557814, 0.6137474826276373, 0.5188903272640375], "NoiseHL": [0.6369299162428913, 0.6193453910161462, 0.673798633454513, 0.6415535329778038, 0.891977454934233, 0.8970624148682453, 0.9315845197884295]}