{"FilterHL": [0.1619523609716219, 0.21015134963243734, 0.1566259844030471, 0.26705394335446275, 0.594376234008483, 0.6154304937668862, 0.5108202193412368], "NoiseHL": [0.7689731194653963, 0.7710144730513341, 0.3197041742712441, 0.3002519981354185, 0.21732671472241916, 0.3901255857424689, 0.44672032311747456]}