{"FilterHL": [0.22039081454322618, 0.12457977112643435, 0.19626125014434234, 0.23349116574161163, 0.26606869304854547, 0.14000952622572743, 0.3301739433498407], "NoiseHL": [0.5860311907055844, 0.6091503290975013, 0.5808863366281729, 0.5993385084042439, 0.623781686056559, 0.5880036933310337, 0.6805825725253829]}