{"FilterHL": [0.2697662919752775, 0.48691325178964295, 0.31939369342859664, 0.45228562719087056, 0.348489422224974, 0.49707496420067626, 0.4131738523217662], "NoiseHL": [0.32393371719589054, 0.7572380261781856, 0.46682333110794944, 0.8579746274832591, 0.4098879268380017, 0.8174831257416858, 0.4626317927283683]}