{"FilterHL": [0.5321697443784603, 0.35465353182511866, 0.2812006396725236, 0.2343148478097525, 0.37332714802148503, 0.34551261849894366, 0.32182948962226743], "NoiseHL": [0.7507052505483217, 0.8748881787005457, 0.6369146334572302, 0.6165573054664855, 0.8580141276170921, 0.8624445288017478, 0.666212505427088]}