{"FilterHL": [0.1788613801723297, 0.17689809913310356, 0.33034631427459954, 0.17904896973114598, 0.17569941049349072, 0.19124167556504293, 0.21174654540060162], "NoiseHL": [0.6311627236186491, 0.5337529203253746, 0.5445301226848045, 0.5442021974515519, 0.5637220305362669, 0.5196005752360578, 0.584805509373248]}