{"FilterHL": [0.0, 0.4606630242704631, 0.4196327532892215, 0.423073987867749, 0.4225732550091566, 0.4225732550091566, 0.6288001074142581], "NoiseHL": [0.22148306161209327, 0.9256319514432451, 0.889944733104829, 0.9536629839723264, 0.9776532238865887, 0.9776532238865889, 0.43624107902292963]}