{"FilterHL": [0.28973867337033027, 0.2927436508754328, 0.13237378756627868, 0.25763039769665136, 0.4998678649889332, 0.277266630817623, 0.3441670413798727], "NoiseHL": [0.7345097028555821, 0.699863524791837, 0.69414730389704, 0.6704818934077011, 0.7183502437152255, 0.6723495696243272, 0.7351670202435835]}