{"FilterHL": [0.1729526211087475, 0.09931893898897955, 0.047180970208672665, 0.15954444586853414, 0.35381860897557343, 0.3592968703727041, 0.3559829959686769], "NoiseHL": [0.3053810455253039, 0.38392733441414706, 0.365799029152785, 0.3636055057549747, 0.06998150470353715, 0.28646494609252815, 0.11559589728160126]}