{"FilterHL": [0.36965836170651956, 0.32688096983893844, 0.2952129124834822, 0.2263950738366901, 0.4446875353836017, 0.5395096022398352, 0.3053728674963201], "NoiseHL": [0.9304757669526689, 0.9249813927951176, 0.7295620223756443, 0.773959152665376, 0.5623287524376884, 0.5557072966662016, 0.8415662037944285]}