{"FilterHL": [0.3876140625052474, 0.38032839138916114, 0.025918144772084376, 0.3846032405781449, 0.38413809009741734, 0.37764622167697015, 0.384053758742241], "NoiseHL": [0.8045710012650943, 0.9138123491723623, 0.3479927435318926, 0.8557118981211369, 0.8933454638684575, 0.9135574663940408, 0.9402370223655985]}