{"FilterHL": [0.0551942414346131, 0.05980981587087991, 0.05399740698031211, 0.044266479603426695, 0.041842933955961066, 0.029433958853061895, 0.055177232628052304], "NoiseHL": [0.06667031171195444, 0.08428548419759886, 0.10864126835171407, 0.0669304705873111, 0.05948962390721522, 0.04147563419476117, 0.08078779286225349]}