{"FilterHL": [0.07679126433323498, 0.2323744129806302, 0.1949585671687523, 0.2631561358624263, 0.5373519213125797, 0.19644981632741632, 0.20885312310208642], "NoiseHL": [0.18620655874363704, 0.9447037748325358, 0.9686908048990923, 0.949304389076411, 0.983762522164863, 0.9682161785381934, 0.9618256610068049]}