{"FilterHL": [0.34027241391694074, 0.35460150753635156, 0.3215057945428645, 0.32683774257177445, 0.5884259693173312, 0.58225895417661, 0.5881253728307394], "NoiseHL": [0.680656367489453, 0.6683966198864216, 0.6948257253483019, 0.7132661588165499, 0.5666985411214404, 0.5778321651652528, 0.5742001513989227]}