{"FilterHL": [0.1211758780361165, 0.4867868975925789, 0.18964341687345249, 0.15323428765043504, 0.33963827933784585, 0.49155113479872176, 0.6539336120425805], "NoiseHL": [0.2603316689774899, 0.9242090783002268, 0.46177096534013096, 0.3970093391259487, 0.3547038658819735, 0.9553565612170142, 0.5139194419656927]}