{"FilterHL": [0.23879821525728695, 0.27889441472036164, 0.303813396645219, 0.35590852606852674, 0.2939243480512953, 0.27801164307199805, 0.3071773891147962], "NoiseHL": [0.6084110995156877, 0.9566648067721015, 0.8967504254446401, 0.6287970204800315, 0.5936003685077049, 0.9608616029248399, 0.8775472127318725]}