{"FilterHL": [0.10419511008226941, 0.4398691047823997, 0.08605322442800603, 0.43575213688993975, 0.577438754417849, 0.4370567064931467, 0.5379020676815709], "NoiseHL": [0.4111252991258571, 0.9519716382329884, 0.426642484836727, 0.9609648513541094, 0.7545107609438035, 0.9577683809404189, 0.7424278188718569]}