{"FilterHL": [0.1489593241217647, 0.07708057813051611, 0.18227856259000066, 0.19148996944327612, 0.47383714591822185, 0.5144815780778919, 0.47252479429809335], "NoiseHL": [0.5499866120380371, 0.5339144207941727, 0.5902507279484612, 0.5658345502064297, 0.686783417813006, 0.6903134160776254, 0.7029148686294553]}