{"FilterHL": [0.252153176689044, 0.36290728391549626, 0.3909674756293768, 0.40033589075888676, 0.4140787282013338, 0.5024610128514184, 0.4372804749660326], "NoiseHL": [0.6491687574089996, 0.6183182896693059, 0.4155250795232244, 0.4877955318451142, 0.17107907082163265, 0.6061730370212711, 0.47904842924704794]}