{"FilterHL": [0.4582228636704132, 0.2713512374522274, 0.27437116943571294, 0.4484336638924959, 0.3967027776247252, 0.6694808442664196, 0.5440955119214312], "NoiseHL": [0.7740397143376109, 0.5337161938907222, 0.4161449290259228, 0.7933295343830551, 0.918855683969867, 0.8032217237973297, 0.8888558996380167]}