{"FilterHL": [0.20463696699195033, 0.2939769016153328, 0.16790957020313166, 0.13741368771812196, 0.802831679140686, 0.3876979820867621, 0.7484328198223411], "NoiseHL": [0.9033832766885533, 0.8842293191238382, 0.34822010218323984, 0.5369818375583542, 0.11838147396012792, 0.20677591366700526, 0.741936257826569]}