{"FilterHL": [0.20006485495843324, 0.24032434646382436, 0.20844105976065938, 0.2080402393608602, 0.19851062572047654, 0.2137828690072467, 0.20353439447097998], "NoiseHL": [0.6377103730304005, 0.5540209056572021, 0.5596734636720319, 0.5514606425569994, 0.6605707731586479, 0.6440404466401205, 0.6350754508937672]}