{"FilterHL": [0.3173889393936276, 0.322466475984976, 0.30752537803627106, 0.36637962797822193, 0.3885370135573416, 0.4693013399699634, 0.34149761210753454], "NoiseHL": [0.8376401525500399, 0.8497223893997009, 0.23714851038831547, 0.7777367002039568, 0.9002799619171232, 0.5637586327152071, 0.8755705835698592]}