{"FilterHL": [0.3320999226615353, 0.4298838539135072, 0.405078738062161, 0.3845241635818508, 0.6133265838916482, 0.3795434467541523, 0.4597889514344204], "NoiseHL": [0.4439503748903228, 0.5320986976631458, 0.5869281425339113, 0.46774170709337076, 0.64123871276415, 0.5194930324184303, 0.6001337534250901]}