{"FilterHL": [0.281242032459115, 0.09467781475257123, 0.28836021727291666, 0.21660837300819658, 0.7090170255769823, 0.8433156927193607, 0.6836480788483584], "NoiseHL": [0.3235708645156071, 0.7767590470048353, 0.30643716613371036, 0.8000982204045102, 0.7232329558665723, 0.13921634886499545, 0.7736867919084127]}