{"FilterHL": [0.3175671357074809, 0.2986864769896396, 0.32142703757184315, 0.31037381553419635, 0.7693865667679975, 0.6888867053248691, 0.7931419632289017], "NoiseHL": [0.9269943035218424, 0.8930155951464421, 0.9367143746460104, 0.912957327991272, 0.37960699929971575, 0.48485409684467695, 0.8260514235804983]}