{"FilterHL": [0.19500178654769149, 0.2344884160694985, 0.15371892206600873, 0.10692795048388487, 0.45276637298910755, 0.4045636871102667, 0.2255434478018286], "NoiseHL": [0.46857921144825854, 0.5166455267020013, 0.30768927887702374, 0.284359048248748, 0.14055345275217287, 0.21043948428187195, 0.5241790815913426]}