{"FilterHL": [0.11445581469308605, 0.4280344306938975, 0.07651118032409433, 0.08924029865174808, 0.10411259139963475, 0.5817856390291047, 0.06315722879128731], "NoiseHL": [0.12191133040368182, 0.9291322929795645, 0.26015425409217696, 0.288988133019841, 0.09894724029910335, 0.7975969904919732, 0.2392712504645674]}