{"FilterHL": [0.22291963231487422, 0.3665654235638118, 0.20414992337543497, 0.30418024526880916, 0.5802051128563027, 0.6069778247827844, 0.41531173180363984], "NoiseHL": [0.8736750107885092, 0.7868332817041095, 0.5684033017733185, 0.8614586307078039, 0.8400638630091068, 0.5059095102092099, 0.7801461061744236]}