{"FilterHL": [0.2987945667496987, 0.29235567272162316, 0.29150830845048875, 0.2893287970366402, 0.5929688243518395, 0.5954085797432456, 0.41445059042773064], "NoiseHL": [0.921449969125342, 0.9287776994022853, 0.9202203455623725, 0.9244801670615573, 0.4713925743841917, 0.47237074608818014, 0.7657722139218271]}