{"FilterHL": [0.37741333312307496, 0.3371080804996412, 0.4238967689937418, 0.31106468651991864, 0.3879240207546182, 0.38238469951364407, 0.4027735092079688], "NoiseHL": [0.869389072089437, 0.5673694677074125, 0.8493844045795896, 0.20900545589567637, 0.5907144644771807, 0.8990802539599325, 0.41402267731347586]}