{"FilterHL": [0.0, 0.5644826194390632, 0.0, 0.015463047799121145, 0.7071067811865475, 0.6502559158918814, 0.7071067811865475], "NoiseHL": [0.34879530865580777, 0.9313524996087799, 0.45086383864879576, 0.4610041236018019, 0.5232739460226443, 0.8671567416492213, 0.5443843857286352]}