{"FilterHL": [0.0006696300976170549, 0.44269174842861597, 0.4171092851679314, 0.4235877649630347, 0.4235877649630347, 0.4171092851679314, 0.4196838380318225], "NoiseHL": [0.26423520936170475, 0.9202754430473797, 0.9519716382329884, 0.9397197490014318, 0.939719749001432, 0.9519716382329884, 0.9467605163405336]}