{"FilterHL": [0.4310877457192588, 0.00290615992436896, 0.0, 0.44767469742120763, 0.0, 0.44044100536245545, 0.7071067811865475], "NoiseHL": [0.9842509842514762, 0.4357836764944477, 0.4288381937572291, 0.9547835630925373, 0.3827123361818522, 0.9644287820793879, 0.7071067811865475]}