{"FilterHL": [0.0931028634073361, 0.17565693268443835, 0.23560092132500315, 0.31642739288069904, 0.5803764224655845, 0.31841750860216717, 0.4233908057486629], "NoiseHL": [0.4283397218416476, 0.6097622189124492, 0.3869012265522676, 0.6700501958151802, 0.7460074533587641, 0.551029757824269, 0.7862538836962244]}