{"FilterHL": [0.13662983727505457, 0.4152473155164086, 0.42702727376762173, 0.4733466142683174, 0.7071067811865475, 0.3926108832718752, 0.4161558957442324], "NoiseHL": [0.17533302363242112, 0.9137827364380627, 0.9645331680965176, 0.9554369224795066, 0.7071067811865475, 0.9630301695553083, 0.9746896803212188]}