{"FilterHL": [0.32110098606411686, 0.03847892592730238, 0.31850054290059576, 0.03431674557484879, 0.34072695334674563, 0.26826304799950035, 0.3562323735404861], "NoiseHL": [0.6757590551534544, 0.5507654035554831, 0.6132441176741527, 0.6143479715198725, 0.6600930984303123, 0.5722947445693526, 0.6133872032616318]}