{"FilterHL": [0.2866571031003015, 0.4312306814096024, 0.2685203889591573, 0.2973638481928132, 0.6334164554328466, 0.5848794290680932, 0.6245884657042], "NoiseHL": [0.8133966754453189, 0.6151262153688231, 0.8149556790726386, 0.6384985023001458, 0.5827155690142475, 0.607698459554413, 0.6033853892623466]}