{"FilterHL": [0.3809495750000654, 0.27704532389836134, 0.3942634591469213, 0.2799162741513042, 0.38198297373902435, 0.36853851772271035, 0.5723274790178124], "NoiseHL": [0.7185358796495181, 0.2699166236449958, 0.1716681500132457, 0.7259748776739616, 0.7253341649288513, 0.32942205268148983, 0.21420593979816271]}