{"FilterHL": [0.03751295865182076, 0.06420367977139554, 0.43979345218020316, 0.4593722798134522, 0.5142398779016604, 0.14258169633509823, 0.4373276251855853], "NoiseHL": [0.20668809189466172, 0.28652514021746894, 0.9696723436489226, 0.9484628607868352, 0.17522590424864262, 0.35581632482348563, 0.9680760152015631]}