{"FilterHL": [0.01064094890015775, 0.4397194172815201, 0.43173866652586756, 0.4305551883107713, 0.43173866652586756, 0.43513497417029867, 0.431029298575492], "NoiseHL": [0.2317051022141721, 0.8694421761266916, 0.9547835630925373, 0.9725602358021185, 0.9547835630925373, 0.9220250890818954, 0.9644287820793879]}