{"FilterHL": [0.4396943520255669, 0.4897399962561957, 0.175964478610314, 0.4774414221484394, 0.6753367072371471, 0.4527799115402901, 0.43890058218107597], "NoiseHL": [0.9213282901704238, 0.9495242753173398, 0.23775351700476557, 0.930636025108353, 0.49215780533629516, 0.9450960400425206, 0.9668463013625169]}