{"FilterHL": [0.2568761290452673, 0.3113783010729283, 0.3022132727698362, 0.20780763380108622, 0.37291671363559104, 0.41032558943300457, 0.4364501247351058], "NoiseHL": [0.4547211675083949, 0.7363801022099502, 0.7488869867644591, 0.4566322069623937, 0.7109099623268087, 0.7105425313275219, 0.7078776909073393]}