{"FilterHL": [0.33946748240276936, 0.1760602927623237, 0.30054784223113057, 0.040753426411855496, 0.5829023659771687, 0.39825108012161853, 0.5346686050620267], "NoiseHL": [0.9364978766628417, 0.42736499485059204, 0.9485263334596993, 0.4358046750074326, 0.6315379404775481, 0.9263583618777659, 0.17099790394353873]}