{"FilterHL": [0.15262105204659104, 0.12814893645290562, 0.14623533293473326, 0.22749222521622847, 0.20920989966487924, 0.12244153370092846, 0.19151192652325336], "NoiseHL": [0.18337291888836402, 0.2725614079098237, 0.2262163984525779, 0.38389000791073685, 0.17835410668518767, 0.2487794934485133, 0.24873690284437514]}