{"FilterHL": [0.3060427163161431, 0.41019418341917463, 0.32651442060359004, 0.3483328128074127, 0.30318037728361086, 0.45133324476429715, 0.5120502404564901], "NoiseHL": [0.6078639464092899, 0.7725174409318966, 0.4694634140019001, 0.42634907452235365, 0.2842849963106585, 0.8076794906451324, 0.7982174222931898]}