{"FilterHL": [0.14543507145126058, 0.14905941463120614, 0.04560337673121081, 0.046489796881899505, 0.38834721991169074, 0.18517393038177105, 0.5230434439173344], "NoiseHL": [0.6035449532532505, 0.629398483038872, 0.5110276935610146, 0.49162558329286987, 0.6579629470979313, 0.6328217885239557, 0.6987941193153948]}