{"FilterHL": [0.13411860998601965, 0.2427274610395925, 0.2153871313049479, 0.12322976580974891, 0.26738736445985795, 0.49684649755026755, 0.5499268568065646], "NoiseHL": [0.6250153828828549, 0.5402607576658001, 0.5900054800683093, 0.5692789597154482, 0.34394066610177243, 0.731412409248126, 0.7280706813878252]}