{"FilterHL": [0.187052553223449, 0.19588610040730337, 0.26277096274660405, 0.13885383215231029, 0.18991052419197665, 0.1806709657262451, 0.13379805385068763], "NoiseHL": [0.6512461139187143, 0.6575062837450208, 0.5807735224945736, 0.35355984105567045, 0.6509926725368211, 0.5835176212650856, 0.3836703343555353]}