{"FilterHL": [0.2639986658566435, 0.22545994443645817, 0.2721870892854005, 0.1713133857252727, 0.2786469593971849, 0.21778211296010141, 0.2682546215399992], "NoiseHL": [0.6439672531751144, 0.5865042839650761, 0.8827596552943374, 0.6133216659768876, 0.6420535205197857, 0.616574618041827, 0.8803645258853188]}