{"FilterHL": [0.4358825638372627, 0.19757901264826805, 0.4591240615461017, 0.23534673082779098, 0.6979341630977839, 0.4646827530359617, 0.6947325154444405], "NoiseHL": [0.9337738366949315, 0.40551606046722727, 0.9294050714111871, 0.34991457891614614, 0.467122471839714, 0.9639877651666221, 0.8478888791269421]}