{"FilterHL": [0.7071067811865475, 0.0074321636349213415, 0.35908798706345135, 0.39893498405655375, 0.7071067811865475, 0.6526485670462774, 0.49853400977500467], "NoiseHL": [0.7071067811865475, 0.3960162904452257, 0.6913477523803414, 0.642839690373244, 0.7071067811865475, 0.7492565305100324, 0.9150969046602593]}