{"FilterHL": [0.33467366660245423, 0.4727943726105745, 0.3284071892425204, 0.31908078533034856, 0.6200749724796348, 0.7912205792787663, 0.667597403284683], "NoiseHL": [0.6308539347012853, 0.6610749377359397, 0.8490160318364182, 0.8318766490914037, 0.9303429982488083, 0.66993226723373, 0.7385517579096109]}