{"FilterHL": [0.04948072234099519, 0.034247494760354866, 0.02662251803093408, 0.011450764762326404, 0.037257920490751655, 0.03253680997161014, 0.04795780805540194], "NoiseHL": [0.2817223349408496, 0.3162508954387453, 0.33312539129224183, 0.3876033568422543, 0.322895644387615, 0.470067260261526, 0.36416013594396207]}