{"FilterHL": [0.28466393768880505, 0.32471403535779414, 0.23254796010798176, 0.2703117636460551, 0.5755006033337816, 0.5570997577208633, 0.5499576296365067], "NoiseHL": [0.42805194277523223, 0.4425765018986892, 0.4427648682889148, 0.4917560426370576, 0.5065668602443133, 0.4653385241733212, 0.49690826593650855]}