{"FilterHL": [0.07034997956955756, 0.4419289802607166, 0.3822512200965294, 0.44710556304049137, 0.46127332916656305, 0.5816936642892716, 0.39912439920942283], "NoiseHL": [0.3813946577093729, 0.9365654543707944, 0.895459892551156, 0.9559735152503047, 0.7110929757528964, 0.8478956336126755, 0.9218047288807478]}