{"FilterHL": [1.5784170935942928e-05, 0.3284089713179258, 0.4457606564531837, 0.4196944498286241, 0.4471262309784015, 0.5553442562497012, 0.4384357498138849], "NoiseHL": [0.2768927248622021, 0.9399838863072186, 0.937533610294062, 0.6411281319100893, 0.9354143466934853, 0.8213817840125379, 0.9609648513541094]}