{"FilterHL": [0.38117520613914124, 0.40746125627057056, 0.37959253109642394, 0.38745939854706557, 0.3924151532988772, 0.37826265313739815, 0.43001478088486456], "NoiseHL": [0.8777093610469553, 0.5530672948893476, 0.9171295161727449, 0.7618448063928023, 0.7211366178302775, 0.9116556473505935, 0.4513494521277019]}