{"FilterHL": [0.04801833136601771, 0.34451777622955027, 0.3412628856188318, 0.33470209183519994, 0.6624487198148873, 0.3620317869582548, 0.574755321528918], "NoiseHL": [0.3331581647579631, 0.9042761801713062, 0.8601107024265612, 0.9705986116801599, 0.4602559465004984, 0.8528697744637151, 0.43798581318133883]}