{"FilterHL": [0.44558402818710513, 0.11801268775509655, 0.3507020416591525, 0.3028401038685961, 0.3916165242043753, 0.3546841383658033, 0.46430913988441014], "NoiseHL": [0.72164310482913, 0.5413701194598158, 0.8906722281469863, 0.888555759022652, 0.9162790839754383, 0.89864012610195, 0.6052897393973233]}