{"FilterHL": [0.32360338348360734, 0.22517639616302662, 0.3682489757633873, 0.1848031043737945, 0.2619503835080151, 0.25994480609737175, 0.48799473347642525], "NoiseHL": [0.8921828215425295, 0.6262658181109011, 0.6291659683627853, 0.8172928876017203, 0.9213790628544435, 0.6296289459135435, 0.6509011122166848]}