{"FilterHL": [0.3810869717425209, 0.05531614063418801, 0.30224528209479307, 0.4549705657694578, 0.529205950353789, 0.4952930242920705, 0.7013753017468671], "NoiseHL": [0.885953171141324, 0.2670687034244252, 0.8228028705198713, 0.9399284315902262, 0.9646666242480152, 0.9237258663580533, 0.5011166640435556]}