{"FilterHL": [0.0006261368463024293, 0.4480485805048376, 0.003447057993307034, 0.439616769703049, 0.529906932224082, 0.4504597027803711, 0.5260807263440646], "NoiseHL": [0.22493644505680482, 0.943950059668775, 0.37138976963783255, 0.6593564581709973, 0.9313524996087799, 0.9368331663125824, 0.944323474518634]}