{"FilterHL": [0.20651675377345213, 0.22364781808038856, 0.36879451311813344, 0.36599670243831833, 0.2164175381808234, 0.20710956576370693, 0.33063605616313185], "NoiseHL": [0.35143502738353466, 0.4322418619299177, 0.835175783621834, 0.8537482912655844, 0.3360921318471017, 0.42121667490392634, 0.8541840820007425]}