{"FilterHL": [0.0, 0.23525622935572268, 0.24779302318825688, 0.3013690071429987, 0.244306864732835, 0.35731045076359036, 0.7071067811865475], "NoiseHL": [0.44882260281898695, 0.8999520381265774, 0.8729468731047659, 0.898582923736329, 0.8985332839729531, 0.9152159509047129, 0.6023863110961987]}