{"FilterHL": [0.48449608658042476, 0.4969800891421782, 0.09308820295493277, 0.17458801769191892, 0.7331804695773504, 0.46779984400500707, 0.2537597327183585], "NoiseHL": [0.86177829512835, 0.8859440377642892, 0.4270493879110932, 0.39658930462898556, 0.1803139458684647, 0.9210961600835786, 0.3850439097374969]}