{"FilterHL": [0.14242486678394803, 0.22488446265948772, 0.17999259946681942, 0.31612204495413343, 0.5133666469144305, 0.36509663944458015, 0.46741025110804363], "NoiseHL": [0.6371716230732009, 0.9186974944214918, 0.648346250794331, 0.9269036480040881, 0.695096330004802, 0.906605047263939, 0.6974293247471671]}