{"FilterHL": [0.4209629023726411, 0.0, 6.200073234221387e-05, 0.4089957071961264, 0.42506716116752397, 0.4089957071961264, 0.41292267185197673], "NoiseHL": [0.9682458365518541, 0.2672010060207921, 0.3208679543044806, 0.9842509842514762, 0.9644287820793879, 0.9842509842514762, 0.9776532238865889]}