{"FilterHL": [0.27745452169294116, 0.1973468611386933, 0.1212882849282406, 0.15871890833299301, 0.26072795570878, 0.28634572799786506, 0.2563414038336194], "NoiseHL": [0.6000010524178286, 0.502398041184513, 0.699645788461648, 0.7012393570665103, 0.6418702586928964, 0.7007287289890952, 0.6079977501865047]}