{"FilterHL": [0.46834728335107273, 0.2650460983968148, 0.49338831708060277, 0.49068173445851165, 0.6361390961724989, 0.4917711405808516, 0.5083211455424853], "NoiseHL": [0.8814694779176088, 0.338083588732658, 0.7973905040014929, 0.8075087488687588, 0.5838487680503469, 0.9113603659943463, 0.6488035454986003]}