{"FilterHL": [0.35864545684976323, 0.2752321720548265, 0.37741826048896904, 0.3409374904611413, 0.4843369256415174, 0.4092881970287728, 0.4860879707355421], "NoiseHL": [0.8068921096632936, 0.47417913484269425, 0.8364225296612384, 0.49435376033782735, 0.5184500393752329, 0.7951863115029781, 0.4947817092334041]}