{"FilterHL": [0.0006066901967095579, 0.40858367597939965, 0.16125859180661684, 0.293310318543645, 0.6153080597293138, 0.40858367597939965, 0.543831117959782], "NoiseHL": [0.37594616768610584, 0.9028413519429296, 0.6404838025045724, 0.6044467499899357, 0.937533610294062, 0.9028413519429296, 0.898463051549476]}