{"FilterHL": [0.09351200184971141, 0.11084858485957473, 0.08511766508788374, 0.09300470029716273, 0.13085790743818917, 0.08811103069112015, 0.086855845910737], "NoiseHL": [0.13728644220881311, 0.23668704341354388, 0.14680750832366646, 0.19981077503907504, 0.13933730441574693, 0.16972035657188117, 0.1495536511704942]}