{"FilterHL": [0.008896859005724865, 0.044253229078134906, 0.019704314976491354, 0.029135796103978227, 0.026920198651623973, 0.2582007326244816, 0.36699247523688167], "NoiseHL": [0.22195819583957116, 0.22934230279382384, 0.40982906019839893, 0.41394084244517104, 0.2503477260568174, 0.2946150598229699, 0.39904086383902926]}