{"FilterHL": [0.2135425840123691, 0.24095311305046688, 0.16891356110966493, 0.08301899232617498, 0.3186611624971752, 0.24253156456481198, 0.22805457636497653], "NoiseHL": [0.6045085227719924, 0.5633466957865017, 0.5918242189286158, 0.5754448118242885, 0.6228046162226977, 0.5663294162819299, 0.608798828686161]}