{"FilterHL": [0.18812051853693784, 0.08712495911922923, 0.20189194107669126, 0.1445618932550039, 0.48342055602614015, 0.2840482810723302, 0.19332710125324626], "NoiseHL": [0.48977486316887703, 0.6511361954594012, 0.4963107855281487, 0.6519237782706965, 0.7028899005927866, 0.5135921839442539, 0.6049631759932954]}