{"FilterHL": [0.0009230283683126627, 0.00037134802467751987, 0.4458269898485462, 0.4306773928138295, 0.020073654916768796, 0.003695800628050211, 0.4306773928138295], "NoiseHL": [0.3849502264547481, 0.20838248111736035, 0.9609648513541094, 0.9776532238865889, 0.35826616493699964, 0.4281402847364999, 0.9776532238865887]}