{"FilterHL": [0.4271349467983206, 0.7071067811865475, 0.44527657466178916, 0.0, 0.7071067811865475, 0.450688421098872, 0.4321997622700617], "NoiseHL": [0.9776532238865889, 0.7071067811865475, 0.9519716382329884, 0.33009682013546676, 0.2120278888000165, 0.9467605163405336, 0.9682458365518541]}