{"FilterHL": [0.07167639644209083, 0.07906121296071612, 0.08031044474028286, 0.05856058571548753, 0.06656502503321501, 0.18842321145448046, 0.15539864572298637], "NoiseHL": [0.10204334492939483, 0.12570749208048676, 0.1226661767834059, 0.144406991134375, 0.08067086049967352, 0.1247708074781353, 0.1463381230146638]}