{"FilterHL": [0.2216728952814179, 0.15266576307201862, 0.048134485748631384, 0.32297001560013644, 0.27813898422484035, 0.4275618727407558, 0.3993503720995434], "NoiseHL": [0.7088292159376179, 0.7091651159357981, 0.47927079141026135, 0.5832592238538753, 0.8601913941911989, 0.6989667368025643, 0.23925636761958896]}