{"FilterHL": [0.21379923805746356, 0.2619692542602762, 0.21741750072744295, 0.25127769760913443, 0.4042244741655824, 0.29486197843132844, 0.3219781205788896], "NoiseHL": [0.2867733999208379, 0.5328707234351722, 0.48328621511140124, 0.287388378695412, 0.1229717815471844, 0.44751651407104054, 0.23604963125894324]}