{"FilterHL": [0.3532655890802603, 0.21658955071944053, 0.39866636640563674, 0.36401631043855404, 0.4771945327021348, 0.4999407228621996, 0.4904395001962336], "NoiseHL": [0.5235390583325974, 0.48337007371777074, 0.5699280320162532, 0.442558442368779, 0.5055338152690999, 0.4995212657956251, 0.15976208032021613]}