{"FilterHL": [0.13290365047920188, 0.25207225631457836, 0.16028383714191868, 0.24888667096087494, 0.43074426768896346, 0.20857668038365418, 0.4305784944983083], "NoiseHL": [0.6046720426821353, 0.6685929631089328, 0.2863416164931244, 0.6773093764079589, 0.8846895947519641, 0.5265131285767681, 0.8904185168891784]}