{"FilterHL": [0.43184485724324223, 0.230065014345603, 0.13583969375108768, 0.49621735642116255, 0.43033126046806525, 0.7035140551743008, 0.4965063293258133], "NoiseHL": [0.8861492391664876, 0.6892754876375949, 0.41359435862953103, 0.6930662861807844, 0.83066049412914, 0.4671132938060519, 0.6182526886306993]}