{"FilterHL": [0.0813528657458603, 0.08614889688385659, 0.08961887826803848, 0.12358722631845415, 0.22998603009995736, 0.22292738287725525, 0.3260841286882198], "NoiseHL": [0.18700807695411892, 0.19374420089802546, 0.39905714501830447, 0.4025142161189483, 0.5394163446716823, 0.5284370885765672, 0.40372924188898085]}