{"FilterHL": [0.24152113204026956, 0.262413458730487, 0.2082134181650646, 0.31320236604530527, 0.543419373976615, 0.3314486184103729, 0.3421258773211269], "NoiseHL": [0.42783469418567854, 0.42651774213994637, 0.4113692290656589, 0.4182915011464216, 0.31771651150480545, 0.4655288767177775, 0.3439412592712384]}