{"FilterHL": [0.0434633074605605, 0.5677380989249649, 0.09758919289498356, 0.12231501987367731, 0.30176153952158696, 0.5529360393195718, 0.5153385515475548], "NoiseHL": [0.25685162857629046, 0.7572538954744829, 0.47811065461185714, 0.3864691338948162, 0.1800281716702411, 0.9577943367081438, 0.9731661790709599]}