{"FilterHL": [0.26956819933116327, 0.27186676557943296, 0.19136147954111288, 0.15032572874582972, 0.5115744954683141, 0.40762696708547, 0.35163612822996415], "NoiseHL": [0.7872559434685333, 0.3411370663538151, 0.5922351099494024, 0.4492989608654621, 0.6351835343954085, 0.5660567092491754, 0.38175753836590504]}