{"FilterHL": [0.21523407465689148, 0.2138219052521176, 0.28717715342428185, 0.22675835403604483, 0.2935020527676637, 0.29370087243977056, 0.2136316306018397], "NoiseHL": [0.6473757647524095, 0.6674247236613704, 0.5378516022324219, 0.6973800180552755, 0.5783945740126949, 0.5677259206358757, 0.6838183490555467]}