{"FilterHL": [0.1044858664659584, 0.31426275039481233, 0.3368524041130989, 0.3992766198991422, 0.3339101240677964, 0.6364562542296989, 0.38842613376608975], "NoiseHL": [0.23445068534552524, 0.9666734692625237, 0.8919062067599779, 0.9418367211627038, 0.9631700818011039, 0.22325026439259774, 0.9652470670537493]}