{"FilterHL": [0.22223257380515024, 0.13251080607912252, 0.18774984924144247, 0.17190792520047912, 0.2405378217571447, 0.13682080470665786, 0.2614236346584121], "NoiseHL": [0.5816636370954404, 0.5740618582123924, 0.6602378392635206, 0.5852301474480248, 0.574848823491951, 0.5830934457531047, 0.5820395069537169]}