{"FilterHL": [0.30982533146945335, 0.2270315855128956, 0.2680859460369781, 0.2928356074265676, 0.5132862464832113, 0.4969342919536348, 0.3823592613653449], "NoiseHL": [0.534670128893484, 0.8147101055205509, 0.7036819702500204, 0.8302621410456303, 0.6622489493386655, 0.6209351232545464, 0.6480108247188602]}