{"FilterHL": [0.19046965680885533, 0.20721661993661422, 0.18855879146603172, 0.2316572814917581, 0.3239832740722635, 0.2508923238575437, 0.4706052176261778], "NoiseHL": [0.3526269673068621, 0.38877726196932466, 0.18886046220171418, 0.3587141100930586, 0.09476906432320394, 0.30169420665401003, 0.15723095245016847]}