{"FilterHL": [0.15002901157251647, 0.180544773225201, 0.268676142320793, 0.11504758184411729, 0.3676935708555966, 0.23175677827141564, 0.604122378522513], "NoiseHL": [0.501793855331704, 0.662901589886776, 0.6995170065310079, 0.5690591107147561, 0.7730766426319898, 0.6917135906479205, 0.9313774917508263]}