{"FilterHL": [0.11055079892159307, 0.176945515460403, 0.13077972441988797, 0.09133390070619811, 0.1084120707233793, 0.1723274494004058, 0.2946820621962484], "NoiseHL": [0.35137121097349144, 0.3565911774912319, 0.24628409553734576, 0.14279814617118713, 0.354400091667763, 0.3918839113047817, 0.29481322809670224]}