{"FilterHL": [0.0008943105339715629, 0.48225799567023275, 0.20195222057993858, 0.3467896994953553, 0.2497429747118273, 0.4854404539319933, 0.40852997919378076], "NoiseHL": [0.18785815120172258, 0.9547835630925373, 0.5554461403048355, 0.7327609785914091, 0.275936417144593, 0.9467605163405336, 0.9077228065230132]}