{"FilterHL": [0.13416888182836367, 0.41595330945763487, 0.31842373322937634, 0.5132301885051912, 0.46303333973402633, 0.5178293934571309, 0.5279749214882229], "NoiseHL": [0.3810532551311906, 0.7563642895698952, 0.5701246642732843, 0.9094054298346045, 0.8712323849007334, 0.8597629173845206, 0.7943852090043174]}