{"FilterHL": [0.22654010462840649, 0.44468827353671214, 0.29063396704132255, 0.15213231980051278, 0.5420683839641972, 0.3676236991518221, 0.70859289733838], "NoiseHL": [0.7492876732461345, 0.9743701962682095, 0.8741344282824591, 0.5474849804520007, 0.26784852878399834, 0.9452152350669633, 0.4623060781061147]}