{"FilterHL": [0.42423696998114746, 0.31947853721897757, 0.3393103189515681, 0.30456515897032327, 0.5615399099786498, 0.4637826304653694, 0.450121169683617], "NoiseHL": [0.44725629235699194, 0.48180267644737845, 0.4251375649627449, 0.477650829272901, 0.4872608569743276, 0.4305700303203968, 0.4574737602994392]}