{"FilterHL": [0.06701864887832822, 0.2101063241387058, 0.04021506944543933, 0.07118332421930997, 0.16528960854804384, 0.26142356919973103, 0.2116169333163619], "NoiseHL": [0.2227887905746518, 0.5235903185766964, 0.20069654472931164, 0.21729950087334343, 0.36030312961200206, 0.4910963049364955, 0.4424339641191803]}