{"FilterHL": [0.06882667478693118, 0.09580068023088564, 0.08613302644904809, 0.07978689151727086, 0.4975701393129987, 0.14143491814192471, 0.5265508439218054], "NoiseHL": [0.43451963967772866, 0.4474224005242967, 0.45335793968731436, 0.4377939148773653, 0.4299052541867115, 0.4080033169294419, 0.4137954222828962]}