{"FilterHL": [0.48725881363030105, 0.1816356973650895, 0.2771094326507523, 0.5191344529584413, 0.5190144011230803, 0.5577698099100019, 0.5337032822140965], "NoiseHL": [0.8517933696362051, 0.3578923639014611, 0.4660081733689781, 0.8628357003485568, 0.6132705567144584, 0.8840608768952491, 0.91742528368339]}