{"FilterHL": [0.20369942923888, 0.28793128534241996, 0.15870879446696665, 0.23263316146681123, 0.5211846633980253, 0.5760391514318254, 0.7361073633289954], "NoiseHL": [0.6760853650632215, 0.5775206442497389, 0.6714189413150337, 0.5347539408038283, 0.5791318733425479, 0.6109615281306796, 0.597621069416386]}