{"FilterHL": [0.3996974087623079, 0.2651062905778788, 0.5408754163824022, 0.2251814591033084, 0.21412146643284533, 0.5485374254417484, 0.6526707723136053], "NoiseHL": [0.6592671300015304, 0.5908114408971042, 0.7838857484569764, 0.6510433215188302, 0.1955744585245057, 0.9413739766403401, 0.9662416507433725]}