{"FilterHL": [0.34395588463286786, 0.35827816630792614, 0.40691925457617, 0.11754539417536711, 0.6711826618492, 0.46076408645124295, 0.4113793785376056], "NoiseHL": [0.9355061381310469, 0.9130435769015195, 0.9244203468210499, 0.1890814528780845, 0.5245981509658527, 0.8719338929529429, 0.9565976210100235]}