{"FilterHL": [0.242545179128515, 0.2056658631465758, 0.3204199786780706, 0.31621398583908444, 0.39690336170096374, 0.5247788413747363, 0.509480200215923], "NoiseHL": [0.8760185614127264, 0.6088740431228971, 0.8894575004554859, 0.8811056168639544, 0.6747031120433054, 0.5417216391968035, 0.5767658274587286]}