{"FilterHL": [0.11191055925385548, 0.1468173235955237, 0.1183708767344059, 0.1554483999258446, 0.16995072364012404, 0.25302266293709, 0.21108370407883373], "NoiseHL": [0.261695647619754, 0.23719870819638667, 0.40361019713152196, 0.383097448584959, 0.2808162958709501, 0.2304010854717213, 0.4400585737107687]}