{"FilterHL": [0.249353657039311, 0.2344040060526456, 0.159043309718314, 0.21912978585912612, 0.21339800223452537, 0.23639589892322735, 0.23539249578309296], "NoiseHL": [0.6540407673796336, 0.5874903893000845, 0.6375762955543767, 0.6001179864250912, 0.5574074931512846, 0.6292212613587164, 0.6556974848907121]}