{"FilterHL": [2.8112506792474205e-05, 0.41179089137316816, 0.2122734340840491, 0.2422787886757999, 0.7071067811865475, 0.7071067811865475, 0.3621156972435795], "NoiseHL": [0.18514569594605018, 0.9776532238865889, 0.6307593824284432, 0.6280785116318406, 0.42953547942080045, 0.7071067811865475, 0.9327244453946263]}