{"FilterHL": [0.4578401931049659, 0.3320109094646678, 0.2914907624643665, 0.5107171872824999, 0.49997067970483483, 0.5902842640532494, 0.2758662535064583], "NoiseHL": [0.45831611993512306, 0.8076927582268194, 0.34930984317546676, 0.7656784894664186, 0.23873633990262205, 0.8752995740699406, 0.38138230574128046]}