{"FilterHL": [0.1570642229586247, 0.322713187393815, 0.2314530775179798, 0.5446906395279858, 0.15965768230326005, 0.34331555193020435, 0.1664600872155554], "NoiseHL": [0.16197398460987383, 0.9467865559316383, 0.19346779305785433, 0.8713302404142302, 0.15258122262059778, 0.9527521586343792, 0.1382906709876851]}