{"FilterHL": [0.08816488057469228, 0.09398108651439012, 0.07055691961417636, 0.08015940862233566, 0.11508849385084426, 0.0920285129666491, 0.09905249067686896], "NoiseHL": [0.14580037958456799, 0.14136165288255725, 0.14173959230552322, 0.16305981140099368, 0.18576459374695306, 0.12950662742021943, 0.13101057270972888]}