{"FilterHL": [0.38821013245382674, 0.43145973758874734, 0.3018396218152887, 0.4028159732629831, 0.3053576269165439, 0.5845360503919591, 0.6236385452589489], "NoiseHL": [0.8867596068531247, 0.6011443942540248, 0.7913470334550564, 0.7660086746442615, 0.5341189962851781, 0.5101260562170966, 0.9038282689318856]}