{"FilterHL": [0.5054871153972871, 0.20752459236490958, 0.45418560305939126, 0.424756648077231, 0.4986494666883305, 0.43136336613354065, 0.5535204666971195], "NoiseHL": [0.7111050657574469, 0.3871712692150241, 0.8341430451642184, 0.8597266881657489, 0.4855874629236879, 0.9502525234590703, 0.8064525707311726]}