{"FilterHL": [0.11351092667754074, 0.08446486662057608, 0.10691684730118467, 0.13128824074875958, 0.09753397915618181, 0.19923520920012194, 0.4154300527613853], "NoiseHL": [0.43832780632765145, 0.443725800474848, 0.4353965372717602, 0.4393414165112318, 0.4227416356730142, 0.44094139819700084, 0.36919749144272335]}