{"FilterHL": [0.17079213842392285, 0.10746574510712176, 0.1653297320825, 0.09556568041543356, 0.6099238068745726, 0.4330864952823422, 0.5208591349934435], "NoiseHL": [0.5367606544572711, 0.45620229880091867, 0.4867486812375059, 0.32119504277293853, 0.36704782294543914, 0.680513528498917, 0.5467524040096743]}