{"FilterHL": [0.23720918541528435, 0.219941857628595, 0.2180663870781235, 0.22633272285940187, 0.23828919779812094, 0.20965501759699184, 0.22649542913413054], "NoiseHL": [0.6564500234988451, 0.569294792763308, 0.6955755160144559, 0.5896646908424219, 0.31049302158049724, 0.5694532267470085, 0.7162739610714801]}