{"FilterHL": [0.36835378110644984, 0.2702524503331089, 0.45206337665516927, 0.33019572825049187, 0.709875786374169, 0.6413254924839445, 0.6626703365021548], "NoiseHL": [0.9178638499840069, 0.4170552632572809, 0.9081289896426176, 0.7626221596300803, 0.7430691885011691, 0.8994230283838106, 0.45310467945972427]}