{"FilterHL": [0.11591547996605855, 0.11927359704438047, 0.09142353291288764, 0.09463802219585758, 0.19880556817952244, 0.28119398050778927, 0.18118256185559622], "NoiseHL": [0.13946242939683645, 0.12087287425773209, 0.15758041774213433, 0.12206600475150246, 0.21869871677638014, 0.25241635281844194, 0.25092391081471765]}