{"FilterHL": [0.7071067811865475, 0.0, 0.002279075828572383, 0.551375182323833, 0.07668585032438854, 0.5561886620025029, 0.14662888382617653], "NoiseHL": [0.7071067811865475, 0.1957864663624126, 0.43923430747829806, 0.937533610294062, 0.44042150626496795, 0.9541229243655439, 0.4595876214370931]}