{"FilterHL": [0.014481396275016723, 0.03506134005457036, 0.027316652404677382, 0.0376081372565081, 0.0031915711251718775, 0.26590328590893075, 0.09012397972511257], "NoiseHL": [0.2726282786520808, 0.26110806026542877, 0.3579308964698386, 0.34077243688949876, 0.3112087981093225, 0.4256449309662592, 0.44029872288056493]}