{"FilterHL": [0.12129803283244348, 0.1886763133207646, 0.07038011642104157, 0.1617242174713151, 0.02078233121341947, 0.689783763026958, 0.6190742416804959], "NoiseHL": [0.2429246752799748, 0.9645451196363027, 0.28594219351542327, 0.9682463906101857, 0.3420826970915317, 0.6629158759486565, 0.9442472884983953]}