{"FilterHL": [0.24336476603062526, 0.20878630866798567, 0.23707567191947154, 0.13574807390812457, 0.13290735287724842, 0.0576041314751404, 0.3336364789447994], "NoiseHL": [0.3582796388034196, 0.3660616713558755, 0.5120795907701282, 0.478743656355371, 0.49264158593777874, 0.4834136527713874, 0.29732094082795485]}