{"FilterHL": [0.26508596646806687, 0.20097280416234578, 0.22243309136964307, 0.24859952725035597, 0.3587168060917639, 0.39905081061711206, 0.16384676773944948], "NoiseHL": [0.48654312778383274, 0.4199656469333507, 0.3678607570361287, 0.29278784946607345, 0.4610862907853512, 0.39105447192280834, 0.31219277305095716]}