{"FilterHL": [0.04499961559074044, 0.370169207792498, 0.3434180126044986, 0.4038841150193724, 0.40828418937732247, 0.3545974972793684, 0.3949231067303782], "NoiseHL": [0.4367735485780902, 0.8912333335397443, 0.9409854798797747, 0.8144651812205097, 0.8372325887226076, 0.9191563110918907, 0.882683234337964]}