{"FilterHL": [0.2128769561446356, 0.18308088357472801, 0.26241893439561914, 0.3017312506341894, 0.22497597782424378, 0.24245435861016468, 0.283769531883644], "NoiseHL": [0.6357476284591921, 0.6314253503880216, 0.6298466902164742, 0.6407960495608772, 0.7016371999946871, 0.698974256549403, 0.6689057458358542]}