{"FilterHL": [0.01525212928479647, 0.0, 0.011589306659942704, 0.11082455676890954, 0.12782463733022195, 0.135245813399492, 0.19681065794943564], "NoiseHL": [0.20354920469461554, 0.2520758735267398, 0.399755215640142, 0.40750550691568727, 0.5187716523477297, 0.5309704974692534, 0.4443089081667799]}