{"FilterHL": [0.11397137238146168, 0.13030616373162254, 0.11755493145480028, 0.2052595800922047, 0.24167561099902296, 0.35770511244952613, 0.22660669555211543], "NoiseHL": [0.5865470761201571, 0.6104937149073215, 0.4572541117626164, 0.600735856409247, 0.6525066683480394, 0.6763732773704717, 0.642904322012307]}