{"FilterHL": [0.18867999042453695, 0.1949758789758623, 0.21154987613631265, 0.2174666544789045, 0.31976676299653045, 0.4342544192295864, 0.22671887361260892], "NoiseHL": [0.5680079976652024, 0.6083825856047729, 0.6667279906251865, 0.6440895111872041, 0.6693201846276738, 0.708692225270113, 0.6147994339597949]}