{"FilterHL": [0.37872359904525166, 0.3712237113335687, 0.39053438434305593, 0.3776060446433053, 0.5574329931651554, 0.4525051734695504, 0.46791985682408166], "NoiseHL": [0.6830893739937685, 0.6740953435095843, 0.9129861033860803, 0.29973132251328566, 0.6656561715015542, 0.8331582680986694, 0.6666371759984616]}