{"FilterHL": [0.03726371699709404, 0.12748241185520756, 0.016656162069555187, 0.03145704233541666, 0.03119572078303171, 0.06929239576816282, 0.02159578971439685], "NoiseHL": [0.44009519115741236, 0.29112610086958013, 0.4744578971882357, 0.48985740944728634, 0.36454080840308517, 0.3455980392710517, 0.36741255328628597]}