{"FilterHL": [0.1324827848964834, 0.14760658292334244, 0.32782395298232486, 0.22318663396171498, 0.39149595972967544, 0.21443541981875447, 0.33955343491198325], "NoiseHL": [0.5248711331543848, 0.7834790682255028, 0.7224184540516045, 0.8217825259238234, 0.5052509714776374, 0.7908222903175901, 0.8121145971518747]}