{"FilterHL": [0.3246181679637629, 0.29093224244993127, 0.3236436590339018, 0.2571161688445536, 0.3855999020936887, 0.45047690335439466, 0.3190292398824252], "NoiseHL": [0.8048368518105649, 0.585551497192227, 0.5967340673784859, 0.741307687709492, 0.477289159449573, 0.6091599113618111, 0.5843917606928152]}