{"FilterHL": [0.414538479117022, 0.41750450964021985, 0.22938370534697752, 0.4177346479987559, 0.728498275262501, 0.2276751776425609, 0.7448547732445557], "NoiseHL": [0.8529088437219855, 0.793654633000876, 0.3283365074456251, 0.8524945286054616, 0.4150313650297047, 0.38347574931973516, 0.3729136327895758]}