{"FilterHL": [0.5581787912504182, 0.21365270642136158, 0.2423105256253648, 0.24279009250191702, 0.7071067811865475, 0.4559426703324365, 0.4673277811983959], "NoiseHL": [0.76902568606338, 0.48886951276817014, 0.7381837258559517, 0.5623382382576401, 0.7071067811865475, 0.7593965383355344, 0.42291525974873806]}