{"FilterHL": [0.19692828563301631, 0.35772882808817497, 0.36988610644984793, 0.4063201909564895, 0.44624196485475914, 0.3747075789457708, 0.5573963076325832], "NoiseHL": [0.31550329927037307, 0.9192609616510574, 0.9506569881305824, 0.8275747441849163, 0.9211335382707777, 0.891180778820986, 0.47714112277683113]}