{"FilterHL": [0.3174566962919136, 0.3439563636122102, 0.32231719512138646, 0.26497372908419015, 0.26075176621240326, 0.5430245146822692, 0.719544120875125], "NoiseHL": [0.9279472042413157, 0.1476022495017163, 0.9290771407714029, 0.12381012434334715, 0.42959798283595835, 0.877707931672672, 0.7279632731868999]}