{"FilterHL": [0.3866771055799564, 0.31024369993156153, 0.09552987353811931, 0.3367789065686674, 0.35274355171896493, 0.6762381484867032, 0.5111458037814279], "NoiseHL": [0.8889605390057643, 0.862247459570931, 0.4879740125389162, 0.8866023403241743, 0.9134308441564923, 0.460055223053407, 0.802107443662708]}