{"FilterHL": [0.13466516745758114, 0.18253490700269626, 0.1779370847682751, 0.19967975773546123, 0.31747539901960853, 0.38591445897845755, 0.2985226884109232], "NoiseHL": [0.5679442857065123, 0.6853192837089764, 0.6191096629099624, 0.6612605301550357, 0.7182993836303293, 0.7318448194676617, 0.6885917891890679]}