{"FilterHL": [0.3054650057350728, 0.29826858958328883, 0.33492752985086677, 0.24256535770728951, 0.46031926386010735, 0.47373230753899076, 0.40545439479840156], "NoiseHL": [0.8170314054973421, 0.7932608650756388, 0.6657287280000364, 0.5727322022789133, 0.7201155769151641, 0.7283165707380781, 0.8397340489667017]}