{"FilterHL": [0.19127191055984305, 0.3502249440077284, 0.45155703813601206, 0.3345334982827374, 0.19877173504973547, 0.4528338740790109, 0.354445941504631], "NoiseHL": [0.20111779098231913, 0.9731739767203667, 0.9322106087918984, 0.47275741410684574, 0.23523306705466102, 0.9330560332701651, 0.9596358427121824]}