{"FilterHL": [0.021098865791211573, 0.49000711395640606, 0.5205059518555155, 0.46974248188397566, 0.46332201246984744, 0.46883570395950264, 0.5061168077088485], "NoiseHL": [0.38613815856495315, 0.8761431773313239, 0.552558638879566, 0.9453708368504695, 0.9418622571947501, 0.8431832954920327, 0.8615907445307922]}