{"FilterHL": [0.1092019632248459, 0.11089941206525207, 0.16755316095815756, 0.21258690628452936, 0.3139764946540913, 0.30980735185621516, 0.29329888982286045], "NoiseHL": [0.3534452896851722, 0.36561760136029703, 0.24486183754437166, 0.19444185585971552, 0.23799413910924294, 0.24705266080983643, 0.3134291842676009]}