{"FilterHL": [0.2386479835963932, 0.14911189014497395, 0.24361652898431854, 0.12971101730313175, 0.40967608849887366, 0.41145536929801924, 0.28983209739189747], "NoiseHL": [0.7334688654976546, 0.769788286682438, 0.620422900331263, 0.7435852635734536, 0.2652373517928677, 0.5343834527804453, 0.1494184267374773]}