{"FilterHL": [0.1510146853849859, 0.1932247916190843, 0.3875256738230432, 0.21597981087131135, 0.46652698765755046, 0.44946467113241895, 0.45427890438506413], "NoiseHL": [0.5308763254011876, 0.5719354987216153, 0.535754951502279, 0.6768268257573743, 0.7733063119657162, 0.7806795876488286, 0.6634242185844064]}