{"FilterHL": [0.0, 0.3715516338577068, 0.4230231983595524, 0.03143455653196121, 0.7071067811865475, 0.3715516338577068, 0.0], "NoiseHL": [0.14567520307051546, 0.9842509842514762, 0.9644287820793879, 0.3789632562956531, 0.4097615956493523, 0.9842509842514762, 0.3105607534363284]}