{"FilterHL": [0.07011259713238684, 0.0948668434398386, 0.06833560061217277, 0.0778272356892759, 0.08906026496812976, 0.08210251284916403, 0.08040121916444201], "NoiseHL": [0.13775767892500762, 0.1374510710777837, 0.176728557406146, 0.12626127161452969, 0.12353194769475609, 0.1019629664478355, 0.12519895737553707]}