{"FilterHL": [0.23964513196797363, 0.20596642553821184, 0.2085725572268135, 0.22960620777088234, 0.7162007198283145, 0.6295949677226468, 0.7933101427143625], "NoiseHL": [0.9106887079706453, 0.9158719848980965, 0.6999485518152336, 0.7087615863596786, 0.640944636441083, 0.6369524041500787, 0.5647953668947351]}