{"FilterHL": [0.10839012827254962, 0.044332408169439695, 0.1401142647239699, 0.05334606662401883, 0.16022558562826206, 0.25832305605328476, 0.2711744861456578], "NoiseHL": [0.230009383744358, 0.2999224226563076, 0.1635908646347615, 0.25450518038375775, 0.19705076514643444, 0.23206423818647295, 0.2207171298740391]}