{"FilterHL": [0.41992193894389973, 0.12513445066491574, 0.009396935617540781, 0.20712612819835902, 0.7071067811865475, 0.6211245320233925, 0.6787255535349926], "NoiseHL": [0.8892381776249608, 0.8365724112940702, 0.3445085343677497, 0.8107291032658273, 0.9450767387237713, 0.5197095625326673, 0.24085871233514708]}