{"FilterHL": [0.0, 0.44136273881820415, 0.0, 0.42243552775905296, 0.4523714711613915, 0.522163632363716, 0.5283812995169683], "NoiseHL": [0.23392260174919854, 0.9644287820793879, 0.41261982749319664, 0.9776532238865889, 0.41741415792520153, 0.6166440810982963, 0.43746269668315324]}