{"FilterHL": [0.38718422051772544, 0.4417280555238396, 0.4709314623870727, 0.0, 0.7071067811865475, 0.7071067811865475, 0.4840461412503545], "NoiseHL": [0.8936131990472149, 0.9682458365518541, 0.9179810177059982, 0.43647495296203576, 0.31602609851890395, 0.31916807257306506, 0.9420352133815647]}