{"FilterHL": [0.29576171129242423, 0.33054367398062534, 0.29543856766305404, 0.23006078972282998, 0.24176779354875966, 0.33118227581434784, 0.32557332820514223], "NoiseHL": [0.7479533079089201, 0.7489159820121872, 0.7283043074145005, 0.6746673906728362, 0.6927698859051734, 0.738438816347608, 0.7367886936892498]}