{"FilterHL": [0.13077391236972585, 0.0926403388482737, 0.11808615023800752, 0.10459772949074116, 0.13192821537507268, 0.12136536876463076, 0.16444717571584366], "NoiseHL": [0.15568500331533328, 0.1509352342633653, 0.18636227905115774, 0.2456759174725667, 0.16577041769524625, 0.23595168979985037, 0.23701921072413143]}