{"FilterHL": [0.26790915844427077, 0.3155293911771056, 0.22863920907452723, 0.35125624514016485, 0.44242441154528633, 0.493749241165115, 0.41700217866670747], "NoiseHL": [0.6338981495086294, 0.8412664346244925, 0.6096013480546302, 0.9060218357609245, 0.9589859159005195, 0.6645891841155321, 0.9316017100583041]}