{"FilterHL": [0.10476401847383425, 0.13360165501537405, 0.35312899189376307, 0.2963643684350654, 0.10274071117927941, 0.09138697699814025, 0.34820848803638116], "NoiseHL": [0.07328429679534929, 0.19199704310221616, 0.36698774914691606, 0.34565624303835285, 0.08234964551688993, 0.1896089647721707, 0.3592328634953597]}