{"FilterHL": [0.3800102095152143, 0.20554973123892398, 0.3124999399881073, 0.19304585820987022, 0.4291554083941412, 0.5608604668305903, 0.2308379350273178], "NoiseHL": [0.6386090307191258, 0.45381465323845543, 0.5360573561335232, 0.41115986650371183, 0.7635046874804359, 0.6977947616955823, 0.45217597430116024]}