{"FilterHL": [0.25245902466976133, 0.27830134687369396, 0.2773607892738952, 0.11842372143321989, 0.4928448110344609, 0.5404156079109941, 0.17235745363582966], "NoiseHL": [0.6489617080789596, 0.9356452200663767, 0.9432916353691948, 0.654539304946822, 0.17285567358912526, 0.8335904697832786, 0.4046703594534145]}