{"FilterHL": [0.026800660960325684, 0.4973128519058305, 0.4745861108984541, 0.28982467319184824, 0.356392782504902, 0.7071067811865475, 0.4746461192748066], "NoiseHL": [0.19053478273184227, 0.9725602358021185, 0.9037071363261691, 0.3582007584477811, 0.4337063337698548, 0.7071067811865475, 0.9055135527172438]}