{"FilterHL": [0.3153094812499099, 0.4263725298067713, 0.5031943575311963, 0.3608417618417518, 0.7132777451274703, 0.8201936394248914, 0.5917524133690294], "NoiseHL": [0.8691178606100561, 0.8658970393020874, 0.30517070929504164, 0.9065306016227672, 0.09852944866787204, 0.16197352246838956, 0.8528133954636273]}