{"FilterHL": [0.2820168453277607, 0.3103612859512747, 0.1016403663518886, 0.06580998572966901, 0.6805692395752883, 0.6780321874257891, 0.3339307598591031], "NoiseHL": [0.7684611918934229, 0.7435400690843966, 0.32122635840323344, 0.2752916410280411, 0.519394790771651, 0.526288746344738, 0.8428638229814759]}