{"FilterHL": [0.12417374197407913, 0.09510280195668602, 0.12170990585131154, 0.09351767667706597, 0.15889729284445694, 0.18261566079887903, 0.1700655024324045], "NoiseHL": [0.13635610543310767, 0.226856897595071, 0.12454086397012865, 0.2127586304635005, 0.12183225574355304, 0.22713431688392613, 0.09569580410589242]}