{"FilterHL": [0.2590092500068563, 0.16182563177066694, 0.2983513060083828, 0.13288282530703913, 0.3369409272429931, 0.22842558091783832, 0.3193648061472371], "NoiseHL": [0.41744832416831196, 0.2775370045875742, 0.409547836438791, 0.49813611836225735, 0.46068627874731877, 0.28331350311770714, 0.3697483499378441]}