{"FilterHL": [0.4274901804579095, 0.06650184111089848, 0.3956693342470815, 0.049897105033675504, 0.3424605669454217, 0.07356424298736174, 0.6793535682988144], "NoiseHL": [0.5666023235272382, 0.08151205188934746, 0.5490252331002606, 0.057611772291283, 0.5568015856872005, 0.041443067063596566, 0.5986193598076441]}