{"FilterHL": [0.3502924588800426, 0.3637039728106978, 0.33732479107416014, 0.3213960449230444, 0.36712942054218417, 0.34385396967072246, 0.3242999456451521], "NoiseHL": [0.6249498189390219, 0.8189302870574784, 0.6751624116828757, 0.5735430526705715, 0.8256217682373145, 0.6708314685933418, 0.5568925103118073]}