{"FilterHL": [0.3667780879329172, 0.38651025284600893, 0.2852779800925135, 0.42877884077471773, 0.7095869051906571, 0.5076732825607062, 0.42298287097733933], "NoiseHL": [0.9094321965813055, 0.9237761362169017, 0.40099429201486647, 0.9403219964336453, 0.5972463227148539, 0.9564650780422256, 0.9366271036204445]}