{"FilterHL": [0.2412117414395931, 0.472178221472127, 0.37773078039242375, 0.3928939959486707, 0.4024983457954275, 0.5084500586088677, 0.3674698415123759], "NoiseHL": [0.6033758143628636, 0.8620387280680409, 0.6250385442022984, 0.6532453024488047, 0.6702044699916292, 0.7983037642996698, 0.6955002087327216]}