{"FilterHL": [0.41452454110973563, 0.41920126586589873, 0.29686908517275373, 0.34706069556447994, 0.442456191452059, 0.3670992971729823, 0.40264086105832286], "NoiseHL": [0.8755330577148616, 0.6221055213237007, 0.5793122049554396, 0.7349410492695384, 0.8834095689357372, 0.5362830893598685, 0.5909494771717345]}