{"FilterHL": [0.418069953017734, 0.4527133997600918, 0.31807750899457315, 0.3679560101638016, 0.4331949017414304, 0.45328380985809313, 0.5736785363112423], "NoiseHL": [0.4764923773059614, 0.6429639880920317, 0.6813004176812462, 0.4757781285559671, 0.5273421181516293, 0.6529573908610342, 0.5476724861356947]}