{"FilterHL": [0.1473057895973954, 0.3569846463595393, 0.38589679807496385, 0.3681392477940138, 0.35132632559035165, 0.5442734214612531, 0.3534084217133025], "NoiseHL": [0.42792509850036736, 0.9260768965309852, 0.7918341637659091, 0.9095202590608077, 0.9382028318029404, 0.483666023668727, 0.9271571081164838]}