{"FilterHL": [0.5102609563142702, 0.029009332007921624, 0.08576278474420493, 0.05779039672155613, 0.49134505436393955, 0.6874052299403983, 0.6859056925097677], "NoiseHL": [0.9341605026462358, 0.2567133782591281, 0.25722491597950964, 0.27183603455335864, 0.9310185029494147, 0.5709651016866871, 0.5540135570466596]}