{"FilterHL": [0.30186794185898336, 0.2888678575931074, 0.3168834069269123, 0.3791352206099429, 0.49613269695222206, 0.6088168479678103, 0.34049881736158977], "NoiseHL": [0.5231307373931863, 0.5459301115989215, 0.4620420242863878, 0.5353282645431746, 0.5156181144282527, 0.5303850818381831, 0.5332861121453476]}