{"FilterHL": [0.37174506112169653, 0.2215108800748856, 0.39125911893747395, 0.21750188789929797, 0.30711427786134776, 0.3186066690926153, 0.35285314595538697], "NoiseHL": [0.5301442251599134, 0.5525001329655085, 0.4994310963308663, 0.547761116396163, 0.5513571534066148, 0.5338362403144228, 0.5433656071021322]}