{"FilterHL": [0.3621097878878146, 0.4633383576286117, 0.3793396192324253, 0.22364332095762982, 0.7781822162888784, 0.5695433508686516, 0.5481077713048553], "NoiseHL": [0.9438414963087964, 0.9088494724989181, 0.9744221684131161, 0.5232739460226443, 0.2919178967276749, 0.9025701395940657, 0.9162042665531471]}