{"FilterHL": [0.0, 0.03281536843439438, 0.4447459142963351, 0.4491452187447184, 0.1738906332765294, 0.007386738026665322, 0.4434602256892568], "NoiseHL": [0.4385453238178405, 0.21680194274139555, 0.9725602358021186, 0.9609648513541094, 0.5341701141707298, 0.45290055876146085, 0.9776532238865889]}