{"FilterHL": [0.02960018117905153, 0.3565966967103144, 0.3892209586223989, 0.35842839117368375, 0.5472095738686448, 0.37131093662654996, 0.5739153586891451], "NoiseHL": [0.31654331695046506, 0.9129289522489692, 0.8456343577570322, 0.9447537983120663, 0.4961249145447868, 0.8583453305238148, 0.4578455729505507]}