{"FilterHL": [0.3074156978632987, 0.2987006314416029, 0.3358787667722249, 0.29663528186376564, 0.25720623822007405, 0.4357653964177577, 0.3204599215957779], "NoiseHL": [0.6582284909669099, 0.6439920348897881, 0.6677849065142825, 0.63369019208043, 0.19746500437834494, 0.9306102799943503, 0.6705571509112368]}