{"FilterHL": [0.43299740897834516, 0.19620390620413505, 0.1502791817702393, 0.2967019820376473, 0.16676604392142996, 0.3738702831374527, 0.5558996959095831], "NoiseHL": [0.5010655477097067, 0.6178628587836562, 0.47742236653713527, 0.6298376143623544, 0.644903345782512, 0.6738095642327006, 0.6777973632012835]}