{"FilterHL": [0.045504496705570184, 0.0897801017915884, 0.21059399904833914, 0.09617301064854421, 0.1797467200696051, 0.16365201143100938, 0.1413831494460576], "NoiseHL": [0.2642496128002163, 0.3034259118894517, 0.2563174227669008, 0.2515566963386362, 0.2531046550693371, 0.30957774406874744, 0.2613367458780366]}