{"FilterHL": [0.20644745381572102, 0.26953805484048227, 0.27434498151653924, 0.27382147739832124, 0.45106698972739023, 0.27358130971898503, 0.3763199564691098], "NoiseHL": [0.6389988998760614, 0.958636463887118, 0.9405093671140293, 0.6590713932190468, 0.1661790497643869, 0.9432942397748217, 0.44864427270088764]}