{"FilterHL": [0.09939177296168415, 0.08589746547901196, 0.2945990112183734, 0.3167351299509065, 0.07858557274940048, 0.07428704687206261, 0.30329600658093103], "NoiseHL": [0.08841928712487375, 0.11520649833235713, 0.3100367659727461, 0.4053725866292019, 0.06233246823444453, 0.11394225658959618, 0.3150619165360907]}