{"FilterHL": [0.0007337358479614516, 0.2651560741865981, 0.4341710745788477, 0.4057916130443214, 0.46531060380262734, 0.4341710745788477, 0.4388895804674492], "NoiseHL": [0.2531082856368079, 0.5380045886826806, 0.949304389076411, 0.9776532238865889, 0.5977310274800882, 0.949304389076411, 0.9467605163405336]}