{"FilterHL": [0.041084777142851345, 0.2565201067211245, 0.04540259688143161, 0.23827653966437107, 0.39821498323611704, 0.3467149795318742, 0.38358186805907396], "NoiseHL": [0.44921776997118995, 0.7497029126418935, 0.4204445792224857, 0.7432069828132573, 0.7777207466885964, 0.5525172745956817, 0.7941366746477952]}