{"FilterHL": [0.37461990438208315, 0.27994123157598394, 0.08205320936898218, 0.2813597838321715, 0.3273992309847949, 0.7071067811865475, 0.6021914309390851], "NoiseHL": [0.8387055248739742, 0.8203399137763383, 0.5548619990666822, 0.8882543541788136, 0.8823917629931629, 0.5230126900695224, 0.7908775495358811]}