{"FilterHL": [0.278577278245686, 0.3406095399063969, 0.4285846093572782, 0.4211554727162362, 0.4133443792495948, 0.43583461570257126, 0.5444039220815502], "NoiseHL": [0.5817267169159375, 0.6539640410296376, 0.8943735098929696, 0.8860119557365452, 0.8917059371381176, 0.9220536449377236, 0.6354625514975717]}