{"FilterHL": [0.43404748387200676, 0.1402256002905608, 0.0046870061357697675, 0.3944435336957062, 0.4320705154151148, 0.6388113595292326, 0.20883368229778393], "NoiseHL": [0.939719749001432, 0.7729095083846498, 0.5071449297288748, 0.8444460383704748, 0.8301878945697999, 0.5736148927638677, 0.7795729453549147]}