{"FilterHL": [0.36686629140102406, 0.3798455575866163, 0.29534790360261143, 0.32082154580715844, 0.39684697862333695, 0.37459773163097326, 0.390257113326803], "NoiseHL": [0.6029382646828757, 0.861097559962347, 0.25246902974875685, 0.912207002327906, 0.9016667397366498, 0.563361142981253, 0.8957389712120989]}