{"FilterHL": [0.4470153616245598, 0.4228337865654137, 0.4245754582452921, 0.0025094085385795437, 0.28116681336723953, 0.7071067811865475, 0.422254968060179], "NoiseHL": [0.937533610294062, 0.9725602358021186, 0.9644287820793879, 0.33586924850133365, 0.40689142264716266, 0.7071067811865475, 0.9776532238865889]}