{"FilterHL": [0.5228167408806211, 0.29559125948872295, 0.1610158778920332, 0.28696180944480376, 0.578434871568362, 0.577565819182305, 0.3049548993498591], "NoiseHL": [0.7820831307912344, 0.8693034435481243, 0.60292882474748, 0.6929840988845102, 0.7719975666597683, 0.7301104528867344, 0.9102699970850101]}