{"FilterHL": [0.21544966934839893, 0.20675575695710682, 0.24002624268220005, 0.23880129158727545, 0.34258296417272316, 0.35343811171496325, 0.34916035747710467], "NoiseHL": [0.5775992494965505, 0.6362798337240914, 0.6060815939485386, 0.6463670950287262, 0.6635191803508954, 0.6952494704612305, 0.6941171544333001]}