{"FilterHL": [0.04675180425403553, 0.4633879154901832, 0.19030579952682705, 0.10792986821851436, 0.07038829810765952, 0.4676386835724732, 0.25421477540087134], "NoiseHL": [0.14607882737464717, 0.9585597876037648, 0.4213945713202172, 0.2593745196000236, 0.1504787034332846, 0.9783841701671531, 0.450529467146857]}