{"FilterHL": [0.24892866763811525, 0.23361490302649932, 0.13166361736368268, 0.042849114108643, 0.5540996308150252, 0.5399220165609625, 0.7071482231531835], "NoiseHL": [0.818238729867565, 0.8173248708674866, 0.42228600124657206, 0.4503660546408138, 0.5200536459477445, 0.5485346581637345, 0.7381019603576748]}