{"FilterHL": [0.38893367667149037, 0.41260510142098383, 0.3007242340281716, 0.4046604076836306, 0.6353164867764152, 0.7466003236132092, 0.741156753055292], "NoiseHL": [0.9450963794693884, 0.916838296658134, 0.5495094134926612, 0.8932590280971316, 0.6207998018705867, 0.22976683413080579, 0.8445371140155326]}