{"FilterHL": [0.3457190719588617, 0.3260430701519758, 0.18414652282263058, 0.3308256264071824, 0.3532116976806431, 0.4496526819622175, 0.4114508103073524], "NoiseHL": [0.666344343875392, 0.603093648651778, 0.3871897158691568, 0.6360388458171143, 0.6919144414844968, 0.5340096086350755, 0.5359088822005933]}