{"FilterHL": [0.17646171890776072, 0.199305726120179, 0.036570869757011994, 0.16228504852308132, 0.25751213116537147, 0.21152845962172734, 0.15889901265345416], "NoiseHL": [0.4800105455250341, 0.5250015345665359, 0.4733547912548454, 0.48548771748205016, 0.3476021229999076, 0.3729000827155036, 0.30860700761311355]}