{"FilterHL": [0.28353664830244146, 0.2642284070077966, 0.309983980357464, 0.14331258501447747, 0.8221367662877029, 0.4173811640911388, 0.6597366792716088], "NoiseHL": [0.8441917728976934, 0.8527718669708116, 0.514771388215758, 0.5990334950823973, 0.07836336535317132, 0.31289541125641585, 0.6671972175538413]}