{"FilterHL": [0.43212821628473996, 0.40208863305628173, 0.4614703157226097, 0.4323238178592987, 0.5836747230171314, 0.6718567754668415, 0.4411686060690705], "NoiseHL": [0.7690486044089425, 0.607674676949316, 0.580962465884104, 0.6117217428242341, 0.4647598266751663, 0.45018823090335475, 0.8092687594453514]}