{"FilterHL": [0.10036988272528763, 0.23512587023542772, 0.33559416842247075, 0.07065789167654059, 0.5929285068996314, 0.655537696914866, 0.5392363610195161], "NoiseHL": [0.6180187310552668, 0.6588881802608203, 0.674317895536797, 0.6079673658745168, 0.8108685927609544, 0.8132795244157929, 0.9140639285846062]}