{"FilterHL": [0.45684308030276144, 0.01642428003971673, 0.30689893561956094, 0.32558892147537877, 0.45684308030276144, 0.6372820289144926, 0.45513354730583827], "NoiseHL": [0.9842509842514762, 0.3864374473300789, 0.7214962061230062, 0.6441419156982997, 0.9842509842514762, 0.7913939295812682, 0.8992635264440402]}