{"FilterHL": [0.1279013859076192, 0.22410939478172326, 0.14558892937518614, 0.16813911408916418, 0.21356325794842762, 0.16561564725429842, 0.25048584182838596], "NoiseHL": [0.1215823481865297, 0.24412197951026052, 0.26997206420989933, 0.2486989561299683, 0.16901048172352118, 0.1398374102783347, 0.04859252374387151]}