{"FilterHL": [0.41115405334079863, 0.3019594002329686, 0.3857607956158508, 0.21830763548038298, 0.3876773947713076, 0.27887913841138456, 0.4544586015171653], "NoiseHL": [0.24467522988001372, 0.8542103746338595, 0.8663606577331189, 0.27475853565768454, 0.22577073302065453, 0.850432865668664, 0.8266745559031082]}