{"FilterHL": [0.2765164084392161, 0.30514294449588397, 0.2731388081624786, 0.34526150452031157, 0.4824667568752249, 0.49231129716475125, 0.4660931456124647], "NoiseHL": [0.6691244921422387, 0.821280270955454, 0.33636609004939627, 0.9495994550526764, 0.6834049565959026, 0.6821594318468507, 0.9060772028677745]}