{"FilterHL": [0.3334682755568443, 0.3233554230548539, 0.22078968818984449, 0.1403306728685235, 0.5554814731088551, 0.4797194865272927, 0.25366257047290974], "NoiseHL": [0.8720415242834656, 0.7972457766979029, 0.9497589021169776, 0.512784779527145, 0.4962742762241362, 0.8282177135937427, 0.8126980401764755]}