{"FilterHL": [0.1853082925447817, 0.136839980493799, 0.12762706546949135, 0.1975157043629011, 0.38390834546272595, 0.3952202279441204, 0.3545175859917497], "NoiseHL": [0.7673077217274648, 0.6940253709177612, 0.6300445772695283, 0.7184803893078535, 0.5093487720632538, 0.6236998238288699, 0.6783365883522199]}