{"FilterHL": [0.0063094415990838995, 0.29850842279556056, 0.3981473266652196, 0.36652855779506355, 0.41989018650315496, 0.374968125550369, 0.47025681584378337], "NoiseHL": [0.38046581783026107, 0.8908292845502582, 0.937533610294062, 0.6459400533701443, 0.9419801073492742, 0.8994206311458008, 0.9519716382329884]}