{"FilterHL": [0.2218109488031332, 0.1431889968625263, 0.09141225846360813, 0.21391877318974015, 0.11128011188862814, 0.21369968097480113, 0.14022377214686246], "NoiseHL": [0.5430934053107508, 0.5787648680275287, 0.4153095827566495, 0.5588659535390692, 0.3881611081636696, 0.535579738350584, 0.42816755966705433]}