{"FilterHL": [0.4202318630049663, 0.4048980138540437, 0.5278387332807671, 0.4370253029502937, 0.43280383338140976, 0.41835009771317816, 0.5520608937891588], "NoiseHL": [0.6760570595430005, 0.3352918166422778, 0.7351420993560493, 0.5306069944561395, 0.6613967662859724, 0.34710797218460515, 0.7456187652205526]}