{"FilterHL": [0.2806364731743267, 0.3002765959435155, 0.4754572179328264, 0.39278675328587626, 0.2798355024217367, 0.4238014115555704, 0.3151840784623389], "NoiseHL": [0.9276806469560763, 0.6141759903895196, 0.6190637655801492, 0.8026006082987661, 0.9092854094456198, 0.5843908790665657, 0.6746661010680495]}