{"FilterHL": [0.0031362321297268717, 0.3994431910913632, 0.36659333472681255, 0.018832443573942228, 0.2309178614603807, 0.42866324777944154, 0.4673399833036271], "NoiseHL": [0.275936417144593, 0.9577683809404189, 0.9776532238865889, 0.49151162883549876, 0.4371656504157788, 0.9467605163405336, 0.37896325629565314]}