{"FilterHL": [0.2928232707742317, 0.23090966891108128, 0.19500115278092814, 0.24965637967937204, 0.27952882390344297, 0.19887143280082006, 0.3608166503469628], "NoiseHL": [0.3121174065454513, 0.5144800337605856, 0.4715092642450461, 0.3178121899976068, 0.1219560351422851, 0.4642268791800273, 0.2518734284035145]}