{"FilterHL": [0.430624283700878, 0.1905575568778186, 0.4895850569665342, 0.19737329314844027, 0.595726124807858, 0.46055601274865793, 0.6721373917221669], "NoiseHL": [0.9530405268823807, 0.39543062575876337, 0.9172004227084163, 0.34932782362253834, 0.48995109700823275, 0.9658517296012189, 0.8218622476288976]}