{"FilterHL": [0.4358867869491835, 0.3899867778861981, 0.2573481035765145, 0.40156515241442686, 0.42633053582691455, 0.5194320547278656, 0.42306104356049806], "NoiseHL": [0.9508093072702021, 0.8639250093433085, 0.7417927836144169, 0.8934042799994654, 0.9387114479210638, 0.22875367704650323, 0.9769369311628776]}