{"FilterHL": [0.2837895125804124, 0.24772926316614005, 0.051681932171658194, 0.12121882892942466, 0.38266989832739545, 0.41009262714973993, 0.41246272775021947], "NoiseHL": [0.5393952544419937, 0.5933296809601757, 0.379427949629941, 0.3065011078933023, 0.5773085342203487, 0.5985331573732635, 0.8507301694981126]}