{"FilterHL": [0.34798314647884304, 0.29058084669200074, 0.2877796951822726, 0.35104225493740304, 0.20772127090842676, 0.20257417863076346, 0.20478694402067124], "NoiseHL": [0.7207612736435988, 0.6285117372872346, 0.5333700442749838, 0.7345012647307225, 0.4537154136447336, 0.4637286320524756, 0.45574383310402483]}