{"FilterHL": [0.36872607810982183, 0.28117115211787647, 0.25400476009033857, 0.2683626635774533, 0.7033715871235112, 0.4833941659650029, 0.5172218599983389], "NoiseHL": [0.8529626031246572, 0.7895187702699382, 0.3204073129894754, 0.6651771347866353, 0.8752844106907391, 0.7803762267820392, 0.8649670380649637]}