{"FilterHL": [0.21171781034765252, 0.2559524828241243, 0.21688324083268984, 0.19269173728459452, 0.31486685780812745, 0.33843722622201344, 0.3601362498875229], "NoiseHL": [0.2641596869979367, 0.276302968308329, 0.4288366911061847, 0.4007543356074937, 0.4422568576068575, 0.43751029359408017, 0.25923231716496165]}