{"FilterHL": [0.1917198754659039, 0.14887337053663402, 0.13068892889213587, 0.18495844639629197, 0.2452124408517975, 0.20007546688754657, 0.23076929144909766], "NoiseHL": [0.5999127592444683, 0.657418159653415, 0.669780221158756, 0.6472160654570606, 0.14977874121408288, 0.6358492876478157, 0.6073378310942754]}