{"FilterHL": [0.01603589306546885, 0.07329346748125816, 0.4597708745302974, 0.4601238601060086, 0.5919320867317497, 0.06637076039953507, 0.4553964023190766], "NoiseHL": [0.32371259274961217, 0.26053570043101276, 0.9522955363980031, 0.9444383698934314, 0.16479780527983393, 0.3426714960762121, 0.9810244106563148]}