{"FilterHL": [0.006789877123040016, 0.3365997566195716, 0.32835448746512713, 0.28938109677121104, 0.37278576707608907, 0.5280204512359603, 0.31843935349724567], "NoiseHL": [0.5136134861577729, 0.9222803789178012, 0.9682458365518541, 0.7086184754179893, 0.8272789557798416, 0.9417694784106222, 0.9776532238865887]}