{"FilterHL": [0.46149055582169746, 0.2312124856685547, 0.3019409538844693, 0.46008592698749623, 0.5013375274814046, 0.5944051926314264, 0.7626723571151727], "NoiseHL": [0.927891097926869, 0.5463038338491311, 0.5648097786153572, 0.7961620359709128, 0.8906054770419937, 0.7861089757085524, 0.44420901131643264]}