{"FilterHL": [0.19820008457323735, 0.20295167006055725, 0.3217096909124962, 0.3110921467414184, 0.4385586826021195, 0.4748367905655495, 0.388537147144976], "NoiseHL": [0.7360255938014584, 0.7425588417742213, 0.5804340866251206, 0.4763241171011246, 0.5431597202120992, 0.5295364174785477, 0.7579751003382587]}