{"FilterHL": [0.3715882601581697, 0.5040475992042478, 0.19579326208835487, 0.3691903671169891, 0.7071067811865474, 0.5967481892731492, 0.5229695786942975], "NoiseHL": [0.9444375233678353, 0.905904292455765, 0.4748697328460539, 0.9499097033531517, 0.5716060891299113, 0.5507056062377154, 0.888788174497096]}