{"FilterHL": [0.010752406428223695, 0.3643008496574223, 0.375093370985373, 0.36140761099418706, 0.7071067811865475, 0.35861831593967863, 0.7071067811865475], "NoiseHL": [0.1865064993035597, 0.9682458365518541, 0.9577683809404189, 0.9725602358021185, 0.8813798055367706, 0.9776532238865889, 0.7071067811865475]}