{"FilterHL": [0.27224222821450617, 0.11283875396727208, 0.18154023314785686, 0.2521022328402655, 0.2462768070461491, 0.10498223378565538, 0.2034233912776441], "NoiseHL": [0.7400535047090288, 0.5660008783475119, 0.41253967080357057, 0.6114792674204461, 0.8300715858108844, 0.5812228580185097, 0.39808234191851505]}