{"FilterHL": [0.004099580428853137, 0.05697799105932297, 0.16091682732496052, 0.14310079974666778, 0.19132158878537228, 0.21795349189676694, 0.18637226309633279], "NoiseHL": [0.26023620398396025, 0.4495035223163089, 0.31034575622495, 0.3046208303221801, 0.5863019699779286, 0.6098219196453538, 0.2638371778159791]}