{"FilterHL": [0.029761859059128547, 0.7071067811865475, 0.25139075543315825, 0.5184944900302526, 0.24664329091651715, 0.17916522549655903, 0.5209653543948183], "NoiseHL": [0.17677669529663687, 0.7071067811865475, 0.4302321458813472, 0.9842509842514762, 0.42393950420382154, 0.34075874679429075, 0.9725602358021185]}