{"FilterHL": [0.43957120430659474, 0.46883973813076835, 0.43656900353117367, 0.4184555359724718, 0.4825197313762785, 0.450732013967782, 0.482484125484019], "NoiseHL": [0.8168463477940497, 0.6080993129240565, 0.6662324481772364, 0.8157768116614629, 0.821126997746209, 0.673377463615912, 0.6536025016973741]}