{"FilterHL": [0.2687495498245728, 0.3795230622211381, 0.2653024739145598, 0.2549359389242644, 0.3793531635263391, 0.5221331126750797, 0.6762967199547897], "NoiseHL": [0.8474509338785461, 0.7800037287506895, 0.7619574482992763, 0.7872060992826676, 0.5698971163167962, 0.5306371783581164, 0.8503622085417569]}