{"FilterHL": [0.3063291535972427, 0.4017286772852237, 0.24590164286265573, 0.42050568613004263, 0.5910590162404388, 0.6144796566959142, 0.6053203769282168], "NoiseHL": [0.6035862110773246, 0.7009606894260013, 0.5800698221447559, 0.7396627186257273, 0.5532081257419087, 0.679756995634664, 0.612764687139215]}