{"FilterHL": [0.08290766874959288, 0.07415718049993017, 0.17045992999149606, 0.0964506227107028, 0.38524407939158645, 0.3726210275003852, 0.30824162058603155], "NoiseHL": [0.3762625725663363, 0.3733381493887561, 0.24645418502295408, 0.231640626232177, 0.2187806540065949, 0.20823860350979279, 0.3240185789612024]}