{"FilterHL": [0.31523539257999467, 0.40076500457314074, 0.3165771595016193, 0.3590347155617609, 0.32408369591386055, 0.4787421220300628, 0.34441897315243003], "NoiseHL": [0.1896408292368759, 0.5325428207300184, 0.3077659527839829, 0.5239811173485821, 0.23365039570307253, 0.5135864838124322, 0.17192795627381968]}