{"FilterHL": [0.19120443279425683, 0.17793047164025289, 0.015144735591507074, 0.07484737230597628, 0.14436931974986902, 0.13776854317472867, 0.036074897311546006], "NoiseHL": [0.46072860800883897, 0.4583622507717166, 0.23255524671292258, 0.25216041291791724, 0.44658673257502285, 0.453584362282693, 0.24202756754226254]}