{"FilterHL": [0.34461181654543005, 0.3493271253564659, 0.3567726216690986, 0.3303323131998432, 0.36243286006874714, 0.6204548263274952, 0.34279928623206984], "NoiseHL": [0.8168594089330801, 0.9201585566689717, 0.914328421871441, 0.48443780986313373, 0.34721702549588906, 0.8549880315361931, 0.9161260329999547]}