{"FilterHL": [0.3316612382625428, 0.1615620449495564, 0.34465992299698767, 0.10301368845133609, 0.35694620628280266, 0.478448290603602, 0.35242446729336235], "NoiseHL": [0.6500978717807709, 0.572823164278246, 0.6545027392390178, 0.5838770622680031, 0.7629665391602047, 0.6591725128263256, 0.758859400409938]}