{"FilterHL": [0.010263080368584573, 0.46576082266030866, 0.3076945760062977, 0.4628377885720217, 0.44660157582066046, 0.503819132788773, 0.46576082266030866], "NoiseHL": [0.3613838209539516, 0.937533610294062, 0.4934389909191664, 0.8130952786038604, 0.9364289462292534, 0.8412400357074827, 0.937533610294062]}