{"FilterHL": [0.005219383292150544, 0.314812906593633, 0.3050308157548343, 0.5232355897000601, 0.4931205351128773, 0.3661833235127297, 0.5092654482142267], "NoiseHL": [0.3259265977491048, 0.9220250890818954, 0.9168727502768447, 0.9644287820793879, 0.8864314941028818, 0.9313524996087799, 0.9609648513541094]}