{"FilterHL": [0.08956273744812594, 0.10734853075296934, 0.09490920620214227, 0.07554272791450489, 0.09950671374060414, 0.11099435126571201, 0.1008617043677157], "NoiseHL": [0.1424860524433703, 0.15228124117682004, 0.14760062800650164, 0.16861895923756906, 0.15172832164016523, 0.11921683254284124, 0.13233586388632043]}