{"FilterHL": [0.13990956386063128, 0.1543506418943797, 0.09691607891315422, 0.10315228186941502, 0.4178021967867179, 0.15657449600703097, 0.5173438195942779], "NoiseHL": [0.5407315607808442, 0.6151987509285755, 0.41273045324507135, 0.4188224008561154, 0.6647591779065053, 0.5985572011322376, 0.68454354644594]}