{"FilterHL": [0.5245130829309884, 0.44791280472737, 0.4059519188017338, 0.25838338609413425, 0.47733731285737013, 0.49523434983726144, 0.578536645262716], "NoiseHL": [0.8508666345948198, 0.8042784434456077, 0.8757882069085069, 0.29350624221450305, 0.27882432095743337, 0.8090373004405967, 0.8027528793807069]}