{"FilterHL": [0.018563727391691282, 0.021825427377339054, 0.2410301682780709, 0.026524672530444465, 0.3889665645925453, 0.4559704236624353, 0.39740323881122563], "NoiseHL": [0.5515236264341278, 0.3672013186882292, 0.5671008357620403, 0.38236278266139295, 0.6018922766725974, 0.600463638335489, 0.6030753289036871]}