{"FilterHL": [0.3683206988815635, 0.2559919513394106, 0.31887681462329925, 0.33336780537318356, 0.36283497409601884, 0.26898955428737376, 0.3113911431772505], "NoiseHL": [0.8890733588111669, 0.6521306591644308, 0.6021199493683325, 0.7401274291051851, 0.9731433157684846, 0.6650003156442605, 0.45135332822953084]}