{"FilterHL": [0.35563082600287144, 0.3750468789199932, 0.3614698332368877, 0.42195585148744486, 0.6118353000500069, 0.3546345021090678, 0.45652069069682416], "NoiseHL": [0.43312314921585965, 0.836987375163336, 0.8285930266214087, 0.8116053557191545, 0.8114981161229475, 0.8191797820461715, 0.8438775562705538]}