{"FilterHL": [0.3094664528075884, 0.21036246614895088, 0.36085924048722834, 0.27926545126676044, 0.45245672765038913, 0.7071067811865475, 0.3552198637117232], "NoiseHL": [0.9609648513541094, 0.6085474077770695, 0.9354143466934853, 0.6813032502242886, 0.7126531469615929, 0.8660254037844385, 0.937533610294062]}