{"FilterHL": [0.23342506463218526, 0.2569489589470424, 0.1104000813939991, 0.13822273286460598, 0.7126267215494366, 0.609456838636507, 0.7030090942602406], "NoiseHL": [0.9181072780189102, 0.9041196520265854, 0.6871156287868978, 0.6937962854749053, 0.6275630584119631, 0.6511046615177878, 0.5515354452178293]}