{"FilterHL": [0.24741354889626763, 0.030186728331891444, 0.27177406915478186, 0.027823154552168237, 0.5461022457742488, 0.6136769416529606, 0.3728516888425371], "NoiseHL": [0.539704014767879, 0.6678900879760531, 0.589857370682275, 0.6484983420481395, 0.2799033233891968, 0.9493124153559421, 0.6520756277383737]}