{"FilterHL": [0.29554652329110004, 0.344294650739359, 0.3025266959043627, 0.3274427476910343, 0.5057829343413105, 0.6575234379380205, 0.6808113504758844], "NoiseHL": [0.9345653739600319, 0.8830871991199323, 0.9407507056530394, 0.9471088918457187, 0.2375244847786404, 0.32510664676598133, 0.3266293816234824]}