{"FilterHL": [0.5608870980589172, 0.20840978150471398, 0.26682913332993513, 0.2880677265594972, 0.5624216779332221, 0.41456178406480687, 0.5841442438820756], "NoiseHL": [0.7626703781486123, 0.5174756208937573, 0.7411512043801811, 0.6086571932151976, 0.9154536418484557, 0.7525355322952721, 0.4721301938593382]}