{"FilterHL": [0.3378124380315472, 0.243354038924606, 0.26345565271722005, 0.24874346576300432, 0.5467059281737027, 0.5663067341838167, 0.248004324916234], "NoiseHL": [0.5420758114092268, 0.8775531887256331, 0.9267604823838945, 0.8931286019351528, 0.5972240890036291, 0.6275873940921192, 0.8903449900556091]}