{"FilterHL": [0.3156578238862076, 0.2188046102806407, 0.21808170897037055, 0.2783048744374758, 0.43751001921530613, 0.34115029265209257, 0.1912687485625838], "NoiseHL": [0.6446657338127003, 0.4131828706032083, 0.636089686390103, 0.6709315328627047, 0.4969680853967761, 0.48427079417492114, 0.6266648630188342]}