{"FilterHL": [0.3420157149549545, 0.33559849680990417, 0.3934746058772709, 0.36862871152478915, 0.5101752376165221, 0.4027309960710361, 0.5815861400243142], "NoiseHL": [0.7372986564923646, 0.5481676573618943, 0.8772550087625657, 0.5736705336884041, 0.6950357886541276, 0.8950475103443333, 0.6314067833824177]}