{"FilterHL": [0.31401928908143495, 0.3435599823339792, 0.31204038869391515, 0.2924869611894933, 0.2909467035178369, 0.3535365015557541, 0.31128784549960625], "NoiseHL": [0.923124593276282, 0.6108919527395775, 0.4737445244603421, 0.9662196437333302, 0.2801428601666454, 0.5803963913291662, 0.47084499498015775]}