{"FilterHL": [0.3394876180854633, 0.4068970320431206, 0.355377738604245, 0.13542688511837625, 0.6474715937120548, 0.35946951434129865, 0.3814564067487582], "NoiseHL": [0.9548846767030511, 0.8437921847611499, 0.9240413985019121, 0.5020438884909938, 0.40449656233814907, 0.9168416946568789, 0.8024307190263379]}