{"FilterHL": [0.14645384451797924, 0.319874451254766, 0.42006418172528015, 0.4096766411652113, 0.534831855777688, 0.552886602860878, 0.6447890832321719], "NoiseHL": [0.45773356334007986, 0.9452756530435865, 0.8419878341801661, 0.9547151969334282, 0.9428971144571312, 0.7989671171528777, 0.9086208189214964]}