{"FilterHL": [0.19106811026973358, 0.46054997355173605, 0.38362472555069976, 0.3848648775407681, 0.5860738662781542, 0.576660586677238, 0.5305997574568752], "NoiseHL": [0.48032972886528874, 0.8801437639860322, 0.8971308781610685, 0.8957441857134637, 0.8626747509223773, 0.516194331483702, 0.871759253107821]}