{"FilterHL": [0.410813427246068, 0.4189392982932157, 0.4089106444100523, 0.0, 0.7071067811865475, 0.41282014372801706, 0.41619122598848823], "NoiseHL": [0.9519716382329884, 0.9256319514432451, 0.9609648513541094, 0.3675635571657942, 0.6496816044968938, 0.9443234745186339, 0.9333557463258305]}