{"FilterHL": [0.050852265367044444, 0.09886769699900613, 0.184052689260041, 0.153577454649333, 0.11504643915927083, 0.11154651987442277, 0.38160488041109675], "NoiseHL": [0.1484146927329736, 0.18489866089513488, 0.18089272825794936, 0.1450640452843678, 0.07235434945746767, 0.07094458933395155, 0.3492613960544853]}