{"FilterHL": [0.39659726653044414, 0.3984258431749402, 0.3106562844482341, 0.341056529776667, 0.6576703525993, 0.6230927237076973, 0.5614536030575376], "NoiseHL": [0.7270618172081085, 0.7319943388737219, 0.7488432742937182, 0.7475866373520409, 0.43367383705637746, 0.39814321254444646, 0.6314956765574311]}