{"FilterHL": [0.27129116133852643, 0.16898594680972537, 0.15600954222157357, 0.1968977650966784, 0.21746782775082596, 0.28074854862259185, 0.21507685585442304], "NoiseHL": [0.3459253403665267, 0.30052753358442674, 0.12119109437330745, 0.31783637171503376, 0.14576622588093183, 0.3469367386887938, 0.1759949063159991]}