{"FilterHL": [0.1455955213542313, 0.15789505516883492, 0.22168047431805812, 0.20238392106104713, 0.2938658980853143, 0.4072932637926807, 0.3045769713375633], "NoiseHL": [0.9084995741160401, 0.46418730484000276, 0.3945204284888411, 0.9458870862858727, 0.888725183264292, 0.8817441926847771, 0.2599770233741515]}