{"FilterHL": [0.293148316844116, 0.2887903373417674, 0.28531240205437935, 0.36611122197843937, 0.3760258766661092, 0.3277176725350428, 0.34481612152062857], "NoiseHL": [0.38808816914136895, 0.42707364946203685, 0.40039734693609247, 0.4165432111868063, 0.4209146398130286, 0.41627543011774343, 0.39031990102824643]}