{"FilterHL": [0.24242181582573602, 0.22150973916532857, 0.23199036966297554, 0.19239680900190703, 0.3271317014494849, 0.23530013699902538, 0.18250208986562844], "NoiseHL": [0.6361469358249556, 0.6348942391703587, 0.5457697049140757, 0.6510181560175109, 0.34141279895634163, 0.5901790048258446, 0.6703862574220673]}