{"FilterHL": [0.457480848121301, 0.2500328495598702, 0.3372627849471951, 0.2647299887049705, 0.4259790731462777, 0.3287892338881848, 0.38636933620475106], "NoiseHL": [0.6974220414970785, 0.6239120867279337, 0.5264039287790959, 0.22972713369497375, 0.7745061295086109, 0.6019652024630315, 0.13976414528854025]}