{"FilterHL": [0.11318429393854755, 0.28149573708092057, 0.04523105593835675, 0.1855139895813373, 0.16501948583553294, 0.27080179719841896, 0.21287665402668846], "NoiseHL": [0.540670411152896, 0.5949825723349357, 0.523920270679697, 0.5756226575010561, 0.45018393828908604, 0.5933056745011654, 0.42953052735730435]}