{"FilterHL": [0.24537078037946072, 0.3063973627495137, 0.33194965537673354, 0.2262104093424777, 0.3068773608842659, 0.48647520308431336, 0.2759042142007792], "NoiseHL": [0.6401481038147844, 0.5604925001194249, 0.6586419768871778, 0.5230548173604954, 0.5616118372192953, 0.62701581121028, 0.5976418050634522]}