{"FilterHL": [0.03543787986153769, 0.043315628345423844, 0.027167003429206797, 0.050357039992923444, 0.02157387509133584, 0.03125017103942825, 0.04179106070701512], "NoiseHL": [0.04933185623991395, 0.03761363624400097, 0.03851428673523875, 0.058604940443763194, 0.042740383234629135, 0.027500688009384135, 0.07337439130475308]}