{"FilterHL": [0.14962150391474457, 0.382060304490314, 0.3043606643389079, 0.23090255030454868, 0.4293845915612237, 0.38044666270217786, 0.3479827393196378], "NoiseHL": [0.5556377780152469, 0.960976729794754, 0.8196146031547338, 0.5938774053730769, 0.5679788368216181, 0.9525490258564899, 0.877826198165677]}