{"FilterHL": [0.022709729417597076, 0.01971569992509607, 0.01941638984302229, 0.038200353900269386, 0.02032108547157342, 0.021781651098711424, 0.020326906221732458], "NoiseHL": [0.15586282048858338, 0.23871853098582177, 0.13697403789032309, 0.19937949427627272, 0.18047568209645115, 0.18895529377367723, 0.14330176743924386]}