{"FilterHL": [0.0035104637635815987, 0.4531687557207935, 0.005743793584143035, 0.3334380878734601, 0.5325560407598314, 0.45734125509330087, 0.5192717150375832], "NoiseHL": [0.28351157719282805, 0.9182696945220091, 0.43162363768308487, 0.6619231335570288, 0.949304389076411, 0.937235949024591, 0.8916726115091583]}