{"FilterHL": [0.30776628153502783, 0.17983377220053878, 0.2513651907732874, 0.17048181031140794, 0.5422216715082526, 0.7011846470150037, 0.5723529269709894], "NoiseHL": [0.7232773458539318, 0.8340024840841782, 0.6656996444494099, 0.8185846768260595, 0.8217613689396749, 0.6568767127895337, 0.8061957078988292]}