{"FilterHL": [0.28126490955565947, 0.28908968968385546, 0.1735438957068109, 0.1600428749535566, 0.46870723617776444, 0.5142973008066303, 0.40283254445753586], "NoiseHL": [0.5421927230770182, 0.8051919204032235, 0.649922113093382, 0.8660264062332063, 0.9609655350755898, 0.6461101855643809, 0.9501211176953257]}