{"FilterHL": [0.2978063727854306, 0.3512343792467235, 0.2989799303132463, 0.2960061448128753, 0.2932484253427523, 0.35145472586631415, 0.293538207719142], "NoiseHL": [0.6615762646067294, 0.9103770799416997, 0.6512807147294875, 0.6618515007173166, 0.6404636367695342, 0.9186566817231803, 0.6368395345147587]}