{"FilterHL": [0.30599814569239636, 0.2742351802525797, 0.2738203832173486, 0.3717314492292326, 0.2705588758435576, 0.2179472823899017, 0.36299778855560494], "NoiseHL": [0.570192814339561, 0.7530140042614712, 0.6960970638969816, 0.7772447931729402, 0.632965040584648, 0.6229453860780194, 0.6233519378674557]}