{"FilterHL": [0.41548589311305517, 0.3971833608011319, 0.2603296040718682, 0.3406062604893198, 0.44399277272971016, 0.44269374111749976, 0.4225408710140209], "NoiseHL": [0.8123366065508947, 0.7868056822854215, 0.36431572049964583, 0.8680358009128237, 0.9523153186222582, 0.5955946050946488, 0.9197438882322255]}