{"FilterHL": [0.12518730125746963, 0.1500898890033293, 0.24566404640022, 0.3743515669934063, 0.16846363883105092, 0.20464802496442763, 0.35804880494159386], "NoiseHL": [0.3853739554805243, 0.3941665966095988, 0.4459339377170544, 0.4835144536339857, 0.4115583678006941, 0.3903393023800308, 0.40419267996695424]}