{"FilterHL": [0.19759018017257646, 0.1981837234072819, 0.198686444261847, 0.18816918494634274, 0.20209348168243207, 0.1873375798180976, 0.2186654894414949], "NoiseHL": [0.5756555091517296, 0.6237296280711614, 0.5936747732567126, 0.6133783466213494, 0.5873712997683778, 0.6189529642423276, 0.629122163114488]}