{"FilterHL": [0.28809365777156, 0.298333526721675, 0.3138246206866562, 0.33476945298036825, 0.2846756272233683, 0.47804231466920705, 0.30244139904927664], "NoiseHL": [0.15850904429516688, 0.6245237150849222, 0.21788332361647078, 0.6161391513491302, 0.1231499779854856, 0.6347363351439098, 0.2011271758731464]}