{"FilterHL": [0.3186053392155491, 0.3250919097319395, 0.28028472944593547, 0.253413952023662, 0.2563736598015516, 0.5000924650374132, 0.39822598562947803], "NoiseHL": [0.8191952846375491, 0.8118898260445676, 0.6403109304253308, 0.5932552219204886, 0.6226881629071551, 0.7092924132069292, 0.9691283416467663]}