{"FilterHL": [0.2618162319142194, 0.2038279841807565, 0.2672013894520392, 0.19720015818216874, 0.2365437612986654, 0.22308678429201373, 0.2329488429133637], "NoiseHL": [0.6855464335396465, 0.6735170742600263, 0.725886344760721, 0.7039563403277913, 0.6156559898259953, 0.6247340732320509, 0.6225396754961267]}