{"FilterHL": [0.02915399935935583, 0.41973494043263426, 0.3681012445702701, 0.40084801611791765, 0.46793599244023465, 0.4257608493487273, 0.39983713474981913], "NoiseHL": [0.23508971559950156, 0.9168446729359319, 0.8069493372809009, 0.9182731213164922, 0.9463263263610362, 0.9040167114087431, 0.6932172826565891]}