{"FilterHL": [0.3513834827265395, 0.19349757931719413, 0.344424253742351, 0.2532166310863203, 0.2947160227669896, 0.32414987378791105, 0.20256872224769054], "NoiseHL": [0.6530751444552126, 0.4678620775398432, 0.5673014678162752, 0.4343259154264632, 0.7477217869355851, 0.6940886022644575, 0.4357851030035479]}