{"FilterHL": [0.5218023935739036, 0.30568830989858253, 0.39279556470279037, 0.3272196303558918, 0.23778162343098055, 0.5198363290818395, 0.5154947904271321], "NoiseHL": [0.6333779721096795, 0.6328386386375193, 0.6339859911155625, 0.6261720380394018, 0.2664718082354301, 0.9362660256558766, 0.9033364602427136]}