{"FilterHL": [0.3468886363636004, 0.2939596322979252, 0.5215737616451399, 0.31356057828629913, 0.7276127856437897, 0.36924788107008044, 0.41570154825603883], "NoiseHL": [0.776896673746134, 0.9256630689036159, 0.7004175984255346, 0.5261461119358283, 0.11636559255263514, 0.917883039385144, 0.9646736651643217]}