{"FilterHL": [0.30215501472548434, 0.2107423428014196, 0.34258132659588575, 0.24984954367935622, 0.20962471429324034, 0.2869211903777265, 0.3169089419098326], "NoiseHL": [0.8235290669526085, 0.5925638877623914, 0.5815130565159806, 0.7170609805475426, 0.4821751443475784, 0.5891715637260461, 0.5413638403421664]}