{"FilterHL": [0.1376270749952094, 0.1298568814094734, 0.09169998815539064, 0.16055198924407904, 0.22598619464039088, 0.23815847286301164, 0.17052932606067553], "NoiseHL": [0.2596333521646409, 0.1891411183768816, 0.1757244496778568, 0.1977893185233125, 0.26927097240138614, 0.19793526319094812, 0.26244928308029625]}