{"FilterHL": [0.2512177401973399, 0.34359814667060934, 0.3975278285779823, 0.1708959294123366, 0.3101813628733794, 0.44847558561893736, 0.7071067811865475], "NoiseHL": [0.6977811641420092, 0.6753272064941862, 0.9725602358021185, 0.5539327290830641, 0.6712411714136621, 0.8773939761917566, 0.30618621784789724]}