{"FilterHL": [0.3307339778992723, 0.38759118438250756, 0.3071539962013511, 0.3438043041682069, 0.453942128279471, 0.38768902162125557, 0.35951629318203876], "NoiseHL": [0.33537957500867216, 0.5690333579496986, 0.14443892458196414, 0.47403711109472585, 0.11311954874710071, 0.6374660139049482, 0.1238087272165232]}