{"FilterHL": [0.2561684812687653, 0.3516008224084529, 0.15260695200292237, 0.390369710561105, 0.3918118276440924, 0.6815022905866851, 0.5954483412402026], "NoiseHL": [0.8300529742394949, 0.7234802544973662, 0.4838909770986049, 0.8731721369124257, 0.7169668403295345, 0.4233485197034807, 0.8272930492315005]}