{"FilterHL": [0.24713673839432315, 0.16843456306747462, 0.15984680217231204, 0.15369652559664077, 0.2194810034231811, 0.21984359323024483, 0.48113388924712763], "NoiseHL": [0.71079158979257, 0.508114976843296, 0.6866582469002244, 0.49667605282728394, 0.7046555279374643, 0.5949349721931406, 0.18273699349801986]}