{"FilterHL": [0.03504932658470619, 0.20362473590620528, 0.33366378482484055, 0.21973695818332642, 0.3207275204565392, 0.292180922757235, 0.5797411454778482], "NoiseHL": [0.46269881819082687, 0.6730537567863655, 0.7024392820120896, 0.5700324885327808, 0.8059827420711799, 0.6933594817855309, 0.9333643348862067]}