{"FilterHL": [0.4393859417038436, 0.32536285594788017, 0.4160131263192865, 0.3597423057690982, 0.5889888539497655, 0.5323760355836341, 0.43093395724448663], "NoiseHL": [0.7954922292843581, 0.6621217377030093, 0.8971043594354177, 0.34849962798347683, 0.6695524383046172, 0.822085131034996, 0.6732586674424939]}