{"FilterHL": [0.19095865925073155, 0.0541175769048732, 0.21722937183538274, 0.26464239645917975, 0.11636562994359742, 0.1352373960235579, 0.5088317474319235], "NoiseHL": [0.3076808038336001, 0.2912393698151603, 0.44553929864394065, 0.41074306602376254, 0.3486342751131227, 0.3069882907717376, 0.45189941684219415]}