{"FilterHL": [0.05464859829876621, 0.3770282820547002, 0.0510942838513595, 0.07150847748752134, 0.22864693008656847, 0.5061553503998011, 0.22002821420548083], "NoiseHL": [0.32819063204240845, 0.9119357272444317, 0.46763970640278685, 0.3883064838853171, 0.48862771786391596, 0.9482463620166823, 0.4847100550609197]}