{"FilterHL": [0.0447961223325644, 0.41579978041674187, 0.3740881836394857, 0.4072645858161562, 0.5241508959602424, 0.44208136455813285, 0.37946940998596895], "NoiseHL": [0.21814866688464313, 0.9496962517239858, 0.8858517997323719, 0.9725018016067006, 0.3127743601996624, 0.9401930492525868, 0.9416398379427505]}