{"FilterHL": [0.3369666873838181, 0.10826031684247896, 0.3268495885987414, 0.16255393277478503, 0.44634669656429843, 0.31038253008919037, 0.29048099674445577], "NoiseHL": [0.6736655914811621, 0.49873780532572315, 0.6812521182660758, 0.48433390505856666, 0.6404062269302411, 0.7139454851492204, 0.5528236618797134]}