{"FilterHL": [0.3280969870157626, 0.34045668514459626, 0.24778397958282627, 0.34190976868657946, 0.39759459270896624, 0.4437119687628348, 0.36353205463240046], "NoiseHL": [0.8161982041198037, 0.8212805097247792, 0.24316643013382475, 0.8119647775594129, 0.9055378238751178, 0.5418491909117846, 0.8528617298895573]}