{"FilterHL": [0.020780932009176092, 0.04209217981936865, 0.027596075057407635, 0.04088253619692244, 0.029763585393671434, 0.03184228550678525, 0.18963569824649323], "NoiseHL": [0.048760373220923386, 0.060046267763017545, 0.13369856139232097, 0.14923828805833816, 0.05526650849690644, 0.05193124657266747, 0.23293186619617065]}