{"FilterHL": [0.09782124958187764, 0.053003978562485156, 0.04348830005173936, 0.06631673894433768, 0.2322137584105163, 0.5247465348780304, 0.19741434653525639], "NoiseHL": [0.20874390468144274, 0.11708603152841934, 0.18354821422462908, 0.11054197745539195, 0.2528819890234481, 0.41766056825983067, 0.28208576321573714]}