{"FilterHL": [0.13542172484370807, 0.5016729462013779, 0.14228092635488443, 0.12559302442643616, 0.09128710021945323, 0.42382572119752576, 0.11175930029530046], "NoiseHL": [0.13499935940762428, 0.8019582864952582, 0.2891249658363288, 0.29254728512746864, 0.09524559639108517, 0.9239673195752267, 0.26292119737884856]}