{"FilterHL": [0.20232725853912417, 0.16776043515725725, 0.164789944834666, 0.16355323588462278, 0.5213884479576504, 0.5002089698830734, 0.5214265437181308], "NoiseHL": [0.663089094211613, 0.5909675335085252, 0.584699306830556, 0.5528588546310995, 0.39282427719210683, 0.6502573456559225, 0.4090555559523527]}