{"FilterHL": [0.38164235176735345, 0.37526708424398125, 0.3788326104767507, 0.010299027451171157, 0.7071067811865475, 0.4138979562121324, 0.370007154359797], "NoiseHL": [0.9547835630925373, 0.9644287820793878, 0.9577683809404189, 0.39013940086761484, 0.2768927248622021, 0.9443234745186339, 0.9776532238865889]}