{"FilterHL": [0.2703236495113835, 0.0788022966422892, 0.10260529867261783, 0.19510243854290463, 0.26836659924566497, 0.0682258900357113, 0.1825568270082678], "NoiseHL": [0.6673675556198423, 0.213424511474063, 0.4152777135345195, 0.43566575652697426, 0.6634302015146397, 0.1959954411679883, 0.42100934264770473]}