{"FilterHL": [0.00854124625043955, 0.34524808111598515, 0.39891661482603674, 0.36452728516012556, 0.6808396721682689, 0.35487186329139414, 0.34524808111598515], "NoiseHL": [0.23830281775681836, 0.9842509842514762, 0.9333557463258305, 0.9577683809404189, 0.8467698709999107, 0.9682458365518541, 0.9842509842514762]}