{"FilterHL": [0.2595527461556112, 0.47129568288115237, 0.3163666225956985, 0.4581586875417446, 0.5025327860955284, 0.4515331709778074, 0.5900602924394964], "NoiseHL": [0.517787266019745, 0.9600530592658627, 0.9355828176645645, 0.9201676761307153, 0.6965855773035955, 0.9646943732054537, 0.7536446656040521]}