{"FilterHL": [0.36057248271779924, 0.37385564361540713, 0.45403127795102205, 0.3960243295868944, 0.4355691581155561, 0.3464331669973705, 0.47413795212739684], "NoiseHL": [0.7184543107561047, 0.295718619568053, 0.16280396945774697, 0.7088986309901345, 0.7347653208960057, 0.32051682098776835, 0.24192109765036018]}