{"FilterHL": [0.3859265142699304, 0.2947653137703188, 0.22782969454138663, 0.29197447374996516, 0.5058232470683626, 0.34103273343448, 0.5024041704475541], "NoiseHL": [0.6501288749630344, 0.79669458722592, 0.6115374019031119, 0.8083903463595746, 0.7580241418648188, 0.821561494013813, 0.7679070865036688]}