{"FilterHL": [0.257906161626143, 0.38520199854173176, 0.10292835273391128, 0.08636882821968943, 0.2330002790602273, 0.2656868503401704, 0.13410791686425047], "NoiseHL": [0.5427838885294716, 0.4192268887270576, 0.20364366551419216, 0.17860674549365776, 0.43608627810124384, 0.5013976501265466, 0.18856031432741077]}