{"FilterHL": [0.15194860754316009, 0.4979621166791777, 0.08790704466994789, 0.29299530692338066, 0.49426363521343614, 0.5432210104808926, 0.515528810063213], "NoiseHL": [0.5142590363851288, 0.9238097788535894, 0.3805201069244777, 0.6916325257128306, 0.9185586535436917, 0.8660254037844385, 0.874928359794531]}