{"FilterHL": [0.3019394377856961, 0.14777146198367136, 0.14268695261497114, 0.1739453408034755, 0.40300801220277116, 0.4787108552309305, 0.4776633439559568], "NoiseHL": [0.6876164638342961, 0.4517133404014062, 0.6612523824225159, 0.6781222553447475, 0.5818255091730917, 0.6579405076765773, 0.5299861155148415]}