{"FilterHL": [0.28459297959401364, 0.07285463408502371, 0.2957196324692413, 0.10089259877471604, 0.49605407310728467, 0.39266172993186055, 0.5261768238719552], "NoiseHL": [0.6451061487967371, 0.3838009642627382, 0.5401638008656825, 0.37299959869440424, 0.38765578812847545, 0.6364841524103831, 0.46894643746247305]}