{"FilterHL": [0.021643164492868277, 0.03824395265951228, 0.031600120530264716, 0.04433519243949824, 0.011432338549993535, 0.023850288825390344, 0.031686277201740616], "NoiseHL": [0.04840488519265306, 0.11342001701312038, 0.12040916099005083, 0.1267411919004705, 0.08322889495967148, 0.13495767903653103, 0.14491378781327213]}