{"FilterHL": [0.3434898007037303, 0.43271225877489966, 0.33998685150718266, 0.326226580125396, 0.6395848517162559, 0.741873968342309, 0.6788132072699298], "NoiseHL": [0.6193231931480863, 0.6643549888951943, 0.8392135155982874, 0.8050689759147954, 0.930788070708572, 0.6658332217758834, 0.7739806324308306]}