{"FilterHL": [0.049730610166047996, 0.08600452328043269, 0.07430541279953763, 0.06337328760817819, 0.054965830876092164, 0.04270499178994461, 0.0725041303009055], "NoiseHL": [0.059445608083677305, 0.09351714025518655, 0.10666316334166208, 0.06066830409891517, 0.0438888274495713, 0.034224568146634736, 0.06982112811786453]}