{"FilterHL": [0.16654026144836545, 0.16895303473736875, 0.3776008502182962, 0.27212219324616455, 0.49899278252576407, 0.4807258242751011, 0.4033492003980649], "NoiseHL": [0.34208832557174074, 0.7625822668690359, 0.721670157283594, 0.6855380577300718, 0.7951078055334084, 0.7406584757328054, 0.9055101752626931]}