{"FilterHL": [0.2509880122321517, 0.2002753542929805, 0.34158472772124454, 0.2528666746516263, 0.3067396105964583, 0.4400333004630185, 0.2980959030135537], "NoiseHL": [0.5484949311137742, 0.45753266179282165, 0.4813035815102035, 0.5379516653462478, 0.5753347096127244, 0.4768270463029209, 0.5767910544358944]}