{"FilterHL": [0.5956285189500742, 0.4499951422393674, 0.4975250264531718, 0.5642934337373304, 0.8356656728194337, 0.7715603457025778, 0.5721292144768079], "NoiseHL": [0.7189479622180003, 0.8786541267452698, 0.29885207228423394, 0.7511240494613877, 0.321964636170482, 0.32099836027065337, 0.8007758611488536]}