{"FilterHL": [0.06321322019588053, 0.09574226732560666, 0.07659980900377202, 0.09224211496903664, 0.08292850743484292, 0.10345940933808866, 0.08376738053563543], "NoiseHL": [0.13527511393249975, 0.13040355670267792, 0.17321547168727705, 0.12524722492783558, 0.15004687782342313, 0.11147123411290355, 0.12799915596385303]}