{"FilterHL": [0.29816414659849355, 0.30662055560426843, 0.31316826782856594, 0.32719778657023385, 0.34110125456500995, 0.4028280037826975, 0.40784627507163973], "NoiseHL": [0.7139387270578925, 0.6959233419126563, 0.791203519482001, 0.8935306481941673, 0.8796690011166828, 0.9119128444643126, 0.48909062069236015]}