{"FilterHL": [0.021378487799397817, 0.037134474459460255, 0.007621189622934588, 0.0358418873504401, 0.40865873825650606, 0.25268724297705597, 0.7071067811865475], "NoiseHL": [0.29577005096157205, 0.2833870943054865, 0.47125847247361907, 0.48977955426093056, 0.33136091069872786, 0.34041143391926315, 0.4902785408691811]}