{"FilterHL": [0.2663774440374672, 0.42169504951610015, 0.4474948150467301, 0.4406847217430554, 0.6691980348954243, 0.4270757938653671, 0.6034762157418769], "NoiseHL": [0.2597595296830433, 0.7984529147798681, 0.8848646966391635, 0.8217659990075522, 0.4249304128236468, 0.8601911921434439, 0.4844434221776486]}