{"FilterHL": [0.44367432157602504, 0.35724107647840525, 0.41383984237307253, 0.4139236932737055, 0.470656907647253, 0.34475032564512265, 0.41814895457575174], "NoiseHL": [0.71074767820996, 0.692881951615288, 0.8104021762368921, 0.8211337797420389, 0.6873572197656024, 0.8447742817486336, 0.8319376766472956]}