{"FilterHL": [0.2708580947063037, 0.2673162026231259, 0.24015134515441397, 0.3447178164660233, 0.47793462278323084, 0.562191309200386, 0.23249736367420457], "NoiseHL": [0.7648518902823903, 0.6827844874879112, 0.6921999532125238, 0.8466624364738307, 0.8004675200714189, 0.8090627559568982, 0.6994085143952393]}