{"FilterHL": [0.025146160259013013, 0.03539232906481247, 0.02625322007827477, 0.0246933971920251, 0.02516878242235999, 0.034896283319313874, 0.03337994848699453], "NoiseHL": [0.04271433502448, 0.041463909438394515, 0.0406438940132458, 0.03640326812772863, 0.042586371492891024, 0.04536940844324513, 0.04208628299047772]}