{"FilterHL": [0.03781439609139185, 0.03786186394343467, 0.22728341614153041, 0.5381595036358406, 0.7902874898641468, 0.7528474984512091, 0.6912780411789501], "NoiseHL": [0.49966114323542243, 0.5199745717874508, 0.824316120106498, 0.9241796232731401, 0.33568204463350965, 0.38871761554628836, 0.3010411373524679]}