{"FilterHL": [0.24659726598122683, 0.24412086191336738, 0.23606485521301407, 0.1979991236308873, 0.4199330210307031, 0.3785089187862711, 0.3454853134395771], "NoiseHL": [0.3288687053351099, 0.33103118454364355, 0.3949935346486357, 0.37500322806613584, 0.3875652323549624, 0.41500252521765174, 0.4102701262964288]}