{"FilterHL": [0.1370401913713601, 0.27022096693123443, 0.3744956293013304, 0.26377547265066575, 0.3988378373587873, 0.5760074217139153, 0.6020561212172912], "NoiseHL": [0.537154450643586, 0.9531548261089676, 0.7162532916551735, 0.9683902577248039, 0.629560969980147, 0.7372580985587571, 0.4300081378910354]}