{"FilterHL": [0.34759672619216025, 0.3281233012700295, 0.36297335216854437, 0.3542801376390253, 0.3647658130870064, 0.3652854961242395, 0.5076680094320558], "NoiseHL": [0.8606548878677792, 0.6726548766202922, 0.8591695106463001, 0.6143903566776703, 0.7063305788453325, 0.6980682099834377, 0.5234307765237478]}