{"FilterHL": [0.14203382145833146, 0.21747230397236647, 0.17948643458461175, 0.15918640126807054, 0.19516100996935587, 0.2561872739544747, 0.1460536723572931], "NoiseHL": [0.5320082562173722, 0.5398868050960547, 0.5481937803729119, 0.5517493653191423, 0.5371271661558531, 0.5482644409293714, 0.522872464761547]}