{"FilterHL": [0.3097015491584284, 0.22726140022889946, 0.2835629422767948, 0.26381022417897476, 0.2882579185844353, 0.3397757536871054, 0.3367785100165512], "NoiseHL": [0.34240447938211743, 0.225849421692466, 0.35404733749377243, 0.22973850241734098, 0.2696300883717953, 0.31724996362729413, 0.33032757261221907]}