{"FilterHL": [0.4560515051168989, 0.4329618976098964, 0.4523600673245386, 0.4376794468207703, 0.4573214541165434, 0.6879876150040721, 0.5170342487288045], "NoiseHL": [0.6890082134985084, 0.7984715114556878, 0.8099143098511029, 0.7445535750717941, 0.7625311462908938, 0.5015167228258688, 0.5865314539888676]}