{"FilterHL": [0.3268174002217544, 0.3494510999973385, 0.241158757858375, 0.2253957420981112, 0.3460098751008372, 0.37587683905715064, 0.23542946577260812], "NoiseHL": [0.7155306144739845, 0.4880087695350871, 0.6708999039316765, 0.59670674013961, 0.7364514253987564, 0.628490802398809, 0.674026678453796]}