{"FilterHL": [0.1747785721121158, 0.15311775191189853, 0.13213195617629941, 0.1358323077210744, 0.12624274782897044, 0.23885329162867872, 0.1631080433617443], "NoiseHL": [0.44148548912032265, 0.2825205747578947, 0.418688122029529, 0.2388475231069614, 0.4428258221282362, 0.2581744890464593, 0.46257494027300433]}