{"FilterHL": [0.5282527979141239, 0.507608899464619, 0.2748323396666076, 0.16946372377646532, 0.7088612558848733, 0.47660087418145924, 0.4538981872834582], "NoiseHL": [0.8818938877510072, 0.836271407213091, 0.5112575226701693, 0.465106922263208, 0.23738733414449006, 0.8687008131923925, 0.43449550289672667]}