{"FilterHL": [0.09762167806648404, 0.10533410165461007, 0.09353115259825709, 0.1399611125405783, 0.05125781928502674, 0.027969002441965787, 0.1409665614958986], "NoiseHL": [0.1541534456020488, 0.1924360527157433, 0.33915188080529, 0.43670977857916093, 0.3203372798371315, 0.3758341926157829, 0.42869124519862095]}