{"FilterHL": [0.5515073994509134, 0.45955150612584317, 0.3241394749471975, 0.4253727461538727, 0.47853089083473127, 0.6337805062229438, 0.32579863734697884], "NoiseHL": [0.6512390600550773, 0.5706063686721285, 0.19568834527656606, 0.40466146040290885, 0.40493342773625496, 0.7070514461415529, 0.37677453058445953]}