{"FilterHL": [0.1669628293801525, 0.20997484257426074, 0.26836128037512097, 0.22018160626315286, 0.4124623332746577, 0.3667844809829328, 0.49294741502779216], "NoiseHL": [0.6280495674883803, 0.7698100332392069, 0.7423174697406194, 0.7181863681735827, 0.738306269727783, 0.4198623927093188, 0.524024118237127]}