{"FilterHL": [0.0021798865819852267, 0.0, 0.17622814452357416, 0.15558659863589797, 0.15403185261961816, 0.17924669637310914, 0.13329461116896044], "NoiseHL": [0.31229702626329436, 0.4636905833176587, 0.4741953161789761, 0.3749646903229937, 0.45222677391500904, 0.48755697273533655, 0.3230573537182087]}