{"FilterHL": [0.007603350758229704, 0.4202394560404099, 0.118623488120181, 0.31422184136497855, 0.54082411775151, 0.4431496504917051, 0.521330895911207], "NoiseHL": [0.4535784781091612, 0.874109646381842, 0.6323407195642083, 0.6590270667846653, 0.8890267864971194, 0.8519286137312188, 0.8595570317441316]}