{"FilterHL": [0.05108958802639846, 0.3262668577592897, 0.1312820725731833, 0.1561860902765864, 0.5154646214345885, 0.5536551186599145, 0.5221060053728064], "NoiseHL": [0.48249158894317373, 0.4479785109799972, 0.5492851325061795, 0.5794020690509174, 0.5650605868641071, 0.49907295227165044, 0.6329680823145369]}