{"FilterHL": [0.4706624436476755, 0.2617750488590843, 0.47279142065269236, 0.37325784425449454, 0.6867925519499135, 0.4609025712589608, 0.4453878475262423], "NoiseHL": [0.859048647196547, 0.353139378791751, 0.7757072939497928, 0.8030223982677074, 0.5836568969461443, 0.9100030834567239, 0.6650032096881864]}