{"FilterHL": [0.07251310157402661, 0.039262877637129524, 0.14980396093180315, 0.21410117309564974, 0.542887353306341, 0.5240006502426136, 0.3711833500747599], "NoiseHL": [0.5020217503198903, 0.49848164342855467, 0.593851053151203, 0.6177464083408386, 0.7102405644615762, 0.7037758425163885, 0.7434630245350549]}