{"FilterHL": [0.3290832327940937, 0.4921598633700093, 0.301694137143092, 0.4379555531280857, 0.6777288975427543, 0.38834580013444725, 0.5962235440616763], "NoiseHL": [0.5834832678700046, 0.9369816685137434, 0.9194487937930784, 0.6770469187672522, 0.13866975085768632, 0.9437733576592905, 0.39988545728733366]}