{"FilterHL": [0.1304003822852268, 0.10328495940820878, 0.1406060757869904, 0.1221716042067217, 0.1640517651353936, 0.15724961467552567, 0.14709011068264793], "NoiseHL": [0.15175608727240253, 0.16390065774850582, 0.10487733562238578, 0.24731428643784553, 0.22831803504451523, 0.18121852983462586, 0.24300201611255146]}