{"FilterHL": [0.07541369379629523, 0.3690917804888781, 0.4018248847105411, 0.37436721680387025, 0.6651610977012665, 0.37101875379741184, 0.5776735297249176], "NoiseHL": [0.2656274526120952, 0.8754432738129996, 0.9295432842651908, 0.8613092275706508, 0.47684299079913756, 0.9052832807101597, 0.5361160796444848]}