{"FilterHL": [0.3863132292197994, 0.19208267696076023, 0.20384441000964607, 0.19172654869442493, 0.20453881077320893, 0.18902649111750194, 0.1915891475396281], "NoiseHL": [0.5788218307820068, 0.5672937566564064, 0.660618124045434, 0.5901943951320329, 0.6737137234405682, 0.5920230179784469, 0.17344500143005936]}