{"FilterHL": [0.04349090411464101, 0.2615595069825561, 0.3410981829237867, 0.2652245204810319, 0.4829480922167052, 0.5212727933169834, 0.49726751178900763], "NoiseHL": [0.5496550343305402, 0.8146056984735096, 0.9194441010076639, 0.8144651812205097, 0.8354785090368989, 0.8281002914750434, 0.8397516029436597]}