{"FilterHL": [0.16655959977198467, 0.26326836920744356, 0.22767903800431236, 0.40305948752435994, 0.4440540184670047, 0.34143961479520674, 0.5536167293058859], "NoiseHL": [0.6834947507737505, 0.9030517596206005, 0.9682493001917993, 0.6720263226758569, 0.23405455335508268, 0.8866749220741719, 0.45418074325989805]}