{"FilterHL": [0.06817636629068956, 0.07375338316829924, 0.17085477042093752, 0.1302194755970702, 0.20428041053292198, 0.23204627601340433, 0.22975771913554455], "NoiseHL": [0.24288854112926192, 0.30156500508616396, 0.1920694044787988, 0.26388957652261846, 0.2022429502239257, 0.23593869624710123, 0.2009853579516992]}