{"FilterHL": [0.3065379602429607, 0.38370138783946817, 0.038602190548170046, 0.4636043772811676, 0.5208295557968189, 0.5465202059538633, 0.5217325195457801], "NoiseHL": [0.7626404008858335, 0.6471255408152576, 0.3630350629626827, 0.8369244425206842, 0.953700606231048, 0.44343398124855776, 0.9438944496105466]}