{"FilterHL": [0.12336050766301217, 0.5380362985539924, 0.2544347776798612, 0.4421785741422052, 0.3518024096096798, 0.3851255976893669, 0.38545750575876575], "NoiseHL": [0.35343720771034215, 0.8920333646411371, 0.2609107788604884, 0.9399743020677933, 0.5094454188276124, 0.5683974702890848, 0.7561484041464956]}