{"FilterHL": [0.30646601055617584, 0.5232808330972041, 0.1979447790089648, 0.2572260435178062, 0.5653526026997338, 0.5591300670374073, 0.37597944906034775], "NoiseHL": [0.8632008631553847, 0.8641688066969039, 0.6252120425824177, 0.5922273205325455, 0.6404625504734233, 0.5327017503954184, 0.4165039426237221]}