{"FilterHL": [0.135305774424113, 0.41114687427347224, 0.49490038402339104, 0.4239504756000019, 0.4640627887340766, 0.5112693404176265, 0.7071067811865475], "NoiseHL": [0.4218303540845904, 0.9104046906621447, 0.8550890803915798, 0.8999520381265774, 0.9185586535436917, 0.8488177088235885, 0.47768392823939626]}