{"FilterHL": [0.19387678213863238, 0.19893987653995246, 0.18727059352717965, 0.20735462754872908, 0.20440424817956068, 0.19745843257873988, 0.22953703337337697], "NoiseHL": [0.6021713660881677, 0.6066822295495788, 0.5615350201299179, 0.5856172278622468, 0.6474536259882532, 0.6353528036721622, 0.5454198856305259]}