{"FilterHL": [0.051238455151906344, 0.06391497331301664, 0.04060581717850835, 0.038338949826009674, 0.07537920345081513, 0.09966716580827327, 0.13014478123459364], "NoiseHL": [0.10215257119014218, 0.12374821649517168, 0.06981659715505711, 0.12151320812844094, 0.11731421187404235, 0.18197076821242159, 0.1645562570432162]}