{"FilterHL": [0.2907170933495276, 0.21145258969069672, 0.2851538549221294, 0.20710140575697572, 0.20508410408407518, 0.2855464564944365, 0.22240922248275014], "NoiseHL": [0.8470097922179414, 0.49176323297358754, 0.841807215398137, 0.5065785502120549, 0.35949435055292395, 0.8397491437115432, 0.3847402091311777]}