{"FilterHL": [0.3696111114962115, 0.18879144925044927, 0.2206942788776619, 0.3543546646545718, 0.42060752396262757, 0.4149184701256259, 0.38893767193250195], "NoiseHL": [0.5777174721788538, 0.5781809652476501, 0.5899464821911997, 0.5646992247070567, 0.27575298068707454, 0.5908553994528185, 0.6023239648689915]}