{"FilterHL": [0.20667910111974602, 0.195839717528614, 0.1840323073894378, 0.2303051939136402, 0.27333705286356724, 0.27774982395186937, 0.3512059719675349], "NoiseHL": [0.508426737148449, 0.519985741116293, 0.5052649909470898, 0.5332145066323317, 0.5430049590449978, 0.5483422470169202, 0.561483584228503]}