{"FilterHL": [0.12224807148627437, 0.34516555184643904, 0.3440978445714142, 0.3859825293513088, 0.35912393396559844, 0.614991778684489, 0.3813002248404238], "NoiseHL": [0.2293852270196353, 0.9553215044953797, 0.8808471826643273, 0.9497676294473469, 0.9565666114532775, 0.3133307693553369, 0.9494971390622556]}