{"FilterHL": [0.16030870652160767, 0.09716805153222134, 0.19339195710269133, 0.16406419213725454, 0.20294092775766562, 0.08236030445048444, 0.3427532954974893], "NoiseHL": [0.13041224542546398, 0.11804075086358348, 0.2897689020409705, 0.26422132785794383, 0.12689872058569204, 0.11793805954766172, 0.2979609824041901]}