{"FilterHL": [0.444159056880526, 0.3532946387367332, 0.32971005503644235, 0.4611258874927942, 0.4718286728776677, 0.37496840597707687, 0.5284663089917996], "NoiseHL": [0.9201130010886317, 0.6724424288388042, 0.6230633240660816, 0.6647114187423787, 0.6833188531226463, 0.5956760640406594, 0.7643951724950431]}