{"FilterHL": [0.2998563004109876, 0.38876585927157836, 0.1319114314295915, 0.26364219654573784, 0.37121692753719027, 0.2327877589030567, 0.1426115731001122], "NoiseHL": [0.572439720049815, 0.5050570972001823, 0.42150973044488915, 0.3526064159568805, 0.5158731482358947, 0.439997518923955, 0.38302784561314585]}