{"FilterHL": [0.38819874515303526, 0.37812440467011577, 0.22385795770824804, 0.2559757190764752, 0.27088012678503953, 0.38837939074878464, 0.3585508646975068], "NoiseHL": [0.9120642186568313, 0.8620240491601276, 0.5525088757094446, 0.4451322945346625, 0.4696341276590154, 0.8195107410618896, 0.48749614792807755]}