{"FilterHL": [0.21280512496920956, 0.39365518375629316, 0.2687088074805484, 0.41635009937429657, 0.2378115335519266, 0.24291728572983046, 0.24379247277274962], "NoiseHL": [0.5117315840896095, 0.7562727442798604, 0.46109479605867254, 0.9059386754364741, 0.4309741152297005, 0.5242306127077336, 0.4771681908782204]}