{"FilterHL": [0.010767856546906117, 0.45519673046211373, 0.4073760234338578, 0.4128466016290664, 0.6268795101582297, 0.4533128108150758, 0.447040771873929], "NoiseHL": [0.3383205474006166, 0.9842509842514762, 0.8943726111527698, 0.9028413519429296, 0.8066067062178802, 0.9682458365518541, 0.949304389076411]}