{"FilterHL": [0.25040198023598426, 0.2458308837851483, 0.19158981830286156, 0.27293903493642957, 0.4065143940443023, 0.42448943980450293, 0.24091199694297344], "NoiseHL": [0.6786407992947238, 0.7135264000312582, 0.5353768655273183, 0.5803499856878503, 0.5891727428402831, 0.5865051938580671, 0.6949516812541352]}