{"FilterHL": [0.45377930122937304, 0.48423741075582255, 0.006301176173664467, 0.2839793018069955, 0.29195277681674975, 0.4540427369323384, 0.303802690834801], "NoiseHL": [0.9374252467270975, 0.9395071795640825, 0.5093586144384891, 0.31783002854000303, 0.21945786751211255, 0.9683962820432379, 0.42447870882710176]}