{"FilterHL": [0.1141839620044362, 0.11635759119282445, 0.12368360520890485, 0.12178352485071596, 0.12259677950222203, 0.09014095510537452, 0.10030453891841279], "NoiseHL": [0.18235533890383582, 0.17121900917467095, 0.1637739701323837, 0.17530606148754793, 0.19467201633443268, 0.12346599166415953, 0.1473083110681929]}