{"FilterHL": [0.20285250849217276, 0.4109289703114353, 0.42517049615206304, 0.4145423374674314, 0.4096883328806036, 0.41334193011357545, 0.7071067811865475], "NoiseHL": [0.46770717334674267, 0.9577683809404189, 0.904313415407559, 0.9256319514432448, 0.9842509842514762, 0.9333557463258305, 0.7071067811865475]}