{"FilterHL": [0.24656729394849783, 0.19746841887326447, 0.2274270454574506, 0.18582159061904227, 0.4020561220057993, 0.4774320345610453, 0.24227132942693155], "NoiseHL": [0.7123043031074368, 0.7407309829849832, 0.618742356381209, 0.7130163575269546, 0.2708353069082749, 0.5549147758816277, 0.20419831024009888]}