{"FilterHL": [0.4510587937909302, 0.36511036037202665, 0.4320871438812151, 0.013187441323658082, 0.5001731258685309, 0.5864164920614088, 0.5976560140956739], "NoiseHL": [0.9419801073492742, 0.7654912572960627, 0.8902112517334335, 0.3667950360788851, 0.5856674599968015, 0.7706635647778978, 0.7793560046827585]}