{"FilterHL": [0.11320653239404244, 0.2063075187566487, 0.1147422551980833, 0.179692917966352, 0.14230745377618814, 0.3432337301802459, 0.18713546308921464], "NoiseHL": [0.4295071873618551, 0.37523878219906676, 0.3006282402732695, 0.5048046234911094, 0.30803400757919064, 0.44396072897331823, 0.30132655647187434]}