{"FilterHL": [0.3418866156745203, 0.1641123356322234, 0.28788976727107235, 0.6700603439095344, 0.8739737574446289, 0.5931943320771479, 0.670358855000207], "NoiseHL": [0.711841634105426, 0.7563851622004124, 0.7576282470250976, 0.7366562528516947, 0.7780611903550366, 0.3720854698939347, 0.4038794105925023]}