{"FilterHL": [0.41276102719617414, 0.3745014016278793, 0.3814427356325211, 0.4552230830201231, 0.43465691417331015, 0.6179338417590645, 0.5813254797866475], "NoiseHL": [0.8520049967606441, 0.6554533272485494, 0.554279391280551, 0.9374659944741786, 0.8568765774761877, 0.4734030554924376, 0.6328754683882238]}