{"FilterHL": [0.17996746308425365, 0.24885800172847772, 0.18987351393387786, 0.20721438282368657, 0.26350492805638126, 0.2665139658005435, 0.2310607832626643], "NoiseHL": [0.1871921645878903, 0.36925179818188936, 0.3965418836198496, 0.24802177765484892, 0.24783001387946463, 0.4108862191386506, 0.377541071884783]}