{"FilterHL": [0.057500187063470924, 0.0909563198340998, 0.06584622374171949, 0.08954304268638874, 0.12905921907657936, 0.1054254512514934, 0.12528569624426084], "NoiseHL": [0.14671907289327776, 0.21253563556344002, 0.1483627656606891, 0.19817351433406125, 0.10844426840173574, 0.1297321615586223, 0.13529695473965886]}