{"FilterHL": [0.0019902355179492706, 0.3898916483849661, 0.3881903509668232, 0.43261309673545584, 0.38489316742304575, 0.6576567017707085, 0.6568298885846876], "NoiseHL": [0.23281618951149585, 0.9644287820793878, 0.9682458365518541, 0.9354143466934853, 0.9776532238865889, 0.7455562016970975, 0.34639862872051724]}