{"FilterHL": [0.0064741440749338875, 0.3470419209170629, 0.40329762191525487, 0.3639500884915801, 0.38445408127603914, 0.36996617971649637, 0.3562765756395326], "NoiseHL": [0.2071544063142342, 0.9842509842514762, 0.9467605163405336, 0.9609648513541094, 0.9519716382329884, 0.9577683809404189, 0.9682458365518541]}