{"FilterHL": [0.2374772865083566, 0.09739043454664817, 0.23340192293411036, 0.37897459542999246, 0.4852764684797006, 0.614642653043799, 0.47383862479099675], "NoiseHL": [0.8874894928812109, 0.49249254913514906, 0.7423512613427576, 0.9169758973431872, 0.7709063956233058, 0.8138325353996894, 0.8007104554847528]}