{"FilterHL": [0.24437958266637114, 0.3788541855745485, 0.3586812852392702, 0.40493546753681925, 0.4963359723396875, 0.5079402125542075, 0.45507975816452356], "NoiseHL": [0.6308758178859021, 0.6112635364930802, 0.47063491089870685, 0.4717045672894236, 0.22342489598146162, 0.5695511766484233, 0.48633505242303116]}