{"FilterHL": [0.1839357765726328, 0.16593063838529012, 0.16973386354182773, 0.20364779599128344, 0.2404105788087373, 0.21285581467335324, 0.27722650561498335], "NoiseHL": [0.6068824358121242, 0.5738092625561435, 0.572156651258297, 0.6274713431103648, 0.6073805151756644, 0.5766761781673425, 0.5506596691314639]}