{"FilterHL": [0.12960073703874178, 0.11898894607973196, 0.13333596566390396, 0.14364314806989903, 0.13006898853946994, 0.14278638021135737, 0.15250473871647885], "NoiseHL": [0.18474158392264298, 0.2124534403700444, 0.21786998468972624, 0.249068550265524, 0.21660711291976975, 0.23300578001869762, 0.15147207848857705]}