{"FilterHL": [0.2846195925920415, 0.2253951200617639, 0.2829440216029489, 0.2781105576845299, 0.4054336931009042, 0.4393120472858503, 0.5875022292926646], "NoiseHL": [0.6786436491202877, 0.667327125995775, 0.4129051299595096, 0.8336598916267103, 0.7956757422207309, 0.5039950366837666, 0.23620081585949745]}