{"FilterHL": [0.18992683991046, 0.32499391690974844, 0.24307968126081436, 0.20904571328812924, 0.42616949195196546, 0.4232913828280035, 0.2561341837224638], "NoiseHL": [0.5677140112687359, 0.6873867998566677, 0.6092768569840592, 0.55334067780425, 0.8786398540430768, 0.8772306580413152, 0.6326972624663371]}