{"FilterHL": [0.022649930500457886, 0.2794214261224029, 0.08114236135689203, 0.09952702185036849, 0.48204991875016523, 0.34140187321256116, 0.4731438896301608], "NoiseHL": [0.5821863475504081, 0.605624420249039, 0.6146399920246538, 0.579664765273414, 0.522578576473029, 0.539771416676715, 0.5201846464007309]}