{"FilterHL": [0.48746481104705286, 0.02542654569592019, 0.08500258445244206, 0.4571841672606188, 0.43997150691560905, 0.5492886549828129, 0.1760953296546681], "NoiseHL": [0.9842509842514762, 0.25207587352673977, 0.44419807426166547, 0.8567522348778605, 0.4547716334081165, 0.8888980789315074, 0.40615652393836843]}