{"FilterHL": [0.050897867083004936, 0.04019231623829973, 0.061273852538438325, 0.07487985752473811, 0.043206669383771094, 0.09552102484622685, 0.08372738634381277], "NoiseHL": [0.06950998150192617, 0.07847051056364858, 0.1406879879294675, 0.08258025621649487, 0.06329627949197947, 0.17801883852714354, 0.17081734234898743]}