{"FilterHL": [0.17530947588765985, 0.39424699983233397, 0.23233243653449137, 0.347183350200224, 0.527161155858101, 0.39257798184224185, 0.41076477255185045], "NoiseHL": [0.5632105705842084, 0.8354055586685476, 0.5662772304966384, 0.9382240028802951, 0.7953059062872493, 0.8533045924554841, 0.7713680138419433]}