{"FilterHL": [0.19034441908620703, 0.18460753504774027, 0.16977934781071882, 0.19185824507739757, 0.19964655640979254, 0.29348075740019486, 0.3387404875034114], "NoiseHL": [0.24287569377546478, 0.5848121898983704, 0.2491396851404927, 0.6347761768939749, 0.24542630881859784, 0.6537140038564001, 0.2538225575473226]}