{"FilterHL": [0.40828764388395583, 0.4189901583064374, 0.3940126892515485, 0.5106181213960165, 0.4854076176279329, 0.35414742203741995, 0.3650260984869036], "NoiseHL": [0.30290278568531576, 0.7704811162077493, 0.3247726962267505, 0.8280987647350401, 0.8369195600030103, 0.3200575964757275, 0.8483296814245915]}