{"FilterHL": [0.2839431777002344, 0.2548384984251699, 0.32568529910668303, 0.19265736450548712, 0.31599110714145767, 0.3539490533795798, 0.4980064887362026], "NoiseHL": [0.787042438684894, 0.5896451395625353, 0.824276196179691, 0.3352910403726994, 0.6604587799405602, 0.7155479989105472, 0.13409843353469997]}