{"FilterHL": [0.18238680931793805, 0.272356629093412, 0.21183320124578525, 0.20521831953411274, 0.10304031446984299, 0.2388463048247636, 0.2002428455978203], "NoiseHL": [0.26656524622343086, 0.9446582819145448, 0.40168533578639115, 0.9646379419672347, 0.26644460925636315, 0.9608303972438215, 0.4143696001835847]}