{"FilterHL": [0.1511033752143861, 0.2387056473996275, 0.15667887018978605, 0.21780559579455844, 0.42148887399249507, 0.2726891735311935, 0.2738983626387378], "NoiseHL": [0.6722848032186935, 0.5203010694412608, 0.7120372536705931, 0.47460958474375586, 0.6207081915173442, 0.6080530243205982, 0.6186412677148141]}