{"FilterHL": [0.188095264759233, 0.11847681667414307, 0.16940577429212988, 0.2412387374658023, 0.23283278730687315, 0.273049713737742, 0.23008241422491568], "NoiseHL": [0.5830510986534273, 0.5858272961001174, 0.6509497930182836, 0.5916400195166733, 0.5638832335432258, 0.5656325964500929, 0.5605012441364595]}