{"FilterHL": [0.11117104633275436, 0.17805778086047183, 0.13206479946244407, 0.24379336766256804, 0.32508987531211675, 0.28480919771096075, 0.1716929828815997], "NoiseHL": [0.5191240391504062, 0.5437104207310789, 0.6767595023761648, 0.560250136122623, 0.33697602498107687, 0.6090910398968528, 0.67248085482276]}