{"FilterHL": [0.0052795308295646316, 0.4204029844069625, 0.31090144707003264, 0.4316841014200376, 0.4549651800949434, 0.5467368904947227, 0.4548208735867183], "NoiseHL": [0.4175939405074843, 0.9013568372603982, 0.8136212681126587, 0.8517625941322223, 0.9467605163405336, 0.8431258955185319, 0.9577683809404189]}