{"FilterHL": [0.27468028409129447, 0.22461097553399376, 0.3021633615941142, 0.2875037006817689, 0.3244324642605531, 0.31171776038736587, 0.2679409198847233], "NoiseHL": [0.6898758579414456, 0.6916740126798607, 0.636214036872676, 0.6271826536021743, 0.636839277317503, 0.6363413457373068, 0.6905632554164876]}