{"FilterHL": [0.24458379180585832, 0.25809655935898396, 0.2308357637603113, 0.20999208931509805, 0.24622227660095827, 0.3320964996606064, 0.24714809443585134], "NoiseHL": [0.651972609375989, 0.5872686580102175, 0.6395104041999179, 0.5635778777594684, 0.5247386105405161, 0.6043978377799817, 0.6476313254515593]}