{"FilterHL": [0.2952105963233906, 0.20258221557340453, 0.011870641748987422, 0.2317020391407727, 0.0392646118750191, 0.4833660922018579, 0.06110631272316358], "NoiseHL": [0.6211474444325132, 0.5932192955548028, 0.6110987533671849, 0.6064152371229021, 0.6206956524353002, 0.8050823568176607, 0.6117434098027864]}