{"FilterHL": [0.095444370144446, 0.12160036362972645, 0.055818823835543194, 0.0452785267526729, 0.19374572076425936, 0.20263687314797915, 0.18365934492750977], "NoiseHL": [0.13746369103553274, 0.2374208555147989, 0.2578825660146383, 0.1261155281630739, 0.09815251394373253, 0.08558391098000247, 0.13436231895057776]}