{"FilterHL": [0.08822608100021018, 0.05923954872139711, 0.062034364530992564, 0.07122347650803061, 0.12715657735336922, 0.0435078009265105, 0.06506629004665125], "NoiseHL": [0.16928532748077182, 0.14071973823657263, 0.11400932419763089, 0.13051176590200503, 0.15236351934377076, 0.1836230731049943, 0.13280387244267108]}