{"FilterHL": [0.0, 0.015808779025032235, 0.0013864310769971645, 0.009357191163310045, 0.006386652361724091, 0.023272020995424046, 0.011593245700075958], "NoiseHL": [0.38121562704251255, 0.2984359295890091, 0.3856943031828902, 0.3276141498137463, 0.39308481444302484, 0.2892977483503032, 0.4003881833183576]}