{"FilterHL": [0.00020939547411029475, 1.0241758359157988e-05, 0.0, 0.0006448668803851473, 0.0023884496338079353, 0.03420827020427959, 0.016432521565349648], "NoiseHL": [0.21915374002515098, 0.2612408472229728, 0.2541370758203428, 0.2662155203826279, 0.2740154435715323, 0.329265981228787, 0.30176153952158696]}