{"FilterHL": [0.019084302896614464, 0.05897287277590667, 0.01698222743392359, 0.051742484330393725, 0.015342046734554445, 0.03910381103452521, 0.02036677884064341], "NoiseHL": [0.08733388949012226, 0.13295466148705123, 0.1267172936611838, 0.1322614479173399, 0.10699522875652946, 0.11766761477800736, 0.12352961289187152]}