{"FilterHL": [0.018996705892991798, 0.031597926267258956, 0.022192882610332077, 0.0336436156274926, 0.015686496847360266, 0.02096853036827076, 0.03125701765168584], "NoiseHL": [0.1515968305269016, 0.16304704709248125, 0.1586271347259289, 0.16018084263237214, 0.18312039481806655, 0.17036918892279357, 0.20367642348038437]}