{"FilterHL": [0.005180369804000493, 0.026273059666829204, 0.010215294023493235, 0.020535514677825745, 0.009533620749330157, 0.004391159421995763, 0.04485076176265235], "NoiseHL": [0.30866020565371516, 0.27412647116905686, 0.2533219978878401, 0.24292225893608285, 0.33426758401381057, 0.27192279903227246, 0.2438324266871298]}