{"FilterHL": [0.0004479521542757518, 0.00021574048222544698, 0.0, 0.0, 0.14395320073022042, 0.13129518424232384, 0.1214797384251674], "NoiseHL": [0.41617630313644177, 0.4583104392927531, 0.4211259772110817, 0.4562853096391604, 0.3998258576057979, 0.3868530425609341, 0.40072834456892725]}