{"FilterHL": [0.005816899029558228, 0.01410536320639436, 0.0053139795012027286, 0.005143431744137875, 0.005624563802386617, 0.0038607040128064147, 0.014374151403468663], "NoiseHL": [0.11793418623110348, 0.17138953103461138, 0.14055239027544775, 0.17099235014045328, 0.13526556995404534, 0.12166041666809212, 0.16041202509617206]}