{"FilterHL": [0.011593727999442638, 0.014429262761452462, 0.020819941163349762, 0.02437346153665211, 0.020427875120782157, 0.017190154436713213, 0.022557833472781775], "NoiseHL": [0.22635194067951636, 0.21683751429197562, 0.22789537413547134, 0.2237131443534929, 0.21281167771137524, 0.23706918995715429, 0.22703158119586123]}