{"FilterHL": [0.002704293169301857, 0.012782767982765083, 0.009902573436533656, 0.04481888303164829, 0.0039856763681709656, 0.0081473516670177, 0.04875092678376189], "NoiseHL": [0.13866773721467543, 0.18653615372440624, 0.13722159202027176, 0.15320565572476116, 0.15238538923350398, 0.1619396393134175, 0.14393764622830432]}