{"FilterHL": [0.008414360495615992, 0.01069154729932886, 0.006617490347278161, 0.0050029401167538175, 0.008197845609265396, 0.015290597205717831, 0.015094499807236827], "NoiseHL": [0.10468348727957465, 0.15571745862555536, 0.11090315968392707, 0.14226054756086542, 0.15934537909181815, 0.2392345466591972, 0.17414913215823394]}