{"FilterHL": [0.018184776064886752, 0.03269812110038895, 0.00837545293688876, 0.03120522307363627, 0.04060021111584436, 0.045900016266005116, 0.0550067511661655], "NoiseHL": [0.08463415381409044, 0.09855159140155188, 0.15471275716418817, 0.1619547549760324, 0.09821922165655447, 0.0825264229248946, 0.16494176637561567]}