{"FilterHL": [0.08106183866581346, 0.11120366094341999, 0.06835901712336379, 0.10444869185660603, 0.05023788145065272, 0.12985941095799683, 0.0714214657893979], "NoiseHL": [0.16191265834362797, 0.16745132774511606, 0.19624514282928848, 0.15639254072527808, 0.17646527027894243, 0.18560254152722933, 0.20516092900332308]}