{"FilterHL": [0.07285154386326993, 0.03425828601725496, 0.02020341655144529, 0.04945369782087088, 0.12135599424001457, 0.12090917320073778, 0.014369256138190336], "NoiseHL": [0.3066590485015856, 0.28881104573504435, 0.3761963575714698, 0.3605753846682378, 0.3559917042930669, 0.37310140291336596, 0.31708197659130716]}