{"FilterHL": [0.017481568004016998, 0.019187958068739963, 0.008072731002674903, 0.025745310585827262, 0.00792149817706968, 0.011790903192722383, 0.02633711325073007], "NoiseHL": [0.1484609646366754, 0.11985788356044635, 0.14275302434111642, 0.1427870234452178, 0.19374365069718588, 0.2232763781381281, 0.19043891425005527]}