{"FilterHL": [0.02625046056916961, 0.037170885382670604, 0.012663587050820133, 0.029611410687304635, 0.016797107645274686, 0.022102042816401844, 0.024249107431420305], "NoiseHL": [0.09576850266592299, 0.15554048316263597, 0.117595238407951, 0.18195113318304693, 0.1741436457616371, 0.10511983739666074, 0.18432785038766825]}