{"FilterHL": [8.22754348738375e-05, 0.0008719658704063571, 0.03388523359533111, 0.016052277046668305, 0.0009072450201806111, 0.001045213546854304, 0.01865399663441769], "NoiseHL": [0.18650649930355973, 0.21323045788224296, 0.16345427134108498, 0.2136184187246596, 0.20960401046104254, 0.2226395172490795, 0.2188869938573831]}