{"FilterHL": [0.011748939727118803, 0.029962630607408784, 0.037591904113666794, 0.047787284284779664, 0.03775392976743805, 0.04288780326322811, 0.03360839770602239], "NoiseHL": [0.18278578282513208, 0.18460138363373257, 0.15331926510904687, 0.17586579480662876, 0.17681456784716493, 0.2053393890522988, 0.1664270881210103]}