{"FilterHL": [0.0019769853108140326, 0.007377311020800042, 0.00036599258270416665, 0.003932205293452637, 0.008459403669411033, 0.0092120692337054, 0.006349864019112234], "NoiseHL": [0.2009115892650161, 0.16057121497027155, 0.19186013665193044, 0.15885309249118973, 0.21680194274139553, 0.14923577200562807, 0.2120278888000165]}