{"FilterHL": [0.00014938421066470786, 0.0, 0.00022157962639449588, 0.0, 0.0, 0.0033331156227129973, 0.0], "NoiseHL": [0.294571808286785, 0.35038649663459137, 0.4309281972675826, 0.48296971007602424, 0.3140257650798779, 0.3644827734688218, 0.45086383864879576]}