{"FilterHL": [0.015087874108215646, 0.027495483076656356, 0.01957701609318558, 0.015039098390347741, 0.02542983366963953, 0.02333611451342068, 0.02210820573954902], "NoiseHL": [0.11761780759281462, 0.12319351113016962, 0.11732172731980017, 0.13379164234994084, 0.10425512710583262, 0.1024957526746159, 0.09502471182847497]}