{"FilterHL": [0.009116877349293034, 0.015900547587944694, 0.008389570796590157, 0.013221598594313717, 0.02145765104141476, 0.01792996918333793, 0.025535522618615282], "NoiseHL": [0.1852194866662724, 0.2523140640594296, 0.19711648174197596, 0.27014032896662094, 0.18813040852237042, 0.225029589109157, 0.19064986702298722]}