{"FilterHL": [0.029428590897516, 0.05183705760048648, 0.02535793111598094, 0.03713088092396199, 0.025277400334159674, 0.02939541128785299, 0.04241588017916999], "NoiseHL": [0.053870036670883886, 0.06553930700921518, 0.05677224871251225, 0.055262468751957894, 0.0530709952421571, 0.04921755880750506, 0.06698480285834638]}