{"FilterHL": [0.019943940708694336, 0.014377639867875623, 0.013266398112072258, 0.008942429213838103, 0.006170083450255058, 0.013504721905930295, 0.02499565601927283], "NoiseHL": [0.07817103241994633, 0.09041530002489546, 0.08115547939177, 0.09561284690517409, 0.07425603824864475, 0.1058621631027956, 0.12929896446450104]}