{"FilterHL": [0.012893509148473271, 0.029565300756434744, 0.03640310068872504, 0.044819614824548895, 0.04694032556486632, 0.034381261633644945, 0.020933437223494337], "NoiseHL": [0.3440463555511453, 0.35632854749182735, 0.3571301690436642, 0.36306704075714175, 0.3562039614945987, 0.3629563436724784, 0.36299631674055066]}