{"FilterHL": [0.03870554403925165, 0.024434162763907415, 0.030835505649850416, 0.0493025430302923, 0.01935821048728499, 0.05723457393334161, 0.036980931084443], "NoiseHL": [0.21255503153448085, 0.24100253932538743, 0.24749084652331033, 0.2353923348062169, 0.21680734262545676, 0.22890126663859348, 0.20291885582069158]}