{"FilterHL": [0.0011026904480280276, 0.017204868535819165, 0.0030700447523669162, 0.02549101385047601, 0.03134393050262709, 0.038832811572847986, 0.04336423466495947], "NoiseHL": [0.2863094198482604, 0.2124870101830397, 0.27975348624489504, 0.2422219983912272, 0.20824005119663672, 0.20421971363884714, 0.20875664515837503]}