{"FilterHL": [0.10021260326474424, 0.12369194532929709, 0.12765372170337436, 0.09790901747080777, 0.1098024453404607, 0.09173367532018074, 0.1630950713706026], "NoiseHL": [0.10052610780869002, 0.1228158872673623, 0.3122878661635656, 0.31484461039238326, 0.08706241138292105, 0.1115658254915476, 0.39990576769077024]}