{"FilterHL": [0.02687338663078292, 0.04044980259304747, 0.01319709351322759, 0.04571554587223801, 0.01881828337803138, 0.03068162711313221, 0.04283159987418855], "NoiseHL": [0.10054907821307149, 0.07970083434578852, 0.06755040644793915, 0.07287642122321822, 0.11754152412761307, 0.10582196710565249, 0.13220691704302506]}