{"FilterHL": [0.026640432906520437, 0.017207125215074906, 0.010758983806187105, 0.038008777960511074, 0.01402600637679218, 0.02994401190840686, 0.020228768637391478], "NoiseHL": [0.08355559417921643, 0.19183935749071188, 0.11610563103178523, 0.16901214489085142, 0.11183833536688412, 0.19792932772452895, 0.14093978175044877]}