{"FilterHL": [0.040292374170217284, 0.07223573764981205, 0.029390893987037627, 0.07029898204789115, 0.05238973471912267, 0.09616834460753508, 0.07133400018179047], "NoiseHL": [0.05190715092974123, 0.0833998606676141, 0.07417719860829623, 0.075696396050895, 0.07198203003945748, 0.03983110654836828, 0.08704323890282517]}