{"FilterHL": [0.033555821219282404, 0.07243530148965414, 0.03497983184189245, 0.03926413123415462, 0.029327477340722954, 0.0341797356379722, 0.03467491039457821], "NoiseHL": [0.09233024305186623, 0.07239534691456338, 0.06988465073727428, 0.08035167154756899, 0.06301034898810529, 0.07110550237061325, 0.05320135516257738]}