{"FilterHL": [0.08822023079483873, 0.022246216645159102, 0.02356051947725892, 0.01042180340618341, 0.004119940548825076, 0.058644667598274754, 0.17718116597493616], "NoiseHL": [0.35205660417921625, 0.3519897163269596, 0.48311465172373513, 0.4581477264903948, 0.37527128082492395, 0.3954632784967779, 0.46797179761295976]}