{"FilterHL": [0.020231761178124804, 0.003090153446244582, 0.015787013590267945, 0.00703767577779721, 0.0052168911905518655, 0.008175722026674829, 0.015864015537997236], "NoiseHL": [0.27224725726119614, 0.3287576516184471, 0.28223737952741096, 0.2896102470652187, 0.31651451958621596, 0.33198055320595304, 0.3125962127518777]}