{"FilterHL": [0.013734484574712607, 0.015616418724650747, 0.006953376223867192, 0.030141869547574657, 0.0065120828838871525, 0.02216621999125353, 0.00256230992526908], "NoiseHL": [0.20838604256628046, 0.22890650467364984, 0.23627432574108947, 0.21801020552170083, 0.22149658818881462, 0.2093191016653807, 0.23939440284454244]}