{"FilterHL": [0.03193724343190513, 0.02391068083997709, 0.014684078257887352, 0.037117771642077114, 0.014636757621079369, 0.01687623929324595, 0.03786617482112959], "NoiseHL": [0.0767926946704216, 0.10874250776596212, 0.09155119255953056, 0.10653538070452878, 0.09412248782488135, 0.103950300703616, 0.09910842995751147]}