{"FilterHL": [0.013570192354190344, 0.0407659625765229, 0.02699242805731806, 0.03537823168154376, 0.019144681908895792, 0.024253649492396744, 0.0788560224939841], "NoiseHL": [0.11982356449701861, 0.13067923584760693, 0.3708126288155858, 0.3565256512554151, 0.13254736259457098, 0.12070840618997263, 0.367242479150837]}