{"FilterHL": [0.016550376302412344, 0.021937931541752227, 0.0252210813677492, 0.026061274050183155, 0.008352200564991438, 0.0161992419092937, 0.03181050773213808], "NoiseHL": [0.07001484611388444, 0.1063621735005718, 0.07351206912173099, 0.12156907224100813, 0.0780473817189098, 0.12386544083442995, 0.07072012182696419]}