{"FilterHL": [0.0, 0.0, 1.9893592338175096e-05, 0.00031494924528701614, 0.00010510097761579925, 0.0, 0.000662859148760567], "NoiseHL": [0.13502822103059414, 0.1957864663624126, 0.16950843122097695, 0.21798069666140013, 0.17677669529663687, 0.2108191091580861, 0.21915374002515098]}