{"FilterHL": [0.0019881644962700304, 0.01845164760790306, 0.0, 0.0066122333473163635, 0.0, 0.011652568836317686, 3.8396821492189015e-05], "NoiseHL": [0.12745679692125245, 0.11522142612491648, 0.12350322450529108, 0.11945109101491032, 0.11520270074770814, 0.13866623311432633, 0.12549508256710148]}