{"FilterHL": [0.26855932316978953, 0.24161247111749146, 0.2721918225320289, 0.2165575952460845, 0.2947554278439013, 0.2802419734864727, 0.262440759993402], "NoiseHL": [0.37378313960710347, 0.37255978347821034, 0.3767615353609029, 0.3478333161229817, 0.40566317164039234, 0.4163397984214072, 0.3908859456133374]}