{"FilterHL": [0.030260224327021582, 0.02509193531063834, 0.006890368358351397, 0.03658211991395822, 0.012213530239060534, 0.032586564473012045, 0.04691087483692028], "NoiseHL": [0.17324172611247857, 0.1576661901376524, 0.1567205611909549, 0.17147206432251097, 0.1695940293008141, 0.15017668497073974, 0.18116851741259185]}