{"FilterHL": [0.049818797379484324, 0.06863520708115187, 0.04286791332494716, 0.051563560660899746, 0.0329083825590586, 0.08035561372839661, 0.04975888327026141], "NoiseHL": [0.07200900203267949, 0.07128197186917654, 0.10857383590778608, 0.09034989661255563, 0.04497732629610525, 0.08907180023397454, 0.09204128866085494]}