{"FilterHL": [0.005979043746700508, 0.014697548156894197, 0.006112372114920516, 0.006894068779820796, 0.15274070968109396, 0.1425353192273002, 0.130911572250739], "NoiseHL": [0.1460354313893575, 0.14755419583006651, 0.26128824570266224, 0.24611312986733133, 0.20717535861178604, 0.20446558399129416, 0.2836074311085866]}