{"FilterHL": [0.00022665993185929176, 0.0, 0.0, 0.00026696638786386287, 0.0, 0.004623960838233618, 0.0], "NoiseHL": [0.351972498137622, 0.3644827734688218, 0.35826616493699964, 0.3782104902694655, 0.36060618173820735, 0.39013940086761484, 0.3706266870246375]}