{"FilterHL": [0.02384190760788023, 0.017985642228963747, 0.01457104509658921, 0.03367124644754342, 0.008873022649878097, 0.011299319897334223, 0.030161920940990298], "NoiseHL": [0.05422519308271802, 0.06348560507333531, 0.11041218003791765, 0.11872088025686992, 0.07001568530944816, 0.05603042340374004, 0.13252559579810663]}