{"FilterHL": [0.04340710477379698, 0.758778414283526, 0.035014543403849886, 0.029984258018842073, 0.04573393202157767, 0.04889292009320732, 0.055056881405762], "NoiseHL": [0.04198816249663858, 0.02809175972651007, 0.06384932545826466, 0.05689695820973964, 0.05661286286551885, 0.07124052177384445, 0.06849756025898326]}