{"FilterHL": [0.004285130585050267, 0.022982644182962003, 0.012545577335498378, 0.00654440439392519, 0.06046753614992988, 0.028796449092902163, 0.12245312456009583], "NoiseHL": [0.4190104708321699, 0.4176893920927891, 0.4634553576556968, 0.44341685352570653, 0.4848437082756783, 0.4902011206514007, 0.499698506983587]}