{"FilterHL": [0.012876131113108726, 0.003397880691070766, 0.032287235737136606, 0.009168879498161869, 0.02754237310039279, 0.03859218388124243, 0.1007542337560269], "NoiseHL": [0.32816819297717253, 0.33734013370376437, 0.4085113943835532, 0.40720937997002804, 0.38273324817823146, 0.42175261241940704, 0.30066206436632953]}