{"FilterHL": [0.028581888514386457, 0.02405513247892195, 0.02543734504910877, 0.0440591180290325, 0.020872426534300638, 0.020181677048109564, 0.028332680176475316], "NoiseHL": [0.04453904059206623, 0.058606105924299365, 0.11036980026230674, 0.12633977419095335, 0.058167113890790954, 0.05657721553313352, 0.12629056168115851]}