{"FilterHL": [0.011008225241571135, 0.02358171775806555, 0.008244634489963851, 0.01599841458107962, 0.008333754003722956, 0.005766956929545717, 0.030059621204956793], "NoiseHL": [0.15247217544189035, 0.14914113967722611, 0.1294045632048603, 0.13871246989608224, 0.14749082622787338, 0.11689279221424113, 0.1484193136472893]}