{"FilterHL": [0.10487254396148361, 0.016240363101228023, 0.018531695856058884, 0.01511615780550989, 0.02276127480877847, 0.01990891235557332, 0.01656039489993126], "NoiseHL": [0.33018944215940327, 0.46751567191671073, 0.33535536736777977, 0.4726048546990684, 0.3991653662838203, 0.4682192543567886, 0.40575721258532743]}