{"FilterHL": [0.023076834197259585, 0.05818127086810437, 0.028288639999998026, 0.036603098047895036, 0.03071863554823618, 0.08253836391006325, 0.030170626341524433], "NoiseHL": [0.15918181900117004, 0.2078659159577474, 0.16168670724548184, 0.1448585532648914, 0.15811190740449818, 0.1839533500686596, 0.17532127076204013]}