{"FilterHL": [0.023574229079595416, 0.04540322403356529, 0.02334242500457906, 0.04638829892050787, 0.019369184473032375, 0.02792963368392182, 0.024570044448468924], "NoiseHL": [0.07428619978423827, 0.10045492625043236, 0.0841366447240634, 0.08772571833924137, 0.08384237270904459, 0.07868470480115886, 0.07690944273846581]}