{"FilterHL": [0.0025055172295923816, 0.0, 0.0, 0.0, 0.0, 0.0, 0.0], "NoiseHL": [0.11942301505899512, 0.17098527586296225, 0.16500333021764654, 0.2059196678858405, 0.15880924869119284, 0.2071544063142342, 0.19186013665193044]}