{"FilterHL": [0.2679226415438569, 0.25041160020140407, 0.23739098852423335, 0.24489993993553433, 0.2702276972666509, 0.23463833273186813, 0.296577702131115], "NoiseHL": [0.5224928647296685, 0.5058915008323871, 0.5872422329260226, 0.5694920634172778, 0.5346013507888487, 0.5065826943536722, 0.6006257632670277]}