{"FilterHL": [0.026636379051627412, 0.04106063162970572, 0.03675874334750603, 0.046523460014130574, 0.018091162844372656, 0.04725878761062893, 0.02237432043358423], "NoiseHL": [0.22620621538306832, 0.22666210843834556, 0.206519537795611, 0.20984724331422036, 0.21060881228451933, 0.20433344445315524, 0.2261498944457688]}