{"FilterHL": [0.003773097076895411, 0.019777221604654498, 0.0157737478755087, 0.023044412142948015, 0.008651005678203172, 0.01836582023695691, 0.021458629634778435], "NoiseHL": [0.2944293093919975, 0.42208453009222624, 0.30866105121102977, 0.43075387020632083, 0.3771194965700314, 0.3764682488483063, 0.3590174175756378]}