{"FilterHL": [0.015945849088815467, 0.06303205161956164, 0.0273968438133611, 0.0385683941717432, 0.020582398704568676, 0.030961474446887616, 0.032862248004922504], "NoiseHL": [0.07409821089990423, 0.06829531888380308, 0.016477687357465326, 0.02041012873917627, 0.06966611480780315, 0.08227260737942844, 0.024798579077457132]}