{"FilterHL": [0.028452188702760273, 0.049067049800478824, 0.025271155829564677, 0.015907915244715812, 0.01754525078686617, 0.039736786206339796, 0.021482366858088985], "NoiseHL": [0.0741976255557314, 0.08844040843873238, 0.18849348465171675, 0.18204777281812268, 0.15131919764098486, 0.18740856109567824, 0.23409927847399012]}