{"FilterHL": [0.0011053895163863005, 0.030126251647266847, 0.0188839778602847, 0.006670194755449886, 0.011403110345998951, 0.029126808351337283, 0.014537566350062541], "NoiseHL": [0.11957008814143136, 0.1551156966307814, 0.16039627936182183, 0.17300121472475458, 0.1542874532092526, 0.17978812657850984, 0.14771233036479473]}