{"FilterHL": [0.004179823094658624, 0.010710409247451785, 0.01600359536620561, 0.020236328160684255, 0.01448785438591118, 0.009193518338601112, 0.004766034543411186], "NoiseHL": [0.21610364720788153, 0.2178921104646554, 0.2272003109348037, 0.2373842898456523, 0.2533654767607057, 0.2786841467658259, 0.2763626880515009]}