{"FilterHL": [2.8449695066556514e-05, 0.0, 5.319132344990864e-05, 0.0003390683967855281, 0.0003238884152307295, 0.0004655387499132433, 0.00012031841552057984], "NoiseHL": [0.11520270074770814, 0.19186013665193044, 0.15400905983632326, 0.20217423592924638, 0.16801938030584954, 0.2034297098849552, 0.1996416327232974]}