{"FilterHL": [0.028330217781913178, 9.629103169087505e-05, 0.03125763592130254, 0.0077886363534395275, 0.027409257126641842, 0.05778440093705406, 0.015476123052930819], "NoiseHL": [0.3975272535388872, 0.4954356373656397, 0.43920235354943205, 0.45403369396643933, 0.36274725744299907, 0.5337725662041851, 0.3740494499431837]}