{"FilterHL": [0.0022246172593707535, 0.0003931286458105538, 0.0, 0.005882182464526456, 0.0, 0.0002896924845952463, 0.0027851751957537157], "NoiseHL": [0.23281618951149585, 0.2954782282049058, 0.2863094019622411, 0.323404856382213, 0.2622422036792348, 0.294571808286785, 0.3105607534363284]}