{"FilterHL": [0.009723656360984817, 0.016197590256757537, 0.01183465146253638, 0.009890971317889085, 0.010353563902842748, 0.012051679806434843, 0.055459300723953754], "NoiseHL": [0.11096586000986441, 0.09211888900388368, 0.1068449430906261, 0.11980369682823953, 0.14922204352657273, 0.17925799142541526, 0.16897491521800484]}