{"FilterHL": [0.02087605166085918, 0.029242296076980808, 0.015133457585071041, 0.0219685910297471, 0.02382816564065999, 0.021196189242899763, 0.030979458415141842], "NoiseHL": [0.13893849986718368, 0.1457667776107559, 0.09678777914656334, 0.10016181002913388, 0.1388295683800347, 0.15011570960065468, 0.09195343579226019]}