{"FilterHL": [0.008409115639770573, 0.02293403926910745, 0.02142784940610207, 0.011582746152513437, 0.022034172132730723, 0.004324993242213681, 0.02362624813243534], "NoiseHL": [0.22511506690568706, 0.2325722149904462, 0.22914167346954917, 0.25828398974428807, 0.20763978616020753, 0.2351298835743696, 0.20444462715367553]}