{"FilterHL": [0.02214552305019095, 0.04484662186245368, 0.02990665905914844, 0.026800224955001988, 0.0241553483749025, 0.02902028492285283, 0.017023230335662214], "NoiseHL": [0.063321868142369, 0.09066039843085408, 0.09767514263382805, 0.09969045136238758, 0.08571728275518029, 0.08000380400868184, 0.11276819257724724]}