{"FilterHL": [0.0, 0.0037581059620010707, 0.0, 0.0023055032810630066, 0.0, 0.030725500933874408, 0.0], "NoiseHL": [0.40545175752479035, 0.41617630313644177, 0.39308481444302484, 0.41333255667942487, 0.40256306355402854, 0.45290055876146085, 0.40256306355402854]}