{"FilterHL": [0.009505577557693426, 0.007666397895559692, 0.01950861268638032, 0.009773797338287758, 0.00432281485738485, 0.016870086412298594, 0.006370784790005094], "NoiseHL": [0.24494761559182926, 0.24033281198544043, 0.2574901498231571, 0.2628044082875985, 0.2881694782891204, 0.26921249192264174, 0.29795707318019143]}