{"FilterHL": [0.013879223092707766, 0.01793265457361721, 0.022694337039595357, 0.03396313163642569, 0.012737138910545238, 0.016132285311873523, 0.04046241957324057], "NoiseHL": [0.2844464954878718, 0.2657290367600943, 0.3055741041337503, 0.31169236197748773, 0.20236042254017308, 0.24738676105157908, 0.23509502208027824]}