{"FilterHL": [0.036412886033676345, 0.05942017871854819, 0.024563497493132677, 0.05967174661129013, 0.04542681375700805, 0.024007763804496353, 0.054617452602785214], "NoiseHL": [0.03506977673750292, 0.061225212737202335, 0.02980037807543136, 0.05246483038795354, 0.040620489418508605, 0.016036541337401785, 0.03819831512381567]}