{"FilterHL": [0.025316704827378658, 0.04211970471926113, 0.025549416384768497, 0.03966562314991892, 0.026722139824547568, 0.04293449858130891, 0.03843749996657087], "NoiseHL": [0.026789359806113317, 0.06747943341008336, 0.044209155315845065, 0.04037444606284377, 0.028113797864410938, 0.045971027651334276, 0.038208417046738434]}