{"FilterHL": [0.028333894492308647, 0.045763999510669, 0.04247769760522185, 0.04622095237297058, 0.014128300397550435, 0.019428318466374005, 0.04256238821464629], "NoiseHL": [0.029241145453314597, 0.03800703481279323, 0.02426236990842936, 0.03396037835825525, 0.03967475682725411, 0.003127593807166727, 0.03150496589507212]}