{"FilterHL": [0.017399008233347984, 0.04550014413951108, 0.02923677451467766, 0.09368319615318661, 0.032427487270087596, 0.08658131018487614, 0.10147679525766176], "NoiseHL": [0.16864762520888657, 0.18666298162149317, 0.22973726289535332, 0.2178625425578483, 0.2289723542500738, 0.2317069020751173, 0.24496824420909133]}