{"FilterHL": [0.017006749955959053, 0.03281011130346345, 0.03039298939294946, 0.053752372251560196, 0.026295577907029744, 0.0460450098169588, 0.029947813013667477], "NoiseHL": [0.23393800583088833, 0.24116364286040332, 0.2659290706929692, 0.2648038676853633, 0.27549187385997037, 0.2573608442981946, 0.2361598107728835]}