{"FilterHL": [0.01980112280062957, 0.037223073453793054, 0.0303936717189846, 0.051339163427501916, 0.01073347993981031, 0.06978271682597513, 0.027608695158306166], "NoiseHL": [0.14907517585446653, 0.16571053765397661, 0.14363659330569267, 0.16970896982702913, 0.14405082516621234, 0.18651352243123223, 0.1354792817760935]}