{"FilterHL": [0.008504256947256315, 0.053017072892557485, 0.01687801005447564, 0.9299804649554657, 0.012593461807743237, 0.03400981222118471, 0.014803379206159087], "NoiseHL": [0.12603127697069919, 0.1176934181334636, 0.12599488886333496, 0.15360898698228337, 0.12481221953184186, 0.11444076683788318, 0.12515659503014556]}