{"FilterHL": [0.07644702704454552, 0.047638450779234474, 0.004631054822038222, 0.03947601606091984, 0.07279032551581187, 0.033441827720298224, 0.020735973473573296], "NoiseHL": [0.26919930442367845, 0.23363278563096487, 0.2648119286257129, 0.1796909390786923, 0.24608687780236688, 0.22939993725354924, 0.2857208285488587]}