{"FilterHL": [0.029847109881529, 0.044356074023719924, 0.019196118474059307, 0.06987014472227047, 0.06342089445639035, 0.0464047541607104, 0.07248567550252141], "NoiseHL": [0.19242062845853974, 0.12313476693372981, 0.186809424892345, 0.13116264791448867, 0.1279966616870384, 0.19406077918466502, 0.09480345793865126]}