{"FilterHL": [0.027011771022630894, 0.011671278517586526, 0.00800402192874078, 0.015164532261339077, 0.02485984643554021, 0.01662568379414497, 0.04300380943950009], "NoiseHL": [0.19358140932541937, 0.19569657975714347, 0.17266474652771338, 0.1806099583096839, 0.16835970355340055, 0.19188084887625292, 0.18481136092122624]}