{"FilterHL": [0.9266108351962653, 0.04251203533862621, 0.03921180142113072, 0.02701354220582908, 0.043491595036579164, 0.023450702968996467, 0.045467404811406674], "NoiseHL": [0.15866211968443478, 0.18570477016461842, 0.19611347695520487, 0.23935111506722487, 0.18075611776066275, 0.21078209385567828, 0.22425268631448061]}