{"FilterHL": [0.012407442017160833, 0.0310425643307045, 0.034430578480057046, 0.022870692719912517, 0.02199239741727115, 0.01017262619918759, 0.03642253021553294], "NoiseHL": [0.057528050414857576, 0.09629424886430996, 0.07981142032117453, 0.09394196595958232, 0.06372712982343329, 0.09820056825054818, 0.07221649296810427]}