{"FilterHL": [0.08748340694340621, 0.2626607214378409, 0.114049891978868, 0.24154784881316851, 0.1018833419104147, 0.13249317444553085, 0.17984743459674307], "NoiseHL": [0.26604840852489225, 0.3895269724168827, 0.2833739287912189, 0.4025008398538788, 0.2798368091626142, 0.3754946109680198, 0.29974880861691305]}