{"FilterHL": [0.004306958700695491, 0.030934460235265013, 0.008700211230588213, 0.08265454637653466, 0.4505317319409361, 0.3368267827875863, 0.47351829588113925], "NoiseHL": [0.2952009071923713, 0.4114600635376029, 0.293041445514481, 0.4292914659947058, 0.2943542122215054, 0.2513956138530496, 0.2899929234487523]}