{"FilterHL": [0.004204025669339126, 0.002113451121577163, 0.005038859157656424, 0.019614925069854062, 0.0, 0.011191134828888777, 0.038714641416575504], "NoiseHL": [0.14110802603370323, 0.2009115892650161, 0.16388729456038006, 0.23177253959415942, 0.1865064993035597, 0.22379061732305383, 0.19176940302985324]}