{"FilterHL": [0.06105780211201189, 0.0973684853300371, 0.058797525785111326, 0.074716578025987, 0.06383655898634867, 0.17640449269471437, 0.05368444634190329], "NoiseHL": [0.17161796584246064, 0.193514276839647, 0.2002983711432338, 0.17232153738947326, 0.21180082473094375, 0.21320195600271669, 0.23936518522878816]}