{"FilterHL": [0.016886556811450775, 0.014456455366423664, 0.006289591883951566, 0.011417450633886777, 0.06687010807897843, 0.10485551055363379, 0.06765050779911945], "NoiseHL": [0.1286838470670195, 0.19002087138260693, 0.13462395551656525, 0.1992046821979609, 0.08388521699146599, 0.1571181755793115, 0.10656911647967529]}