{"FilterHL": [0.005363120852005191, 0.015938977630836598, 0.008512667112479323, 0.00644135430317504, 0.0076935692962831976, 0.015344672795215607, 0.01781447363075464], "NoiseHL": [0.22991366450914325, 0.31009253706365275, 0.22624038999403176, 0.28926708556702757, 0.2783325959312186, 0.3145055949570191, 0.2874925945320052]}