{"FilterHL": [0.0001821399906662173, 0.0, 0.0011808026457358857, 0.0004642735125940422, 0.0014228762047879002, 0.0, 0.0], "NoiseHL": [0.15237707995139405, 0.24154202878078954, 0.2612408472229728, 0.19186013665193044, 0.18239580959790105, 0.24368051018541526, 0.24368051018541526]}