{"FilterHL": [2.8597214987073565e-05, 0.0, 0.0, 0.0002000150847222295, 0.0021820427215479246, 0.007965608104836302, 0.002473034097376176], "NoiseHL": [0.28444670306439407, 0.298184114986734, 0.29366312361983693, 0.30176153952158696, 0.3114298399318968, 0.32508767843708475, 0.31229702626329436]}