{"FilterHL": [0.0072736725713853, 0.010896053312635729, 0.005340159606752639, 0.0005929402906340865, 0.011451285554353643, 0.009031158349556671, 0.013530347596436334], "NoiseHL": [0.10664185348140888, 0.15733352330219696, 0.07671387135169631, 0.12150280449044465, 0.15919830685955155, 0.16505424839650804, 0.1621855388085981]}