{"FilterHL": [0.03593337983853394, 0.040388018351007214, 0.03566813149693958, 0.0371415629684548, 0.020763883793619698, 0.03736433133194578, 0.0359668334034547], "NoiseHL": [0.042749833840063735, 0.050107364249885517, 0.03808919567257403, 0.06130992116943108, 0.013597760139584414, 0.041095303287281795, 0.01915031048303349]}