{"FilterHL": [0.018353743096111354, 0.03194228124649804, 0.02604447537689146, 0.022416093290079618, 0.014253408657738845, 0.0198143639027459, 0.017733874409117695], "NoiseHL": [0.06046869334142426, 0.07464184850406894, 0.10598048557733884, 0.103195171497235, 0.07770847635664699, 0.0693053305058082, 0.10885929050730636]}