{"FilterHL": [0.027145509560429604, 0.052584098506837436, 0.022391404178946354, 0.04875057405998431, 0.048126233521183094, 0.062438007150573654, 0.009476046267354151], "NoiseHL": [0.11508272945880631, 0.14119031807260266, 0.10787469632138857, 0.15362961428922173, 0.11215601815315213, 0.1622986257298423, 0.13565602585562492]}