{"FilterHL": [0.01345078683970795, 0.04312827531059157, 0.024072515884989015, 0.052446870126406094, 0.031608409506929565, 0.013095930482624281, 0.01209622413998291], "NoiseHL": [0.11015355900941423, 0.12821652399136055, 0.14135423929994104, 0.14942389212298496, 0.12115490059597059, 0.12395421859272432, 0.12735600072116066]}