{"FilterHL": [0.011705669795989504, 0.03424061514014292, 0.013298724811637458, 0.0210452608908233, 0.3330239068601239, 0.29990135101108, 0.30286241236179273], "NoiseHL": [0.22200105936405765, 0.3111447428926205, 0.3505923314497442, 0.3187264711772104, 0.4011139502920622, 0.44129789210881076, 0.43785577274532117]}