{"FilterHL": [0.007680588441969171, 0.010487010022030339, 0.004001076773996776, 0.033496839511128175, 0.029283489773005007, 0.03764205277707103, 0.06491077349511983], "NoiseHL": [0.12954206218418918, 0.1335514699742702, 0.12352088330434043, 0.13563578523084382, 0.13200235147054876, 0.12455399239113563, 0.13548881854280287]}