{"FilterHL": [0.05932893541181379, 0.05971151372900983, 0.03903792663038426, 0.038698589205968616, 0.07332215416069371, 0.07244769790303963, 0.08418916161796272], "NoiseHL": [0.0688959991382315, 0.09618256752179614, 0.062193138339122635, 0.08876617807954218, 0.11706942047036258, 0.15342802457266136, 0.13794186030616454]}