{"FilterHL": [0.017723286740623324, 0.014686200538867327, 0.01180479163084124, 0.02540974906445637, 0.015493726239415535, 0.013945632025413785, 0.04204448884812719], "NoiseHL": [0.13289832006825217, 0.15921170980956603, 0.12500951376672814, 0.1508192352220035, 0.12544465524367332, 0.1684821646149514, 0.1277817408099401]}