{"FilterHL": [0.04000961530251296, 0.07182469755250827, 0.03096867079328034, 0.06889436610483088, 0.08502310876554739, 0.09381348938432937, 0.08140965545003785], "NoiseHL": [0.08209730198998483, 0.10541959341427476, 0.08163877651443795, 0.058460718014931766, 0.035748159410097194, 0.054890026791007185, 0.043170593813510974]}