{"FilterHL": [0.020374486950650694, 0.022342769535250884, 0.015966713014719393, 0.02395952878995218, 0.06384184041971606, 0.06907683862724642, 0.06880618513973907], "NoiseHL": [0.22443394445546191, 0.22183079252833812, 0.20652350411276443, 0.20425190704838064, 0.32094868183540526, 0.34799234152060843, 0.31368511385156755]}