{"FilterHL": [0.0, 0.0, 0.0009177531458658215, 0.0, 6.0862668560243395e-05, 0.00023260456801420384, 0.0007243695906412558], "NoiseHL": [0.46703880973662104, 0.4888893240112019, 0.4999999999999999, 0.49412886588116967, 0.4569608229123584, 0.46234824365615323, 0.44472620418400155]}