{"FilterHL": [0.0, 0.005891502727431968, 0.0, 0.005458105860875978, 0.007980165392326362, 0.0012836340335561469, 0.007124251525940322], "NoiseHL": [0.12938974008971083, 0.13583437373610002, 0.1368579400081564, 0.13724212235080172, 0.1572246532975914, 0.13923588954915295, 0.15400905983632326]}