{"FilterHL": [0.07424883404582885, 0.12315398160873373, 0.1408748827575151, 0.11302326766376815, 0.11849038967504509, 0.09263748052576336, 0.21775031761302654], "NoiseHL": [0.08760764500179208, 0.08265704471063269, 0.33617659608884315, 0.3262318433767785, 0.06551730212243959, 0.07873771834492799, 0.38298995427897364]}