{"FilterHL": [0.031991112826420885, 0.013935402161540426, 0.02950151463169743, 0.00919494061552446, 0.043351335647597314, 0.04346621459161259, 0.02732889890921807], "NoiseHL": [0.1077970491645416, 0.09468972920896987, 0.1041088562701446, 0.12396717040399174, 0.13512618842466637, 0.17099805426092568, 0.1384321091200636]}