{"FilterHL": [0.025922965517446293, 0.09480454957259037, 0.1812069003636639, 0.18841115521425153, 0.2590404190287325, 0.6167764063131768, 0.16615592448055444], "NoiseHL": [0.5194177167347128, 0.525236683848118, 0.5335405404487683, 0.5238032160654954, 0.5475715620238554, 0.5654913817151407, 0.5245805948400237]}