{"FilterHL": [0.019048679870474396, 0.059232745935911525, 0.0295112881212221, 0.07092892092402077, 0.028935137571490015, 0.07883295488086707, 0.04552215547983167], "NoiseHL": [0.198804314421944, 0.17503990328167937, 0.17913967694806224, 0.18055956627199324, 0.14044999013105736, 0.12752744654013806, 0.12340640750607096]}