{"FilterHL": [0.04705156968869288, 0.07393538200360247, 0.03297116156139655, 0.10314106490190265, 0.04025429028249632, 0.11758537092894887, 0.12478009503398561], "NoiseHL": [0.0964032839031239, 0.18694558391770427, 0.09587743801480549, 0.1814364999964557, 0.08301977783543976, 0.1815541811615067, 0.12009039437547907]}