{"FilterHL": [0.00971243390591826, 0.00947300060891309, 0.009450087747560005, 0.005076735258102961, 0.024574323904268724, 0.03659594613587376, 0.015818232728385232], "NoiseHL": [0.14764339275178603, 0.14070115589061413, 0.11970114290169288, 0.13324390820996534, 0.2027145873256203, 0.2449588343249072, 0.18932730741501907]}