{"FilterHL": [0.03549824912851121, 0.04143417531825167, 0.018533241438670398, 0.024114641791771783, 0.036039968538141946, 0.023981615070863462, 0.04258720701803078], "NoiseHL": [0.31526153510667554, 0.3808409424729503, 0.3143642717634192, 0.3249963231023961, 0.3482129997086546, 0.37048039675193356, 0.3488920066105569]}