{"FilterHL": [0.04393687263849762, 0.02529670897233787, 0.039957387312404086, 0.019172424696486744, 0.03894409032721242, 0.03197323735119947, 0.06353773646538484], "NoiseHL": [0.15487506798696285, 0.15734765160918981, 0.13026474679429118, 0.15305726020869026, 0.13700431525655096, 0.19880207173824016, 0.1225173076805661]}