{"FilterHL": [0.3501354492989911, 0.40798538852808414, 0.39199523432125116, 0.30260968516182696, 0.5644547159865837, 0.608705710013621, 0.5779010626789811], "NoiseHL": [0.5160400922175328, 0.5253475494146148, 0.5046244012411947, 0.5223369753625214, 0.5306286943022239, 0.5347056346200656, 0.5453600752827386]}