{"FilterHL": [0.2199265141966229, 0.31674476027517195, 0.24357151133205757, 0.310778142579296, 0.34821339497485837, 0.5252659985911466, 0.4531356093433842], "NoiseHL": [0.3911142272970398, 0.4023404084685785, 0.33489090900603424, 0.3654007289673063, 0.3776588843529686, 0.44566363606412934, 0.30539103325126643]}