{"FilterHL": [0.020920713375701876, 0.00346223050711658, 0.011851715443737715, 0.04215697340983364, 0.02029980102285286, 0.06602449241060997, 0.01288896058397768], "NoiseHL": [0.20376340310184227, 0.2110375331127714, 0.22158621324145808, 0.21896110621318216, 0.2217388743739511, 0.1989656294053404, 0.2255215357015138]}