{"FilterHL": [0.0005162536201604206, 0.008410360072045901, 0.01623105739732069, 0.02196836615459819, 0.051534133511775874, 0.06217255983231285, 0.029405749972144058], "NoiseHL": [0.2846438722375602, 0.3112078631631254, 0.23765540745273203, 0.2589598052633437, 0.25553893292013513, 0.2559207769433786, 0.19215401716295516]}