{"FilterHL": [0.03341423265206615, 0.05462139217613012, 0.02098948752112707, 0.031810823265143263, 0.03619517022657681, 0.030488025723423302, 0.02539625132378588], "NoiseHL": [0.03492727136535922, 0.05890505393203807, 0.039524494862718335, 0.042033827976613314, 0.027192510541080964, 0.0312755123080776, 0.03401276294489435]}