{"FilterHL": [0.020315999382250316, 0.019826475055360452, 0.019149485955754438, 0.025336902184955892, 0.010009985547915436, 0.013583173349744689, 0.03547049346000123], "NoiseHL": [0.1144177556206728, 0.17096160290161452, 0.11474039788079961, 0.1721224416756267, 0.11427229817497879, 0.16130721596676958, 0.12686473888554503]}