{"FilterHL": [0.034246155995349775, 0.026759137412414834, 0.012134415936768294, 0.032344984508412986, 0.016861827789390965, 0.038842022203383224, 0.05139380600796831], "NoiseHL": [0.08895305676305758, 0.0972335241139661, 0.08640042960349377, 0.11433533080143016, 0.1018692171389171, 0.07933999225282976, 0.07981515873491248]}