{"FilterHL": [0.014121325701949863, 0.03623904157151342, 0.030689124806356338, 0.03763140252359743, 0.04829016669848105, 0.03722596416193349, 0.04430723672393376], "NoiseHL": [0.09865453604416782, 0.13343395611698708, 0.03429291251325467, 0.047374249769971656, 0.12131920943899696, 0.09057912535934805, 0.055708524691399634]}