{"FilterHL": [0.01303150832824372, 0.024987936490035095, 0.035778256577808976, 0.03675767850071129, 0.019082995957368804, 0.01951385475172051, 0.02049249160539727], "NoiseHL": [0.0971756073889052, 0.10583961695977019, 0.10062533074373765, 0.13905493358867732, 0.17722513006373097, 0.20284269821038753, 0.18019463339745997]}