{"FilterHL": [0.015921071591067135, 0.027025564790949565, 0.009092801321856725, 0.017926535830286368, 0.02090962991207127, 0.022274145302726242, 0.0416345830230099], "NoiseHL": [0.11767359317195719, 0.15355631139374964, 0.11241871292593678, 0.1461803488653488, 0.14998175616547005, 0.19609079512956512, 0.1281479110911283]}