{"FilterHL": [0.051618375261917274, 0.03352855993414773, 0.029559160300799497, 0.05434733381317453, 0.05485798386355637, 0.05144865842130685, 0.038825097183598674], "NoiseHL": [0.0458990090660132, 0.0573043644598013, 0.03899940066840296, 0.02519669070812598, 0.03548875714864342, 0.055511567814393245, 0.020471167241124685]}