{"FilterHL": [0.008676329481195798, 0.015190337155183514, 0.01464293221801189, 0.02544505279880899, 0.007708699266678642, 0.024291412139108428, 0.01999452480887821], "NoiseHL": [0.16633134078455972, 0.15883659844923184, 0.2231250027229561, 0.2168588734483576, 0.19173541874944985, 0.2072024536669833, 0.23065993478526542]}