{"FilterHL": [0.0032764931844587756, 0.014599885546852844, 0.010275543877042798, 0.004450897819279378, 0.0045935559778529965, 0.007572467385175449, 0.018612731395747206], "NoiseHL": [0.14741822274890454, 0.12557533799390805, 0.13507570368379676, 0.14224358357456238, 0.16201671145862717, 0.18255095358452483, 0.1507331762741788]}