{"FilterHL": [0.02048641822111985, 0.033000535560203326, 0.027264998606391495, 0.04150641313360363, 0.015922795398982413, 0.0248396620874499, 0.05266854822383883], "NoiseHL": [0.035279800963876104, 0.04968659319601988, 0.024003037551185328, 0.04217588892461436, 0.032831425091788005, 0.051462788428701875, 0.04758947388984061]}