{"FilterHL": [0.013664591835428529, 0.09977917645695332, 0.06028916601424525, 0.07098797929728488, 0.023905958794024663, 0.1348399931196719, 0.04854823274559432], "NoiseHL": [0.2575563306600473, 0.22447294544797006, 0.2092036374822701, 0.26717788895561323, 0.24058835539277637, 0.23295011348352618, 0.2093458702958162]}