{"FilterHL": [0.018211326838294423, 0.002063581661796126, 0.022109303987628465, 0.021668336610157882, 0.08333239847934265, 0.3127574953622572, 0.28050728418492005], "NoiseHL": [0.4199280427071644, 0.42571938365797385, 0.43640925227435384, 0.4446391708155468, 0.36009097741772184, 0.3750192597247646, 0.34761490301043285]}