{"FilterHL": [0.013638335449206096, 0.018638156391267504, 0.017280883376366237, 0.021613463399840518, 0.010162078611998726, 0.027061792813986744, 0.022956169266364002], "NoiseHL": [0.039227202000930786, 0.06180924937538255, 0.051570912544360616, 0.05870369723595036, 0.049363897273565896, 0.06041213624538162, 0.06528696459860706]}