{"FilterHL": [0.002680606219058788, 0.017621406921144445, 0.014828783866818062, 0.007845529327522952, 0.002794788793190272, 0.014960773434283375, 0.026240496718641756], "NoiseHL": [0.10452411458940034, 0.1605073631912771, 0.12939409414160116, 0.17682780557831104, 0.106894312631397, 0.13517844258536807, 0.12946054960177947]}