{"FilterHL": [0.0, 1.8966084373452096e-07, 0.0, 6.32203010280053e-07, 0.0, 0.0059139522294268335, 6.32203010280053e-07], "NoiseHL": [0.17098527586296225, 0.2489564445084177, 0.19186013665193044, 0.27111262876644165, 0.24790907888765304, 0.2972843603127713, 0.27111262876644165]}