{"FilterHL": [0.013312842535497927, 0.05730465212749392, 0.012792479302551339, 0.046667087038267184, 0.049321297503063015, 0.029940287486783103, 0.04188414757158394], "NoiseHL": [0.18548009454050432, 0.22501660484447727, 0.17149065878466477, 0.2438512373709093, 0.18778304838058157, 0.22024725629689104, 0.1924216101440104]}