{"FilterHL": [0.013439288939086986, 0.00708675806844371, 0.003759881576969864, 0.004500911333269151, 0.008759425391652717, 0.02104530310801829, 0.018112363122896658], "NoiseHL": [0.25638456474926025, 0.3221097739430641, 0.26764940848091867, 0.35297804459056886, 0.25478938740351864, 0.2988490408541203, 0.29382922283945273]}