{"FilterHL": [0.2546968942751897, 0.44258383653802985, 0.13285555881090205, 0.38263301434532354, 0.563314384552841, 0.4880842230270503, 0.5102226346203281], "NoiseHL": [0.4300213497865466, 0.4939030253560783, 0.4652531826337617, 0.5306672961660321, 0.5436552891220852, 0.4733860282416396, 0.5189347880399245]}