{"FilterHL": [0.028116410929288044, 0.049586483102728035, 0.05318592537464546, 0.018880971237253803, 0.03079900292639591, 0.018494452651841443, 0.03282377910905025], "NoiseHL": [0.14050118174533338, 0.25210694251201465, 0.14760541906592922, 0.2555621185284323, 0.20344538861534064, 0.18675872662434212, 0.22727095333768005]}