{"FilterHL": [0.0030365646464301788, 0.018102297570020978, 0.014432006035427006, 0.0070425610857864, 0.00401731180832592, 0.011989420595898886, 0.024281389729082652], "NoiseHL": [0.08289371921200776, 0.13692935643266715, 0.10152360237306816, 0.17099046910483626, 0.11091635160498424, 0.16965407593602472, 0.14757806230943674]}