{"FilterHL": [0.004448455514655416, 0.02065058132153505, 0.014216006641696243, 0.008478073911377748, 0.004409715698709063, 0.012736554483921752, 0.02590082376691975], "NoiseHL": [0.1603813179682448, 0.1945646109555978, 0.16038704991830252, 0.20840350188976467, 0.19585448920127319, 0.21449277777561615, 0.19965607283928352]}