{"FilterHL": [0.0060210828350209, 0.03410025292912819, 0.005732663945837932, 0.007075511456372376, 0.011316742558453743, 0.01747036496510884, 0.02770106844716026], "NoiseHL": [0.24417325867254508, 0.24794200815467987, 0.2751976765486785, 0.2903515864623977, 0.21142410624727687, 0.22372756764132393, 0.2073393721772222]}