{"FilterHL": [0.025078241786933714, 0.04865743707991691, 0.003790341848318514, 0.05888589091223845, 0.0397775047680389, 0.05169350764096043, 0.0054266917676926265], "NoiseHL": [0.08901703332384134, 0.14240234080955871, 0.09691241835046271, 0.1721845834856325, 0.09169928193307461, 0.16113636466349215, 0.11843811571906508]}