{"FilterHL": [0.012853427886219487, 0.018621239319682688, 0.009295747566919223, 0.03287160118322634, 0.03829325600408784, 0.03717355470787933, 0.03867560825339872], "NoiseHL": [0.20241483549297332, 0.3114299999241417, 0.22044791270847566, 0.33555575549599836, 0.21035058191862058, 0.30548777931766524, 0.2423136382255171]}