{"FilterHL": [0.0010487802366698367, 0.0, 0.0, 0.003343490581541569, 0.06149395787623441, 0.1400142065294774, 0.15329460101044115], "NoiseHL": [0.26916281322186875, 0.31916807257306506, 0.2909232592243174, 0.35670015035662817, 0.29334011836018026, 0.3140964595643525, 0.31468418639530504]}