{"FilterHL": [0.03922529097907908, 0.0472266266423773, 0.0626127915905345, 0.02205902721956462, 0.058592669347906, 0.0701946115028922, 0.05758760468243457], "NoiseHL": [0.10741625422439773, 0.17036712732077605, 0.10796208372909734, 0.17870130737081263, 0.09835802452074884, 0.1574468788112832, 0.09111161829090474]}