{"FilterHL": [0.03504521722366955, 0.05563917112541014, 0.04244376091303251, 0.04257241716550748, 0.02540406033532233, 0.030997347986109747, 0.031544326669232535], "NoiseHL": [0.030407338093607166, 0.04220773371325365, 0.04210883240851786, 0.04579927613496596, 0.023769696048350518, 0.04389044784588313, 0.0339394131678191]}