{"FilterHL": [0.0031935489621109005, 0.033320552750327186, 0.0031838094980958477, 0.009998643360769069, 0.007603397386161208, 0.010068864526294663, 0.052088880617186355], "NoiseHL": [0.3526511558862552, 0.35788770121084995, 0.33057424780177663, 0.30592271530212234, 0.3330741437122669, 0.36077841667485083, 0.3810765280981342]}