{"FilterHL": [0.0, 0.0, 0.00022472055782967243, 4.1073296774142544e-05, 0.0, 0.001384171794414002, 0.0], "NoiseHL": [0.15562474979979976, 0.19836422482717905, 0.1572246532975914, 0.2108191091580861, 0.11303511652045509, 0.1634756284592911, 0.13317431117202394]}