{"FilterHL": [0.022112801230403257, 0.024471210765751636, 0.03509199287221856, 0.028702514329141695, 0.00709315881484548, 0.009972608050564036, 0.026984732528064576], "NoiseHL": [0.18004280638860287, 0.17521070487070872, 0.12782160095290587, 0.1065990493381862, 0.1701897652770172, 0.18129887519648913, 0.1325534667061704]}