{"FilterHL": [0.04780901369571806, 0.04585556740970693, 0.03192468719645493, 0.017385235461008366, 0.04624334972436559, 0.06325265457974728, 0.025243435205602526], "NoiseHL": [0.11755443785682636, 0.10982252375184867, 0.10259408271735676, 0.12340301824144279, 0.15172843039426534, 0.1756501324749349, 0.14536205294202886]}