{"FilterHL": [0.008944359829082385, 0.02819147379241475, 0.02660599083791038, 0.005223515635821283, 0.05699207347400312, 0.07041608199425854, 0.06973377771959012], "NoiseHL": [0.11088019215630841, 0.14539658628072896, 0.1440913897838967, 0.13933811696992396, 0.15466633787253323, 0.16003626897368337, 0.15866698827242323]}