{"FilterHL": [0.0, 1.8544637662385372e-06, 0.00038661336544503215, 0.0, 0.00028161810123542247, 0.0, 0.0], "NoiseHL": [0.14044858014632036, 0.18920084887799915, 0.22721260617900388, 0.21915374002515098, 0.17677669529663687, 0.1905347827318423, 0.22379061732305383]}