{"FilterHL": [0.02653143194098571, 0.047444204352404845, 0.028358588509735824, 0.029694001108700675, 0.032159161030866114, 0.033678023095018515, 0.03996371275855897], "NoiseHL": [0.06689834940557722, 0.04583969534307368, 0.03370715354935174, 0.05048038880545444, 0.02040999691492208, 0.0486527069939195, 0.038402816276694604]}