{"FilterHL": [0.03267734992750419, 0.021408723962675874, 0.028753349138670642, 0.04179592305929679, 0.006974831188046119, 0.0297506563631184, 0.038744621262760875], "NoiseHL": [0.18066074026707185, 0.17137314093590195, 0.17685921125926213, 0.1357554079033332, 0.20223934437690272, 0.14305797337005027, 0.16668860786486633]}