{"FilterHL": [0.0023041290291091, 0.0, 0.0, 0.0047117845715115075, 0.0, 0.0041533363357565784, 0.0], "NoiseHL": [0.32001888456532224, 0.3774567248364172, 0.339134720787118, 0.4119063716742538, 0.35512924987693184, 0.41047726066357265, 0.38345924946823057]}