{"FilterHL": [0.0016896536856709466, 0.005102254548817126, 0.02521906719958844, 0.023150914475681992, 0.0017793200495549203, 0.032831591351119356, 0.009354970962547997], "NoiseHL": [0.32191186041204095, 0.31947738106847884, 0.3265502057509567, 0.36163026662938286, 0.3356652336786984, 0.35316912905242803, 0.3384112819044745]}