{"FilterHL": [0.008651464436267145, 0.0014976225191553857, 0.008031219727059221, 0.0055267448542632375, 0.004003420690928517, 0.006866826764646751, 0.02412506756032645], "NoiseHL": [0.06518627636261992, 0.0844917263231961, 0.16204471932648076, 0.18975460585595152, 0.1476050072187397, 0.16851013061380943, 0.12562627137028418]}