{"FilterHL": [0.0034611432584389715, 0.01296232592960843, 0.006925759369447979, 0.005811469976037813, 0.0054893515629527495, 0.0055795298027654094, 0.014584387943813773], "NoiseHL": [0.17098773250872862, 0.10172278638292391, 0.17968819801863908, 0.14602912757473327, 0.1838206598321599, 0.10659713468102369, 0.18514912320026156]}