{"FilterHL": [0.04512549040037192, 0.07684151866922971, 0.059583144706594725, 0.11975129222691716, 0.041561911099726095, 0.09346121234228372, 0.062013593599236166], "NoiseHL": [0.11925972495879975, 0.10966183188803179, 0.13368025014324153, 0.14695555552932993, 0.11621459492688413, 0.12613953850104748, 0.09693186196531865]}