{"FilterHL": [0.012175095974799224, 0.01825530777435347, 0.013102292460100128, 0.0009677459681760979, 0.007264401819521318, 0.18681803175898729, 0.012941667138811607], "NoiseHL": [0.2657660169229908, 0.2668650318376215, 0.287729691506065, 0.2945966058410267, 0.284630083879673, 0.285295662988514, 0.3053121402539979]}