{"FilterHL": [0.004971071520761437, 0.05759894238007607, 0.0262831906708573, 0.03343020244597715, 0.008240720589431472, 0.020342312457145784, 0.014405053212920049], "NoiseHL": [0.1465825139070187, 0.14309457307547252, 0.16718505768360803, 0.15092244173310418, 0.1565542740417901, 0.17386428781568486, 0.16400370401034714]}