{"FilterHL": [0.029662739569690864, 0.06937909882363485, 0.06628423307198031, 0.058604894302130416, 0.045368942448399216, 0.06988026293018704, 0.049289055669914615], "NoiseHL": [0.045036266818599666, 0.07171302976232902, 0.06999405700859546, 0.07349238806969738, 0.06900886933430951, 0.07167718322725876, 0.040873322556281136]}