{"FilterHL": [0.036394849130876136, 0.05030760563005404, 0.036186487424188576, 0.04223091414818305, 0.06083232987913103, 0.05794984307446663, 0.08226545965300522], "NoiseHL": [0.04472817617881154, 0.06108060761646791, 0.056020350445345604, 0.06114396724904338, 0.0792962944374969, 0.08986464963080729, 0.09781837882823487]}