{"FilterHL": [7.327609286531683e-05, 0.0, 0.0, 5.070447669047282e-05, 0.0, 0.0, 0.0], "NoiseHL": [0.24474362140675346, 0.3105607534363284, 0.25, 0.333404535312594, 0.25720215815045966, 0.3044224920897379, 0.277846286164513]}