{"FilterHL": [0.003617958139009587, 0.037906757335122554, 0.020583085734248135, 0.024926468766337816, 0.008314051741318357, 0.061879653352086436, 0.013951302088550124], "NoiseHL": [0.1910364905935406, 0.14209486075313424, 0.18889796988404908, 0.15501310710228733, 0.2103203988163023, 0.1606141623056465, 0.2084520575224756]}