{"FilterHL": [0.30069773932249455, 0.13110110728534852, 0.24795659781529428, 0.3107142545819177, 0.2739385433886346, 0.44157653132246544, 0.45659078935689434], "NoiseHL": [0.574247115622175, 0.27507263650686875, 0.5781515683347291, 0.32530891878395074, 0.5850994292625702, 0.31882237461475477, 0.591887024618946]}