{"FilterHL": [0.03748446312342356, 0.03829475126294518, 0.01973433530257846, 0.03646745075365844, 0.06961298121695275, 0.08495903239954643, 0.06739929858779356], "NoiseHL": [0.06618446475893446, 0.08069996085442215, 0.07472598543350509, 0.07570585833492174, 0.04641787241332834, 0.06174675883948084, 0.05937839547793944]}