{"FilterHL": [0.000158658537462731, 0.001815297895657199, 0.0018930437958686163, 0.0025289186752187167, 0.00030470307163175974, 0.010752727410581997, 0.0015906548575092974], "NoiseHL": [0.17390359233227098, 0.2203211650582041, 0.1753468879992616, 0.183785271089223, 0.2120278888000165, 0.24790907888765304, 0.18240563737824955]}