{"FilterHL": [0.033696421866903935, 0.05232209793140808, 0.02094042308514916, 0.027449066287436097, 0.018192833200319967, 0.04478213835917643, 0.01496968805215882], "NoiseHL": [0.11099519440799871, 0.10786413557307142, 0.14243475068754172, 0.16092382771627695, 0.09967825945472072, 0.0947503629989127, 0.1485316550498669]}