{"FilterHL": [0.021496158699314385, 0.0656514907808, 0.017066281599338075, 0.028770189761874027, 0.07305644253722239, 0.07269945017679622, 0.08121847108903654], "NoiseHL": [0.02310070245075797, 0.044032942617946325, 0.04017803197895978, 0.033394373211852416, 0.0226236214861792, 0.015212751623440832, 0.038997205782502334]}