{"FilterHL": [0.02145831300604426, 0.010968004784306564, 0.011651383090259149, 0.027643698945725343, 0.004428305313014307, 0.008565441701389379, 0.021553874758920524], "NoiseHL": [0.04103384168704911, 0.0699714348722289, 0.05064334880077139, 0.0792450018189073, 0.044620229867334715, 0.07995170038107553, 0.062247798169742435]}