{"FilterHL": [0.07348961235406139, 0.07361330771958548, 0.0695978686174263, 0.1099157328469181, 0.08722323817878638, 0.0940790451595675, 0.06244361340870453], "NoiseHL": [0.08170232116571655, 0.09699282931293304, 0.21911338313494214, 0.2371532091210254, 0.06114279692631894, 0.09201657324161436, 0.29965461297476337]}