{"FilterHL": [0.02429104466147843, 0.039254227365282446, 0.023198127132505842, 0.03844816278674212, 0.056843056548642315, 0.058458693939243724, 0.16337416494571091], "NoiseHL": [0.1304052314415254, 0.11162330304032951, 0.11756503792277768, 0.13050738458577163, 0.18075168588972387, 0.20076032659490137, 0.17494427801263532]}