{"FilterHL": [0.015511854546870879, 0.015349016142815525, 0.031097219799328665, 0.03715635004469866, 0.21123422776209713, 0.23687762555383662, 0.18600795341642454], "NoiseHL": [0.3513113062284236, 0.3733103063391325, 0.36124904088698645, 0.37248031353030747, 0.328441175820658, 0.3103541398382748, 0.35710459302086334]}