{"FilterHL": [0.026145505415557952, 0.04769711620685264, 0.013036116033946712, 0.032975961335583566, 0.046367437313793454, 0.02597405193739367, 0.03129741710232873], "NoiseHL": [0.048865194340342616, 0.1334634812495818, 0.07657233414776224, 0.13354898991880101, 0.05533478909809444, 0.13704412001819383, 0.08019229602038343]}