{"FilterHL": [0.017714173671853753, 0.023326909833231026, 0.026032855478040958, 0.013890243572561784, 0.015614424714554407, 0.08949146582682653, 0.06601639498815436], "NoiseHL": [0.17686737365534885, 0.3174670953198344, 0.2929048482495374, 0.33864181843604085, 0.22450954634851228, 0.2500001051574782, 0.2462203897598116]}