{"FilterHL": [0.02701521692211411, 0.03205967922179796, 0.042854388765422864, 0.028394254744354884, 0.05354869299855263, 0.048712344881621766, 0.044647285047619355], "NoiseHL": [0.07851773806093085, 0.09426739729088715, 0.08435632335270067, 0.12834488254989115, 0.10839811214934299, 0.12982109823659774, 0.11871778269656587]}