{"FilterHL": [0.012896950502628615, 0.009615789673467488, 0.008234335173072744, 0.031062464279258118, 0.014393927622198262, 0.012329188774522293, 0.027863950734239782], "NoiseHL": [0.16591867274403319, 0.1605819551377766, 0.16662065848960886, 0.17945574565290232, 0.12027199261810155, 0.09911857135436726, 0.13293376722578892]}