{"FilterHL": [0.0033246670173988535, 0.009528031723794706, 0.012044905501391466, 0.012960385976317781, 0.0034272320103692967, 0.016017290313770957, 0.014946942197056131], "NoiseHL": [0.19053484726982156, 0.2344218710233422, 0.22356417259898956, 0.22985176358093445, 0.19082495677672404, 0.20479022463136043, 0.23073379053311438]}