{"FilterHL": [0.012204359007203664, 0.03321306379801767, 0.001127727624603859, 0.007508201568228555, 0.017270766859872347, 0.00164401222901201, 0.060221343464639567], "NoiseHL": [0.24086348667135524, 0.22837706285996195, 0.2613760498921747, 0.2442965606273879, 0.2608069266460472, 0.23015411011788553, 0.2796180968107881]}