{"FilterHL": [0.02281318078190006, 0.05425762584686789, 0.00534033099771246, 0.040787214786191295, 0.018834130333606175, 0.02069036674697295, 0.0040875186013851475], "NoiseHL": [0.18319482002690135, 0.1870225390642776, 0.1897382049284251, 0.18279727693678108, 0.20810326163285592, 0.18038850380093446, 0.21235438364322326]}