{"FilterHL": [0.030618282688114663, 0.03575873830540003, 0.006069516004086651, 0.008171922205005629, 0.010432472879974342, 0.015865107796005504, 0.014500675857876665], "NoiseHL": [0.11006197616229225, 0.11761905042433289, 0.13217567850600304, 0.14573054661566628, 0.11047543256672106, 0.08494067566875388, 0.13738346455197784]}