{"FilterHL": [0.010376203414437212, 0.011276916835673294, 0.010681060413140658, 0.006242357978660243, 0.021579227453180756, 0.023052211669056088, 0.0038455732800348583], "NoiseHL": [0.17115952701463671, 0.15914042248427152, 0.1218848085087437, 0.1295158230378423, 0.17921478627826284, 0.21462250715091552, 0.15076097115976833]}