{"FilterHL": [0.05852733541321375, 0.08428481788511435, 0.09184809560571634, 0.06934178953693085, 0.048745760363055356, 0.30125101330377235, 0.0702708367677216], "NoiseHL": [0.17449365598695735, 0.19500908945206474, 0.19587884926503496, 0.27137648392418234, 0.17246192322562717, 0.3161081893011402, 0.1942557361260803]}