{"FilterHL": [0.0059139253106642595, 0.011510667593630104, 0.009622114716206174, 0.01428983652866492, 0.004592512651443719, 0.008217733761481378, 0.025214981598535944], "NoiseHL": [0.24486167177415535, 0.2602617476448094, 0.26277198619992875, 0.2785246509270453, 0.26621555643813133, 0.26023811246613165, 0.4011799493226966]}