{"FilterHL": [0.04037648601980313, 0.017562372896070433, 0.02324016936760515, 0.008562244044880967, 0.03786665052813957, 0.004574190771424998, 0.04623176788684572], "NoiseHL": [0.23785039557523469, 0.2558479560528273, 0.25445182640501113, 0.2992821403127755, 0.2688285253253013, 0.31195775411145676, 0.2997592575723438]}