{"FilterHL": [0.0352670905087059, 0.035987869795261446, 0.023946049251486714, 0.05701020650481947, 0.014980952548067219, 0.00490203865792977, 0.03312626691038956], "NoiseHL": [0.06324594346686849, 0.08712119718281157, 0.08250579165344989, 0.12241789656365859, 0.06837725730808718, 0.10687807238484572, 0.09678416786893969]}