{"FilterHL": [0.06310531113890697, 0.0751683350715621, 0.06600065501658775, 0.07729319193495142, 0.07522348885414558, 0.04873462013314956, 0.053114416325503275], "NoiseHL": [0.26398303393539474, 0.20893167255954226, 0.27328949969703903, 0.24259875801710185, 0.27181483959207736, 0.2568291786535, 0.27697720034214257]}