{"FilterHL": [0.004576158236115046, 0.039483279091551984, 0.015484995544355491, 0.013321397596136082, 0.0020099035738845123, 0.021863390114335853, 0.020693454388906147], "NoiseHL": [0.04946989774077622, 0.0798500938534859, 0.07010558573502287, 0.08286971006435048, 0.04944521643901747, 0.08603303348405736, 0.07406256060382439]}