{"FilterHL": [0.018429220954710786, 0.03579291827352418, 0.019074032558491338, 0.012475446197687746, 0.01222131486318491, 0.023195352239888504, 0.022527328627842954], "NoiseHL": [0.0903904381980473, 0.10092174960441827, 0.13280439617237155, 0.14956106095829028, 0.10365362947051629, 0.09317382318201882, 0.15206280410448997]}