{"FilterHL": [0.03568193893768224, 0.024614147757549824, 0.031256755272906896, 0.018890773306112774, 0.03634470166863593, 0.034092821701672354, 0.05103658528743577], "NoiseHL": [0.17173553621463744, 0.2885905401077135, 0.13171730286858924, 0.26218290977179426, 0.17721469521437808, 0.29292468040461833, 0.15982391588667716]}