{"FilterHL": [0.040817907372209646, 0.044199731909657584, 0.023289058110643093, 0.027200386119089454, 0.04702924927194293, 0.054205583946091686, 0.06177563355288595], "NoiseHL": [0.28824296746764005, 0.3077641554966934, 0.3002697993053791, 0.2944200874721637, 0.3015852401997859, 0.28164559498771086, 0.2506140701876977]}