{"FilterHL": [0.03499090785695394, 0.050793329681986646, 0.03268373803717531, 0.03536769592716828, 0.029339574839209126, 0.02919700335957898, 0.06307972793597749], "NoiseHL": [0.06875953921432267, 0.07641055867840922, 0.06213670092120056, 0.05703113042516321, 0.05304993579514228, 0.041155290056006155, 0.07550627448737032]}