{"FilterHL": [0.005450376842043968, 0.015999924887386868, 0.005688121054912709, 0.008674476317767488, 0.0020550951480471278, 0.0023988409843273403, 0.014586526604163387], "NoiseHL": [0.2829956975229996, 0.25594067011755006, 0.2779920520873839, 0.24898866203082157, 0.26731286572662655, 0.2304784221767825, 0.27342231193251776]}