{"FilterHL": [0.07944274650571584, 0.07389748252190226, 0.041074870762957225, 0.04935024232625777, 0.10159466606061675, 0.10364184719247675, 0.11659659837166501], "NoiseHL": [0.27804451479818104, 0.28020083727578443, 0.28996232438434166, 0.29575949320331263, 0.4017307631903778, 0.40974711473145176, 0.4069985185289984]}