{"FilterHL": [0.0, 0.0009478013399674725, 0.04021161870957211, 0.004711304299415451, 0.0, 0.0, 0.06877852168187319], "NoiseHL": [0.25720215815045966, 0.29908168989284245, 0.24369126043742179, 0.3332189170439063, 0.27879713016662017, 0.3157471010468728, 0.29257889598167347]}