{"FilterHL": [0.3742533388206206, 0.26824961307401973, 0.15704783638238307, 0.29873569276853246, 0.6888061571597885, 0.5071358773400437, 0.37516281603841517], "NoiseHL": [0.636051968508445, 0.6010205160806262, 0.6424062877654452, 0.5983882050757504, 0.6379684479885543, 0.5956043411723609, 0.6252015866812356]}