{"FilterHL": [0.02896424867927005, 0.08695343425995081, 0.027490299458172763, 0.05714588866550752, 0.0928307171151957, 0.052458320868135615, 0.07378352749632847], "NoiseHL": [0.04567374705011768, 0.10526810074960755, 0.05259371379620892, 0.03736053025693834, 0.11019539267656529, 0.05573381669053607, 0.10780271207656915]}