{"FilterHL": [0.016245790814719073, 0.013141889246628301, 0.004524538341958213, 0.03349561998190548, 0.00196837154803769, 0.01881695160873205, 0.006654065924437203], "NoiseHL": [0.2968812544045617, 0.34817908739101966, 0.3487977102166561, 0.2872386342352041, 0.3062702729261045, 0.3297778165242399, 0.34328419029825635]}