{"FilterHL": [0.007647902399342629, 0.022742089408625984, 0.01630013350839365, 0.006614888614070562, 0.007505181565115938, 0.015349610799153743, 0.02381763539687761], "NoiseHL": [0.19899068315128068, 0.2486759532350194, 0.31169331319644566, 0.34176719303236525, 0.20786020929001603, 0.2492714836424431, 0.3186230636357942]}