{"FilterHL": [0.008844003822880434, 0.002375825949411378, 0.012047783195499448, 0.024453831998104816, 0.04211134025956524, 0.04893839224457744, 0.03796776671669229], "NoiseHL": [0.16908701434038798, 0.20998178055460362, 0.14252341287323192, 0.16894539063780747, 0.1684647376169259, 0.1625149463107314, 0.12888359825342208]}