{"FilterHL": [0.024925104414457357, 0.05629948835573842, 0.03025757770998498, 0.04453876907803865, 0.04537168244559807, 0.035904851802170554, 0.03303914127685737], "NoiseHL": [0.04613927129725152, 0.19959547846898562, 0.04925748526175102, 0.1857883024086221, 0.05065001628668608, 0.08207886999436817, 0.04772096507953784]}