{"FilterHL": [0.09670956959615411, 0.07649393454985251, 0.10034621271895179, 0.12379230327343237, 0.0939218951991425, 0.09645497449623958, 0.09787183350066658], "NoiseHL": [0.10883769102343924, 0.09545755622249691, 0.10868281403650679, 0.11377083451115928, 0.0971312568236782, 0.09409109969741651, 0.10955394510985375]}