{"FilterHL": [0.0541755871947211, 0.03714984325111996, 0.034233015413980765, 0.04874303655863253, 0.046144115231902, 0.04352427442393472, 0.06110000553772195], "NoiseHL": [0.17241109568062915, 0.1825986346492389, 0.15270634873836222, 0.18818253652326813, 0.16427221851473936, 0.15306976767879454, 0.18189221001570552]}