{"FilterHL": [0.01974429764289276, 0.04481132438651266, 0.024738267898427528, 0.04525761459764446, 0.026520993270055655, 0.03577383045728541, 0.02810677668613071], "NoiseHL": [0.040950687636119726, 0.014698394445480772, 0.02567212463635335, 0.018627752593968556, 0.023908424289846526, 0.025359176919978813, 0.0464329436698564]}