{"FilterHL": [0.0444820651120652, 0.03923388612032017, 0.015007923116686835, 0.021566211732894486, 0.0826364760902228, 0.04445191990291241, 0.11931999457439417], "NoiseHL": [0.16398358401122876, 0.18478513538109964, 0.1985095657818883, 0.23504314430360504, 0.17489780232842891, 0.16173558057044893, 0.217607380984558]}