{"FilterHL": [0.03697001935851776, 0.02750839191683277, 0.015104120626291323, 0.03839594034067364, 0.013277045829263904, 0.023792564972542563, 0.04873108970759981], "NoiseHL": [0.07669538707359615, 0.13511086338163733, 0.0914748348867391, 0.14654440186321252, 0.09403771982244791, 0.13334418570266415, 0.09922106172613798]}