{"FilterHL": [0.03283068224037818, 0.05668491110461174, 0.03592668771264664, 0.08205258331066162, 0.04248867451982134, 0.08561084554418075, 0.06211426599519183], "NoiseHL": [0.09864867061523945, 0.06357321678443247, 0.08530442752646868, 0.07978563100671685, 0.09395161311215691, 0.07189293986998727, 0.10565228168176583]}