{"FilterHL": [0.004091562882401213, 0.020066602024444127, 0.015127688371812076, 0.007167720126913691, 0.005362309196144185, 0.013379381637140001, 0.028244656374799358], "NoiseHL": [0.06996598356962859, 0.09137020271129644, 0.08575415934064134, 0.09396914798840529, 0.0766864299173932, 0.12149137939973681, 0.09906963534218519]}