{"FilterHL": [0.03157184933064354, 0.05327270492701821, 0.03381034268752322, 0.03609290727236598, 0.028972057760854465, 0.012661537450176558, 0.03580941478369169], "NoiseHL": [0.04000932097121749, 0.05736558197474506, 0.028823687962654703, 0.0365266938192657, 0.026337175676842413, 0.035984526086208404, 0.05141550428769011]}