{"FilterHL": [0.00010200273052916908, 8.358214042686366e-05, 0.0, 4.2759270656694134e-05, 0.0, 0.0, 0.0], "NoiseHL": [0.18100629468644155, 0.22379061732305383, 0.1996416327232974, 0.24895644450841764, 0.2214830616120933, 0.23830281775681836, 0.24154202878078948]}