{"FilterHL": [0.028157730157745156, 0.045443154519447394, 0.023236534383438805, 0.027787463243002207, 0.03520931678053259, 0.06297142131939226, 0.0217385985339386], "NoiseHL": [0.03440726780601921, 0.09264330212467434, 0.04170875029997832, 0.042474064044074264, 0.052764318936933265, 0.07963767240665078, 0.0402332944638624]}