{"FilterHL": [0.04102503899802645, 0.04152992869683773, 0.619551396174441, 0.03249492372666086, 0.04029762388766858, 0.054115557212287724, 0.05656807825390869], "NoiseHL": [0.06745873750488197, 0.0913003695912453, 0.058631402543844725, 0.042543800248650926, 0.08916941296336826, 0.10707150308869802, 0.058550339194124]}