{"FilterHL": [0.23223704209792484, 0.0, 0.350169993750799, 0.00018064339362711368, 0.0, 0.6978992177037459, 0.6743081924535855], "NoiseHL": [0.7792262771096936, 0.8048791122432485, 0.7930490588734501, 0.8040190354753587, 0.8048791122432485, 0.8217301707865152, 0.796384409559863]}