{"FilterHL": [0.00439581579208646, 0.017822306315087952, 0.005549144329607933, 0.005857813223314333, 0.009466194010953818, 0.005471319892296734, 0.02334157019401621], "NoiseHL": [0.18268891195987902, 0.1753501234948523, 0.32846521514706783, 0.31152155054990444, 0.3207330034459171, 0.3301016702503807, 0.3633451688886467]}