{"FilterHL": [0.03998831007699297, 0.03987396105815052, 0.013935498862656864, 0.06742268796031434, 0.029707825667943846, 0.037686362429768916, 0.007349477208345349], "NoiseHL": [0.32271024133222886, 0.37791041460763963, 0.36647854400068886, 0.3666658291971748, 0.3706701379795585, 0.3474384955410172, 0.35961146020884127]}