{"FilterHL": [0.0486293374033393, 0.022578240322892046, 0.053477373392196506, 0.07728592001049352, 0.05110504292502892, 0.0497227179762952, 0.04722786473798], "NoiseHL": [0.20803205547891104, 0.21888053787743136, 0.2569100552216469, 0.2811624419843732, 0.2556867523179183, 0.24913792551451527, 0.23008934887800808]}