{"FilterHL": [0.01851449707937411, 0.029876430565601624, 0.025270197070481035, 0.010711608457631987, 0.03364320582579507, 0.06086566110872152, 0.04376179137030022], "NoiseHL": [0.0731857616800276, 0.05443106951721653, 0.07591389260351944, 0.05204365659496764, 0.12967617281807534, 0.13737711366804703, 0.1284941452830833]}