{"FilterHL": [0.00586142415763998, 0.010878227077951623, 0.005460650005760911, 0.009542434988233614, 0.01182037006319146, 0.012115445226035611, 0.01678068296068645], "NoiseHL": [0.06287066174863545, 0.07734578515274433, 0.11737254461508348, 0.1439586263484998, 0.13893861782253564, 0.1540817945550256, 0.17537955532707547]}