{"FilterHL": [0.14682222477561452, 0.11117527321661738, 0.09834035896985767, 0.09462152554520352, 0.15719072208753404, 0.13403820319953738, 0.1349620978938871], "NoiseHL": [0.19254895489336307, 0.15135432543539903, 0.17465609385667105, 0.1570454590538512, 0.13996700414740065, 0.1635773764939856, 0.13731940249899535]}