{"FilterHL": [0.01976640662712485, 0.010665604050446136, 0.01215621227576722, 0.02162066496559117, 0.02193912580553682, 0.030732876682732904, 0.025293721816285863], "NoiseHL": [0.15445255364015711, 0.19650410501358948, 0.15387846924611523, 0.18433842243645454, 0.12881539296351932, 0.12998334750501164, 0.1195779209229682]}