{"FilterHL": [0.023905882487518636, 0.02109371787213563, 0.01082571088184828, 0.019497951240746356, 0.00793858078140922, 0.017465652084557082, 0.028411892826469904], "NoiseHL": [0.23362654715323417, 0.24392735324063494, 0.21681075471752084, 0.24606150736903729, 0.22653894265515365, 0.2501972925221305, 0.23377415941277283]}