{"FilterHL": [0.017797433464398157, 0.03588038878605063, 0.023198191438043993, 0.02927959161524687, 0.023570741143691426, 0.02974130341208213, 0.0289983446589037], "NoiseHL": [0.04516256486158577, 0.05556478610084141, 0.06275031677965506, 0.055228324875288344, 0.08321768532164149, 0.0993506755868371, 0.08594130578610086]}