{"FilterHL": [0.05390916622161966, 0.17448536926453306, 0.05192611705300404, 0.11388177784995582, 0.036618320462846465, 0.12646572254640145, 0.17172703584435087], "NoiseHL": [0.2910689767149493, 0.259305051384567, 0.27651273931711695, 0.28206810282038514, 0.2681212931494842, 0.3096315434642392, 0.3047556021115611]}