{"FilterHL": [0.06985280638789741, 0.05511801175742247, 0.06571775771317087, 0.08232238637726576, 0.1251517171144428, 0.13877400597683248, 0.050191652776963316], "NoiseHL": [0.10968254352374353, 0.11033523233902044, 0.13172685332762027, 0.11825415618083956, 0.15532551290477187, 0.17140596838632965, 0.245609933286448]}