{"FilterHL": [1.6858741414075958e-07, 0.0, 2.001978138284354e-06, 8.007905751496886e-07, 2.771209592581395e-05, 0.0, 0.0], "NoiseHL": [0.12549508256710148, 0.18514569594605018, 0.17677669529663687, 0.23502440593598806, 0.1796067636529137, 0.21323045788224296, 0.2120278888000165]}