{"FilterHL": [0.0, 0.0005362480297902905, 0.03666780241837642, 0.0057018956453368606, 0.001212065283852627, 0.0012192848069263447, 0.043404471177715676], "NoiseHL": [0.12938974008971083, 0.1665177944500141, 0.12129560066847632, 0.15684764905120793, 0.1796067636529137, 0.18100629468644155, 0.17450570290475162]}