{"FilterHL": [0.02868231638574873, 0.047682443349516504, 0.015087170916210778, 0.01992093381987017, 0.03556337509464333, 0.030450081594301907, 0.007450219849777749], "NoiseHL": [0.12464677751724715, 0.11259086901842721, 0.16464915618797124, 0.1364339378165992, 0.1265850166756013, 0.11617765112888849, 0.1584302604354863]}