{"FilterHL": [0.044813029950560884, 0.06433554301993859, 0.03322757661996811, 0.015894067147666897, 0.03443305835353039, 0.04478003104282274, 0.04620747153517979], "NoiseHL": [0.22112440941012002, 0.23351302043070152, 0.24314342207787185, 0.21411821073424997, 0.2568765894324215, 0.30062355274925395, 0.23791983765810082]}