{"FilterHL": [0.021827422990707147, 0.040680656681328725, 0.02492885448558247, 0.0478948120861424, 0.031087777871949843, 0.018497187863950586, 0.056982256328975245], "NoiseHL": [0.033827864542121194, 0.04857310170861781, 0.04441509285437541, 0.0655788980765316, 0.05549383120780127, 0.04446361037813754, 0.05879575044264484]}