{"FilterHL": [0.06868373843043178, 0.11783420772756936, 0.12000261910958984, 0.08627702312626859, 0.07581473491728971, 0.11921417297632474, 0.06327511954761143], "NoiseHL": [0.10928733605298116, 0.16244923110699916, 0.1390137837646936, 0.138541858625002, 0.13197309952987502, 0.16272995115097477, 0.11973855232647096]}