{"FilterHL": [0.030206810714575913, 0.02166604827913858, 0.017086118038506015, 0.02939388454993658, 0.008165270922293348, 0.019213971882014857, 0.041474439715330484], "NoiseHL": [0.22868022933910398, 0.2535880934966883, 0.22967471230642894, 0.2438884914509115, 0.24929331912007816, 0.23297487860096636, 0.23872391986352454]}