{"FilterHL": [0.0, 0.0007114384529816615, 0.0004510308312611473, 0.0, 0.05416633321087405, 0.06630707001526928, 0.07665926208437472], "NoiseHL": [0.33092608230775955, 0.359827365101645, 0.2954782282049058, 0.33092608230775955, 0.29934760130710236, 0.3378745860465003, 0.3272784044040012]}