{"FilterHL": [0.005475031748620748, 0.12304768078324908, 0.07020625999963553, 0.027176538007869438, 0.013370085060368398, 0.08484343693105503, 0.09638573171826974], "NoiseHL": [0.3239156208194336, 0.3621851176046376, 0.39108182127463414, 0.4784836575100425, 0.3347033028479355, 0.3712873964453873, 0.3890545638223693]}