{"FilterHL": [0.019073170647975302, 0.010051008710637228, 0.01675131573361282, 0.014462730242023832, 0.021606767927949622, 0.0052235157211222676, 0.022242635581795265], "NoiseHL": [0.11433426342279475, 0.13245774133620908, 0.09383056465561947, 0.1260478415471584, 0.10972722988893271, 0.1296811294247996, 0.09786436418236531]}