{"FilterHL": [0.005266497425203293, 0.01321960383860025, 0.005505590682351985, 0.006750304384752706, 0.006258708822634724, 0.03225108398971558, 0.0151897408616764], "NoiseHL": [0.2130855005820311, 0.27221689221793294, 0.2919669280415689, 0.2965898660405123, 0.24825645040595093, 0.34606590758086575, 0.29458262240529026]}