{"FilterHL": [0.08752228045991138, 0.06661834310690129, 0.0680126793352998, 0.04994758136440013, 0.077977215141865, 0.18015630781438766, 0.05050720029178421], "NoiseHL": [0.3772550930862097, 0.3781358503444719, 0.3745833082750406, 0.39520803545031197, 0.320775549631375, 0.300108876099099, 0.3625032624602117]}