{"FilterHL": [0.012657086826404037, 0.049131537404583356, 0.01970706509343128, 0.0285115363628496, 0.16146323712963667, 0.012728942340011696, 0.1739131343641839], "NoiseHL": [0.17463124511633926, 0.20191002622687665, 0.22100793423746182, 0.22476986522522704, 0.31587459121213796, 0.2863486368628766, 0.33170810288403035]}