{"FilterHL": [0.014779820935657929, 0.02345222544672077, 0.017410479003951904, 0.027377229725075287, 0.017351340278865268, 0.022687618827177514, 0.02225169327705165], "NoiseHL": [0.11566412381866452, 0.13023056081531217, 0.14662810674732368, 0.13645913003079246, 0.11310358125470736, 0.10314845655103588, 0.14750378228444358]}