{"FilterHL": [0.0033504355373996457, 0.0021108090516744975, 0.0, 0.0, 0.0, 0.0, 0.0], "NoiseHL": [0.3767019529958348, 0.46167640777834235, 0.39747691872394614, 0.40904518435664383, 0.41261982749319664, 0.45290055876146085, 0.44882260281898695]}