{"FilterHL": [0.03901308299690405, 0.020180432178190162, 0.015427985321368262, 0.03058298276837882, 0.02667566673975017, 0.018844957964545307, 0.02212675610447777], "NoiseHL": [0.2631641570269638, 0.2426400659048407, 0.2615343200730064, 0.2540644690447276, 0.2614023812131643, 0.2288013533092535, 0.2623252489573094]}