{"FilterHL": [0.20375056177938133, 0.2065589867542554, 0.21481219369680427, 0.21212799550015918, 0.20726361070128704, 0.20893864349500046, 0.21144522640614954], "NoiseHL": [0.5729805499479051, 0.5932842554025082, 0.6193978193748945, 0.6123724356957945, 0.596460179724716, 0.602817634439944, 0.6104593582939015]}