{"FilterHL": [0.015199880617392178, 0.04800115931586617, 0.027873231255233978, 0.04308222981603247, 0.028419881185057123, 0.01496878735668198, 0.030932011941832788], "NoiseHL": [0.09652787462041142, 0.12212246133579195, 0.08323706307758955, 0.09952966133752894, 0.09914484082903088, 0.09059013630803717, 0.10179907317181545]}