{"FilterHL": [0.02999241894379466, 0.06497886503827772, 0.02688443531629084, 0.042383411829966675, 0.03479225688728328, 0.03102859313133406, 0.030873788331514343], "NoiseHL": [0.0249939497904197, 0.042364486101970154, 0.03211935073516701, 0.01982145132937765, 0.02896648654205888, 0.04198113060373569, 0.031647696299708344]}