{"FilterHL": [0.08507203095336895, 0.05641565955901658, 0.08084415742139517, 0.06138425952290169, 0.08220600097587845, 0.07112671560634588, 0.08525776530405102], "NoiseHL": [0.2893915406743975, 0.3080614453603834, 0.4353415428671344, 0.41910055105785415, 0.323767468748799, 0.28042718609589296, 0.41821085283411563]}