{"FilterHL": [0.017674423219744672, 0.04875995968570121, 0.021382577849097965, 0.03225835176920191, 0.023988378408326426, 0.03158993875089645, 0.025235812198237943], "NoiseHL": [0.21533791023768462, 0.19758222705070358, 0.2510002604033623, 0.24758814527883882, 0.24905246564287695, 0.25040750101684084, 0.22514862643130396]}