{"FilterHL": [0.008310549747917303, 0.04717629408668759, 0.023473231000815897, 0.04100119760462143, 0.00510552642650615, 0.012292018547379283, 0.02401802464227857], "NoiseHL": [0.17001494658797253, 0.19353703643381917, 0.20127335505130298, 0.18051958493884454, 0.19565740885667818, 0.2150708099181454, 0.20526360573886715]}