{"FilterHL": [0.05223736933672416, 0.039733119687865755, 0.03222610155591067, 0.04106942654253918, 0.048254700683818465, 0.03291352112765161, 0.052949370505773974], "NoiseHL": [0.14899210800268667, 0.17644049743009235, 0.154512613982695, 0.18868217448664643, 0.15445893623410728, 0.17307070241281022, 0.19173660137876294]}