{"FilterHL": [0.003193873241248306, 0.03837779839325117, 0.011715091154192317, 0.002769613162294071, 0.004287755390465075, 0.01243674584694749, 0.021570915027261182], "NoiseHL": [0.30798235289697296, 0.30673541976700647, 0.28351168420578887, 0.3088279865787647, 0.2909405904366669, 0.2769170390086257, 0.29187448925793985]}