{"FilterHL": [0.006774126833124714, 0.007571716142773366, 0.02693613758482202, 0.0021732539233510007, 0.015050849807246471, 0.02210885421785296, 0.017489860427875894], "NoiseHL": [0.4195618207979685, 0.4434470374509468, 0.43296017691278005, 0.42835712464702214, 0.3081700855000425, 0.3204128809750267, 0.29874690236868495]}