{"FilterHL": [0.02202274428616675, 0.00694155240670739, 0.020462210350563385, 0.018559805435288096, 0.020063343039179966, 0.02505892583303321, 0.012979523930754478], "NoiseHL": [0.1521215642580494, 0.29551033266378895, 0.16226201510627922, 0.29772275205100157, 0.1635691461705175, 0.27174438707149356, 0.17407839795086694]}