{"FilterHL": [0.022114034772208833, 0.011532300441509706, 0.015365601223423895, 0.030746311726913812, 0.01140326757662433, 0.025943885822884514, 0.007079159710502737], "NoiseHL": [0.17412582965407805, 0.16417188316055267, 0.19029533180195105, 0.19234244886394375, 0.2175835722877778, 0.2127308037277085, 0.2240223381210398]}