{"FilterHL": [0.01618395449569578, 0.03623637529295778, 0.023764904165343232, 0.016485037531852112, 0.022084602413160955, 0.02250880418714536, 0.014566739110899491], "NoiseHL": [0.05306855629013525, 0.06469036946415452, 0.06635128254049666, 0.0782816047717883, 0.08963687677831846, 0.11813125101099681, 0.1010173166450328]}