{"FilterHL": [0.06962883649612617, 0.029222328306155412, 0.009081300113880664, 0.016898884029610237, 0.05562339273223528, 0.05333083852589198, 0.049688276715443035], "NoiseHL": [0.24723550051041876, 0.23696562908198676, 0.20709920013256206, 0.238081347346726, 0.1580183714124926, 0.18674257284438817, 0.1452709152694424]}