{"FilterHL": [0.047584525557936845, 0.046657995062800835, 0.04787315976958347, 0.048075371674588294, 0.04754477780553205, 0.02543663488856474, 0.04666069154812557], "NoiseHL": [0.24420637213276253, 0.22511831860564605, 0.2639716236714017, 0.27830026842675104, 0.2568021868239524, 0.23565066700243875, 0.25230562985530275]}