{"FilterHL": [3.1610143448586587e-07, 4.846889239910634e-07, 0.0, 9.693781802136912e-07, 0.00120628127478195, 0.0019448223668536858, 0.0], "NoiseHL": [0.15400905983632326, 0.1865064993035597, 0.2120278888000165, 0.2404665476109235, 0.1665177944500141, 0.1634756284592911, 0.20217423592924638]}