{"FilterHL": [0.022461494641925272, 0.012086457188002995, 0.0020627608290814995, 0.03508791198857864, 0.004162265257542973, 0.022385893748142996, 0.01573663310681171], "NoiseHL": [0.08731766852204105, 0.19379693431194922, 0.17252191963436375, 0.19880837850593758, 0.11564988044133347, 0.1857022674130907, 0.17143286839626898]}