{"FilterHL": [0.032100078616341045, 0.026317834707552695, 0.031321165455859765, 0.020814032207432463, 0.1187150923868401, 0.1552851786735118, 0.08214661241519831], "NoiseHL": [0.20747818663702036, 0.24790860226683176, 0.2039642412094442, 0.21385027642539908, 0.27132424970015795, 0.27932648397845095, 0.26203415756845366]}