{"FilterHL": [0.0341074793809927, 0.04553400101332083, 0.016091748968277444, 0.01137075334148364, 0.011226653414626721, 0.013389078606725014, 0.014118859521649388], "NoiseHL": [0.0871382121085263, 0.09722612708133654, 0.0923668860025706, 0.08079192519847668, 0.09131408450521798, 0.11386906262526468, 0.08638094405390671]}