{"FilterHL": [0.20368674597270472, 0.1816866493682977, 0.17323458909418177, 0.17240316131306951, 0.21632659011516395, 0.2481748275495244, 0.1928426052887184], "NoiseHL": [0.5759317117141532, 0.5565886741245872, 0.5488677250961036, 0.5401845196716588, 0.5883069351172479, 0.6170101092321332, 0.5679050486064559]}