{"FilterHL": [0.011021391366159233, 0.025499658439744707, 0.006170152260634484, 0.005555250036555953, 0.012537396742594612, 0.021680652057330052, 0.00453379958104865], "NoiseHL": [0.11951231506488472, 0.12355210588205628, 0.14571761649248685, 0.1255972538042469, 0.136876124763679, 0.1331788393951937, 0.15578303529056983]}