{"FilterHL": [0.02449639293477421, 0.020241673778945313, 0.01371713415553716, 0.031187555832634488, 0.007448166571079024, 0.01681334189017599, 0.017848483508289634], "NoiseHL": [0.06865606586338936, 0.11752566591354602, 0.0809766765276377, 0.1173664709608574, 0.06688640523608617, 0.11365599750144045, 0.09049152146508155]}