{"FilterHL": [0.0, 0.0001374331553122531, 0.0, 0.0, 0.0, 0.0, 0.002117128899366287], "NoiseHL": [0.12549508256710148, 0.14567520307051546, 0.15400905983632326, 0.1634756284592911, 0.15562474979979976, 0.16037899096361255, 0.1837755367050545]}