{"FilterHL": [0.03269552650707248, 0.03533007406909778, 0.014339928478459735, 0.029071437831521905, 0.0619575524507547, 0.10535063431693002, 0.030522729241238982], "NoiseHL": [0.3838473878628445, 0.4125160906771491, 0.39826048257284846, 0.4165858829317362, 0.40922069457924365, 0.425473932394987, 0.3694336611066971]}