{"FilterHL": [0.1690737941900282, 0.11565236237600914, 0.17463286154889643, 0.12549861192324685, 0.11878690212368091, 0.3705969772953129, 0.26868336799664366], "NoiseHL": [0.21451921370164695, 0.24201695202792275, 0.2220160366823162, 0.2200198071124256, 0.2286776843259766, 0.29617225965401056, 0.2450520448025966]}