{"FilterHL": [0.010243031880462355, 0.03599192457221649, 0.02239086709233721, 0.010811670969264992, 0.012120071832709309, 0.015092753686888775, 0.02697149924992212], "NoiseHL": [0.12962599266026179, 0.13095742834228652, 0.11903393637839829, 0.12244881915015363, 0.12148670628247756, 0.12971968999569286, 0.11410065347107892]}