{"FilterHL": [0.026173624590158165, 0.030988819481136673, 0.03376119159251549, 0.019995980367048083, 0.031484082895077585, 0.01980748636265827, 0.05290959467315826], "NoiseHL": [0.18651167908528285, 0.2609340361705208, 0.16928410257572907, 0.287328105171578, 0.18723627120027045, 0.27250470826811213, 0.15867123347634324]}