{"FilterHL": [0.014317703361504302, 0.06858826631380172, 0.039529117582544675, 0.03991437768244567, 0.07693239137806418, 0.07603210107345873, 0.06753014796478718], "NoiseHL": [0.2604010008213569, 0.18173068162880693, 0.23345824294782225, 0.15130522710115707, 0.22021852775113473, 0.19166470278068226, 0.20023270316983688]}