{"FilterHL": [0.04640520707577839, 0.06453755404289964, 0.05268437041832902, 0.04964032454548996, 0.05485657642571625, 0.036933161158087785, 0.03314464834784573], "NoiseHL": [0.08375219269828511, 0.06601343381021724, 0.08703283925577222, 0.06742550529679722, 0.09025630347728146, 0.06812078240136216, 0.07391422756189236]}