{"FilterHL": [0.011370847708521831, 0.023978182140587685, 0.015098568150353188, 0.011423062124501244, 0.009572409782111073, 0.018415215463261074, 0.02331073838070677], "NoiseHL": [0.07666755674964083, 0.11521148774926, 0.07991402726636074, 0.09131965937810672, 0.07338662302144473, 0.08575960209306864, 0.08290155187675231]}