{"FilterHL": [0.015189899678086082, 0.04413179885332373, 0.022182606456539272, 0.03709354476733736, 0.03681472312910146, 0.047355648222938265, 0.06144197296608339], "NoiseHL": [0.2488242540985768, 0.23808014533988567, 0.23972001843028026, 0.24595121296897765, 0.2537896667295303, 0.25918290324874294, 0.2633573222929021]}