{"FilterHL": [0.009119482055292597, 0.02005119749246355, 0.002557334055461974, 0.007611023995185875, 0.004985010269890328, 0.004584252359429028, 0.01381571887873444], "NoiseHL": [0.13784125119964186, 0.20091189023009962, 0.14223127597025056, 0.19142455020165836, 0.1574605052018143, 0.20799164762067726, 0.18465605343151356]}