{"FilterHL": [0.021899613737312605, 0.034010998309796, 0.014629202089377666, 0.030025874245436245, 0.032830557402817956, 0.023796535307790526, 0.047287489273302584], "NoiseHL": [0.21449656029827305, 0.2384043704547255, 0.20094080528580974, 0.2248361586340716, 0.23393752542704035, 0.24368147073116564, 0.2226713394305888]}