{"FilterHL": [0.05011085461512685, 0.06986495840643996, 0.04446037604022058, 0.0757502710976508, 0.060899824868256736, 0.15891634880024047, 0.1379884049606293], "NoiseHL": [0.20178808757162184, 0.2460509257480179, 0.18944319828000783, 0.273524644829212, 0.20290882080125017, 0.2609009286101352, 0.20753613694825976]}