{"FilterHL": [0.013549049524784047, 0.030837654119995523, 0.005129512432552791, 0.016249079846320937, 0.007594191201465358, 0.015346660782976333, 0.024621631295446263], "NoiseHL": [0.24825742166374215, 0.24493859593968378, 0.2820846132391959, 0.27343881210605864, 0.2958166902039969, 0.3234521176102532, 0.34238443798840856]}