{"FilterHL": [0.02729062663547205, 0.05057985840965991, 0.03357839412293873, 0.02730959664628733, 0.016729087878166394, 0.06203462398440227, 0.020623996234131452], "NoiseHL": [0.03161333090669937, 0.01969596699523084, 0.032677761314122006, 0.03809682510357993, 0.046543186253331204, 0.06008898538542509, 0.031912813937225726]}