{"FilterHL": [0.031013849454931224, 0.04618914770653475, 0.07292380221877383, 0.05631748848283413, 0.09490435243016204, 0.06870570347699796, 0.09588537226539123], "NoiseHL": [0.23903446470527823, 0.0617103162910244, 0.2144091444711862, 0.030472857282761008, 0.11162959987464764, 0.04810856615735275, 0.10007811608497075]}