{"FilterHL": [0.016768873668498278, 0.04803555210625056, 0.028340087280299023, 0.030941059446421264, 0.023528603812702994, 0.033168539965953606, 0.11838166540508162], "NoiseHL": [0.14326876965868007, 0.14045470858425238, 0.13665660937661253, 0.15009834627704988, 0.14011946230410866, 0.14856842916885335, 0.1207658922767537]}