{"FilterHL": [0.04033773595322935, 0.04366443985449493, 0.022138044762177754, 0.042671678169355416, 0.07553918326917404, 0.1134301385453075, 0.04092718576109326], "NoiseHL": [0.2791949762499386, 0.32916186309079704, 0.27360848766846585, 0.30125456503099457, 0.30883786362345733, 0.3229756195631449, 0.31369432201918585]}