{"FilterHL": [0.02452355731782235, 0.02454233846994938, 0.01760562676782373, 0.03855047138567355, 0.009356522461011065, 0.024375365647286214, 0.021129598514291324], "NoiseHL": [0.1485677549342575, 0.25852866753645226, 0.15328974694423925, 0.24894175525279402, 0.14634314798365033, 0.24946370822646974, 0.18058635859811195]}