{"FilterHL": [0.010215342526980501, 0.03211283074482908, 0.0169405799322853, 0.013075466614678243, 0.017848084102457397, 0.018282572384660602, 0.03275542878503931], "NoiseHL": [0.06253220902619047, 0.0677075237696118, 0.07156783560118611, 0.060989514535786646, 0.10826266443754223, 0.12374724075271744, 0.11925479511071252]}