{"FilterHL": [0.02358641156445333, 0.017439547821240103, 0.009253291497117419, 0.01480786123367574, 0.07894358237314164, 0.09681857284590979, 0.06800980125276013], "NoiseHL": [0.17895043197075097, 0.24017437353445215, 0.20253865728930723, 0.25885615079521707, 0.07862056373016547, 0.1456742540348674, 0.09014279463610862]}