{"FilterHL": [0.12103702295404002, 0.4473793673322869, 0.17101512583471784, 0.2056246362831666, 0.19407929190566886, 0.48436462574142297, 0.27543081937862063], "NoiseHL": [0.5108815263173371, 0.7530385784995158, 0.5551148572826232, 0.5827612012721382, 0.6088436233047684, 0.7225133227246051, 0.6369558306500348]}