{"FilterHL": [0.0371867921298844, 0.07539070075280963, 0.041457169103312166, 0.04846340166562053, 0.048354303809570835, 0.04203666058704062, 0.06286194754969802], "NoiseHL": [0.04752893276947316, 0.10158015286482172, 0.058240040885529594, 0.062348178775711915, 0.06237158773595968, 0.06292913671741436, 0.05003643082945263]}