{"FilterHL": [0.02085359025793043, 0.02140577297247095, 0.0135288735577424, 0.03509738058191406, 0.03417336891182798, 0.044772031353177665, 0.04723971954969257], "NoiseHL": [0.19306936395245708, 0.1949587110526764, 0.2471651227849419, 0.23364322029868015, 0.11610768666416156, 0.0938583551027756, 0.1608967650317231]}