{"FilterHL": [0.009817197533076267, 0.003691118057368329, 0.0004512841489553614, 0.01095246631856622, 0.014024183434652414, 0.010133505166462631, 0.010753835951616], "NoiseHL": [0.19730685989219865, 0.22949846189089443, 0.18921441125885463, 0.24581423773493344, 0.19610683173897533, 0.21081910981271737, 0.20475547611529593]}