{"FilterHL": [0.007708881048934823, 0.01814033935574773, 0.0, 0.015084268853597958, 0.1397174574763248, 0.05680490005217315, 0.0], "NoiseHL": [0.5047978569376269, 0.5226382490243668, 0.48494598600511574, 0.4921664065015167, 0.5065187813835975, 0.4967603259401725, 0.47104275297015674]}