{"FilterHL": [0.0, 0.0, 0.0, 4.9733456140164205e-06, 0.0, 0.0, 0.0], "NoiseHL": [0.18920084887799915, 0.3996616021907821, 0.24474362140675346, 0.44198464413485755, 0.33750491859769377, 0.4232371131703468, 0.3751893617838597]}