{"FilterHL": [0.017689915896926926, 0.01783483815683464, 0.005031637647065267, 0.025508771362448657, 0.0020437419145832255, 0.016175524466754257, 0.016327219060130217], "NoiseHL": [0.18814305682969967, 0.26038230110450045, 0.19346193497158648, 0.2734814584889892, 0.2284357828219333, 0.26025123641287473, 0.22415327898124737]}