{"FilterHL": [0.08306317058175165, 0.10780796351941761, 0.06712996513585544, 0.10003623601188545, 0.06747402938933977, 0.10320140311339705, 0.06922953957004671], "NoiseHL": [0.38776952554499927, 0.36227000166173595, 0.348816458605128, 0.41050303780640335, 0.37918089788156367, 0.33999861402584786, 0.3374474109536574]}