{"FilterHL": [0.00023764279169669042, 0.0, 0.0, 0.00017292859154771493, 0.0, 0.0014372562892630476, 0.0], "NoiseHL": [0.15237707995139405, 0.2034297098849552, 0.14737794897420034, 0.2071544063142342, 0.19186013665193044, 0.21798069666140013, 0.19317708832355046]}