{"FilterHL": [0.0, 0.01864641878276371, 0.0, 0.029711361478554844, 0.0, 0.029362945312800957, 0.0], "NoiseHL": [0.24261333094355136, 0.30535707213307073, 0.44198464413485755, 0.5123582913910417, 0.32424710260113027, 0.308882196089236, 0.3644827734688218]}