{"FilterHL": [0.016078900720890237, 0.02206129848762972, 0.011873018198933275, 0.016265010262678285, 0.009701222880313175, 0.00986524557234506, 0.007576766383505921], "NoiseHL": [0.08578972109980505, 0.11305339465230584, 0.10394470714710694, 0.09929819662473556, 0.09140234541633867, 0.14231729371044244, 0.12378197823003484]}