{"FilterHL": [0.031038094393069045, 0.04458936521700853, 0.027280602030392065, 0.03521485425473973, 0.027214152149760196, 0.06114339970507252, 0.03579788370432912], "NoiseHL": [0.017046088149216827, 0.022301219312110234, 0.017059985745897337, 0.013962750005785127, 0.023667749205067208, 0.04159299576777863, 0.02671333602668351]}