{"FilterHL": [0.08560357142304102, 0.10794025274603679, 0.1495921729454144, 0.1148076887381626, 0.09624995584110937, 0.11187427120513704, 0.21282247175753885], "NoiseHL": [0.13486087011625744, 0.15141518529982087, 0.36382082616541506, 0.36636082791575636, 0.1341888836463998, 0.13814773129612273, 0.44883676726023103]}