{"FilterHL": [0.027526069609564392, 0.04228369740428496, 0.027921277297091384, 0.030814158950506362, 0.032639875044216345, 0.05067914044508645, 0.04437494983195625], "NoiseHL": [0.031237813280532645, 0.03490167891438882, 0.02612794231651089, 0.04126050662201421, 0.04014019049799347, 0.05020500465591611, 0.06868601206137079]}