{"FilterHL": [0.04286531554836777, 0.07742260082599012, 0.06209969215745702, 0.038230044339179876, 0.09220518324086682, 0.15108686232661184, 0.07823711774537913], "NoiseHL": [0.10909421013126759, 0.07112971143244447, 0.10144271798873536, 0.02637399796669934, 0.12665697194282274, 0.0752558909577775, 0.09554003981394629]}