{"FilterHL": [0.002829843186508186, 0.04397859685465703, 0.024065220046593033, 0.03493616378521047, 0.010387806295661021, 0.005306437669322834, 0.015238433934020955], "NoiseHL": [0.29301443856094095, 0.18845271059058846, 0.19174807010570588, 0.2943079107302457, 0.3096899135957753, 0.23507834905141298, 0.2340417202722257]}