{"FilterHL": [0.00809366531763179, 0.0033256437806028073, 0.0065133501136812036, 0.008297938517936112, 0.008342107639093845, 0.02000810029615173, 0.013689050363785855], "NoiseHL": [0.23614069833893064, 0.22379772133888584, 0.23723573392272473, 0.24159626002625242, 0.2361693910566925, 0.28163464684629724, 0.25420194404619095]}