{"FilterHL": [0.013033447598436243, 0.03307502804662981, 0.019248786581281378, 0.046238420532125596, 0.029292171390263803, 0.04104537443870563, 0.040816580938823635], "NoiseHL": [0.07256440063968815, 0.06872621480465223, 0.07671895741621719, 0.08405794056271847, 0.10822401028532813, 0.1141164429308724, 0.12421814153355416]}