{"FilterHL": [0.04219931640092838, 0.007510065722548892, 0.02616958663304879, 0.006157997109332208, 0.04760956630625359, 0.006148086713716103, 0.017051542725424387], "NoiseHL": [0.2488415434577822, 0.3036219383932316, 0.21656251827584516, 0.2679780178007167, 0.2404267153487103, 0.3183479122592098, 0.21289936642533813]}