{"FilterHL": [0.0011304723626326277, 0.015782402919829262, 0.012642500741673307, 0.0052840829139042655, 0.004186378844157284, 0.010735829029483583, 0.019684416946923005], "NoiseHL": [0.14603332105723055, 0.14587204393834344, 0.15242232461069008, 0.16500439167659614, 0.19736718010736043, 0.16807932435219725, 0.1998276979154963]}