{"FilterHL": [0.03990151962459934, 0.01736048866515546, 0.024425523591204135, 0.035972709468597854, 0.018208544724748133, 0.027558927388209517, 0.018594552788022335], "NoiseHL": [0.13914623609682622, 0.10104762189619318, 0.12469381716995294, 0.0951819043111646, 0.1989271519722903, 0.1878627767536122, 0.19541882581800257]}