{"FilterHL": [0.0026140594437099474, 0.015516582211920168, 0.002703605072825036, 0.025653452838158963, 0.005558556210614608, 0.015428766976417832, 0.007931314021028868], "NoiseHL": [0.13021471631702133, 0.24317296857615056, 0.16408716245304045, 0.2730652894238532, 0.13718043010551303, 0.2320772077801304, 0.19141153775505018]}