{"FilterHL": [0.015110140406726116, 0.01886432974418392, 0.08183550198123793, 0.06311671573599426, 0.027741766691984842, 0.01384871326713903, 0.07670221495768964], "NoiseHL": [0.20960208048378584, 0.3153353212590819, 0.2645910118001666, 0.23290011571063446, 0.20716165577987086, 0.3125183428866863, 0.25937659188657025]}