{"FilterHL": [0.017425272472836217, 0.046812298352680484, 0.026156654204630196, 0.025022686049857242, 0.019840663802169364, 0.013928324191192097, 0.02739810192818342], "NoiseHL": [0.041174624752992696, 0.05844728442788025, 0.06587019994865932, 0.07701396516328136, 0.04071907051580996, 0.03975854399046264, 0.08325979031984265]}