{"FilterHL": [0.009692524894109992, 0.0335027732767905, 0.021467293554326392, 0.010944056023288032, 0.010414711879696042, 0.01671700649651866, 0.03367734434482333], "NoiseHL": [0.17736115319839826, 0.1754987468405524, 0.15989907132018047, 0.1411899822245249, 0.16585691455544527, 0.19440020837852595, 0.14764087392764366]}