{"FilterHL": [8.429374726474673e-07, 0.0, 0.0, 0.0, 0.03031169485190473, 0.03129841309835508, 0.04108098694734649], "NoiseHL": [0.14395320073022042, 0.16950843122097695, 0.15400905983632326, 0.1837755367050545, 0.14233755944375495, 0.14911372655062874, 0.1386162326067262]}