{"FilterHL": [0.2655057532411478, 0.2562703378185583, 0.26063722907782316, 0.2953635251457158, 0.26755639831823785, 0.2982249987512867, 0.2726524028664717], "NoiseHL": [0.28514100300747497, 0.3042495967804965, 0.28384352763204357, 0.3380742614014229, 0.2883305243030687, 0.3309782423808542, 0.30114838873963823]}