{"FilterHL": [0.03135814053448266, 0.024841610134979975, 0.02252045634243518, 0.015310012124532845, 0.04326173029826307, 0.02053638414122998, 0.025008246147571585], "NoiseHL": [0.1090139547060832, 0.13899929297986183, 0.10493543574830048, 0.1211995711555057, 0.1704181445074121, 0.16013108499975326, 0.15112812345035595]}