{"FilterHL": [0.024920629362957303, 0.04678624934414796, 0.014657985289534518, 0.010075095831080162, 0.02188413182573942, 0.19392225121626488, 0.010087966664493615], "NoiseHL": [0.48597799363731153, 0.47304345888767646, 0.4054041371950504, 0.4026923946935483, 0.4968417768176211, 0.5019577596573463, 0.482216279980257]}