{"FilterHL": [0.01138528044223836, 0.0232441699451593, 0.007920459663192627, 0.03070037370339951, 0.03221864097363468, 0.028776018659187882, 0.0268782915823714], "NoiseHL": [0.11857722891361107, 0.08462717914596582, 0.11558399004427884, 0.12838509097344764, 0.15653108912066566, 0.1638148896744246, 0.15516975751276763]}