{"FilterHL": [0.04115809665581717, 0.036252660937047085, 0.023872507741543716, 0.0424034044507028, 0.02138672321736276, 0.030702670553605576, 0.053681191800483086], "NoiseHL": [0.06032430573025824, 0.05910908392102978, 0.050270505134139665, 0.09290072310863343, 0.04842027737504485, 0.061617648066169456, 0.08277979715662531]}