{"FilterHL": [0.02170173091774388, 0.034763561718174706, 0.021991519915373334, 0.0439232094397571, 0.020008519550377597, 0.030375252651608235, 0.016339690195515948], "NoiseHL": [0.11024161820537072, 0.1061887897219051, 0.10766496712238761, 0.11156950823022556, 0.11250952774385371, 0.09402927739019458, 0.11042367927672474]}