{"FilterHL": [0.0, 0.0, 4.2146849766967993e-08, 4.2146849766967993e-08, 0.0, 0.009236900693040803, 0.0], "NoiseHL": [0.0990645251354958, 0.17245022900462764, 0.12745679692125245, 0.1507282797138842, 0.13502822103059414, 0.2009115892650161, 0.16037899096361255]}