{"FilterHL": [1.2011862028065596e-06, 0.0, 6.869969680218973e-06, 1.222259663174133e-06, 0.0032092631293206527, 0.0, 0.0], "NoiseHL": [0.10392551679435674, 0.14567520307051546, 0.14044858014632036, 0.18514569594605018, 0.11942301505899512, 0.15237707995139405, 0.1572246532975914]}