{"FilterHL": [0.04854940425149585, 0.05441868301243609, 0.06749846533373406, 0.06807474219490697, 0.06564580588557474, 0.09820209826213061, 0.11822840211568642], "NoiseHL": [0.03856290063004711, 0.05417049386154126, 0.06827579973119191, 0.10091171940361468, 0.07493982213323847, 0.10511339675070025, 0.11367671408375017]}