{"FilterHL": [0.014599482229866564, 0.02291831978655463, 0.025120476171212186, 0.03188057143582287, 0.013991321999220799, 0.020952843697881456, 0.011470929217583069], "NoiseHL": [0.06767501025452682, 0.05496264173142842, 0.07024325379563624, 0.06805503983651226, 0.13526248915506156, 0.15372266004045143, 0.11662213152618989]}