{"FilterHL": [0.010253301442003206, 0.04662283890156403, 0.04595984924357013, 0.0231169357746132, 0.059907681094923504, 0.07082011859884321, 0.07953178709025206], "NoiseHL": [0.1518256763448623, 0.15853292302213337, 0.17872221816439213, 0.1830831074209994, 0.07754331559354254, 0.09131147918954048, 0.10870486858782126]}