{"FilterHL": [4.623660448600456e-05, 0.0, 4.5309313792717114e-05, 0.00013842379948762024, 0.0, 0.0006040748530011131, 0.0], "NoiseHL": [0.16500333021764654, 0.18514569594605018, 0.21561738357673682, 0.18239580959790105, 0.15562474979979976, 0.1781969793463003, 0.18514569594605018]}