{"FilterHL": [0.04657142504806235, 0.03590237150362915, 0.03639655987140167, 0.02118362716981579, 0.027317456872047792, 0.05929328699506964, 0.03434915798865587], "NoiseHL": [0.08050551323086813, 0.13717070713145224, 0.10377203878180793, 0.10368702331330272, 0.1593735351086246, 0.21993636645435474, 0.17197440715589005]}