{"FilterHL": [0.004203435429646283, 0.01565332710710634, 0.01400374076613629, 0.02307306179936562, 0.024933513578542222, 0.010855343607644691, 0.045691455328549534], "NoiseHL": [0.05933086259261995, 0.06664207263880133, 0.07482156573236351, 0.06829517809147201, 0.13421704324944295, 0.13950278032011265, 0.12818022807320636]}