{"FilterHL": [0.04667844670282524, 0.05193960016965791, 0.03220999319042721, 0.045702080372595176, 0.03285940678345373, 0.05553284457365844, 0.055161028021366965], "NoiseHL": [0.05379792928678977, 0.07521031088852931, 0.03754627728031943, 0.06862299728037957, 0.021587044346829433, 0.07482402851683828, 0.042698672036043696]}