{"FilterHL": [0.009984068722305494, 0.02553100995495922, 0.00815299334348578, 0.01838315606060775, 0.01063346569193439, 0.006239775932181804, 0.028458746454995475], "NoiseHL": [0.26705134331204183, 0.11768159898625193, 0.30373943415583166, 0.20702991244827512, 0.27318263983402424, 0.13181682359877772, 0.2789717821228703]}