{"FilterHL": [0.047382964174050794, 0.04114119097568797, 0.029171680177994118, 0.05122623841982268, 0.03512041641371167, 0.03860250034394227, 0.03591506609658732], "NoiseHL": [0.08246295719192823, 0.06832976151609581, 0.04852513770335076, 0.09635181965283611, 0.08015379780222116, 0.04782589568737336, 0.05422064261015499]}