{"FilterHL": [0.003918844796127118, 0.015388917062168205, 0.011086094488547903, 0.005234644214768023, 0.005061710657765941, 0.009382359921134214, 0.018862663593521928], "NoiseHL": [0.07697223027868658, 0.08295435968200755, 0.10857457863306041, 0.1039338149684552, 0.1334366005532371, 0.14224007628091964, 0.15566428776186547]}