{"FilterHL": [0.02470618423133971, 0.03541424082392838, 0.0113020140085878, 0.0322608893507213, 0.038145544273905624, 0.07559484093243936, 0.0587529663391279], "NoiseHL": [0.12201344930444112, 0.08953183487032643, 0.12038050611661191, 0.08405665301475451, 0.1507650468092714, 0.16914568616801612, 0.14562297787749312]}