{"FilterHL": [0.005935304614823437, 0.03375478550699457, 0.015577681221752133, 0.025205373645155193, 0.03531056313104765, 0.027590455923580132, 0.04250087559454164], "NoiseHL": [0.16783089024383965, 0.1799507066179987, 0.1588999223114837, 0.16201864619054024, 0.21311335422949493, 0.2321289328913247, 0.20820228354940262]}