{"FilterHL": [0.019116285857635237, 0.04356862832581248, 0.014487731315071405, 0.031112499499675882, 0.023142525163370314, 0.00911093906397997, 0.031384462604842726], "NoiseHL": [0.031627865062965756, 0.08117692402164108, 0.05473864765631707, 0.07902414377384881, 0.04714480002073045, 0.08713066038376287, 0.06002006494923463]}