{"FilterHL": [0.028975146959644222, 0.08120364139753491, 0.01976025587332091, 0.029693075405741252, 0.08753727730380641, 0.09047997615246146, 0.042135678721412585], "NoiseHL": [0.2685106728383806, 0.2120319732023388, 0.28538801506418, 0.20758803181461413, 0.27099232788533073, 0.12516109038218395, 0.26641908235992273]}