{"FilterHL": [0.029586523380556076, 0.04841799910855242, 0.04795540531474161, 0.07272363977535018, 0.6100345106135937, 0.05097734838045883, 0.07675888218246361], "NoiseHL": [0.05738831906613253, 0.02846345109623735, 0.07848963954869151, 0.11597183074704871, 0.04158367685414807, 0.04838847066629101, 0.10569242790652565]}