{"FilterHL": [0.0092239855778344, 0.039170611826774004, 0.008068016795305659, 0.03686724758996885, 0.008795015791507611, 0.011325176601593823, 0.02749660198435127], "NoiseHL": [0.07174298355301245, 0.07307235332868434, 0.08134719906861172, 0.07908039740138292, 0.10089188621524131, 0.13089635455018198, 0.11166250720971724]}