{"FilterHL": [0.03296016938094356, 0.07720997903338807, 0.034288762542226896, 0.03404873674871718, 0.02450679263453421, 0.06224115861791395, 0.06704385269993919], "NoiseHL": [0.15238243974415538, 0.12856915843489578, 0.15671496288595144, 0.15701597025029587, 0.17930443446311586, 0.19715334260244935, 0.1743975261836724]}