{"FilterHL": [0.15803837528536965, 0.05060935647764651, 0.005857766193171289, 0.03602799209116637, 0.058246133954741985, 0.03168330714854836, 0.008612739269598099], "NoiseHL": [0.5045851847076672, 0.46046452955951117, 0.39455352113514597, 0.3559245614406823, 0.48168552581450497, 0.4535897478511584, 0.40689758978045376]}