{"FilterHL": [0.000773269572696903, 0.0009352670361529235, 0.008966568991243849, 0.02299920372513228, 0.046835265161135085, 0.1093775577402689, 0.09450638670956832], "NoiseHL": [0.4119063716742538, 0.45965819746008263, 0.34906814543111214, 0.3734872308294552, 0.49412886588116967, 0.5399198986450076, 0.43370672501426183]}