{"FilterHL": [0.036945858155953304, 0.04684083609404318, 0.02445515371403191, 0.03411677664610118, 0.03582953966660438, 0.026409749637315728, 0.023475943779142035], "NoiseHL": [0.058125687788667606, 0.09013072988779733, 0.04831310766427289, 0.09724423477692541, 0.1030363568416595, 0.07806087863524099, 0.07721298168557315]}