{"FilterHL": [0.05363595259660267, 0.06468200700451658, 0.04143073681710506, 0.07032752071130283, 0.05246034597309427, 0.038371718490575205, 0.052439447175864906], "NoiseHL": [0.2728546184591645, 0.27812161467463187, 0.3446927182141207, 0.3333354465094235, 0.28816733430561375, 0.2732719510561804, 0.32203954832921816]}