{"FilterHL": [0.023968698062443793, 0.056865715410233504, 0.03989567210152896, 0.08633812340050967, 0.08280518407257828, 0.05525379447514702, 0.12833231227203817], "NoiseHL": [0.2818886895471917, 0.2909557305379678, 0.33284655450854295, 0.33602529520793906, 0.20318967707731683, 0.21916972153291728, 0.2506977187267485]}