{"FilterHL": [0.016477226106225262, 0.04836156060467317, 0.05865917249605689, 0.08386909990401048, 0.0616245355135376, 0.08117838468358668, 0.08606928386708813], "NoiseHL": [0.1154207768135549, 0.08402145825644437, 0.13949942852468855, 0.14620527077536133, 0.1112342415404493, 0.10841435345464584, 0.13343368090558938]}