{"FilterHL": [0.03560402152292011, 0.06999113068922884, 0.0329551545218047, 0.060540396160868475, 0.0910487481931746, 0.1306576656679641, 0.1205878398946414], "NoiseHL": [0.07303198523474187, 0.050762496602606316, 0.08463376523041732, 0.09544364363613769, 0.12392893389237158, 0.15219272680568244, 0.14191919599330038]}