{"FilterHL": [0.03468028282251996, 0.05096436353033588, 0.019622456943527475, 0.0702817922003169, 0.05050214000844566, 0.05007518395033701, 0.05357998373757117], "NoiseHL": [0.27158990230199975, 0.2740309791856842, 0.267298150493695, 0.2476634371448097, 0.2734752174150459, 0.24610738548041475, 0.2618317894308401]}