{"FilterHL": [0.03745490090651805, 0.045286668374516746, 0.02644740816046823, 0.033587755074123524, 0.02883081676516329, 0.027513590824368113, 0.0814719426238243], "NoiseHL": [0.144352345888833, 0.2290531058207301, 0.14455369194565643, 0.2255504768997038, 0.15949829053216444, 0.23631725217680216, 0.15992467166177163]}