{"FilterHL": [0.032517695518677975, 0.05080327782615622, 0.03176178290072995, 0.036125336735263684, 0.1071831860360217, 0.13261172482116587, 0.17933422925826703], "NoiseHL": [0.06856795347414554, 0.0637184379566332, 0.08459018733600338, 0.0868545134681096, 0.2775290920410252, 0.31007320584186443, 0.2975471986640393]}