{"FilterHL": [0.0063178783634602375, 0.01669060075768716, 0.010948156501866932, 0.02890711231107882, 0.07456961112263696, 0.09555990928231926, 0.1030748715206966], "NoiseHL": [0.33833987072162003, 0.3142089620119273, 0.3417194624994329, 0.3114466753844555, 0.3138331640055706, 0.304487807243344, 0.3347822492353067]}