{"FilterHL": [0.031155857321322915, 0.04366433184078158, 0.019574517222773282, 0.052502610816815384, 0.00966858464067026, 0.03303858169926297, 0.007873209132941362], "NoiseHL": [0.09690260420562874, 0.11874286340496543, 0.11110492882917022, 0.10746674345445116, 0.10272946057757304, 0.08933603785480322, 0.10175977238020957]}