{"FilterHL": [0.04380194409433312, 0.026122342770783475, 0.03329606714064682, 0.03786416288254518, 0.045362332399715266, 0.04692555605357721, 0.060607823557778245], "NoiseHL": [0.28588608278563454, 0.16952025440330268, 0.2746108794149136, 0.1642780901515594, 0.25972427370428963, 0.29409901778725583, 0.2902331870334908]}