{"FilterHL": [0.025668566812338013, 0.051821538137047166, 0.028645251253276726, 0.04085439697244493, 0.019805729581233306, 0.041491416398791774, 0.07177809770750682], "NoiseHL": [0.03291662797426776, 0.09955533276136845, 0.047193743014475154, 0.08927484852352376, 0.03239445399690055, 0.07535985881605982, 0.073854058267917]}