{"FilterHL": [2.9502800112388256e-07, 1.2644055683734778e-07, 1.8966084373452096e-07, 1.2644055683734778e-07, 0.050359877160316084, 0.03418938610592694, 0.039247822882201966], "NoiseHL": [0.16193431328727034, 0.22493644505680488, 0.2203211650582041, 0.26916281322186875, 0.17227666283911794, 0.2291007124903706, 0.18520710336416896]}