{"FilterHL": [0.00782096236236463, 0.023594035209159366, 0.004423805853995146, 0.004650958221253372, 0.004895930336823433, 0.015890394442976994, 0.014470293524784753], "NoiseHL": [0.19346333303353097, 0.21861925594739026, 0.1606364796836675, 0.15241129952140092, 0.19966537310451088, 0.21962974691142292, 0.16822154337305437]}