{"FilterHL": [0.026346879746048428, 0.036751560284980736, 0.02110694521677619, 0.04284493146030177, 0.05514674687613133, 0.013996026966189854, 0.03854285429762902], "NoiseHL": [0.16193792987468042, 0.22272421225759442, 0.1676598899790255, 0.21252996745110742, 0.20241254411832882, 0.21589558327782682, 0.1941062186783161]}