{"FilterHL": [0.014741555084485911, 0.041095385271327015, 0.030362053448277845, 0.05111214896319014, 0.024014143243883835, 0.030046238741886912, 0.016546214620379182], "NoiseHL": [0.18034368632733208, 0.18139355519763134, 0.16863205261255582, 0.17012680666552907, 0.18727523056000459, 0.16087936847574472, 0.13566889419068504]}