{"FilterHL": [0.0, 0.0, 3.841789606112037e-05, 0.0006462589973384054, 0.0, 0.0003493361524900545, 3.841789606112037e-05], "NoiseHL": [0.1957864663624126, 0.247909078887653, 0.2144269219230429, 0.2541370758203428, 0.17245022900462764, 0.2009115892650161, 0.2144269219230429]}