{"FilterHL": [0.03721065051375595, 0.03775344711866747, 0.050373795916410745, 0.03657679484880391, 0.13444468028192008, 0.02834113215952973, 0.12512738141947186], "NoiseHL": [0.10072203879274588, 0.039485034035690085, 0.1120867426516427, 0.039891733777836495, 0.12124130561678698, 0.03097867791889844, 0.12337177343730811]}