{"FilterHL": [0.060896895868239535, 0.125851286789254, 0.09741292253307986, 0.1406199356611381, 0.08249608690888924, 0.05503658718596857, 0.14012457353542265], "NoiseHL": [0.07708395221108572, 0.136442473563732, 0.2519845985543891, 0.2512790948543106, 0.10602585306559151, 0.1099895788866706, 0.2404238569956205]}