{"FilterHL": [0.02347494137704883, 0.038759652648609526, 0.026782343124107738, 0.03656639222343848, 0.043544751015774055, 0.06403770998326558, 0.017540334621267202], "NoiseHL": [0.034126444730981725, 0.03808958723435903, 0.048067154326761306, 0.03861412985164437, 0.05527556446613454, 0.07359203856171281, 0.03413908537274885]}