{"FilterHL": [6.322027559250747e-08, 0.0, 0.004654716510404357, 0.008659290852985859, 0.025786236109889202, 0.026768468826097173, 0.0], "NoiseHL": [0.2909232592243174, 0.32424710260113027, 0.29549723745551004, 0.29318599337997125, 0.2792218213824846, 0.2506644674117658, 0.3157471010468728]}