{"FilterHL": [0.004312105991793529, 0.015348623940858484, 0.008636207064348348, 0.003773109771950043, 0.0024722832464015108, 0.004831469870654724, 0.01916863005530506], "NoiseHL": [0.2352458572931907, 0.26295704773097234, 0.2572154777052582, 0.27014068446237466, 0.2778981496171497, 0.287481027234438, 0.2645258114059236]}