{"FilterHL": [0.013753067556172784, 0.03668522431089284, 0.009352958003451187, 0.0182399522160566, 0.3065264897014797, 0.2744610231502173, 0.2869641376049488], "NoiseHL": [0.23122154932367084, 0.290989244501636, 0.33463438754975405, 0.28144831457275965, 0.41261982749319664, 0.4460937669105919, 0.43231847120657996]}