{"FilterHL": [0.046720055484005985, 0.10796607704934479, 0.0907108773410058, 0.05815956319058415, 0.0730364949596466, 0.0805078761708479, 0.07351713605381809], "NoiseHL": [0.08725674475243811, 0.25355939332745325, 0.11577734234099471, 0.25206847329406706, 0.13383509328537774, 0.262105762788208, 0.09838422974142012]}