{"FilterHL": [0.02291315543681472, 0.05153916652629341, 0.03328490623859248, 0.0443452828094813, 0.0478325641996345, 0.036288142299081304, 0.04927993131739871], "NoiseHL": [0.06290167827771281, 0.08657326890310332, 0.027540829526291548, 0.07500613005171886, 0.10523263312381591, 0.10160364642383277, 0.08325986572627407]}