{"FilterHL": [0.22740483758368568, 0.24180217629285095, 0.234227137383142, 0.23728279130206542, 0.4595155685772054, 0.4791593794146609, 0.4565181504893692], "NoiseHL": [0.5556742348098143, 0.5862750578394553, 0.5499232965354102, 0.5661201566582559, 0.4972354380679792, 0.5039766350970359, 0.47069702695692367]}