{"FilterHL": [0.030867544344627403, 0.0535877560511209, 0.026547089826539083, 0.04128880814531797, 0.1037552686361473, 0.10795846712430136, 0.10131071408394042], "NoiseHL": [0.08166618358857677, 0.2402816950995549, 0.2810012246135885, 0.05494032038955321, 0.09528883090910127, 0.1799838414851597, 0.19804903999265272]}