{"FilterHL": [6.501450268746023e-05, 0.0006375477651648097, 0.029638037978874147, 0.0021635547190164673, 0.0009804042327662137, 0.0015980333397035747, 0.027916313879605276], "NoiseHL": [0.16950843122097695, 0.2305892712780783, 0.17775630838276507, 0.2400972712430671, 0.2372144506373005, 0.2768927248622021, 0.24720403467474003]}