{"FilterHL": [0.05280991919344346, 0.05404196217142441, 0.05387760148856803, 0.06603429774751096, 0.03586337317250386, 0.05030505792122566, 0.05324535299031687], "NoiseHL": [0.05988638419859916, 0.04618221177719396, 0.04004050635583176, 0.07737987566360291, 0.05004465302187788, 0.04340081684208072, 0.03885041207724732]}