{"FilterHL": [0.01489277948345132, 0.029418138156616536, 0.0165081751095139, 0.024836624667190284, 0.2180401702467755, 0.1749510505027254, 0.19905605383110234], "NoiseHL": [0.20523524204120044, 0.3249329007118879, 0.27148608717860107, 0.39319330865717333, 0.1852680015829731, 0.31636146307380375, 0.25829781925339584]}