{"FilterHL": [0.027410758276081932, 0.03738932107709481, 0.017814222021599466, 0.01511475968173893, 0.015188937404555078, 0.015986300247967277, 0.021539709014250147], "NoiseHL": [0.13942770238933172, 0.13848883231557443, 0.13528368502609778, 0.10162109602442991, 0.12440889513595721, 0.14557855437424455, 0.12609516585683753]}