{"FilterHL": [0.009452916514416078, 0.028372948307733445, 0.01645221937778931, 0.012026680443513633, 0.01070339395164739, 0.016251464194856312, 0.026068782059891823], "NoiseHL": [0.18931926537654054, 0.17392964939628072, 0.09155703334445632, 0.07748939503964108, 0.18130992599283732, 0.18837464153752204, 0.07620106195208565]}