{"FilterHL": [0.03312210311391748, 0.04959338888904357, 0.025947754482008704, 0.034490325194995154, 0.025154084281217712, 0.039157443711645694, 0.03706035311930949], "NoiseHL": [0.13181220580045278, 0.12401301742297, 0.14071983699315602, 0.14736598012339025, 0.17410665459160765, 0.17879239235710703, 0.18691211485964615]}