{"FilterHL": [0.012128467081494681, 0.036835168215323635, 0.010765649771124937, 0.016909350975868584, 0.01683101509006767, 0.021552855460753077, 0.03409574519192629], "NoiseHL": [0.2325677507853342, 0.2662375794367263, 0.2178029098286227, 0.23216413456530996, 0.23853686439198246, 0.23824502084058471, 0.23738259705331063]}