{"FilterHL": [0.0383226971267533, 0.08041250174144991, 0.02920262153957989, 0.0788072804701575, 0.18660138986766792, 0.13795074846120875, 0.14356184654116058], "NoiseHL": [0.273457792771071, 0.27764516306631654, 0.19824127778884995, 0.2058204729293207, 0.27246028262117983, 0.2622636238474312, 0.1890116051337322]}