{"FilterHL": [0.014783731688391625, 0.0375643663812886, 0.005235719880921047, 0.043347723329072815, 0.012267184432718218, 0.030415707505082813, 0.03385905228763268], "NoiseHL": [0.06882349887306775, 0.07594986332757056, 0.07269429120320683, 0.07694465847412232, 0.12583232210124104, 0.1389862357392093, 0.13540686832510895]}