{"FilterHL": [0.0022294583204813118, 0.0, 0.0, 0.003513344054481676, 0.08846689027528909, 0.050694154452979034, 0.05192365192354149], "NoiseHL": [0.5187716523477297, 0.5831297003577206, 0.5348095654765895, 0.5977310274800882, 0.44335650636772816, 0.4663700230537902, 0.46570081019485643]}