{"FilterHL": [4.254852370149355e-05, 0.0, 0.0, 0.00017754481546207367, 0.10684571060804642, 0.11671518804953822, 0.14564754209980577], "NoiseHL": [0.22379061732305383, 0.3105607534363284, 0.25516228884138725, 0.34398982727819466, 0.2516739105841265, 0.26274647939602525, 0.2637406111537571]}