{"FilterHL": [0.034598950505280286, 0.02520872390925981, 0.012664080040290758, 0.03625908564372212, 0.019049189955373847, 0.028189789407460638, 0.011923270796885009], "NoiseHL": [0.11809711714638119, 0.24226404941298257, 0.13288948918665677, 0.22180397298776627, 0.14708183112998371, 0.23406785428083982, 0.14819025738828442]}