{"FilterHL": [0.01034090064125103, 0.0565301449584593, 0.016140164338723752, 0.018474180726930203, 0.1014997567343424, 0.10647339708509691, 0.1017959452240638], "NoiseHL": [0.10050926310534691, 0.09188899934311194, 0.11153181805164325, 0.11171411610086716, 0.07987702403031115, 0.10949105694419695, 0.09803208810765647]}