{"FilterHL": [0.030434960214943286, 0.025212054021696066, 0.01569389808136233, 0.03487576169976505, 0.009213912679198471, 0.016287006564405113, 0.02240871411444853], "NoiseHL": [0.052209989718388604, 0.1700324221563762, 0.07045874385684413, 0.16381532192478776, 0.06709099931663512, 0.1535169426499366, 0.10106892288372674]}