{"FilterHL": [0.022121098330775912, 0.015369128711955353, 0.015554017263720453, 0.025133658159464483, 0.006444038850762013, 0.02936890074663304, 0.023429001990779904], "NoiseHL": [0.2564351088340887, 0.2743354382762227, 0.2414932202189565, 0.2508924169840545, 0.30014293343880466, 0.31195835301968977, 0.28348094830209963]}