{"FilterHL": [0.012825428741953216, 0.04119254878235218, 0.02750505106338312, 0.013064904636217362, 0.02807305215272258, 0.016129911445444244, 0.024746877195909046], "NoiseHL": [0.07179100246900305, 0.06970585364388009, 0.07695076408051561, 0.07856976341178319, 0.08122538714173583, 0.1026050339204322, 0.08880919307321952]}