{"FilterHL": [0.0001505434948607916, 6.263299079041752e-05, 0.012215225901593161, 0.027542156501461332, 0.0192584062421708, 0.01406664369155526, 0.00927655953145809], "NoiseHL": [0.11942301505899512, 0.09906452513549582, 0.13954485305940206, 0.14912802241803053, 0.16109595621940573, 0.16984986716524217, 0.13880496408894324]}