{"FilterHL": [0.36237493017057565, 0.23165770334676475, 0.39728104103836626, 0.28543339510198606, 0.3927381772916514, 0.2153326893473608, 0.43302276945862045], "NoiseHL": [0.4203927424616553, 0.2889089083189027, 0.49499311108324406, 0.4047725322555528, 0.42793520528633816, 0.32814984664665114, 0.49349492571885073]}