{"FilterHL": [0.009765128076730169, 0.004946224488920962, 0.025877346627096058, 0.019310163812933493, 0.03558982778225848, 0.06275067254535761, 0.051484029069295306], "NoiseHL": [0.2826105304062221, 0.4442475943657985, 0.3149821647430597, 0.45790847816510377, 0.29746190758679264, 0.43432402543621096, 0.32203255221817206]}