{"FilterHL": [0.07458383941433039, 0.09261996963094338, 0.07229299326268933, 0.07304231220738391, 0.0739780551501875, 0.07860441086826782, 0.08364184947886784], "NoiseHL": [0.08635402553682268, 0.11229127956718044, 0.12189520778896552, 0.08014581769776942, 0.10396175592092885, 0.08858467875113085, 0.07518421277400696]}