{"FilterHL": [0.022806833871412368, 0.069595465543573, 0.08177406498452813, 0.0709634804959752, 0.09506951918670332, 0.13274955894666726, 0.09418315567547132], "NoiseHL": [0.1058108231484731, 0.0940910729718398, 0.12017925554046144, 0.112816414388797, 0.12389727826551145, 0.1298917583988857, 0.1247821014210154]}