{"FilterHL": [0.02730976502496181, 0.05746446638796002, 0.03930679147429196, 0.05331484603996744, 0.03018612444019754, 0.036266887521180215, 0.023701196576308693], "NoiseHL": [0.016389961242687743, 0.049604597983032295, 0.04748313676602927, 0.033392211712428906, 0.03151144102695471, 0.02973088578333529, 0.044374720158205753]}