{"FilterHL": [0.009985861111566912, 0.016649772354419622, 0.00739391851090271, 0.023904492017883933, 0.004508832260590419, 0.013232108266423938, 0.012562848111205895], "NoiseHL": [0.25721396791435364, 0.26829980129329795, 0.24704006495930533, 0.2875024997765929, 0.2931105952510877, 0.2790283781627464, 0.28826516835908006]}