{"FilterHL": [0.032993776711294366, 0.03123665490118282, 0.021531289050933117, 0.030060281073401553, 0.011911682656657797, 0.039314132112856795, 0.0434796865665384], "NoiseHL": [0.07758026471849265, 0.19909808912362173, 0.10280970315665311, 0.19223950246370378, 0.09167199762182342, 0.2015892127893535, 0.10274928434249538]}