{"FilterHL": [0.01192514686092156, 0.025311828794620246, 0.019507892629014097, 0.014020801412251784, 0.02827072037161509, 0.025242797879791005, 0.01863067295207215], "NoiseHL": [0.1905364863345377, 0.2049070912410191, 0.19322160075084743, 0.21217445767319446, 0.1994452128009974, 0.2118730220686055, 0.19667911602411528]}