{"FilterHL": [0.024328531242251317, 0.049688334607300336, 0.03133733892389064, 0.015281832309368264, 0.023155482120876595, 0.016928012521083665, 0.042091559799877235], "NoiseHL": [0.1686375862038725, 0.13695407752522137, 0.1702056083106455, 0.21256359545415132, 0.23168559543487394, 0.23695464862982593, 0.24631718668586702]}