{"FilterHL": [0.3489877246571018, 0.4210784067704031, 0.4917264445780843, 0.41674403557386097, 0.4166458546369372, 0.560028253906597, 0.3764811361115414], "NoiseHL": [0.6325169764060833, 0.6621850183326213, 0.6695905961951741, 0.6775111299981574, 0.6576864642808806, 0.7010783891010489, 0.6657896881117303]}