{"FilterHL": [0.022574735596874746, 0.010499647991924843, 0.012353082490447049, 0.02139854680517288, 0.03916790929104015, 0.022914649707060638, 0.007403916665187675], "NoiseHL": [0.392143172573169, 0.386451126604612, 0.4316137494444011, 0.42460551461717816, 0.33633841777081175, 0.3705027076205657, 0.38584479572787767]}