{"FilterHL": [0.003180514144988076, 0.00773647272747705, 0.005632953782371038, 0.009655175418309288, 0.0027689860836636435, 0.013223631317767076, 0.010632985538904998], "NoiseHL": [0.09396161638908851, 0.17117917223555873, 0.10152785715609026, 0.1811208434927379, 0.11945056521789724, 0.14914234857466402, 0.13698384010458528]}