{"FilterHL": [0.01861538548247661, 0.015646582116685084, 0.006526099318333348, 0.02993690346746559, 0.005198346741919479, 0.014993260057918855, 0.013806996704957483], "NoiseHL": [0.27732965343630916, 0.3334652739173707, 0.2830601984676502, 0.33752198478241346, 0.3227191392904453, 0.33103380899316454, 0.3260795922839392]}