{"FilterHL": [0.025524529556293238, 0.016023045640610873, 0.05730131295487962, 0.03261558219548863, 0.01844833387488638, 0.05168172620803893, 0.051413328826425284], "NoiseHL": [0.2777852934537105, 0.28864056428389734, 0.2650253544573578, 0.2758958386112086, 0.3040388539944264, 0.3316251973102897, 0.2918354395775749]}