{"FilterHL": [0.02846464298195908, 0.052608029047878126, 0.00498314711522784, 0.034849199225924776, 0.005266292089027677, 0.05034626274126044, 0.008673758313280312], "NoiseHL": [0.13821728954918472, 0.14521212807920864, 0.14070984768210004, 0.14195149218955522, 0.17849539167323036, 0.15337806139006355, 0.18411079007065917]}