{"FilterHL": [0.009211355462806034, 0.08234377357408593, 0.07558976079522597, 0.012647133933386758, 0.10419703846411396, 0.14601236517215083, 0.28921795344834567], "NoiseHL": [0.3483957394305827, 0.329404490037569, 0.37020258641651, 0.3511937398378354, 0.34318507566284456, 0.3267655989209121, 0.3798036959164698]}