{"FilterHL": [0.006445870176616377, 0.009094753987047144, 0.010736963754167689, 0.014215793632191737, 0.0042356924091754315, 0.006561608472416917, 0.007095303268602311], "NoiseHL": [0.07757539867133412, 0.0944160987910199, 0.12359731438293695, 0.1540552326090447, 0.10208010433307746, 0.1428028987853189, 0.11981652969352209]}