{"FilterHL": [0.05371382099728372, 0.04543265668393059, 0.08090303046836106, 0.07884628281638652, 0.06921058992989677, 0.040422296945269526, 0.07941890863188118], "NoiseHL": [0.22228347962895972, 0.1936715957069191, 0.2445351014156785, 0.22638078500730474, 0.20886930495380163, 0.22981767868939093, 0.24331236338274523]}