{"FilterHL": [0.01508408107631264, 0.018142624559946856, 0.0, 0.0, 0.01248262022807159, 0.01806713141265101, 0.0], "NoiseHL": [0.25238959076202233, 0.2345202542267587, 0.2458027183570052, 0.2740154435715323, 0.2156790768103257, 0.21102608789464622, 0.2339226017491985]}