{"FilterHL": [0.0546803295307989, 0.05681242452240906, 0.05018088082015805, 0.03854757931997282, 0.06984011765297696, 0.04977401277039967, 0.0930747571908028], "NoiseHL": [0.12472427165007387, 0.14068414095683382, 0.24945362399466775, 0.27703034028876544, 0.1443689860197963, 0.1332800191878962, 0.26205208881277964]}