{"FilterHL": [0.014985256534953922, 0.05219993926959123, 0.03469517773185639, 0.04432162148480807, 0.022058649692058768, 0.059101796351428364, 0.06389872565720706], "NoiseHL": [0.1245752439700207, 0.16291605529890418, 0.057319099473850894, 0.04918743395492758, 0.15847252173151524, 0.13590614156132155, 0.06948341228962587]}