{"FilterHL": [0.00012931835634587827, 0.0, 0.0, 0.0011993785230669423, 0.0, 0.006629184786712475, 0.0], "NoiseHL": [0.2531082856368079, 0.3200188845653222, 0.29183887160721417, 0.34398982727819466, 0.31229702626329436, 0.35826616493699964, 0.3267638742314115]}