{"FilterHL": [0.003130064053642225, 0.002616173071255123, 0.002107184316405899, 0.0031100895865940783, 0.009138377186282678, 0.007279837494050082, 0.008113627990574091], "NoiseHL": [0.2849384724556221, 0.3088261976728422, 0.28259088344385114, 0.2964320047507265, 0.2846148702147735, 0.2945887581871058, 0.29188456002976404]}