{"FilterHL": [0.03712232451895066, 0.03201964536364545, 0.01936156482261827, 0.03072879198399821, 0.023194826675136296, 0.026145306165172466, 0.04045658497268316], "NoiseHL": [0.04197534108316764, 0.12268960496998384, 0.043677330619187646, 0.13303705342776265, 0.04219135133701323, 0.11857239251766512, 0.06930195013906844]}