{"FilterHL": [0.000429902098781319, 0.0, 0.0, 0.0012435404120570747, 0.0, 0.003829506483548207, 0.0012435404120570747], "NoiseHL": [0.19836422482717905, 0.26023620398396025, 0.2059196678858405, 0.275936417144593, 0.2404665476109235, 0.2863094019622411, 0.275936417144593]}