{"FilterHL": [0.007848029420950278, 0.01372111488263934, 0.00739692886098089, 0.01624630313206602, 0.010693490702732764, 0.0118611717225627, 0.014659951548153142], "NoiseHL": [0.1739035931582525, 0.21957206772687107, 0.13782090401245764, 0.2121320560071799, 0.1556393348320625, 0.18384202825497803, 0.1408176082316914]}