{"FilterHL": [0.011398107287888558, 0.016070144224768417, 0.028938565629021685, 0.03854288456995795, 0.026092768037913768, 0.026129651913791154, 0.02979655332034309], "NoiseHL": [0.07635928659149134, 0.2988050970910814, 0.10597436845735322, 0.30957756527217434, 0.08618571081697325, 0.3052147900106784, 0.130678067178506]}