{"FilterHL": [0.03586551305281759, 0.060165437170120975, 0.03240263925122648, 0.03450510911531242, 0.02746362147569919, 0.04216959776916956, 0.04716528686103065], "NoiseHL": [0.11781804258822601, 0.11231168545579842, 0.09691000113763017, 0.09148140744465921, 0.08599618115930563, 0.08192406877704862, 0.07953333747548925]}