{"FilterHL": [0.00346783179042882, 0.019260694906138492, 0.02636466456364381, 0.0017210552563611174, 0.01561419895684933, 0.026559817917640897, 0.018729181405707954], "NoiseHL": [0.22161886583469248, 0.206991732520228, 0.20471413104402433, 0.21572590005155756, 0.23725345360529318, 0.2833512180018259, 0.2458029843525852]}