{"FilterHL": [0.03131677804495448, 0.028028153141436325, 0.01733905943296388, 0.0190871794021546, 0.01087949860111689, 0.01565902872624619, 0.030140306969964777], "NoiseHL": [0.13911612298136758, 0.16472119519095807, 0.13995550706040694, 0.1331806333261813, 0.16148845804581774, 0.15607488885611717, 0.13818769707377135]}