{"FilterHL": [0.0, 0.0001299295976996411, 0.0, 8.271802841969612e-05, 0.0028740815007278347, 0.0, 0.0], "NoiseHL": [0.21561738357673677, 0.29908168989284245, 0.2652269334169895, 0.32508767843708475, 0.24895644450841764, 0.3105607534363284, 0.28444670306439407]}