{"FilterHL": [0.055556438616765666, 0.004351613518429381, 0.03486172927697846, 0.002687488566812762, 0.05697320798833888, 0.051970663280582856, 0.07229354658510893], "NoiseHL": [0.1474487685727468, 0.2490687605469794, 0.23565973998044257, 0.27754615943326716, 0.155911988659196, 0.2361657605134196, 0.24642636474926574]}