{"FilterHL": [0.01700682997020434, 0.02759616488867796, 0.014841396076317123, 0.04425376454202191, 0.02130082146389141, 0.03333550818738682, 0.008067878157428139], "NoiseHL": [0.1351027532684659, 0.11454762663599259, 0.12892140338872876, 0.13633426040449242, 0.13390598088620256, 0.1476645602118301, 0.1342458643638727]}