{"FilterHL": [0.02615539573559725, 0.04689670763279717, 0.0202643572899292, 0.029976655227314426, 0.021085067992629606, 0.05006811208125231, 0.042186208069959485], "NoiseHL": [0.026837279887805435, 0.043789596790629645, 0.02943336727814111, 0.034116906300279116, 0.048917681556611636, 0.057658715501760154, 0.040179855816997984]}