{"FilterHL": [0.046507787349705794, 0.04320208756907894, 0.04380303264534749, 0.03670863758615418, 0.06098139359453525, 0.07083803779962972, 0.09228921443720561], "NoiseHL": [0.15920238500081801, 0.19656009641704933, 0.10764479690451963, 0.10256915959245104, 0.16680716347737445, 0.1625166424436688, 0.13051876626228096]}