{"FilterHL": [0.02618100617186512, 0.03542984007636219, 0.007186983669260476, 0.016255297469564927, 0.013532598195243137, 0.02927721630508008, 0.03682229385580019], "NoiseHL": [0.2408493717448195, 0.2390377857236561, 0.26737290674835745, 0.2698274197959116, 0.2595566316039587, 0.239312775917604, 0.27894922726839905]}