{"FilterHL": [0.0, 0.0, 0.0, 0.0, 0.00010942168499814128, 0.0, 0.00047243433312054415], "NoiseHL": [0.2009115892650161, 0.277846286164513, 0.23612166756010977, 0.3217152965180304, 0.23830281775681836, 0.31660503303722437, 0.272083122635683]}