{"FilterHL": [0.1467090117711956, 0.3825375232836747, 0.3393121140189544, 0.4895661269536713, 0.5079719827225898, 0.4244822188556049, 0.7992283365409759], "NoiseHL": [0.4291108385819787, 0.3949721935061867, 0.5800862469752758, 0.5705759318263132, 0.4197146758162966, 0.4048263997952798, 0.5709359080828831]}