{"FilterHL": [0.013967216730770931, 0.04147507619425473, 0.0237360124562794, 0.010297517843537341, 0.012292446990258311, 0.08707195115563779, 0.03249341316392155], "NoiseHL": [0.2999518828163267, 0.2993105351955508, 0.12264765539435073, 0.09563015856460051, 0.2788611663777964, 0.30570101341725847, 0.11627230473603205]}