{"FilterHL": [0.0023205864824334256, 0.02718117075977138, 0.0038730386263679134, 0.007403863912833184, 0.023525544885210716, 0.025691089026033224, 0.020306919292880542], "NoiseHL": [0.12483618746993758, 0.12746187752110405, 0.16852703109530542, 0.16038700267358608, 0.22409027594074984, 0.23415835811187577, 0.2394052106757485]}