{"FilterHL": [1.2180544130007774e-05, 0.0, 5.932417784100982e-05, 0.00010543820260782828, 0.0, 0.0004528443048037351, 0.00032237043500681246], "NoiseHL": [0.08856217223385235, 0.1507282797138842, 0.13502822103059414, 0.16037899096361255, 0.14567520307051546, 0.16500333021764652, 0.1634756284592911]}