{"FilterHL": [0.00891779295724221, 0.018515975941579926, 0.026462378359136295, 0.026567113646930814, 0.16025791389791816, 0.09894231360086972, 0.15109155448543105], "NoiseHL": [0.29908182575586567, 0.33591918380216484, 0.3391715354333741, 0.3655175886947211, 0.32287055133281645, 0.3642175164315739, 0.3333032733599358]}