{"FilterHL": [0.02920789391288181, 0.041604116660166536, 0.028214764550958518, 0.04286282629133227, 0.02161804635226174, 0.024876585444702035, 0.017839181142391896], "NoiseHL": [0.0426622640857829, 0.025697567401943167, 0.03732929984427345, 0.05615696533423357, 0.028215792837836037, 0.032977783003050584, 0.036011941462616805]}