{"FilterHL": [0.019503582649897763, 0.016353783580274252, 0.020837763541396957, 0.02642992437282355, 0.018719095690597643, 0.029273940311234377, 0.0291495340564358], "NoiseHL": [0.09185315178910605, 0.06931720376531295, 0.08480197343537772, 0.06867862605647834, 0.14586853355748072, 0.1673258084603999, 0.138721340849108]}