{"FilterHL": [0.023819612973874138, 0.06653383833594718, 0.033070477731282986, 0.06975137771750066, 0.04961287129743827, 0.03815223721598687, 0.07120376126010067], "NoiseHL": [0.1987384042055647, 0.1299129659230801, 0.2084742653155402, 0.14039641039639267, 0.11473082864335356, 0.1997197354453286, 0.10304682373377833]}