{"FilterHL": [0.018775113179539726, 0.03963850787270172, 0.03316792094184188, 0.04439160263115285, 0.01616198234999564, 0.01796810972174401, 0.016682953050804056], "NoiseHL": [0.15297829449705738, 0.14645500801735714, 0.18834830030933736, 0.16213152840320663, 0.15628503783508915, 0.15587037558503394, 0.16430637161919756]}