{"FilterHL": [0.02153456530207214, 0.017022343774030762, 0.014750139250852105, 0.03651962900035909, 0.017052873552515, 0.027495123000137126, 0.032653401898250084], "NoiseHL": [0.34658650671627306, 0.3230488397853087, 0.32981488848914886, 0.3289810388712936, 0.3390999961915603, 0.32559480322884055, 0.348468631159882]}