{"FilterHL": [0.030456729282587656, 0.05264051294827474, 0.03353580943139116, 0.035762084264202854, 0.027848977161569678, 0.0332095254708249, 0.04671216060158672], "NoiseHL": [0.024756733248494825, 0.07079901557224562, 0.029623061706350373, 0.05428501928306182, 0.016561227361010004, 0.025002276226989847, 0.018150566609756853]}