{"FilterHL": [0.0024757003236453488, 0.007496135379251811, 0.011219705962810854, 0.005179700534164877, 0.009706341597326742, 0.011614182639114536, 0.0189181962542966], "NoiseHL": [0.14051575614822093, 0.10628504803198112, 0.15073622120951904, 0.13133359627603297, 0.11943589797888633, 0.08292010693569705, 0.15237956363567073]}