{"FilterHL": [0.018912909474005743, 0.06443208350173951, 0.014913082640583789, 0.0813784677383831, 0.16810389189555167, 0.32412845412967767, 0.33978342191050537], "NoiseHL": [0.409766702685814, 0.3297512324877204, 0.3979993997618333, 0.33565164332697733, 0.45089153429295525, 0.4468826538238435, 0.4491450398308797]}