{"FilterHL": [0.005094009337637888, 0.0, 0.0, 0.0003745739600969372, 0.004819054732607415, 0.0, 0.0], "NoiseHL": [0.43785577274532117, 0.3008703820942616, 0.41830171658414766, 0.2652269334169895, 0.4371656504157788, 0.31660503303722437, 0.41546643254346316]}