{"FilterHL": [0.023749710666419687, 0.0257827419752876, 0.015356730102455555, 0.02126262193169776, 0.008730964380174091, 0.012579399514911646, 0.032800620132094616], "NoiseHL": [0.11463985947277441, 0.15596239273489407, 0.12767692148970133, 0.3043308028654795, 0.12193497894643021, 0.15497669963065305, 0.1397215438280361]}