{"FilterHL": [0.08683589085368254, 0.10933319248347506, 0.06744959384964219, 0.06542272012592001, 0.15034583365125537, 0.07257690776377614, 0.16738561214995357], "NoiseHL": [0.31512466292753705, 0.34063909349690513, 0.2955021924799546, 0.3927313824832501, 0.31453439542787587, 0.26424107663076685, 0.2999641662850087]}