{"FilterHL": [0.008072585307796719, 0.03844267299983767, 0.021613787970430575, 0.006787970945273911, 0.004149339891542783, 0.019690764263791134, 0.024200521048746322], "NoiseHL": [0.13322937576560664, 0.18515687930102112, 0.1946012286857318, 0.2216682859741821, 0.1650067357524776, 0.19328552534977003, 0.18578726645318117]}