{"FilterHL": [0.013975241253055447, 0.029804620793580767, 0.03329116873018685, 0.022763109349298646, 0.03338588695661581, 0.03573732242422192, 0.03746545733402893], "NoiseHL": [0.2613211528927432, 0.25701931715641585, 0.2753248643642161, 0.2801249741975223, 0.2915143599421819, 0.26369628662700245, 0.28348419352709503]}