{"FilterHL": [0.03903998161679691, 0.0762595606349939, 0.07294422452736668, 0.11818912932500196, 0.0960434903606493, 0.1560836442970527, 0.11316526256975487], "NoiseHL": [0.32185181156779236, 0.0855984925834812, 0.30660451482349055, 0.06063573170753815, 0.19702439572637645, 0.07085432943625905, 0.1777458674941317]}