{"FilterHL": [0.026185014692514743, 0.03972257900273348, 0.02285324755528625, 0.06197303424731478, 0.014329042245890053, 0.024772865616522644, 0.03244831212785907], "NoiseHL": [0.03984571518286064, 0.04166511879840447, 0.02998268213572923, 0.0961709252938602, 0.03454006111881424, 0.057626294945723064, 0.05535983946416777]}