{"FilterHL": [4.889051329073511e-06, 0.0001651717169622701, 0.00014989007989825456, 0.0, 0.00273767987728976, 0.0, 0.0], "NoiseHL": [0.20217423592924638, 0.22493644505680488, 0.19186013665193044, 0.21680194274139555, 0.23392260174919854, 0.20467814417459612, 0.2071544063142342]}