{"FilterHL": [0.020962714218942285, 0.008275634246448825, 0.008897304852303039, 0.01211481485063949, 0.029730814626039305, 0.0015384524357378079, 0.009364645696599843], "NoiseHL": [0.23868931790524656, 0.16344814359446927, 0.2413750432960478, 0.1420463317167585, 0.26706275550263736, 0.2122928083567002, 0.25859931581217965]}