{"FilterHL": [0.020047707711797348, 0.03880462336431532, 0.024180286197677054, 0.035680675101500144, 0.028281841100794167, 0.038396838341513403, 0.1766549926403932], "NoiseHL": [0.13619357128297965, 0.10854212040954261, 0.12308875959212737, 0.13487316146132372, 0.18724400414116968, 0.20665785922257032, 0.1863088275888275]}