{"FilterHL": [0.023197121480132442, 0.019570723538603757, 0.011119659819436658, 0.024295069843864536, 0.006358690531495176, 0.013745177646411727, 0.027349324423320245], "NoiseHL": [0.14610204341563932, 0.13085949517356427, 0.13044848531483896, 0.14179717322498514, 0.08708034546549243, 0.08589021986444971, 0.0991715241204693]}