{"FilterHL": [0.019537372352926016, 0.01904142816250375, 0.013908755455337592, 0.01389333331807494, 0.006957849459648523, 0.005982433080580197, 0.02235678000757197], "NoiseHL": [0.1338250873328145, 0.13656917849581782, 0.14998008835613064, 0.1450486448709613, 0.13560800937624023, 0.15898145530355795, 0.13990109272334686]}