{"FilterHL": [0.026856437256590336, 0.02794671331916989, 0.019720553889406082, 0.03352162397130002, 0.011536099613447082, 0.015022860790256541, 0.03799596363488571], "NoiseHL": [0.2226261910906041, 0.2521669088635458, 0.21329465700893546, 0.2615918146050493, 0.21942757172545857, 0.24563392362241132, 0.22409874101159924]}