{"FilterHL": [0.0028289947180145654, 0.013978465409502035, 0.010469323330134861, 0.004206907362718624, 0.004294103568722067, 0.005978630998804875, 0.018355571850119684], "NoiseHL": [0.18788335523579933, 0.19973599184668547, 0.16347661915953804, 0.18383820533040823, 0.1893297737680533, 0.21582270806002485, 0.18651948066753546]}