{"FilterHL": [0.0009874383085933251, 0.0227800470738263, 0.017940322955660302, 0.0064325411906901945, 0.008525002516585174, 0.007358063792022889, 0.003929584027542704], "NoiseHL": [0.1323270156578586, 0.13131883421739954, 0.1393258514164466, 0.14715458818098756, 0.1802545551931705, 0.1825729712943591, 0.17884529953549178]}