{"FilterHL": [0.013692879195972795, 0.04802387480708383, 0.02437803314521409, 0.01611258591596498, 0.017776885501775398, 0.03148294183342063, 0.010657289862523199], "NoiseHL": [0.06762290242907863, 0.1382831398789893, 0.1050527848024961, 0.13204244910516452, 0.08053743258404551, 0.13969604074022562, 0.1141998997478222]}