{"FilterHL": [0.010743319336991958, 0.021397130641622276, 0.017607540781933204, 0.02627018591876594, 0.02078473883518444, 0.029023340857383874, 0.02111941354919802], "NoiseHL": [0.06787296785025866, 0.05645960342976657, 0.07402299362246512, 0.06460001813716766, 0.2260884856299658, 0.24825130533760575, 0.22903468189059248]}