{"FilterHL": [0.23004535981894353, 0.2340251688395845, 0.16719891131356338, 0.2236445600651301, 0.3837481384019447, 0.5107048065385149, 0.36462124340972624], "NoiseHL": [0.559701504027655, 0.5668741965672943, 0.5396668796869957, 0.5412259217038151, 0.5910302779017503, 0.5668327273035466, 0.5486957093593808]}