{"FilterHL": [0.007382426030284527, 0.030214567291307802, 0.01443425543007051, 0.013753634122501239, 0.00948607523033794, 0.021270004352810772, 0.011320015381418481], "NoiseHL": [0.07672946584545946, 0.1687173198031984, 0.1278668962446337, 0.2024249207168915, 0.11534713201863775, 0.16940696056323956, 0.15565426208112992]}