{"FilterHL": [0.10202710021552933, 0.05090917356119717, 0.01502854031464976, 0.04988701586417565, 0.06441495634113924, 0.09175997838526197, 0.028337931875752856], "NoiseHL": [0.2340470209216884, 0.24498566371008132, 0.295443567950301, 0.3024735009425112, 0.1767386713665406, 0.21087897891526708, 0.21763627274736663]}