{"FilterHL": [0.009158136745644946, 0.001613577469594646, 0.006011813260041648, 0.005966782780734154, 0.014924214030469651, 0.013555594443927033, 0.012732737178573787], "NoiseHL": [0.14651947844407426, 0.20924905544734346, 0.16020059740823855, 0.20133470878933576, 0.15813752868704414, 0.1869167852970003, 0.17029804424017866]}