{"FilterHL": [0.3964229488258361, 0.3001778093645213, 0.29356296610562777, 0.2750794165984136, 0.36399705186179626, 0.30754961286416005, 0.35082228859193776], "NoiseHL": [0.6945947922365817, 0.7190090791135177, 0.711428354285497, 0.721585126456117, 0.699837743718845, 0.7070294766454515, 0.7118569592094546]}