{"FilterHL": [0.011858208502738382, 0.06325922093469315, 0.020441425772838438, 0.7657208957803481, 0.01621789219658472, 0.04197235598647978, 0.016146174706837126], "NoiseHL": [0.1467638100192685, 0.14482156028457702, 0.13974052731135544, 0.16313296903157304, 0.13447258374128518, 0.1360193219283719, 0.14123925157612358]}