{"FilterHL": [0.026579387191788307, 0.022920622864219975, 0.018925467417441364, 0.0345148416687759, 0.023443014676555733, 0.017324031813671568, 0.03461572755573327], "NoiseHL": [0.1954141207889787, 0.21620665082500184, 0.17714531311611373, 0.21015003526596482, 0.18774835649188615, 0.2107120436820918, 0.19594543293995637]}