{"FilterHL": [0.018398735366690084, 0.04969435392172471, 0.007596292671818987, 0.004908005049448922, 0.03766358017699932, 0.017375724033424224, 0.020863336393216962], "NoiseHL": [0.3688071271205923, 0.4184019214807695, 0.3698702708320099, 0.3723003965960822, 0.38624143502583436, 0.42845878334910176, 0.3947113907600156]}