{"FilterHL": [0.21009674683915253, 0.18443077989990442, 0.3158588896664625, 0.20538261416668208, 0.432174143049703, 0.2994039644939442, 0.598756719395788], "NoiseHL": [0.7217291485950668, 0.6759687962486645, 0.6995514570261036, 0.6903814258288635, 0.7182973668103636, 0.691394654541802, 0.7286556653179471]}