{"FilterHL": [0.07070526034993356, 0.15573627452999117, 0.021100834644806398, 0.22392185181877292, 0.03391998318529908, 0.28979552579867995, 0.05585077471403109], "NoiseHL": [0.44339449346229703, 0.5178620286523137, 0.43309570943468584, 0.5368083218046792, 0.4437295247831943, 0.540340729094171, 0.46358723143372643]}