{"FilterHL": [0.023007349606334437, 0.03961006301024479, 0.024166595752253727, 0.05041128890787749, 0.04354665213989087, 0.03532587632251793, 0.028166021558454383], "NoiseHL": [0.13585272187354364, 0.1496858117517049, 0.12516320111234017, 0.11345904365522165, 0.12663165489820194, 0.1398283713335698, 0.12602197357171638]}