{"FilterHL": [8.429370204608392e-08, 0.0, 8.429370204608392e-08, 1.4751398517503518e-07, 0.0006928543124409928, 0.0, 0.0210241016993401], "NoiseHL": [0.35434194469879454, 0.41546643254346316, 0.45290055876146085, 0.5006509008105223, 0.45086383864879576, 0.49282087012005954, 0.5277667346579834]}