{"FilterHL": [0.02351937069640263, 0.05253488166443303, 0.03185366059209966, 0.029676305506324895, 0.010401574162807974, 0.02806638770068941, 0.03034668678975986], "NoiseHL": [0.04157651373808204, 0.04837369577777795, 0.05164316265704226, 0.03325244329671683, 0.030685857813721542, 0.026666817118404858, 0.023189909602430663]}