{"FilterHL": [0.04611746785745496, 0.009992451820045097, 0.040767120428655275, 0.044825052850263995, 0.03958707307078164, 0.07817598394434858, 0.05126888826720031], "NoiseHL": [0.36586079909281843, 0.405862624008426, 0.292840306226254, 0.3802599526381167, 0.3718474512433918, 0.42216729400991526, 0.29806329639903356]}