{"FilterHL": [0.1406812814486791, 0.031427113016718036, 0.023645594262398643, 0.0396235803976128, 0.3134116050774618, 0.23859760347784714, 0.21418749020329542], "NoiseHL": [0.4233870323573361, 0.43722596121347723, 0.4508643946429963, 0.46033138975521326, 0.24318852094970836, 0.24260745840631803, 0.2346573604096854]}