{"FilterHL": [0.08547414677280804, 0.10153538600050972, 0.0394105477540905, 0.06786758641206221, 0.09553455528065011, 0.08697969003876543, 0.13225569424684927], "NoiseHL": [0.06244099719323945, 0.34711561716297495, 0.052705085284334645, 0.3901540541579373, 0.0977168933263434, 0.3830155810989379, 0.0969926060142793]}