{"FilterHL": [0.002867113909166416, 0.013340181462265302, 0.009637000464110522, 0.004031003341957031, 0.005336422698861143, 0.0047099547883610255, 0.019411832518543552], "NoiseHL": [0.22746806871654124, 0.3089473682545061, 0.23971774582075606, 0.3114418067506583, 0.22494692116494394, 0.2966139117231443, 0.24369628643228136]}