{"FilterHL": [0.05221083721784122, 0.05297244346045377, 0.06480292135951524, 0.09444293041605452, 0.08135579955724488, 0.08779619903020981, 0.11783618744811566], "NoiseHL": [0.41981108847273324, 0.4303081685377115, 0.6113022095040097, 0.6068120517048987, 0.41275017903345007, 0.4227595381103017, 0.6058995002080716]}