{"FilterHL": [0.06731914324096767, 0.10060249434735252, 0.03864625813911628, 0.03549942931730687, 0.0797980277067936, 0.08095089019959809, 0.04401661105496535], "NoiseHL": [0.17779776550735013, 0.11858347637235728, 0.11854194814548626, 0.11207103929539695, 0.15555526889787624, 0.15299072219631182, 0.12347772744763007]}