{"FilterHL": [0.03736798112231718, 0.03328448744172279, 0.02340242640740853, 0.02844662016039057, 0.035411565006280656, 0.028107906385948664, 0.02156921791387511], "NoiseHL": [0.023939929174755892, 0.055112445195303714, 0.044259712392017356, 0.027202009823236485, 0.043445250359888284, 0.060350435740370356, 0.04472167965458631]}