{"FilterHL": [0.0051850341049971506, 0.012963872160111224, 0.005376959714486913, 0.06229335038499861, 0.037077893065267674, 0.038503721978601586, 0.05236640304447892], "NoiseHL": [0.2307517839934424, 0.15195923339531928, 0.2568931848178754, 0.15086415477521933, 0.21228292963380144, 0.1349050363496486, 0.20497761657208494]}