{"FilterHL": [0.0, 0.0007699574307924813, 0.0008085648902021309, 0.0, 0.05416633321087405, 0.06706276333363492, 0.07665926208437472], "NoiseHL": [0.37896325629565314, 0.41475585442735385, 0.36060618173820735, 0.3721517875737817, 0.3777287335585434, 0.42168327639943226, 0.38893878920949604]}