{"FilterHL": [0.07306461958775036, 0.22252236573878365, 0.20375242828573856, 0.11855691196011914, 0.414430067845698, 0.1898671133291891, 0.3739470206124401], "NoiseHL": [0.5514163026901074, 0.568221772361787, 0.5559426348224389, 0.603685370045077, 0.626763428500807, 0.6710087106369628, 0.5276514039798041]}