{"FilterHL": [0.018761532102558875, 0.01808489182961657, 0.02685234774588502, 0.015004444148347227, 0.025133430637463268, 0.02182733260795663, 0.03384139223332836], "NoiseHL": [0.04755786910041582, 0.05821793189024353, 0.05883740455393153, 0.0752588098391601, 0.08650269572706434, 0.10383487098684804, 0.0963964129451414]}