{"FilterHL": [0.0072567386706716384, 0.009756478007317241, 0.0045033025343317575, 0.013884434935930475, 0.011968404900634251, 0.0013255611043543186, 0.006294923652437749], "NoiseHL": [0.12335952364087684, 0.1914313227048621, 0.15131663444602964, 0.19521859415555093, 0.13706935457592379, 0.16194999662762716, 0.16349568855499894]}