{"FilterHL": [0.037141904080696175, 0.05170438927387953, 0.016588006952902388, 0.05835210191665962, 0.1219016215824273, 0.15210138688256677, 0.07643830869588368], "NoiseHL": [0.11436589638806507, 0.12725524046065653, 0.12672509521353686, 0.1789697329604843, 0.1441558452029878, 0.14237669260002833, 0.14449537460356263]}