{"FilterHL": [0.004072384545579289, 0.01349353511093649, 0.010468796189344088, 0.004413767413755006, 0.00572613894062003, 0.0038701377118847847, 0.02019449969529892], "NoiseHL": [0.23893621304517518, 0.33271738603632717, 0.24713034308082993, 0.3192032362161526, 0.2306555877403401, 0.3147520577543756, 0.24475513956675313]}