{"FilterHL": [0.0049864665617932345, 0.03282384157782469, 0.005691592661394158, 0.0031910938759252988, 0.006377725370034864, 0.013495912060415997, 0.0009944684883278394], "NoiseHL": [0.24101891539864764, 0.2617776735198969, 0.24791743055742557, 0.26197481896761576, 0.2561342559619141, 0.2740355723627866, 0.257601923609268]}