{"FilterHL": [2.1073424569465507e-08, 0.0, 2.1073424569465507e-08, 8.429370204608392e-08, 0.04219774760269788, 0.04457727410922306, 0.05825916890877434], "NoiseHL": [0.13866442710839363, 0.1634756284592911, 0.16500333021764654, 0.1781969793463003, 0.125512274438645, 0.13513806870732026, 0.15859021932271694]}