{"FilterHL": [0.017227657270943823, 0.04172259627084789, 0.03761945548801223, 0.028155915776088457, 0.029680083611077435, 0.02275683002822119, 0.0459116040719888], "NoiseHL": [0.16174845716129693, 0.15294110557116603, 0.19340656043418236, 0.1810928956087681, 0.16279288723334895, 0.15723184373964139, 0.17425000854587763]}