{"FilterHL": [5.963804213954003e-06, 4.2148104659754384e-05, 0.0, 0.003626553062009489, 0.0, 0.0, 0.0], "NoiseHL": [0.24368051018541526, 0.29275215217742273, 0.5431094403594869, 0.5462959271126648, 0.27879713016662017, 0.3140257650798779, 0.5386431627478119]}