{"FilterHL": [0.11646569796655665, 0.04338848004796997, 0.04688328948748699, 0.05933812287878314, 0.19437871929093276, 0.2989097967717729, 0.31100207679425723], "NoiseHL": [0.15785513018416944, 0.16140249637156584, 0.17058267611345063, 0.1730141163995702, 0.18213213157100253, 0.18978601710994358, 0.16631905605879105]}