{"FilterHL": [0.00014074233383508047, 0.00028185000129871937, 0.0, 0.0, 0.0, 0.008610277054047183, 0.0], "NoiseHL": [0.18239580959790105, 0.2214830616120933, 0.16193431328727034, 0.2034297098849552, 0.2120278888000165, 0.2531082856368079, 0.20467814417459612]}