{"FilterHL": [0.013128374938976398, 0.01690155306474171, 0.008649707816587266, 0.01805782956896747, 0.010853267730311561, 0.014029369798044358, 0.020922909841593416], "NoiseHL": [0.22102376702367935, 0.2225995440778536, 0.2652360202695335, 0.2678203253474511, 0.21327702558012152, 0.25456154922307245, 0.2790830935718602]}