{"FilterHL": [0.018747002136589905, 0.026587972728880107, 0.023856587800954936, 0.032527183589913626, 0.006753625772824269, 0.024908785124701127, 0.02264302844787878], "NoiseHL": [0.06627672968087003, 0.05668581872363773, 0.07182698846267417, 0.06039323600656122, 0.10525953083017714, 0.12031801375650396, 0.10706789389819119]}