{"FilterHL": [0.0013826937629929181, 0.054243643549187044, 0.0122607414335111, 0.01929977282887877, 0.012726334946421884, 0.02888983195451346, 0.03989374381888859], "NoiseHL": [0.15880924869119284, 0.19867733498937262, 0.18872555294250126, 0.17386995906331518, 0.2071544063142342, 0.18730760459044257, 0.21054173300523385]}