{"FilterHL": [0.009592613413906471, 0.006147827975981678, 0.01807928127072466, 0.052388715193546175, 0.0355156285343734, 0.0341001332967536, 0.028907032214650415], "NoiseHL": [0.22156503964283378, 0.20748095902248884, 0.17837726447147456, 0.20114401057808914, 0.2666752858535985, 0.2768834381103817, 0.17373562080782862]}