{"FilterHL": [0.02084461846191257, 0.01995417315034121, 0.005996007938640851, 0.026434567383038773, 0.16157079185688003, 0.07900484073774583, 0.1501526396039651], "NoiseHL": [0.37521117663913406, 0.34898467728615556, 0.34657131557839177, 0.29350654063186116, 0.3721665065345731, 0.33758403506854784, 0.32256254375866694]}