{"FilterHL": [1.4625107679030699e-05, 0.0, 0.00015296745886835282, 0.0001084732347742158, 0.0007297488448670914, 0.0, 0.0002397297651629818], "NoiseHL": [0.14737794897420034, 0.21798069666140013, 0.22607708161584836, 0.17245022900462761, 0.16193431328727034, 0.20838248111736035, 0.22493644505680488]}