{"FilterHL": [0.024670936984474513, 0.05236679020862731, 0.02607385582460224, 0.02302590037921771, 0.01707118060889951, 0.022998248410608903, 0.021074519008679127], "NoiseHL": [0.2374069778452437, 0.272780516383599, 0.2503876825822145, 0.2560438012183424, 0.2582676151935952, 0.22606460768427689, 0.2846270965012038]}