{"FilterHL": [0.015073096624061672, 0.005093572097496754, 0.046399951114935875, 0.001014823407513731, 0.04600130701177662, 0.03902538502953906, 0.032186688891612615], "NoiseHL": [0.07840829920320809, 0.12477633049009099, 0.09133910298410723, 0.12794425599832016, 0.0885684832426404, 0.071112857736903, 0.0997023759617761]}