{"FilterHL": [0.02336512972112119, 0.023122987259597515, 0.018288611500399905, 0.03736788267007138, 0.02692703620296051, 0.026521198299035344, 0.026439507643779864], "NoiseHL": [0.07655697191393848, 0.09752011716988407, 0.0951046984486919, 0.0976398730601092, 0.09673904146654727, 0.08825569572416173, 0.11889372906616032]}