{"FilterHL": [0.02746369701898082, 0.024004841354628555, 0.015944700637297346, 0.026578377408221967, 0.004782629006405821, 0.008778918757024221, 0.05670752114636068], "NoiseHL": [0.1367305103742648, 0.16802105805352088, 0.15730924230404233, 0.1753549526529755, 0.1736074713520046, 0.12657724370291998, 0.1559814510712344]}