{"FilterHL": [0.03594091789522443, 0.009448199907599287, 0.01966443574015469, 0.03037720990270541, 0.014927747083110229, 0.033985834510340485, 0.019757260914285844], "NoiseHL": [0.1653705053500933, 0.1406342571920943, 0.17243856588707782, 0.13553847421253237, 0.22195501863999068, 0.19997654912416934, 0.2077864202732783]}