{"FilterHL": [0.016388106181396824, 0.0006921424005346889, 0.007026544736454253, 0.003977955514564078, 0.00748282193556852, 0.017955553451844096, 0.01931024240447516], "NoiseHL": [0.24155417240974345, 0.2532321431630164, 0.2512574717131606, 0.2780125752071218, 0.28843642947923537, 0.28001740179409074, 0.2829568696406311]}