{"FilterHL": [0.020879443788355902, 0.03438961941884284, 0.009768036341947048, 0.027234242027253164, 0.05387101850866343, 0.01974329884511163, 0.010370324257719362], "NoiseHL": [0.16813482462146015, 0.23942011089202855, 0.206022472006924, 0.25884359440602134, 0.21922678389571823, 0.2552038373820247, 0.25139935532288843]}