{"FilterHL": [0.029650357511232125, 0.04766148350287624, 0.027424652933093832, 0.03052728772706813, 0.06322872579097452, 0.030776875912706895, 0.0590203656378815], "NoiseHL": [0.233795946189926, 0.4146051332250392, 0.23225850974328624, 0.42505897055549063, 0.25628330301334573, 0.3164176662688575, 0.2608724418071763]}