{"FilterHL": [0.0002854550029755851, 0.0, 0.0, 0.0006313044299775587, 0.0, 0.00020473688314761012, 0.00032112653697593683], "NoiseHL": [0.30881681198870464, 0.39234978250592256, 0.35512924987693184, 0.41333255667942487, 0.329265981228787, 0.3751893617838597, 0.37138976963783255]}