{"FilterHL": [0.0788849923706688, 0.062388182828498916, 0.05820253209514606, 0.026976730553422253, 0.06401293059368034, 0.0300790864930967, 0.07477197812936691], "NoiseHL": [0.12579903019630476, 0.11624890818375382, 0.10905222169739069, 0.10467160852961602, 0.11432871463276321, 0.06614660603150277, 0.12199222151979015]}