{"FilterHL": [0.0, 0.00932891403049275, 0.018282413546464746, 0.011447327051933388, 0.0, 0.0, 0.04101090889970124], "NoiseHL": [0.4371656504157788, 0.45560932187662384, 0.42010954660371713, 0.4119916767922893, 0.3894008249463023, 0.4175939405074843, 0.35920025081436496]}