{"FilterHL": [0.002564363632864946, 0.013781596199369932, 0.011342526151388916, 0.004863964499675305, 0.00525506525538083, 0.011567525028293352, 0.0193373002977671], "NoiseHL": [0.21052741709271677, 0.2572221493539435, 0.20474746874882035, 0.24791515396221786, 0.27535800739101207, 0.30081981080797193, 0.258237581256165]}