{"FilterHL": [0.017791394599807005, 0.033295524760524664, 0.009887324965122261, 0.01882527003323423, 0.46942647844261676, 0.3573418373794994, 0.34728466168364197], "NoiseHL": [0.21824128957802807, 0.2728165190492227, 0.31078294857963623, 0.2906291562868147, 0.33257992735227315, 0.3667950360788852, 0.37138976963783255]}