{"FilterHL": [0.07651616816340205, 0.0299680174396393, 0.0691195014352624, 0.09837281065359997, 0.1774934651566673, 0.1860547185938486, 0.11696594963027887], "NoiseHL": [0.2658684863012508, 0.2804998867803676, 0.27269263310487724, 0.23671544217206653, 0.24112283717645028, 0.24128992237887142, 0.2670355745732582]}