{"FilterHL": [0.015398499423653286, 0.019854945658912035, 0.007264062143328436, 0.00694682047343351, 0.01887323434350263, 0.020804506389567445, 0.015679688729658796], "NoiseHL": [0.1133141758051066, 0.1350529709700431, 0.13685885468870462, 0.14045337732975027, 0.1280330088146404, 0.1371023441429291, 0.14318866641095349]}