{"FilterHL": [9.69654734315552e-05, 0.0, 6.339170167454254e-05, 0.0, 0.0022879976257368056, 0.0, 0.0009597028040508123], "NoiseHL": [0.19317708832355046, 0.16950843122097695, 0.2034297098849552, 0.17098527586296225, 0.21323045788224296, 0.19186013665193044, 0.20838248111736035]}