{"FilterHL": [0.003930933318347534, 0.012197648561732404, 0.0034088230548698006, 0.008238075607998096, 0.06882357560428132, 0.06319151587267258, 0.06999371457029811], "NoiseHL": [0.08292616771216287, 0.09199545456912951, 0.1255547309448044, 0.14062034200440057, 0.1695096664009357, 0.18719801347536313, 0.19975316361637876]}