{"FilterHL": [0.0, 0.0, 0.036492363122163064, 0.013484946390582796, 0.0, 0.0012415560231522837, 0.03475183660354532], "NoiseHL": [0.24474362140675346, 0.2672010060207921, 0.2439031020723353, 0.2818221099964777, 0.25103979383693453, 0.2954782282049058, 0.26819737837367114]}