{"FilterHL": [0.011120494190556782, 0.011027509798965242, 0.017538043836084455, 0.00803262670032628, 0.007101622754612232, 0.016559571031142622, 0.0164821422215008], "NoiseHL": [0.2487019502658426, 0.1961921323778581, 0.22961884505835567, 0.10949329648755131, 0.25402146774594675, 0.20956245875812668, 0.24373667581669486]}