{"FilterHL": [0.009799765972057952, 0.01490860041811721, 0.01048896626378466, 0.021888072151839816, 0.002243476931584074, 0.012184351489181797, 0.020376559858955562], "NoiseHL": [0.1909020825943434, 0.24369559872579327, 0.21100516976499958, 0.24528640958899264, 0.1958078470713493, 0.23187604426133052, 0.21616799891479338]}