{"FilterHL": [0.2529068156136919, 0.2307630321399953, 0.21557580925969846, 0.2236465817230616, 0.259305092087834, 0.3024708375418604, 0.2412579240331643], "NoiseHL": [0.3705175634159621, 0.3541652551673635, 0.34050226855323884, 0.3596825392208464, 0.36444229008067175, 0.38123784260071375, 0.3486155648615978]}