{"FilterHL": [0.040519147281507094, 0.033291794895151765, 0.024113301801295187, 0.04545049393214159, 0.022218427838504678, 0.03200552226843378, 0.0509344527025002], "NoiseHL": [0.0504026474594419, 0.053410474409698275, 0.07036495852258398, 0.1040692357223986, 0.050872727143605516, 0.07828876245779237, 0.08043647817782054]}