{"FilterHL": [0.012357891481069834, 0.004419927860713271, 0.004812227675932404, 0.0201743898991618, 0.008537643576498386, 0.0017343491781146051, 0.0018193807985379866], "NoiseHL": [0.12019055528489331, 0.20875403193391992, 0.1570005126415919, 0.1831302699678101, 0.16970690976852892, 0.1902676029779905, 0.1834496294678589]}