{"FilterHL": [0.031926054254431464, 0.023046123790864792, 0.032348115217205486, 0.006946631122423117, 0.04124370728760646, 0.044445517489189665, 0.053414769969941336], "NoiseHL": [0.16586529441512718, 0.20164342972121424, 0.1838136725090785, 0.2556789568708699, 0.16355944420485644, 0.19686775651961577, 0.20109821443504253]}