{"FilterHL": [0.0, 0.0, 0.04031953776853649, 0.0026869971877198627, 0.0, 0.0, 0.03624386278539206], "NoiseHL": [0.2520758735267398, 0.19186013665193044, 0.1825256991505688, 0.18950960811182582, 0.24474362140675346, 0.18785815120172258, 0.20676618947873363]}