{"FilterHL": [0.09124835427747899, 0.046331733356895284, 0.23453988153398012, 0.08615104014833208, 0.2538371442709491, 0.2398240943455195, 0.2337804235398657], "NoiseHL": [0.3566526699756923, 0.33817547816399374, 0.32670846873660414, 0.3091770854988292, 0.24359424711722258, 0.26765163855361607, 0.22018157975254757]}