{"FilterHL": [0.012673396646397784, 0.05624842549579502, 0.020891630807872704, 0.03581436377616137, 0.006942197803992723, 0.012481637643641784, 0.16568832012604656], "NoiseHL": [0.4068386590164826, 0.438361367392831, 0.5299806951027556, 0.5174741297718418, 0.4184650583732247, 0.4335675019254566, 0.5284347057545957]}