{"FilterHL": [0.006167316991736937, 0.023709845243481867, 0.006778606593585325, 0.00670456355146139, 0.004670759896337783, 0.009947764501860048, 0.010538456216221159], "NoiseHL": [0.18024871947825194, 0.24493855843309278, 0.20392835544425175, 0.2492662236459954, 0.18462268506740015, 0.25453770564760564, 0.2140175246564694]}