{"FilterHL": [0.0, 0.0011686863709659877, 0.024400693566217314, 0.029093879447484264, 0.039806506659526744, 0.04094459593031528, 0.045794388396149396], "NoiseHL": [0.1996416327232974, 0.20217423592924638, 0.1967460237842807, 0.18597278660387181, 0.20675919867044762, 0.2010680297086528, 0.18181398144146022]}