{"FilterHL": [0.0025607598969744332, 0.007025777504961625, 0.004986547987794753, 0.007671299880750618, 0.005727676545282129, 0.010441802874947318, 0.013583378410059929], "NoiseHL": [0.135051076803721, 0.14567521656365282, 0.13321127079297984, 0.13136534910057404, 0.17534697309164013, 0.2085134780690942, 0.179607530779865]}