{"FilterHL": [0.02968468592143913, 0.0033499637053364954, 0.033247136160825905, 0.00647397712205208, 0.039494995839708384, 0.24307927386382153, 0.03546847135355398], "NoiseHL": [0.44237534946470847, 0.5364447659464876, 0.38037109052102297, 0.5317479129863206, 0.43223670244551793, 0.5188372145692871, 0.3921944656080932]}