{"FilterHL": [0.030568017514858926, 0.04588133141565434, 0.017038077033836998, 0.033793648119892425, 0.03397521114003066, 0.04537015803024809, 0.03697754648018656], "NoiseHL": [0.08272025373902246, 0.1376466317877676, 0.0845868431764301, 0.1260497843265243, 0.10535873064440997, 0.15318551258836843, 0.10274402152169605]}