{"FilterHL": [0.038544131452543096, 0.03846271461106652, 0.04231300038961538, 0.013416529225793247, 0.05790487875870061, 0.0410038944672654, 0.0699080982939684], "NoiseHL": [0.3036460369426814, 0.27435697053364605, 0.28912094629372403, 0.2625317363298373, 0.37802899241890986, 0.3428751497724167, 0.3536777884974175]}