{"FilterHL": [0.12427119332780172, 0.08565159797713807, 0.1448291451682755, 0.12848078100845187, 0.45027712006210413, 0.09447836707352189, 0.3579892958939016], "NoiseHL": [0.4145189975034275, 0.2874276901581403, 0.38783448279377053, 0.259539022099395, 0.3590079612821182, 0.3013128894638986, 0.38028660335265246]}