{"FilterHL": [4.2146849766967993e-08, 3.1610143448586587e-07, 0.0, 4.21468610716337e-07, 0.0, 0.0, 0.0], "NoiseHL": [0.15562474979979976, 0.1996416327232974, 0.2317051022141721, 0.2652269334169895, 0.20960401046104254, 0.24261333094355136, 0.21561738357673682]}