{"FilterHL": [0.004295572338577125, 0.023492318058945635, 0.024233191719725076, 0.009973251125944167, 0.014096651557126564, 0.04829204538302843, 0.031410862155464334], "NoiseHL": [0.35464515325414975, 0.38822848547262795, 0.3730879450556227, 0.3621746608499711, 0.35591587918945305, 0.4385118365301773, 0.4033757057274632]}