{"FilterHL": [0.08206696079400075, 0.028710999719759774, 0.030190717711440388, 0.014389934477190872, 0.1305273916652658, 0.1073394817051133, 0.09667236114436022], "NoiseHL": [0.3393614733526796, 0.356057453693289, 0.34067607712287434, 0.3689424309250429, 0.34694052817291, 0.3712666029100602, 0.366395088797304]}