{"FilterHL": [0.023642358277571204, 0.02108773770892033, 0.011747882786133602, 0.025782678545081494, 0.016698736054566798, 0.029450615871113434, 0.028067879068545777], "NoiseHL": [0.07215222372039598, 0.08725819458130477, 0.08534629744635795, 0.12207290625864928, 0.06709676799626316, 0.10113171418981505, 0.09242494285078875]}