{"FilterHL": [0.03675185414446059, 0.06063950797781843, 0.03799272020519817, 0.043744855551756424, 0.06467464542576608, 0.05952616649256868, 0.09511895033881353], "NoiseHL": [0.09161427853292047, 0.09415310510898248, 0.11711261448376213, 0.11682796962108309, 0.07956814281351744, 0.052623424725379175, 0.11448041008029446]}