{"FilterHL": [0.0, 0.01944852511406466, 0.00020981706756754097, 0.014479486607082625, 0.017558976065940913, 0.0491501765656087, 0.015087929434081639], "NoiseHL": [0.2972843603127713, 0.2807482455250771, 0.2981841149867339, 0.27422796839572033, 0.3309260823077595, 0.334228815702607, 0.3259265977491048]}