{"FilterHL": [0.005691581736462244, 0.00827118853166429, 0.007510546281635994, 0.02012808059465045, 0.009391027652310787, 0.00929946901968568, 0.015304306269586431], "NoiseHL": [0.12531203150350537, 0.12746409266634348, 0.13290579635238364, 0.12301682251036476, 0.16310294170504028, 0.17706012422554723, 0.17678576373017427]}