{"FilterHL": [0.005022022059461109, 0.0009431600495948952, 0.002752045814378324, 0.008059363038198363, 0.0032401303944015083, 0.0048028990844848065, 0.014064606444120735], "NoiseHL": [0.2468131052792023, 0.2741543654020346, 0.24636963126664368, 0.2783166131095142, 0.2525394238162357, 0.26268820972042833, 0.24639348265897268]}