{"FilterHL": [0.008163349395048154, 0.035346436633919905, 0.02250745300749467, 0.014339003244152321, 0.014410840528443295, 0.015350541726620223, 0.03457335977162477], "NoiseHL": [0.30683729656520353, 0.2570442429930232, 0.3141320432251724, 0.27963434946797255, 0.2920918711047503, 0.23058419039649217, 0.32800447644803726]}