{"FilterHL": [0.002629497336315416, 0.00532406791784511, 0.002912985292360082, 0.005181930276347494, 0.004664658825437258, 0.0035246796225291387, 0.008109616232337021], "NoiseHL": [0.09129974781912574, 0.10901280399512131, 0.12555067350727167, 0.14912677313995074, 0.16243385926230808, 0.16513312898715818, 0.1782386639206174]}