{"FilterHL": [0.05067824561959771, 0.043392007177157514, 0.016674976297976696, 0.026130864703798815, 0.053188638372639825, 0.02438635384299266, 0.052935747512665034], "NoiseHL": [0.19966633082150254, 0.2487271503032116, 0.2050614833663209, 0.21546772278822823, 0.2186918203696886, 0.24324727891704281, 0.23288131852153887]}