{"FilterHL": [1.203302763449041e-05, 0.0, 0.0, 0.0, 0.0005913990097824501, 0.0002591452378635606, 0.0], "NoiseHL": [0.18239580959790105, 0.1996416327232974, 0.24154202878078954, 0.26423520936170475, 0.2108191091580861, 0.2214830616120933, 0.2602362039839603]}