{"FilterHL": [0.011779239339179978, 0.08554926888485595, 0.008296178472861912, 0.03555913023678908, 0.1497712688224914, 0.23339920046738258, 0.2479842878054847], "NoiseHL": [0.3881283724542295, 0.28766872808476146, 0.40636456418839917, 0.28678870525753175, 0.37259832957398903, 0.21704736641142613, 0.3922075746162485]}