{"FilterHL": [0.005111062497159344, 0.015500817940980738, 0.002300488031080288, 0.01611059168153663, 0.05056906788274055, 0.05717046704530991, 0.04997604196135959], "NoiseHL": [0.25313838022409285, 0.25932170099391544, 0.2542087312691128, 0.2853923808392173, 0.21813668032561925, 0.21844310162171635, 0.2083610156963517]}