{"FilterHL": [0.006081602402236205, 0.01590798533261269, 0.004681236113183797, 0.007002056603893491, 0.007712983303251316, 0.003520983788311099, 0.018790679822124932], "NoiseHL": [0.1703741917183816, 0.17684302049194744, 0.23660831490358977, 0.26943498454396947, 0.2325807755584636, 0.22674774100811115, 0.18793761107352772]}