{"FilterHL": [0.10588441313053071, 0.09193396981033931, 0.08081117679526208, 0.09385529542212313, 0.13622281716609524, 0.09480140523702696, 0.0779037511434849], "NoiseHL": [0.21652780280852213, 0.27347165812871604, 0.20565428603210087, 0.27092130732570924, 0.2518712114013184, 0.24857315331612959, 0.21657826221991747]}