{"FilterHL": [0.04100596773063401, 0.04516168560770664, 0.03883094269388797, 0.028015027440535585, 0.06891772959796796, 0.04213092762558253, 0.054136322450161777], "NoiseHL": [0.04185762256713026, 0.032600833804658336, 0.051264867399220704, 0.03837608203561902, 0.04965179465921453, 0.04087692025754482, 0.050229648167036095]}