{"FilterHL": [0.04616958196527554, 0.05508727309026716, 0.026810310708367018, 0.016906150440320657, 0.04549053411929032, 0.048760372216104984, 0.03270202019336474], "NoiseHL": [0.1259818339146948, 0.16586695725947567, 0.16939804733697814, 0.19545574981393346, 0.17286430851226087, 0.21552790162802363, 0.20142670677870436]}