{"FilterHL": [0.028575861826688902, 0.06444365045048536, 0.003994719193995075, 0.11184538266665313, 0.01908478329717226, 0.14858850006245217, 0.029132323110281754], "NoiseHL": [0.2948011955482243, 0.30858782197735213, 0.2644394551487901, 0.2763056162266691, 0.2806162718346183, 0.3174182908213988, 0.29698783377993226]}