{"FilterHL": [0.00257103905779618, 0.013962433642992685, 0.007445160003252223, 0.02890233547612042, 0.0045466795110164545, 0.008142963105940204, 0.010497022432060703], "NoiseHL": [0.1572375118955221, 0.09935816598352429, 0.16350366790656043, 0.08637491248989597, 0.1650632276370676, 0.0863564705054409, 0.157225212538281]}