{"FilterHL": [0.012415552150647212, 0.0291398084137927, 0.03908133186895666, 0.03867153819215395, 0.03150405391220925, 0.030909632044375458, 0.04602055855574757], "NoiseHL": [0.039262449579053026, 0.051918626969762856, 0.06273796272738037, 0.034351615255865574, 0.06992137663117033, 0.07724323957647622, 0.0764989612275275]}