{"FilterHL": [0.005985142741581287, 0.011864241832483084, 0.004944635781884352, 0.009331667613199857, 0.0626516206281904, 0.07116588550272224, 0.06217977209222652], "NoiseHL": [0.17537142492527757, 0.22379065059680484, 0.1825852607229871, 0.23062341701686742, 0.3298038469439705, 0.3591855806364905, 0.34328275249874696]}