{"FilterHL": [0.0113227072228461, 0.02064945936835616, 0.02048892380461951, 0.025132415324366105, 0.01743017990218623, 0.014532021478081393, 0.025472196343478793], "NoiseHL": [0.06426132721150841, 0.060404012787867147, 0.07560325891449825, 0.05396521943895617, 0.11490687934544395, 0.12794017678698322, 0.12080480217899393]}