{"FilterHL": [0.030350645080134308, 0.04073373206618134, 0.005804563864912064, 0.044808210165106416, 0.034772108515001544, 0.07188058167756552, 0.059748160138818486], "NoiseHL": [0.3372171790891816, 0.36940434944347145, 0.38530035633272686, 0.41051366832184005, 0.44968163973185393, 0.48368580471191636, 0.4797206933515109]}