{"FilterHL": [0.005366780712765674, 0.013827891835355623, 0.0048507283786683964, 0.007030453210189288, 0.005588826574697796, 0.010878654537755003, 0.009797709574787802], "NoiseHL": [0.08856780907097278, 0.1665236829976592, 0.11151580173261098, 0.1558509762120911, 0.1387279363342812, 0.19216775749660134, 0.15978567152495832]}