{"FilterHL": [0.0007747041357942497, 0.0, 0.0, 0.0010439050616169413, 0.0, 0.0010439050616169413, 0.0], "NoiseHL": [0.2541370758203428, 0.3044224920897379, 0.27013920321390256, 0.31488735035330745, 0.2749773334125651, 0.31488735035330745, 0.2954782282049058]}