{"FilterHL": [0.06797419968374048, 0.12972406340386483, 0.10779190146711673, 0.06616551085978091, 0.21098521902490508, 0.17258440290415258, 0.26710852267744684], "NoiseHL": [0.15097151966587574, 0.14047144292368316, 0.34649766202917626, 0.3559790007747606, 0.09167505471230572, 0.12796994142441745, 0.43151963203016347]}