{"FilterHL": [0.005425525828718851, 0.019387825668534517, 0.0027789611390600655, 0.015422318189104353, 0.03276390241806767, 0.041484421459682355, 0.028576791164543165], "NoiseHL": [0.3363292137669964, 0.34479761807358417, 0.3402874097898463, 0.33669353834225724, 0.3835686026782768, 0.3744423396688738, 0.36143902022747587]}