{"FilterHL": [0.016495974508053755, 0.02327130520149047, 0.026788818161372727, 0.013516766113426832, 0.013431165840575876, 0.003064188766525645, 0.02001962676627907], "NoiseHL": [0.11971787269761407, 0.27229731652584166, 0.1595182310477836, 0.2830795870601198, 0.1369380066753235, 0.26924921781473743, 0.1763323925937064]}