{"FilterHL": [0.03340178569613758, 0.04719390130313762, 0.047648915859086, 0.03850599546688708, 0.03618284914012197, 0.034384183266220635, 0.031981554310981194], "NoiseHL": [0.12469018660361134, 0.04655471165303674, 0.1484617838246101, 0.028833262285739042, 0.1262015371778931, 0.04371799991552383, 0.13093058739497168]}