{"FilterHL": [0.008621564583635468, 0.016127755096631093, 0.0037936476158451507, 0.010419352684468164, 0.011036222260410821, 0.003030920908424695, 0.012418212948072344], "NoiseHL": [0.20053043053494435, 0.19140715734546176, 0.23081334844962462, 0.2473143566361171, 0.23359413208827715, 0.22537392149435315, 0.2551638149927548]}