{"FilterHL": [0.01973541708010707, 0.017482893511518154, 0.010426604483817182, 0.029474774484453337, 0.006757146671122429, 0.014580459537886148, 0.02846305700679985], "NoiseHL": [0.01630530896968194, 0.03723007709135887, 0.0478036628123889, 0.05965073102144519, 0.024535741680832848, 0.02395867427375436, 0.04664210645642463]}