{"FilterHL": [0.0654941422759087, 0.06911437518638003, 0.04078792519682137, 0.059586261552055375, 0.0724859852404458, 0.11099341270681148, 0.1308525475006981], "NoiseHL": [0.32718287274079866, 0.3069230006825706, 0.2868200878185149, 0.27076222293636276, 0.29359653503106764, 0.308249435295822, 0.32444914046954]}