{"FilterHL": [0.01079638495558793, 0.02515169900126494, 0.012728430583410536, 0.05114622272420133, 0.008583721907889807, 0.041897416073170574, 0.02879617194942942], "NoiseHL": [0.4288709672351506, 0.2796511198507129, 0.44610452893850777, 0.2772103482958978, 0.4295357303190875, 0.2795834471996229, 0.4498053229966132]}