{"FilterHL": [0.05572644201256968, 0.05555965245279321, 0.03778886457202325, 0.035951771788486665, 0.03606842092852021, 0.031309456654123574, 0.02517109007125816], "NoiseHL": [0.05453083550378261, 0.1293912257857591, 0.11341205780656581, 0.16276653208007455, 0.06353663442795741, 0.1394589868251667, 0.11014426234115421]}