{"FilterHL": [0.020141595563090035, 0.03233747906444537, 0.0256728272083958, 0.039272540206568875, 0.009668200611062308, 0.026312886310976145, 0.041781477671996], "NoiseHL": [0.04589247333766466, 0.050484452085828795, 0.07516329970248144, 0.08616218117070851, 0.0558084327698731, 0.05451197159532292, 0.0786680384941256]}