{"FilterHL": [0.0008492843334586891, 0.021710414276739917, 0.0029204644946480814, 0.009878369591446216, 0.010322786475440382, 0.020725758736425327, 0.016403849247104335], "NoiseHL": [0.2662155203826279, 0.27188984246310927, 0.2749773334125651, 0.31056450457704154, 0.29997710552629714, 0.26701758493927974, 0.31746116200074787]}