{"FilterHL": [0.012379515076465673, 0.018262579651887312, 0.022434306184365226, 0.03454616892308083, 0.017283125737763517, 0.014488496399905758, 0.03668541721311985], "NoiseHL": [0.2847485694607996, 0.2667970759670175, 0.3055741041337503, 0.31169236197748773, 0.20236042254017308, 0.24624315197766167, 0.23509502208027824]}