{"FilterHL": [0.024463787744094745, 0.04640525509725047, 0.01902888760350469, 0.033780244777248836, 0.017651472164858663, 0.03725225159829722, 0.01787886240387191], "NoiseHL": [0.11063216139471974, 0.0803094067227753, 0.10586073334155387, 0.08598063607619494, 0.15838576523930897, 0.16120905157062151, 0.14976195913411447]}