{"FilterHL": [0.009435442171645434, 0.016140176321104, 0.01357096210379169, 0.010303664839796335, 0.004716958484476619, 0.01292355409188772, 0.007768100662782657], "NoiseHL": [0.08916624362180336, 0.16052752486424574, 0.14221295562513944, 0.16085327752514705, 0.12164049168981073, 0.1604471031334808, 0.15568512311596416]}