{"FilterHL": [0.030837812164812215, 0.042369876802603144, 0.034049885231457654, 0.036036357665278636, 0.06972323578137775, 0.07843343092499823, 0.07600324279613545], "NoiseHL": [0.05558719211587022, 0.06935257328097696, 0.06569607292762503, 0.07243394949462759, 0.04685024216010435, 0.0635564576551139, 0.0649622008217271]}