{"FilterHL": [0.011251891308779627, 0.010350466230580498, 0.004748199887174929, 0.004862270002217395, 0.4195288337438261, 0.4217494132663947, 0.4296435930161215], "NoiseHL": [0.39313634568205585, 0.4061898701133564, 0.4177394739036091, 0.4218859017580762, 0.5824966098124486, 0.595850333075963, 0.6015598720095459]}