{"FilterHL": [0.062222014642533456, 0.05694518701207526, 0.06342176379190634, 0.07384471522602935, 0.058584127723057086, 0.08272546882535649, 0.08068125397635927], "NoiseHL": [0.0871526845531437, 0.07015568896765073, 0.10940962054903344, 0.11746315224146267, 0.09177711339465534, 0.12192813980389713, 0.11356560127100418]}