{"FilterHL": [0.00991294408957128, 0.014836541923267084, 0.006694283062954352, 0.009916278703978739, 0.009316736673535666, 0.008181344182844824, 0.008060130716418916], "NoiseHL": [0.2173423505391324, 0.2321118510187456, 0.16045256663177337, 0.19633618265803152, 0.2352722036719307, 0.22769586303943898, 0.228618272590195]}