{"FilterHL": [0.027411293734641313, 0.0545084997292098, 0.025165969207259314, 0.03168129111308057, 0.022551824678052026, 0.025251808508229986, 0.03515403730991385], "NoiseHL": [0.028374568029320136, 0.06816941955620248, 0.021084052035036323, 0.03650213845695773, 0.013852719949568725, 0.015411385428190665, 0.012413068846242055]}