{"FilterHL": [0.004927379239748464, 0.004797774293469619, 0.003058840299504699, 0.006329137784178638, 0.027199282605545202, 0.01316016212108149, 0.019659489887512732], "NoiseHL": [0.32362748104230904, 0.36610310041972766, 0.3537536734617652, 0.4067902115042109, 0.34611349400887154, 0.36772144015499625, 0.39236081488119234]}