{"FilterHL": [0.01591811651070046, 0.029615813074087463, 0.024200768956089566, 0.03851215414350235, 0.018888683806514883, 0.02110172542881294, 0.020517850071855324], "NoiseHL": [0.12083692073861697, 0.12782430435951217, 0.1132630287845019, 0.10970762494158003, 0.1392041337706008, 0.13684472138033263, 0.1389574223946679]}