{"FilterHL": [0.04622646794176992, 0.0333445973170481, 0.03282226403683192, 0.03479082461543224, 0.02191772525440155, 0.018877434579857664, 0.0335716506755237], "NoiseHL": [0.05595416387476941, 0.038802538505016006, 0.04743723127647003, 0.03544382665239412, 0.034120086873362813, 0.03838089040146833, 0.04905408173997381]}