{"FilterHL": [0.01269424027962649, 0.0691769554829941, 0.02848528783958583, 0.04511649369094878, 0.02402860220331924, 0.12128436820850665, 0.0192532974206328], "NoiseHL": [0.1376967071566904, 0.12986405339126186, 0.1544456686937173, 0.2044766796298323, 0.17336265092968234, 0.1488603968747891, 0.16063266471057852]}