{"FilterHL": [0.0647452722537994, 0.0438289379745607, 0.03882668861383108, 0.017853096355986156, 0.08358666531744466, 0.060722354179089916, 0.07050408644252068], "NoiseHL": [0.09660527168799209, 0.0941966091778683, 0.08257792113803776, 0.0984700381159228, 0.09693350310871103, 0.0813730048995941, 0.10313314672980282]}