{"FilterHL": [0.0010966262734014168, 0.00043504716107887527, 0.008666327381267816, 0.012497884955975503, 0.0019009757755440798, 0.01837660155870503, 0.023552921885511127], "NoiseHL": [0.15562474979979976, 0.2059196678858405, 0.16613830748727373, 0.1782035037295372, 0.2108191091580861, 0.2632403118070741, 0.23297637427881748]}