{"FilterHL": [0.027434913935543297, 0.07652664760327386, 0.059414660916608096, 0.021972926990043006, 0.07615817009805952, 0.041630887325993716, 0.047790857238117664], "NoiseHL": [0.03508438812049408, 0.0734852115938082, 0.05221639155957872, 0.02120215439998113, 0.05542156066169282, 0.030642761503441845, 0.03892067474165114]}