{"FilterHL": [0.014976574908170627, 0.1763776667517378, 0.03982120726150723, 0.03582709676985112, 0.11621231163548577, 0.18330085291760262, 0.1381499883504643], "NoiseHL": [0.317696473692392, 0.29543551180307526, 0.3211504090633587, 0.29651958738879136, 0.2807279832230174, 0.3109888684038776, 0.30018941410207006]}