{"FilterHL": [0.01818420468885247, 0.015609222280042002, 0.01452986693098699, 0.03307302630170003, 0.009043575301649613, 0.011032062311618695, 0.03329760114134122], "NoiseHL": [0.08166976586753161, 0.13326306447512312, 0.10466536552586297, 0.1380093777510037, 0.10159425640371444, 0.14052879839456528, 0.1323012354707654]}