{"FilterHL": [0.0003054831248962719, 0.004841458544323206, 0.0006721191231670255, 0.030031145616026083, 0.07305326556340902, 0.005092311232558423, 0.04165025403715092], "NoiseHL": [0.3284335526765462, 0.39420039070724816, 0.35118014081935767, 0.4029342258619048, 0.34655882533760335, 0.3996616021907821, 0.32474468683962376]}