{"FilterHL": [0.030620568004094607, 0.05587309952060263, 0.014182089574714618, 0.038398202606019005, 0.014786273679055233, 0.015089374002404907, 0.036389794342594255], "NoiseHL": [0.06708241462994818, 0.07511095458114732, 0.0857367009492946, 0.09635624843676067, 0.11049119097714455, 0.1432689479006543, 0.12516986895363796]}