{"FilterHL": [0.011760153260768891, 0.03408866149191464, 0.017633587152425172, 0.017943937635547143, 0.059124778280579264, 0.062172642020763225, 0.057478022821429726], "NoiseHL": [0.20094126568227103, 0.2175109424954825, 0.20467852764634467, 0.22496051816465018, 0.3598914679805127, 0.3654384494340831, 0.3590791218434431]}