{"FilterHL": [0.024584551740396542, 0.013640939526128859, 0.014575492641428479, 0.06937949935856555, 0.010195500775121824, 0.01921832215030381, 0.030669843843290134], "NoiseHL": [0.1821124047396461, 0.18319489109623713, 0.16738329946175165, 0.1564137730149935, 0.15058803002973942, 0.13105962155091871, 0.17581924995854945]}