{"FilterHL": [0.4015001313631428, 0.47648858593015553, 0.4245126707662687, 0.32000509416740863, 0.4775884269172425, 0.5186227613454729, 0.4461457395136943], "NoiseHL": [0.5348224621112332, 0.5496154149642128, 0.5615557073124378, 0.6091846036532638, 0.5886609480322755, 0.6238694168349813, 0.585413440660342]}