{"FilterHL": [0.02156920023803465, 0.06969239733888032, 0.037423279823573366, 0.036004669032374856, 0.06369118735361835, 0.025928775599634808, 0.01333125184735458], "NoiseHL": [0.20882918737820974, 0.2386439285882948, 0.21037727471725554, 0.2514761193229405, 0.21849949125928594, 0.2159952396641995, 0.23394502294146916]}