{"FilterHL": [0.00478448452766891, 0.013858693180096372, 0.007256019214792213, 0.005091434571013851, 0.005975798884354868, 0.005001459091473279, 0.019052693779807305], "NoiseHL": [0.09708814772915476, 0.1620756755045739, 0.20345933010859643, 0.23510837779974658, 0.1109819478996323, 0.15201619245439252, 0.1668881477769576]}