{"FilterHL": [0.04955561291635746, 0.05014925607477619, 0.025570463080405642, 0.019302188323341903, 0.04925474282990829, 0.03794502807534011, 0.06382133431681902], "NoiseHL": [0.24261062162934618, 0.32956542491431956, 0.24477662062795685, 0.24540312262475933, 0.27899090408932425, 0.32699218644244715, 0.2907075693046621]}