{"FilterHL": [0.01048050769926336, 0.07283820107080363, 0.0117473703032497, 0.01517650172401776, 0.1758271288068123, 0.22664971566740866, 0.21867373545813612], "NoiseHL": [0.38074741143036595, 0.2813570736391443, 0.4118721993868061, 0.31076100159753894, 0.35851131617984894, 0.1862295837120098, 0.3798603781389518]}