{"FilterHL": [0.02805143233980823, 0.020919097883838653, 0.04928846406884877, 0.02812152409273113, 0.04433889570236135, 0.08851207511338713, 0.11407811966093098], "NoiseHL": [0.3287838487722528, 0.36552218661066826, 0.3567572240334741, 0.3586517709554174, 0.3751783065008438, 0.410201668977532, 0.4016620642648768]}