{"FilterHL": [0.007066567503458211, 0.0033151414588916605, 0.018360332005679724, 0.04674267076794137, 0.04532756862240338, 0.04456443407155036, 0.01259783894394366], "NoiseHL": [0.24043182965389834, 0.2760866213406003, 0.2967243656308144, 0.31075531769628106, 0.29574469379501134, 0.345665474486467, 0.32021623642987146]}