{"FilterHL": [0.0, 0.0, 0.0003053144646580242, 6.28858943279957e-05, 0.00016451828847911736, 0.0, 0.0003053144646580242], "NoiseHL": [0.2305892712780783, 0.2592282347903943, 0.2203211650582041, 0.2881621992123956, 0.2214830616120933, 0.24154202878078954, 0.2203211650582041]}