{"FilterHL": [0.01697256484361204, 0.12012504487143388, 0.03915437406018144, 0.11786437253271419, 0.07557283295166889, 0.4401669583680054, 0.09172753913849918], "NoiseHL": [0.5394245100169037, 0.4964079923753886, 0.5331576394874726, 0.4939647891148119, 0.6038442091894188, 0.5183806349671584, 0.620444164614826]}