{"FilterHL": [0.00022210662733876188, 0.0, 0.0, 0.0007706325157803371, 0.019501422074367204, 0.03789444641091291, 0.03579354648355308], "NoiseHL": [0.3644827734688218, 0.3871796652770323, 0.3721517875737817, 0.4003881833183576, 0.31581563356188813, 0.36399879639379323, 0.3403555025881681]}