{"FilterHL": [0.03918697231514618, 0.05212673966193075, 0.037180521117939666, 0.0440663850071339, 0.10760635768149507, 0.13913595263743858, 0.14095820591295155], "NoiseHL": [0.04163856316395058, 0.0644274084846745, 0.05439391188368996, 0.05597771031131681, 0.02363572300629179, 0.04985429159603853, 0.04132242031685956]}