{"FilterHL": [0.0341729304788424, 0.044890052282149366, 0.029147671636833728, 0.039275215780259894, 0.025875351353586377, 0.04251640822606874, 0.038208819046776005], "NoiseHL": [0.025545251221586192, 0.036165183312044255, 0.028657455253153878, 0.030429011102384818, 0.023056215575814065, 0.031071823216492673, 0.022462318123706713]}