{"FilterHL": [0.04278709651679896, 0.05612283896009038, 0.019621425126314422, 0.049985497206669706, 0.03064195465201834, 0.052748860570849, 0.03066009316901492], "NoiseHL": [0.060485390764624954, 0.04324176427727407, 0.05800410026107198, 0.06409027154730834, 0.04972587179869552, 0.046047274538207235, 0.05711992812924739]}