{"FilterHL": [0.04139575763600888, 0.04685783980921929, 0.013227036378046782, 0.06257515744963198, 0.0589098761408271, 0.06432620115013762, 0.0802380422721833], "NoiseHL": [0.3010279719513749, 0.3164083076667892, 0.2816451208449028, 0.316685862332866, 0.38682604493431705, 0.17895220306154452, 0.401866055534883]}