{"FilterHL": [0.010733027902919112, 0.007313123865657797, 0.007589053304412505, 0.008875524068910566, 0.0060821628971673095, 0.012530682657504167, 0.014245856854545406], "NoiseHL": [0.10869465808280247, 0.14639482987755673, 0.1211023776683869, 0.1445330902309162, 0.11766773397371957, 0.12154273751654239, 0.13739821609479855]}