{"FilterHL": [0.00795180710100692, 0.02014311397772397, 0.003529179884751279, 0.007166335414228888, 0.007387131792407835, 0.01743694159442733, 0.02074836388844729], "NoiseHL": [0.15880925747939073, 0.23312239024629866, 0.1635628132978525, 0.22607747787414043, 0.20960449148288512, 0.254281419472219, 0.2114681173204035]}