{"FilterHL": [0.12512410565521825, 0.23668958689491995, 0.36510092028916646, 0.10135173030527597, 0.16939747164251767, 0.32892399798364996, 0.32894488620980483], "NoiseHL": [0.33882394938278804, 0.5840855130975965, 0.49957122048387015, 0.6161669488148143, 0.35162393855618057, 0.5035805333469916, 0.5390974533881377]}