{"FilterHL": [0.0, 0.004770070783196021, 8.963095404776525e-05, 0.00496818295230618, 0.01333621553432753, 0.014349723740705474, 0.005362246760395148], "NoiseHL": [0.17677669529663687, 0.19038781894176998, 0.19707921959999697, 0.18920812523963124, 0.2249458715174766, 0.22607708161584836, 0.21805801225138677]}