{"FilterHL": [0.08585947459211755, 0.09275490344254075, 0.06773624562126494, 0.0857086179033307, 0.07091085144037844, 0.09205400624712931, 0.0976259911992603], "NoiseHL": [0.11001048668536934, 0.14332785161003284, 0.11307289236994825, 0.1339415637291133, 0.1381470345494493, 0.12631175538407347, 0.1325262011207092]}