{"FilterHL": [8.615340679233272e-05, 6.9121169394660545e-06, 5.989320826490066e-05, 0.0, 0.0017930085627718367, 0.0019682999034346853, 0.0019412300134676712], "NoiseHL": [0.2632403118070741, 0.35670015035662817, 0.2972843603127713, 0.3782104902694655, 0.32086795430448056, 0.3864374473300789, 0.3242471026011303]}