{"FilterHL": [0.02205060128981697, 0.02692384165005772, 0.01133509769525224, 0.030914888476133034, 0.008616804664735668, 0.01541765171232508, 0.029606214901754437], "NoiseHL": [0.10865129568050429, 0.24300891614210834, 0.1098390471072698, 0.23963140865267843, 0.12416428800293332, 0.24662092743172281, 0.13623011225281975]}