{"FilterHL": [0.019658180786178363, 0.01978645676131452, 0.018214702946613, 0.014924153426646351, 0.0255777725556958, 0.04229932682375557, 0.019245622918868176], "NoiseHL": [0.05168437893104799, 0.07015376254534694, 0.07469873934676632, 0.07457383536963519, 0.09955620291083193, 0.13520976861164438, 0.10691139522979379]}