{"FilterHL": [0.02502072197948868, 0.05253302425361358, 0.027719240013306716, 0.04150334303330671, 0.14909477692314232, 0.15745860491124075, 0.15308562409256915], "NoiseHL": [0.1030928526447595, 0.08594601189355637, 0.07643836222096566, 0.08972987980606792, 0.1297795240531728, 0.13540420986982288, 0.08272968253616818]}