{"FilterHL": [0.013472096882892947, 0.037929825671106705, 0.003094632838824295, 0.03344018793125195, 0.1608010098418108, 0.2944266284024714, 0.2727417064616039], "NoiseHL": [0.2602534101356296, 0.28557348274528443, 0.25400096882880285, 0.2759830325267541, 0.10882503413638586, 0.14414093427041802, 0.12207578767281298]}