{"FilterHL": [0.01592249158871454, 0.03244773724629772, 0.01850192824215303, 0.012136282103591068, 0.011604323484629876, 0.026921085544623715, 0.014307202166072182], "NoiseHL": [0.1944113451119545, 0.1749617089942706, 0.19224089727695828, 0.1694517782942267, 0.1835269130641375, 0.15409764092042294, 0.1604495736866672]}