{"FilterHL": [0.22605715156038284, 0.057661209178403804, 0.28054979011792425, 0.15256998992469384, 0.22811024205681338, 0.08705868940508246, 0.30385967964446625], "NoiseHL": [0.48278104782997766, 0.41040252644336567, 0.5398377181182658, 0.5053045477524911, 0.5025021919452721, 0.45953664103133435, 0.5739992718153827]}