{"FilterHL": [0.04298002083059814, 0.05837033865211421, 0.036530954347260475, 0.03610404959893674, 0.055166836408742835, 0.05584015751581215, 0.057185864348721596], "NoiseHL": [0.1298134322041039, 0.14172710837328464, 0.17293148359460364, 0.123136304320568, 0.1279814482192323, 0.12101654751740851, 0.1649130983312007]}