{"FilterHL": [0.01510834733999479, 0.019784524205786216, 0.020072444154068666, 0.030923214353241035, 0.02185166127534504, 0.015309960275215445, 0.013246714726857782], "NoiseHL": [0.13500745566998054, 0.134823893517581, 0.11597810205463314, 0.10435315880095353, 0.1364428679919666, 0.15294087349862837, 0.10916312662496688]}