{"FilterHL": [0.008202805238545425, 0.03230357052178937, 0.010499235038716656, 0.021217283481427762, 0.04717794150785355, 0.07550579252514997, 0.03265097705618822], "NoiseHL": [0.14720104299817016, 0.2207746605608622, 0.13052718366432628, 0.23404052926561578, 0.1416751589980894, 0.23155473356840317, 0.13773066284897817]}