{"FilterHL": [0.0, 0.0, 0.0, 0.0, 0.0408485531456843, 0.04909100246476828, 0.04620294830147219], "NoiseHL": [0.12745679692125245, 0.16193431328727034, 0.15722465329759136, 0.1753456551944575, 0.14050847628937474, 0.16951002894605743, 0.1588092537295329]}