{"FilterHL": [0.0297204969549634, 0.04640764533884586, 0.021354267363511148, 0.046508227479929255, 0.0156518397017215, 0.041521258803697766, 0.025870673987983782], "NoiseHL": [0.07645081009822521, 0.0877680482536847, 0.07606856168901904, 0.053990020707242604, 0.07621041830285705, 0.09313123499281306, 0.08554601965764666]}