{"FilterHL": [0.03163228979280863, 0.04231001589885536, 0.021078365222271227, 0.031242926227579206, 0.028590735118728148, 0.03958474975757198, 0.03920846770276606], "NoiseHL": [0.007153567504550651, 0.006697155278510756, 0.02101018376772249, 0.02129683339803799, 0.011872438101357923, 0.01883911002794728, 0.019421637895061458]}