{"FilterHL": [0.1325842332854904, 0.03387896994777535, 0.21459178031164292, 0.08036470031985822, 0.565957594871505, 0.4198965031170232, 0.6598579808925312], "NoiseHL": [0.6833117400473232, 0.6601261696337917, 0.7016035915745104, 0.6713234170454154, 0.7189483458118638, 0.6360876786247305, 0.730299927190276]}