{"FilterHL": [0.24997360536410995, 0.201302410282751, 0.25749901757589083, 0.22134079185185082, 0.26734599410859816, 0.2054804084553236, 0.2758734334909003], "NoiseHL": [0.6085474077770695, 0.5945803093106953, 0.6386681620397536, 0.6136769235020755, 0.656199589533155, 0.5953609197986303, 0.6647233658755217]}