{"FilterHL": [0.024106928418944785, 0.08507961697377754, 0.013667298612182629, 0.014383024988723668, 0.13615628950557973, 0.14066062152226147, 0.0793493154849174], "NoiseHL": [0.22614270303082717, 0.14946337420254877, 0.25919840639993913, 0.1610678044703112, 0.20998202935664856, 0.08924415963753264, 0.2521892200351853]}