{"FilterHL": [7.375702336132979e-07, 1.6858741414075958e-07, 9.693781802136912e-07, 4.846889239910634e-07, 0.0014669042605571973, 0.0, 0.0], "NoiseHL": [0.1837755367050545, 0.2632403118070741, 0.2900052920042101, 0.24685785366827007, 0.2214830616120933, 0.2768927248622021, 0.2890849465754854]}