{"FilterHL": [0.030864057615223664, 0.043861832985824536, 0.029139809002717603, 0.028146689381466385, 0.03443627071899365, 0.030591664353619083, 0.03886858849580315], "NoiseHL": [0.017344067942353814, 0.01911650718259871, 0.012074821282705525, 0.021788910516529116, 0.013743296226376808, 0.021347751151003985, 0.019024868228759085]}