{"FilterHL": [0.0010972796117526991, 0.0035015954080307096, 0.013275904535779957, 0.005649541800775375, 0.001060546156513972, 0.0051311007289517275, 0.014918297774802278], "NoiseHL": [0.3161015572627707, 0.37059334491798374, 0.3538994225689666, 0.38365900357214094, 0.34950293278246114, 0.3741437610797923, 0.3474575114420279]}