{"FilterHL": [0.0054510134489727715, 0.010600902851886865, 0.010039882961684893, 0.006846600726830128, 0.0016722778919454097, 0.011924010596598748, 0.003906796386588581], "NoiseHL": [0.17399361145772066, 0.18809870127651396, 0.127506263222186, 0.1404486791530118, 0.1709923501404533, 0.19346630110822577, 0.1665482267995659]}