{"FilterHL": [0.013155936414260513, 0.030802196920959077, 0.022917740344350804, 0.03566842989380461, 0.1691291883382773, 0.19370251207640782, 0.16412463144131523], "NoiseHL": [0.04570723123725919, 0.06592838910784263, 0.05712734021018007, 0.05408086501527142, 0.18153908818997125, 0.20754954980853188, 0.1497083178332393]}