{"FilterHL": [0.010378153684590545, 0.0031838119733655543, 0.017630322932686314, 0.028508517267422276, 0.007427635644538632, 0.009548267157039686, 0.013590332149891393], "NoiseHL": [0.20740216949358714, 0.3037450369339257, 0.1970834104720452, 0.2999297598959131, 0.2711516810176983, 0.3395405042853333, 0.2787991564405823]}