{"FilterHL": [0.0030734590824182924, 0.017385889455914356, 0.012898899874038729, 0.006247065045783956, 0.0033432450217487325, 0.012038834268127685, 0.024846780786455816], "NoiseHL": [0.17394520743624328, 0.16956031563305468, 0.17535219377454045, 0.19969810238169036, 0.1959246869435908, 0.1796229711999748, 0.17534574448294007]}