{"FilterHL": [0.025546808828397584, 0.011443347801804794, 0.024623863559956057, 0.018237501636449625, 0.031033871138101677, 0.049623295720739466, 0.06821781510073821], "NoiseHL": [0.07464384886921922, 0.16220183884526765, 0.09544086783410974, 0.1653046260801305, 0.06523689850451414, 0.15325717128267968, 0.11320432183532336]}