{"FilterHL": [0.02232053593251972, 0.00046070977298836256, 0.02218452512471961, 0.00013785470585549674, 0.021733314668254476, 0.00029498410179013934, 0.02924473978632697], "NoiseHL": [0.2259443835637891, 0.2531082856368079, 0.2165417796411629, 0.2853793027819435, 0.21365118374306533, 0.2305892712780783, 0.219583590910523]}