{"FilterHL": [0.018755883085301614, 0.029283238013402036, 0.030958054788142328, 0.03759600792220372, 0.02123271371019054, 0.028787400204307947, 0.025577817790179716], "NoiseHL": [0.034022972155097746, 0.03925627862893635, 0.04699918710530937, 0.028905442140375517, 0.028896918045488527, 0.04020937600914744, 0.046804278344885125]}