{"FilterHL": [0.0, 0.0, 0.0, 0.0, 0.0, 0.00012206780956758739, 0.0], "NoiseHL": [0.1931770883235504, 0.2214830616120933, 0.20467814417459612, 0.23830281775681836, 0.20838248111736035, 0.2071544063142342, 0.20838248111736035]}