{"FilterHL": [0.032457835542289794, 0.021962778784297737, 0.030017878589785198, 0.02057401284294435, 0.01103940361136297, 0.019335716112683574, 0.05301712485071072], "NoiseHL": [0.17459278921498697, 0.2543016002927731, 0.15501377235601055, 0.25537775608166446, 0.17345632628990681, 0.25229385477760374, 0.1832039400586326]}