{"FilterHL": [0.012881671569031125, 0.018658171242515766, 0.0830887555208494, 0.062026785341715115, 0.028682477170805964, 0.017070522237029765, 0.08213830866038137], "NoiseHL": [0.2716920922889497, 0.3578882028110568, 0.28307531049647444, 0.24042679532227812, 0.25932633393774907, 0.35047832672718005, 0.2714088887811403]}