{"FilterHL": [0.027808961266147066, 0.0511823603678968, 0.02053611185746634, 0.046773729824837025, 0.03144474286912429, 0.02760078036201221, 0.04628071535688209], "NoiseHL": [0.037125259773958634, 0.05585824035619935, 0.024104984325032015, 0.054470478016136616, 0.022633391176283692, 0.04620628556210325, 0.03730410133053839]}