{"FilterHL": [0.023301215914833466, 0.01929264160328505, 0.010596727779534881, 0.035200217491534305, 0.007444750776934791, 0.013556304282592085, 0.02966303852583127], "NoiseHL": [0.07062991603595642, 0.0847523606041931, 0.13921782722292733, 0.14004399366349185, 0.08923019633144896, 0.07091127357474603, 0.15419377415215227]}