{"FilterHL": [0.0035927731320552804, 0.016643351021322913, 0.0011792588010397483, 0.01400981808029667, 0.012651869729505497, 0.02996088091115199, 0.011069180551092383], "NoiseHL": [0.10862774794603304, 0.20092748416308617, 0.11756359988241029, 0.1984046988487888, 0.14906838347996262, 0.22379433093477757, 0.16693305318012008]}