{"FilterHL": [0.0, 0.038147859604162254, 0.07842308768533707, 0.08653913435039522, 0.036343420889116095, 0.22869675822000587, 0.06315241880526615], "NoiseHL": [0.3140257650798779, 0.34858458148359833, 0.3404088284346028, 0.23510540184030818, 0.2582168997340125, 0.3412889181646822, 0.27461079188223064]}