{"FilterHL": [0.02336979742717123, 0.018273878655804914, 0.01665258443742451, 0.031992451274166875, 0.009897003521775355, 0.018094355167540776, 0.03478068433295582], "NoiseHL": [0.018483042889518207, 0.034348591533440595, 0.09200456712823056, 0.1071035798377041, 0.025158310555287677, 0.03928040474107893, 0.12040193005732464]}