{"FilterHL": [0.00044564857123547357, 0.23428389925863982, 0.12648638536863727, 0.2881912183569747, 0.009245155589349187, 0.3430376984704659, 0.3160033472243759], "NoiseHL": [0.4803771067082998, 0.604403963681955, 0.5388721209613164, 0.6403384919037564, 0.4740780517895785, 0.6126100635764891, 0.55386021526423]}