{"FilterHL": [0.015530582631241976, 0.09993216706151006, 0.15126863131739124, 0.13282536214752222, 0.08064620719894121, 0.12992340020426185, 0.3699946993690771], "NoiseHL": [0.3493716971918701, 0.3579585452005902, 0.5765369926453177, 0.5641558786094714, 0.36277223495064126, 0.34858908505274183, 0.5559718608998127]}