{"FilterHL": [0.008509172121565867, 0.01506451498422551, 0.004815548754859963, 0.0078066805152801465, 0.013668008374496735, 0.007044376477452374, 0.014182443303367768], "NoiseHL": [0.1300780633984603, 0.12041948947424559, 0.14273271597384318, 0.14765824224687574, 0.16152097339811022, 0.15312422390544678, 0.2009309883684129]}