{"FilterHL": [0.02311401735307829, 0.0055742933315419555, 0.00942930662592056, 0.016074004696172605, 0.007510488144131469, 0.016011257311064522, 0.023041590298068678], "NoiseHL": [0.2044010179136053, 0.23830335530889213, 0.20217948580158246, 0.27312803134668023, 0.23397067250347137, 0.2652508061467364, 0.22939638956225955]}