{"FilterHL": [0.0, 0.006761110626912634, 0.0, 0.0009492362576271021, 0.0, 0.01723922282222503, 0.0033645373964417756], "NoiseHL": [0.3423770863549488, 0.3668805150499864, 0.35118014081935767, 0.35826616493699964, 0.34398982727819466, 0.36384759691438645, 0.3683309749787435]}