{"FilterHL": [0.01542123292342953, 0.020686028554998535, 0.0020484533510069882, 0.041549703347461324, 0.004863489694019895, 0.01973826925739744, 0.015139671620386461], "NoiseHL": [0.0766902659141967, 0.09401437279995414, 0.10396302562326261, 0.09908193880671655, 0.11942806571951993, 0.13319783793371165, 0.12350473196799797]}