{"FilterHL": [0.03176031143359279, 0.03976186344274004, 0.01748710199992456, 0.029490660333072873, 0.03812271625518949, 0.08630191992416576, 0.015944637934078153], "NoiseHL": [0.08342986840388275, 0.17974753595334056, 0.11131075112681864, 0.17570057082995458, 0.08405466198012154, 0.16117999774896982, 0.11691954729761603]}