{"FilterHL": [0.02631276864050861, 0.03198034126681625, 0.008599201145422704, 0.007054947653793783, 0.03370071073939417, 0.03798401767062037, 0.013115730802868092], "NoiseHL": [0.17977741471590347, 0.13042681149480764, 0.1704155589044906, 0.18152518115439098, 0.1582990633354497, 0.17177610285139852, 0.18589399585862884]}