{"FilterHL": [0.000989773886246405, 0.0, 0.0, 0.0006714441323206575, 0.0, 0.0, 0.0], "NoiseHL": [0.3683309749787435, 0.41971520653413996, 0.37594616768610584, 0.44745922355633927, 0.41617630313644177, 0.44335650636772816, 0.4260427756026386]}