{"FilterHL": [0.036054108025600606, 0.06775192944658597, 0.04725194597323137, 0.041720017679152156, 0.02697577145994314, 0.03244914854980627, 0.06972047066796612], "NoiseHL": [0.038271615232594286, 0.05456426893045961, 0.05949372675382346, 0.05079834054896335, 0.02781226770181085, 0.03505516297557446, 0.061121764020247625]}