{"FilterHL": [0.013766552854324104, 0.02047694424809532, 0.02260137093921438, 0.022464697674339236, 0.030634831223149226, 0.021580405131473208, 0.02820961886753237], "NoiseHL": [0.2351237536633828, 0.231716346317079, 0.17133695255623083, 0.1450982114154402, 0.2212523075574555, 0.24196678042763015, 0.16244148366734495]}