{"FilterHL": [0.01773203889983847, 0.016276242342210957, 0.019278681075921827, 0.028194911828920803, 0.013438454778764744, 0.016287028497952234, 0.032825778966342534], "NoiseHL": [0.18519204776914908, 0.26130636430444587, 0.23748956402375032, 0.3106368094787516, 0.21593240347911213, 0.2582627545283069, 0.27087998547146724]}