{"FilterHL": [0.017241028949091103, 0.032896710850150154, 0.02662255573124477, 0.016028508707911945, 0.02456414202565247, 0.03009966838362496, 0.03725723134163949], "NoiseHL": [0.09167622485832677, 0.07992556307621079, 0.0674777578231008, 0.09744882851057499, 0.08643406466549944, 0.099197500335388, 0.07785339156206293]}