{"FilterHL": [0.020595708831428642, 0.04389720773947432, 0.02003639361755284, 0.009890091512623472, 0.014308645051894572, 0.01548932870722843, 0.0279268505531253], "NoiseHL": [0.24405513245007096, 0.2417717293289649, 0.23479316110191, 0.23508314374522718, 0.26180370127245445, 0.3003784011081412, 0.2996026805074626]}