{"FilterHL": [0.0, 0.0016305606716781548, 0.00020039451378745825, 0.0, 0.04767387109651323, 0.06700321769652913, 0.06956856103687702], "NoiseHL": [0.35038649663459137, 0.37896325629565314, 0.2652269334169895, 0.35038649663459137, 0.3323224433897228, 0.3727749718450961, 0.319659980756564]}