{"FilterHL": [0.0, 4.240100087026059e-05, 0.0, 0.00011001183244626355, 0.0, 0.0, 0.0], "NoiseHL": [0.33668782285012294, 0.3729127483443755, 0.3767019529958348, 0.40832802178721894, 0.35434194469879454, 0.3864374473300789, 0.3894008249463023]}