{"FilterHL": [0.0034828365479569866, 0.02620473753801019, 0.00011129751252110469, 0.0, 0.027855642052809992, 0.011747115532230422, 0.0320002535750474], "NoiseHL": [0.24848926577680136, 0.23703166629808217, 0.4562853096391604, 0.29183887160721417, 0.27367139695205006, 0.2849644303058108, 0.4630196344394766]}