{"FilterHL": [0.005819449544778241, 0.03407226671914147, 0.024013781806839368, 0.017891041758214314, 0.024790920244096862, 0.019680334413447513, 0.013800641534468095], "NoiseHL": [0.31746138375938504, 0.31808582353780906, 0.25312168469951757, 0.25362803563070674, 0.3629904802112237, 0.34923311163452797, 0.29093515057397296]}