{"FilterHL": [0.012637380627770457, 0.04994572593546556, 0.012686791376356822, 0.009333723539516933, 0.017276955681340325, 0.04511718767559755, 0.00848921114467234], "NoiseHL": [0.20705507991287828, 0.26083028091047544, 0.28988131838003783, 0.30793472318043086, 0.2259766513594397, 0.22949944190641652, 0.28007275814102767]}