{"FilterHL": [0.0003445712206153591, 0.0, 0.00027569413450725846, 0.0011913781705159803, 0.0013156788474293997, 0.0, 0.00016114576397579803], "NoiseHL": [0.16950843122097695, 0.26916281322186875, 0.19186013665193044, 0.2825738991468142, 0.1634756284592911, 0.2458027183570052, 0.18920084887799915]}