{"FilterHL": [8.977335720346777e-06, 0.0, 0.0003129463807323875, 4.109329670443821e-06, 0.0022097560436562854, 0.0, 0.002985092610253126], "NoiseHL": [0.10627440321039956, 0.1634756284592911, 0.15562474979979976, 0.2009115892650161, 0.1422112410749228, 0.19053478273184227, 0.21323045788224296]}