{"FilterHL": [0.018283172614402297, 0.02959031453153355, 0.012549226339353433, 0.019489178128344106, 0.027926891445306416, 0.0237816202460138, 0.03912448021224858], "NoiseHL": [0.08588781314976958, 0.09285373901515619, 0.09019038707925102, 0.10015493794574706, 0.09389521366705104, 0.13384497460772943, 0.10124267034602859]}