{"FilterHL": [0.018264971453906386, 0.03743665649791202, 0.014442426711304966, 0.014543046791597215, 0.005725772106598494, 0.01603293349508843, 0.01639103782435086], "NoiseHL": [0.08461653295534145, 0.059646438013697886, 0.0893335183455382, 0.07407057109275894, 0.13043093149452517, 0.140910052945005, 0.13022447409406449]}