{"FilterHL": [0.002824345212217811, 0.015948643359040306, 0.011688517381789727, 0.005098696645862294, 0.0036277577732225248, 0.010664598384287413, 0.02254420846293031], "NoiseHL": [0.11946311845839848, 0.16659099361191024, 0.14741074418070435, 0.1796189217044697, 0.13703408857633514, 0.149063576266303, 0.1541335071239101]}