{"FilterHL": [0.17838610573438973, 0.20754454601645472, 0.17918080234562875, 0.2236075776303171, 0.1713985771820243, 0.1954259964707191, 0.16497082320022177], "NoiseHL": [0.5569152100318878, 0.5812309851640765, 0.5439663273673665, 0.5978196387555642, 0.5264952975913378, 0.5731326035092813, 0.5291898393902662]}