{"FilterHL": [0.004824955424253193, 0.032779753015893115, 0.01166773411427791, 0.00784023620521708, 0.002143859405770554, 0.011724705058658615, 0.03273569055732885], "NoiseHL": [0.05852310666894425, 0.11532428978496925, 0.10857472184331277, 0.13167449137324244, 0.11754297055724236, 0.12363408519433998, 0.1131771888199897]}