{"FilterHL": [0.0062228337018503535, 0.014659863066020032, 0.013317332735704623, 0.023557352621900736, 0.0055355392272666264, 0.01845058872665141, 0.025201173047015277], "NoiseHL": [0.25566608360015886, 0.33757813923485663, 0.23585366362684976, 0.26799579382068633, 0.25109266788080975, 0.3218947934376989, 0.24680395507643668]}