{"FilterHL": [0.017717611200780185, 0.04851103368503845, 0.033097189264056644, 0.050749803692351964, 0.03888107407120623, 0.054445142798731985, 0.028350034882613208], "NoiseHL": [0.13212779601221786, 0.15180465646851013, 0.11143405169559052, 0.12206175613122765, 0.13456354671808163, 0.12990365538103174, 0.11618376203315132]}