{"FilterHL": [0.041527345926376955, 0.032844109228769146, 0.028851298850770188, 0.021246764272245686, 0.05048227551986375, 0.02504061339270489, 0.057334217307822635], "NoiseHL": [0.16619209988011022, 0.24982916480209724, 0.15483852130734305, 0.25680858232906967, 0.17451077621407443, 0.19990838455691312, 0.18548131874744336]}