{"FilterHL": [0.17769447889178835, 0.17231713415518485, 0.18799832996942178, 0.29321248831653907, 0.2784421497586209, 0.4951693797168965, 0.24385386240503254], "NoiseHL": [0.5783883162088129, 0.5787850454993178, 0.6134053138669038, 0.6084971586323576, 0.5915714039829982, 0.5548924554491397, 0.6190048628269316]}