{"FilterHL": [9.904516336728579e-07, 0.0, 5.871299752553339e-05, 7.923651915197393e-06, 0.0, 0.016131251996056757, 0.0], "NoiseHL": [0.2120278888000165, 0.40545175752479035, 0.4032864206294437, 0.5322508254350272, 0.3996616021907821, 0.5399198986450076, 0.5071449297288748]}