{"FilterHL": [0.018847741437220168, 0.05052929992207812, 0.010737988312239094, 0.008005370799630597, 0.007349532871632276, 0.009300627701409136, 0.00934081438907514], "NoiseHL": [0.04494504163630255, 0.07429650729769238, 0.07401853726693451, 0.08884302607948305, 0.07380768865009235, 0.0592759132643555, 0.07409099751846114]}