{"FilterHL": [0.033698131498462784, 0.03793125851788123, 0.03273695196386807, 0.041886445785816746, 0.03398363684682342, 0.06675407685460816, 0.03437020902637907], "NoiseHL": [0.1293370570101508, 0.15635219055408672, 0.13577975235324394, 0.14973208167487567, 0.14960581868587763, 0.1397149369284623, 0.156030468782119]}