{"FilterHL": [0.02586833129913473, 0.0369155315418281, 0.0408459947156699, 0.02263724553682104, 0.044457913753319256, 0.029731416459062916, 0.0417692170128192], "NoiseHL": [0.18157271629002925, 0.2309016258650359, 0.19748449799580567, 0.19762792955926717, 0.2729846607272944, 0.2835578244647549, 0.2634417415365661]}