{"FilterHL": [0.02938185681773517, 0.05499513825095858, 0.024886112722192245, 0.04449598100003987, 0.024809760007738966, 0.034476766412374876, 0.014464333808568989], "NoiseHL": [0.12144188638938529, 0.05331830639342869, 0.11874471990425986, 0.038670080779568794, 0.09858823311250013, 0.04415353154384983, 0.11368492155224302]}