{"FilterHL": [3.582491198638908e-06, 0.0, 2.465633625378073e-05, 8.598009369624627e-06, 0.0, 0.0014581195466063979, 0.003099274980647383], "NoiseHL": [0.16037899096361255, 0.19053478273184227, 0.18514569594605018, 0.21915374002515098, 0.1957864663624126, 0.22721260617900388, 0.2339226017491985]}