{"FilterHL": [0.004297625929524529, 0.01343431976904832, 0.008348158110749132, 0.004236702322191633, 0.004872511193633859, 0.006820870816556482, 0.01879704423735538], "NoiseHL": [0.055583058086866935, 0.14569808277027269, 0.10897925063575936, 0.17541141689972453, 0.0704542287679171, 0.12590860422281472, 0.13146843789861104]}