{"FilterHL": [0.00650738007012587, 0.02779662375092321, 0.005956714707930677, 0.0101019362912662, 0.0015733779686776565, 0.011607195417823294, 0.029190578320565777], "NoiseHL": [0.16401856619147726, 0.2321692488119628, 0.293065440739577, 0.21018022196007022, 0.24231346328221964, 0.24788231842346928, 0.23200563500325616]}