{"FilterHL": [0.016919639120372386, 0.04144096144316015, 0.0837339291873739, 0.15789442719441532, 0.16569013086343856, 0.2577060659186357, 0.4095294554552121], "NoiseHL": [0.344010019671214, 0.5613882925531434, 0.33726483628228787, 0.5581579172171949, 0.3537026101756384, 0.5803363727239728, 0.3662294869775271]}