{"FilterHL": [0.029393194598615297, 0.03538667049346464, 0.01834671842661098, 0.02187519958916321, 0.030842514619192955, 0.036235218873167996, 0.02881834224744577], "NoiseHL": [0.11748836965394152, 0.17828142247348816, 0.1232232752610448, 0.1941860830020444, 0.11128900954847405, 0.18112352142597948, 0.11985462365806286]}