{"FilterHL": [0.05271782271794237, 0.06399243939638007, 0.11773680043262395, 0.11100834283851423, 0.08908906951621053, 0.04691996717550031, 0.09200361427894681], "NoiseHL": [0.16867824284062047, 0.19959765052916711, 0.21977178646723589, 0.24025200633501795, 0.1947937676440329, 0.19292275598435024, 0.254238768566544]}