{"FilterHL": [0.01493653499004901, 0.020744210510314828, 0.003092036405535298, 0.006443207309145941, 0.0072249317383185525, 0.008517738683385777, 0.024452087020398538], "NoiseHL": [0.2742153187604371, 0.3431475253159477, 0.2566300931940739, 0.35779523799756824, 0.25550594226119705, 0.3038997713961282, 0.2594201709191778]}