{"FilterHL": [0.026446964452236345, 0.026325309749136574, 0.008360461210585767, 0.007663053136451528, 0.02887696187194675, 0.038311320473374794, 0.018434847541747724], "NoiseHL": [0.22536016576583348, 0.21362836201991256, 0.2500153134473805, 0.2373288913269219, 0.1936171641132153, 0.31410746534423584, 0.22101481465529055]}