{"FilterHL": [0.007965559615267766, 0.01979688648925972, 0.009498603491679448, 0.02200096450714221, 0.008120531212883211, 0.013939613113248626, 0.018026678292018303], "NoiseHL": [0.14923369520289778, 0.14231805786405785, 0.1801594761132216, 0.1839989402006063, 0.19095566595501728, 0.22612934728920944, 0.2337120183541845]}