{"FilterHL": [0.019579825627496588, 0.03742990700356864, 0.01705282912620489, 0.05789263090349876, 0.0207353236963693, 0.012133985612044245, 0.04276711500511272], "NoiseHL": [0.12459526656791187, 0.06598016817177367, 0.10939027245881161, 0.06970946447886787, 0.11395795249377884, 0.040521722799889366, 0.10726256991571297]}