{"FilterHL": [0.06869967800078405, 0.0637268126655817, 0.03891251939758078, 0.07271862058764161, 0.06014328955871835, 0.05166220333108278, 0.05612146296477899], "NoiseHL": [0.24673549100658565, 0.25123637440161184, 0.29832375320326054, 0.30874354073823873, 0.2670514110496473, 0.2565351299276283, 0.2833765656266483]}