{"FilterHL": [0.03664513799502998, 0.15165293627466933, 0.04409779606760448, 0.1645593372097597, 0.0461685743799065, 0.42722326053467596, 0.03424806598558599], "NoiseHL": [0.37384157027057435, 0.3042715619145129, 0.38602713168044744, 0.33064230647620363, 0.27476458102383045, 0.27501797207995937, 0.271835846908667]}