{"FilterHL": [0.01211803851699543, 0.04393626611486537, 0.026390849675956687, 0.04708790596285325, 0.18488159903051993, 0.17867043150137055, 0.19017531457147302], "NoiseHL": [0.1350789274811829, 0.16386959344777408, 0.13460023809783644, 0.15837125666309243, 0.20731235961986713, 0.2560648292440332, 0.20691765529146033]}