{"FilterHL": [0.006714453478663885, 0.00997939378115307, 0.0040215151243568606, 0.000938227075391185, 0.030658338278353518, 0.029384487408196543, 0.0345094504193763], "NoiseHL": [0.44748419826546476, 0.4512055547151575, 0.4819343034268033, 0.4823433439353552, 0.3018005400524479, 0.3124875311191733, 0.3183202981583809]}