{"FilterHL": [0.017742812759113498, 0.084263201899675, 0.026983952260266064, 0.0937315292251474, 0.07457451816121943, 0.1984745593038724, 0.029596712385539608], "NoiseHL": [0.2715159051309835, 0.3479588538811043, 0.27339385688974416, 0.37292616245728255, 0.29556538946060423, 0.34880619653772343, 0.30003391945062274]}