{"FilterHL": [0.010487121278701925, 0.02600718518746119, 0.03224187312086963, 0.02833395977556928, 0.13968847595430878, 0.2507292722054304, 0.14490449731660715], "NoiseHL": [0.29521701390946187, 0.2866394536756986, 0.3253054259781099, 0.37041146484275916, 0.3141663466763512, 0.32003268047733363, 0.3685070143253678]}