{"FilterHL": [0.005629878467555725, 0.03354162815447165, 0.023605698040070018, 0.015986027301929644, 0.021054037397595357, 0.010699446857844859, 0.025482231832691757], "NoiseHL": [0.10092611957935949, 0.10161987938307142, 0.11992963055694991, 0.13940500702852004, 0.09292956822009542, 0.1097902857132121, 0.1284303101643005]}