{"FilterHL": [0.0036177189189095407, 0.021464665526754856, 0.008064943763268476, 0.04067735435087113, 0.013423422115360469, 0.023083134784491588, 0.01658183713617461], "NoiseHL": [0.20351862249787603, 0.11212097089568512, 0.1710920323388253, 0.09000546566131785, 0.21858949122309562, 0.075764266635835, 0.18520710336416896]}