{"FilterHL": [1.4077187528052229e-05, 0.0, 1.6058131619764486e-05, 0.0001164613330960534, 1.6058131619764486e-05, 0.0, 0.0002145389314668762], "NoiseHL": [0.14395320073022042, 0.19186013665193044, 0.16950843122097695, 0.1996416327232974, 0.16950843122097695, 0.1865064993035597, 0.2009115892650161]}