{"FilterHL": [0.013937467160651725, 0.15073516124917632, 0.012063692801367588, 0.04295496330060851, 0.15465908644398432, 0.25616217847834916, 0.19348674975781385], "NoiseHL": [0.3795893690707201, 0.42817863800566397, 0.36687185053395155, 0.4525765488190837, 0.3820187062476237, 0.47347120311610014, 0.40276084919130034]}