{"FilterHL": [0.0270368427407857, 0.02942497811179126, 0.006520774148661435, 0.008909883834212184, 0.024579451783301773, 0.029922820420425204, 0.0024235918062539153], "NoiseHL": [0.13534367824995444, 0.11974794880464126, 0.12248515783479505, 0.11311699507803744, 0.1114000607832326, 0.1351044628268408, 0.12564652278626504]}