{"FilterHL": [0.03057370555747311, 0.03742830380140202, 0.016630574634876973, 0.025778352340109716, 0.023212799415794173, 0.04596469162595418, 0.030485590803720125], "NoiseHL": [0.2271393785465089, 0.29706510875053155, 0.21360412459767492, 0.3053199405467961, 0.2757059838430243, 0.25247877255149365, 0.2718365601238213]}