{"FilterHL": [0.0, 0.0, 9.251838506906313e-05, 0.00012274227589850607, 0.20132021973978867, 0.19571296775995534, 0.2018633830214594], "NoiseHL": [0.3399474501591288, 0.23830281775681836, 0.3675635571657941, 0.2681834254622317, 0.3329841493612065, 0.2593124411599045, 0.3250567562203885]}