{"FilterHL": [0.020249197380894233, 0.033578069541641796, 0.03674644528515065, 0.021374980528938294, 0.022001854357894316, 0.018304258495273187, 0.033959757193264654], "NoiseHL": [0.10529783237832847, 0.10763183179417969, 0.09205218363069181, 0.13287816148798798, 0.12592650485758128, 0.1469022111023861, 0.12715958174682024]}