{"FilterHL": [0.03814474932003943, 0.028355729572746947, 0.03807896809538808, 0.022296028861537587, 0.016941852719499502, 0.0351289481365011, 0.07393454768392665], "NoiseHL": [0.2700992052262037, 0.30475059850844516, 0.2120671423817046, 0.2603716121624257, 0.27260608558554805, 0.314096794641278, 0.17204925057849368]}