{"FilterHL": [0.053834009924364455, 0.03544866863928214, 0.029986250685727005, 0.028103336512749908, 0.11268706017751942, 0.058075896077780305, 0.041687295379006464], "NoiseHL": [0.3422085910465302, 0.4405833368858263, 0.3860324320275426, 0.436889580023884, 0.45776639689527515, 0.514207723888377, 0.4810817307084976]}