{"FilterHL": [0.02540723551753372, 0.024699452596225264, 0.01947135886470247, 0.03469808873951927, 0.00862550728329398, 0.020638504506440808, 0.03522126410190722], "NoiseHL": [0.06908457362403635, 0.1746186695901898, 0.08122871843698028, 0.1628142615605687, 0.09151986291087617, 0.17121076077636646, 0.105644630660026]}