{"FilterHL": [0.17960185091742883, 0.22254832756494464, 0.18971933088760395, 0.22940101027593718, 0.18979809370418674, 0.22605643292829386, 0.196599037702721], "NoiseHL": [0.5343392591639825, 0.5869841263562217, 0.5482117295313065, 0.5946043626210222, 0.5483481579965581, 0.5885392114187624, 0.5511171720843373]}