{"FilterHL": [0.07065937045128945, 0.10657456579014075, 0.010038983686996824, 0.032795799882133415, 0.06522464109431168, 0.11185451471503924, 0.02804789468194945], "NoiseHL": [0.13224076459535064, 0.22030038316901351, 0.13532051466337436, 0.23590508913300393, 0.12474780611027513, 0.2026640345906736, 0.16443529874719345]}