{"FilterHL": [0.013387737373800716, 0.022114651162365648, 0.007853219516540716, 0.014689447136822653, 0.006288638237467039, 0.010307324530020192, 0.010400912937640297], "NoiseHL": [0.10922152179821376, 0.0898063269593003, 0.10180221347337187, 0.12410125006093302, 0.1313356670793015, 0.12388248443981613, 0.13538404759003828]}