{"FilterHL": [0.022790218589667798, 0.021754789997081525, 0.03075524842996278, 0.01522366779052856, 0.038577769018870015, 0.050136788637881506, 0.024037384587449858], "NoiseHL": [0.18939851081014847, 0.22997461298937952, 0.2324963291033885, 0.2080086493013419, 0.20149271434343993, 0.21740512741507767, 0.22688817863237976]}