{"FilterHL": [0.069356863456933, 0.07980543047440677, 0.04669885727528997, 0.06384154392287131, 0.034257530992358225, 0.046508261945386514, 0.054852309435878016], "NoiseHL": [0.25482885090629404, 0.3234048568992783, 0.361021853570547, 0.39455227124739317, 0.2845038165585279, 0.34157169882556354, 0.3812708297874201]}