{"FilterHL": [0.01785192281468342, 0.047253554916848316, 0.010387129343878008, 0.030542393809100087, 0.02959424118399992, 0.03284678699039862, 0.018642374186457436], "NoiseHL": [0.0775366036869299, 0.014253728908065961, 0.08433314305335837, 0.016872420911209732, 0.14513501013163366, 0.14822688026995862, 0.13485958850711532]}