{"FilterHL": [0.05876205700965952, 0.06387450391175516, 0.029227507230588628, 0.11761961343534161, 0.032619926416019795, 0.08373032608539685, 0.041610327372897], "NoiseHL": [0.19580240632648974, 0.18529763117456174, 0.19192617739320103, 0.21656282497600532, 0.18407927882888792, 0.20146165621243206, 0.17415796031647784]}