{"FilterHL": [0.0346900056913521, 0.059797634982429605, 0.04289188949221747, 0.061348001222621726, 0.05599583942308319, 0.043296506054211537, 0.03857087646425444], "NoiseHL": [0.06773882939572708, 0.08877280177997286, 0.093837448062143, 0.08076163685912298, 0.06477192470524168, 0.08608062152149583, 0.07335745643117014]}