{"FilterHL": [0.01517097320437142, 0.017345110110279435, 0.014166782577371341, 0.0304335016195081, 0.002388682163966249, 0.013952755035996696, 0.013641020370234977], "NoiseHL": [0.1440256992291303, 0.1944896246509828, 0.17366158732146253, 0.17598689317708932, 0.1634884032316214, 0.20470472588744199, 0.1401539678835541]}