{"FilterHL": [0.016659634964930923, 0.04336018489326858, 0.02229974853219331, 0.03855760099721554, 0.014818828655563823, 0.021549342577176757, 0.04740566625056464], "NoiseHL": [0.07096322286252287, 0.07176933279073403, 0.14915223392736882, 0.16225179467866127, 0.08086953517110572, 0.07297700969005111, 0.16771189941650635]}