{"FilterHL": [0.0, 0.0, 0.00219840423077606, 0.003341373230583235, 0.0, 0.0035830252730326946, 0.0], "NoiseHL": [0.3044224920897379, 0.3675635571657941, 0.2863094019622411, 0.3960162904452257, 0.33586924850133365, 0.39674702561008857, 0.3455970555063574]}