{"FilterHL": [0.02309302969891668, 0.050039389283161595, 0.024638177353909434, 0.04357899353287588, 0.014468370104552226, 0.0424403440059874, 0.04270601322683559], "NoiseHL": [0.028537397713795553, 0.057457957427967804, 0.028507116144997013, 0.056474350660664696, 0.0308806763235696, 0.05394360622138349, 0.06695853425463995]}