{"FilterHL": [0.061314986967531244, 0.03806641457003162, 0.019271089456398202, 0.046311333996191306, 0.044866033148992575, 0.07557119394346151, 0.08076737067595414], "NoiseHL": [0.31777129230623163, 0.3364608045397411, 0.3223103603149061, 0.358365891811301, 0.30645146225223174, 0.3315089555828097, 0.3462791472771676]}