{"FilterHL": [0.10359931337285039, 0.05488966476539995, 0.11140320856972662, 0.05462437546650543, 0.06802522659097289, 0.0748074669004504, 0.07700643038248348], "NoiseHL": [0.16276336130705688, 0.11189546570986683, 0.16248586292772127, 0.11190860742693107, 0.13398441481878048, 0.14252511641946697, 0.11066205269280295]}