{"FilterHL": [0.06728242596426255, 0.06914419317270973, 0.14365871218254583, 0.17448719927552017, 0.1503922204470606, 0.22788550121847362, 0.27370783542336063], "NoiseHL": [0.08735221874082828, 0.08491564041331473, 0.1812705472061509, 0.17973165713773098, 0.16030882492454637, 0.18931745751791523, 0.2079085844751534]}