{"FilterHL": [0.03555192929629945, 0.024756667587322968, 0.01086586652089045, 0.012884781436424388, 0.03545710516216657, 0.008899440446096907, 0.02875822349834827], "NoiseHL": [0.13768228279628217, 0.22907484738167097, 0.19315015319264583, 0.2586718809550446, 0.1686351021606763, 0.22595829025678507, 0.2180565705560995]}