{"FilterHL": [0.005232457514328376, 0.029054787675292345, 0.0196349133230342, 0.0263525802715228, 0.005370757937606374, 0.05354523179455925, 0.01617565625418274], "NoiseHL": [0.3212908025283507, 0.22416033522617376, 0.30886151502539866, 0.21939476066957236, 0.32201542040054526, 0.22487539164689566, 0.33469924701481657]}