{"FilterHL": [0.004616706325145616, 0.1308617289559987, 0.050263129659432255, 0.14477393521508405, 0.2595812492563647, 0.09298098883743183, 0.04564250218019159], "NoiseHL": [0.46770717334674267, 0.6008690531229032, 0.4044843535792181, 0.30875121169354114, 0.5628273739268482, 0.6222893363422073, 0.5087389329211753]}