{"FilterHL": [0.008381605879113805, 0.029182054260741414, 0.006623061020672739, 0.009063344638505829, 0.010771946019738368, 0.024148294360909657, 0.006447268659728046], "NoiseHL": [0.1306663187462405, 0.17167329173738838, 0.18839534279606263, 0.22664587000627462, 0.12557670302714508, 0.1725810343241331, 0.17536103054687965]}