{"FilterHL": [0.044382128123520055, 0.05966597027177548, 0.030161567714483355, 0.01367097017960194, 0.0443022354038297, 0.050220490777716384, 0.029135140607019914], "NoiseHL": [0.10402044973166089, 0.09949828100547697, 0.09393500941280833, 0.0945395000085527, 0.14277354713341314, 0.16468140171447354, 0.1376714236939191]}