{"FilterHL": [0.036263006196655956, 0.039765559724773684, 0.053107134081512325, 0.0324470055770544, 0.04171949252770295, 0.060161280831021985, 0.02343047313978401], "NoiseHL": [0.049734806539236835, 0.033567314442431356, 0.06964008746370752, 0.04291025461918572, 0.04629255381368197, 0.05950798033394515, 0.03463541823621309]}