{"FilterHL": [0.03673770091883102, 0.09050119824028198, 0.0663258616689431, 0.28492604674188515, 0.09554695452682503, 0.13610106675641157, 0.09270067449613129], "NoiseHL": [0.1729781751835983, 0.5465198778263674, 0.18419640512032592, 0.5857246482048986, 0.3955087016002636, 0.6391749954798223, 0.38748324127441847]}