{"FilterHL": [0.008863183220270706, 0.01893046577308537, 0.009267089605025721, 0.020196003210536256, 0.004987964754381046, 0.02237026742030867, 0.005226917079476783], "NoiseHL": [0.10165236986040792, 0.12560533737289625, 0.12213870826161943, 0.12006284786195648, 0.13129587884151758, 0.13130198772158977, 0.13350537721078912]}