{"FilterHL": [0.01127897389982146, 0.060723044059335436, 0.03284394971802664, 0.029572821180198, 0.0529708767736827, 0.054722784530712956, 0.045821241896685516], "NoiseHL": [0.14025176537139564, 0.13271633867020466, 0.13215576900135867, 0.14891273236010702, 0.1186164844606301, 0.14180654315389382, 0.13825338510296964]}