{"FilterHL": [0.021095303861594382, 0.0031410834878833026, 0.005020436283714983, 0.004383300434046115, 0.009220199387783649, 0.05142734256517322, 0.0040145643081675965], "NoiseHL": [0.2368434256653341, 0.18596172298950592, 0.22628268756916464, 0.14831002339979224, 0.24359753466655368, 0.20584533778777664, 0.21899779898780233]}