{"FilterHL": [0.07501175094732958, 0.29278239515849225, 0.26036002648519424, 0.114679516507756, 0.1743032844645521, 0.44607254660200785, 0.16326804464707026], "NoiseHL": [0.3765012181468875, 0.5402366737241725, 0.47190782024257394, 0.5139666269538771, 0.38989318363987113, 0.5739860369352671, 0.3819404356731981]}