{"FilterHL": [0.019311103081885144, 0.029436629913122136, 0.016550978821687094, 0.031390290678349884, 0.012272712220757718, 0.020361227630786106, 0.034077804771566245], "NoiseHL": [0.05886893408027783, 0.08591807312089943, 0.08312282306824192, 0.09023094565478097, 0.07164635451168073, 0.09933880568372454, 0.09695298492552756]}