{"FilterHL": [0.00548794170851042, 0.0236442105685836, 0.014001862513421504, 0.030056503026026193, 0.01654370213575556, 0.019415956162361865, 0.03015496267318581], "NoiseHL": [0.1701492751434379, 0.23472657146245635, 0.17130739815682441, 0.2328252213734634, 0.21060405768598467, 0.21947496567073504, 0.2188653806821576]}