{"FilterHL": [0.033563106237020995, 0.05329552005551318, 0.039860221389388564, 0.03481527309037511, 0.03481951517309904, 0.02350798457292239, 0.03783279119244068], "NoiseHL": [0.01810908627720488, 0.03347156651609562, 0.028685887367945813, 0.04947867197571543, 0.020082312696295915, 0.029813464757158733, 0.01730395109379307]}