{"FilterHL": [5.8586546491704575e-05, 0.0, 0.00018561801010709512, 0.0001233956657701806, 0.0, 0.000230096009780971, 0.0], "NoiseHL": [0.1796067636529137, 0.22607708161584836, 0.2305892712780783, 0.2009115892650161, 0.19448580951758207, 0.22946862650151673, 0.22379061732305383]}