{"FilterHL": [0.026223218732332923, 0.0633648959975552, 0.026545388657984188, 0.025651316737232154, 0.045163348015920604, 0.04641004534304409, 0.0395009071796082], "NoiseHL": [0.09046015540145282, 0.1359871772171897, 0.04708407064640264, 0.051909216225370286, 0.10193965670466798, 0.1247600890733533, 0.058035349660589826]}