{"FilterHL": [0.031301064867829353, 0.06484843024774199, 0.02331170829471859, 0.030971533627173305, 0.03099945787894954, 0.043291410283598515, 0.03409436880692517], "NoiseHL": [0.13569243824230032, 0.12704855035003668, 0.13832109626257624, 0.14287558257906993, 0.19725421302658178, 0.19502990403264148, 0.19201192279694887]}