{"FilterHL": [0.008908054595897276, 0.03097161213910325, 0.03767214171316904, 0.03728390485298951, 0.026267382110455477, 0.02221807880924562, 0.020481819987871935], "NoiseHL": [0.259825662107951, 0.26827067065395704, 0.275450779093466, 0.3097367525307978, 0.3017783598828261, 0.3408662309387038, 0.2993106025847561]}