{"FilterHL": [0.01060928583171761, 0.036318325830226504, 0.0364106610030477, 0.025657838108684248, 0.013263182786434588, 0.02651608498947932, 0.03301001169449524], "NoiseHL": [0.2976849414590132, 0.24207493505935898, 0.15400993616091868, 0.07005387876322099, 0.26919813537610754, 0.23948418445228783, 0.11969953444178845]}