{"FilterHL": [0.17725934420812617, 0.2579329207061991, 0.18986184342196055, 0.22997670943308363, 0.19325630600750662, 0.20611083425747473, 0.19878103589004284], "NoiseHL": [0.6130592399562804, 0.656230788677482, 0.6213267062071174, 0.6392697832925506, 0.6164115250573904, 0.6328524587652096, 0.6263990505085]}