{"FilterHL": [0.01789676215297764, 0.03573541785554509, 0.004329433645496384, 0.018564706245264705, 0.5105569362607969, 0.43305846744285315, 0.4291248975520308], "NoiseHL": [0.18570675720582475, 0.23137475389052234, 0.2760668679471425, 0.2657126423612017, 0.30618621784789724, 0.33668782285012294, 0.3383205474006166]}