{"FilterHL": [0.06474950374614523, 0.08817094080939661, 0.04789710324784609, 0.05856813394040764, 0.06944960067118242, 0.048361823222860256, 0.07656175807691618], "NoiseHL": [0.2358875729709576, 0.276753817902213, 0.23275303306870093, 0.30471884841002733, 0.24676577156068763, 0.3063150417458273, 0.25066383633386446]}