{"FilterHL": [2.1073424569465507e-08, 0.0, 0.0, 0.0, 2.714309140012719e-05, 0.0, 0.0], "NoiseHL": [0.14395320073022042, 0.1665177944500141, 0.1507282797138842, 0.17677669529663687, 0.1490620996510314, 0.15400905983632326, 0.15400905983632326]}