{"FilterHL": [0.02985781828234045, 0.03249138080448647, 0.023009027334064645, 0.024559387424237876, 0.03702428022791446, 0.036636762916790896, 0.014366775137418072], "NoiseHL": [0.12670530919366393, 0.14650258630629626, 0.16853180244924304, 0.16764560967910233, 0.14896087443587347, 0.16114839128487593, 0.1609418855070045]}