{"FilterHL": [0.01793749247579008, 0.050049988522985554, 0.0161980967603468, 0.026901317179630558, 0.017323376315662022, 0.016253300897825104, 0.03080153577995543], "NoiseHL": [0.029428595995388447, 0.06575506047906668, 0.019756311022693585, 0.047535596809498364, 0.017459212448805838, 0.019146383923934022, 0.013049484512782417]}