{"FilterHL": [0.011991860182291472, 0.0391426484568173, 0.0011068847089174593, 0.047821232651596504, 0.0033688709435796818, 0.04300236326508985, 0.01751383058287445], "NoiseHL": [0.14020886298480412, 0.12461460057757677, 0.1840566616961148, 0.09372145001914794, 0.17133355025135155, 0.15175657626664432, 0.1597079199944487]}