{"FilterHL": [0.028578328605436364, 0.05771848680938267, 0.03888782120001147, 0.051655462176284354, 0.019286560369620204, 0.036623120122217453, 0.03151491493987918], "NoiseHL": [0.027749931473952865, 0.043369129563143906, 0.029400233144423606, 0.046030082371327184, 0.03847009820702882, 0.0483353281403911, 0.020997261014524184]}