{"FilterHL": [0.015033552541493194, 0.012519988257625557, 0.003208048846628042, 0.004995079584099836, 0.08791263120223225, 0.07023929863549319, 0.06726987473540169], "NoiseHL": [0.3731465083857547, 0.3864426585698626, 0.4015528601705881, 0.3946991037536843, 0.3010237897030355, 0.3309564812979377, 0.2963603175413774]}