{"FilterHL": [0.024530528772228284, 0.03288320686608603, 0.02588794416919331, 0.017499214520124026, 0.03494257000670597, 0.020884218707604853, 0.011290848386065347], "NoiseHL": [0.1911442617942621, 0.20260548161712633, 0.22607997795971116, 0.24996921895503518, 0.1976332832927753, 0.19559971283562275, 0.22490109310927656]}