{"FilterHL": [0.021263216904134248, 0.012139442230942134, 0.010050990179478725, 0.03509665771543969, 0.017040772479543897, 0.03372535678621592, 0.021210699431279036], "NoiseHL": [0.2641005647509886, 0.26112005845926234, 0.15078114648358573, 0.159919127078279, 0.2755848083532642, 0.25270407701058845, 0.1651060877870964]}