{"FilterHL": [0.07089021351664522, 0.024592095586353637, 0.07129491892547607, 0.04982998536625076, 0.05776540870530693, 0.06357624133424496, 0.050397955414560144], "NoiseHL": [0.14272868277941142, 0.13159447944684002, 0.12180136788671218, 0.10239661386219151, 0.08949667758240913, 0.10618641873318166, 0.025383843150359898]}