{"FilterHL": [0.027867229696096615, 0.01449517235390405, 0.04132165069110143, 0.023971853401806895, 0.07298619771964292, 0.05517099787020642, 0.06904733258334962], "NoiseHL": [0.1181573842575058, 0.13232335438022907, 0.13859873520690463, 0.14586190689327921, 0.19510202675129593, 0.2325474513642236, 0.18990539376326815]}