{"FilterHL": [0.004798107731533768, 0.005035943059275888, 0.005709357008603176, 0.0014303666002217447, 0.006848610087039778, 0.005708483196395938, 0.0041648458221785435], "NoiseHL": [0.1457362264426639, 0.13131682373573134, 0.13324390820996532, 0.14737998665484722, 0.14058090698165726, 0.16658224029103116, 0.14741235879317435]}