{"FilterHL": [0.03215678417189024, 0.04171348345761599, 0.009144404938751823, 0.018598656714753962, 0.2992118450630413, 0.16473575357490589, 0.14367559464171642], "NoiseHL": [0.341928001999185, 0.3399429216690368, 0.37368709427701097, 0.33630377374163334, 0.3621981415132857, 0.3376880931312474, 0.3554399740968929]}