{"FilterHL": [0.023829185277856935, 0.02178781409851102, 0.012803204649053617, 0.022968552903651223, 0.013550347208285012, 0.013641745771249394, 0.03394800337487677], "NoiseHL": [0.0851229365674211, 0.18650824663787022, 0.08834612689598433, 0.19809141413317008, 0.08693669955715154, 0.16831710547181405, 0.10241121052618349]}