{"FilterHL": [0.018211671577324517, 0.008878158338552149, 0.007597254435698636, 0.006761071719629243, 0.007208588496282494, 0.020535403644039576, 0.0192131946850763], "NoiseHL": [0.19127532202539027, 0.23777220909886637, 0.20942093778786036, 0.23419450292747496, 0.21215058647216764, 0.2725004960427022, 0.2359597284265201]}