{"FilterHL": [0.0, 0.08662425931201297, 0.11718019840433137, 0.07160881038321687, 0.054279383511973624, 0.15111061076471569, 0.05617014784816914], "NoiseHL": [0.5328907464604259, 0.5913794243470933, 0.4468322419048163, 0.4584482856975025, 0.572346191365254, 0.6251602622123704, 0.4609933104775046]}