{"FilterHL": [0.021468954261318986, 0.06201773327221435, 0.011379515688897626, 0.025366038243002993, 0.023731631566629365, 0.3159009622823964, 0.0376736998949995], "NoiseHL": [0.3634427992746055, 0.314450913651334, 0.3553854843969474, 0.31327818828893206, 0.4227503920111078, 0.43036686264678853, 0.4332078576794025]}