{"FilterHL": [0.003348296787586177, 0.012702192113924536, 0.008992090952068288, 0.004186680073821308, 0.0047653284242434955, 0.006064866534510567, 0.018423730815011585], "NoiseHL": [0.15412206436338233, 0.21443264920759275, 0.1783735171684111, 0.2249796778687976, 0.1697543070234549, 0.18646493107064604, 0.21576824568152633]}