{"FilterHL": [0.03063353126580024, 0.05741249469006037, 0.021621329519025567, 0.03928303185228391, 0.03450833112095643, 0.04848425301500514, 0.045535180664612394], "NoiseHL": [0.05075649680300227, 0.06094427138338577, 0.034658024823933875, 0.08151894561088004, 0.044256652023015285, 0.08150936066453954, 0.05998167541003822]}