{"FilterHL": [0.030582504997190178, 0.03749265609082404, 0.04524916074760063, 0.04340418102139201, 0.027034495455244292, 0.034504735472577604, 0.027660113771026937], "NoiseHL": [0.025129181329987368, 0.0667760811534273, 0.029868457794837225, 0.03157497128746802, 0.03296669053669669, 0.06159220100470551, 0.03299392969932761]}