{"FilterHL": [0.0, 0.0, 0.0, 0.0, 0.0003780529265618478, 0.011729198639237166, 0.0027617127428343725], "NoiseHL": [0.22946862650151673, 0.29183887160721417, 0.24474362140675346, 0.3183155034171673, 0.32001888456532224, 0.35038649663459137, 0.33009682013546676]}