{"FilterHL": [0.022732853829727975, 0.04781582968974666, 0.034833134946492254, 0.018943399629563904, 0.02541042493562763, 0.02108110595080536, 0.032879189266600564], "NoiseHL": [0.027666823525028302, 0.08280048408694966, 0.03818752474703207, 0.05130899859309166, 0.027292474677524343, 0.040644318295912404, 0.049625594411223974]}