{"FilterHL": [6.735387174145495e-05, 7.241199345382351e-05, 0.0, 4.229562743823224e-05, 0.0007455071312551493, 0.0001357258781825344, 0.0018539837086698902], "NoiseHL": [0.20960401046104254, 0.1781969793463003, 0.19448580951758207, 0.2372144506373005, 0.24154202878078954, 0.2059196678858405, 0.24685785366827007]}