{"FilterHL": [0.02741317797543025, 0.03191590661368461, 0.02752817170699919, 0.03732771158770376, 0.05799009513738753, 0.0800192393499181, 0.035545555161662745], "NoiseHL": [0.13398126290536758, 0.3042757925094926, 0.1325838967255322, 0.3290203169533167, 0.09133626428150483, 0.290694563187386, 0.11989005222894517]}