{"FilterHL": [0.05213762468080238, 0.08269084676634252, 0.017788186508990316, 0.07277256094613865, 0.08051371933921535, 0.1081043790003974, 0.059442372770068315], "NoiseHL": [0.233082267744707, 0.24378942818907126, 0.2307534317235407, 0.24018838728762004, 0.2986630084647327, 0.30622431416699336, 0.31503129093854176]}