{"FilterHL": [0.020317950656913324, 0.01842156024966354, 0.013103385213804846, 0.011527186061611381, 0.008492595084938945, 0.013033377548522893, 0.027730663604175428], "NoiseHL": [0.0892250717207766, 0.08792102787021763, 0.09281581575779028, 0.10590796058400526, 0.08160594764281762, 0.11303092058719491, 0.12034265757606329]}