{"FilterHL": [0.03766421741582914, 0.02125704313174882, 0.04091951698914367, 0.03873576517489985, 0.00918050606625935, 0.03196518030003174, 0.03503996536394635], "NoiseHL": [0.0867076986885885, 0.0876056217269731, 0.12321485192407076, 0.12099645899544877, 0.08885863321846975, 0.08347026811197673, 0.1264384816551801]}