{"FilterHL": [0.03238496139631469, 0.01937528282110055, 0.01448910869542082, 0.03924683715972834, 0.017725438687780454, 0.019870890135943894, 0.034600765308001324], "NoiseHL": [0.0771593665626377, 0.2071943510378449, 0.090826488129585, 0.1754669900678838, 0.07405538679638567, 0.20351577690713182, 0.10844611361920017]}