{"FilterHL": [0.010825045838879662, 0.05251955327275313, 0.029194499172690135, 0.01904773993293465, 0.016854561221202605, 0.019890173532367664, 0.023938622732997454], "NoiseHL": [0.0773606129753669, 0.08559368664749006, 0.0806657767237873, 0.08235592414512113, 0.12195708360256938, 0.1284050965247974, 0.12280489754463321]}