{"FilterHL": [0.03602440921254143, 0.06972242621744368, 0.027055554872497226, 0.04126532677411376, 0.05818160755028797, 0.029662215273965523, 0.05821483433966897], "NoiseHL": [0.0341450033826725, 0.2133408582969718, 0.036813169958152904, 0.22896019788657182, 0.06372890809930819, 0.25529929870944773, 0.0693371134111203]}