{"FilterHL": [0.30460171121590673, 0.12334931841654724, 0.11089478737534328, 0.12893222586186032, 0.3052249895243197, 0.37300836045528735, 0.11878320219794267], "NoiseHL": [0.547067857488134, 0.526675209460165, 0.5202587175923481, 0.522579305582894, 0.5597682675037715, 0.5576555425024965, 0.5233217105679496]}