{"FilterHL": [0.008657690865699145, 0.013208320522135632, 0.022268743883059362, 0.031141315531520886, 0.012289906992844301, 0.0155109152075634, 0.034753687015102855], "NoiseHL": [0.25684265531895073, 0.2752636085543295, 0.2658521969228437, 0.298162571168008, 0.2788094460883911, 0.2908514914618842, 0.26883655689667524]}