{"FilterHL": [0.06263623480495491, 0.0748965568382681, 0.09405295144474098, 0.08068414260783884, 0.10157749690381866, 0.12242523575050776, 0.21160896499327195], "NoiseHL": [0.30682507287975275, 0.22841508385297424, 0.3029574089454566, 0.2238464991416847, 0.26789523903058027, 0.2934767824765163, 0.21512195368060744]}