{"FilterHL": [0.013408655890033259, 0.010987597767258469, 0.015477102200479282, 0.0, 0.08616044272253078, 0.0, 0.07496669651292233], "NoiseHL": [0.23424247859536504, 0.351972498137622, 0.24853854547337845, 0.32759952141623117, 0.27125700957484594, 0.3275995214162312, 0.2799044546324606]}