{"FilterHL": [0.08176965230956533, 0.10748912823946956, 0.04376695317004442, 0.11193620411847602, 0.12217268313900659, 0.13149194684018517, 0.12116561501810108], "NoiseHL": [0.23592530763153205, 0.24721249227961226, 0.3256129039240149, 0.35139962859009777, 0.25123278751699085, 0.21336391970924629, 0.3437235250674813]}