{"FilterHL": [0.003909976933781879, 0.01547990844835888, 0.005006332873287134, 0.003989604721930805, 0.003973758636360268, 0.0015099929998818593, 0.015226046531799728], "NoiseHL": [0.14112001251071593, 0.07580749741259453, 0.11559010375090265, 0.11702379000368222, 0.13869243294631245, 0.060074302087185935, 0.1209767293219141]}