{"FilterHL": [0.025799825189375836, 0.04929483823897928, 0.03502362878875411, 0.05705458215214629, 0.022582046723492333, 0.03386696434545844, 0.04944927112514951], "NoiseHL": [0.075404564516387, 0.07926655742522867, 0.09075133328834377, 0.05560856673478646, 0.07062683357763415, 0.09380833767142868, 0.08462310033394074]}