{"FilterHL": [0.011727388010860335, 0.02573111197530812, 0.005486657220487568, 0.008098862872276966, 0.014111675049719387, 0.013246808651373678, 0.011286025892862855], "NoiseHL": [0.09664865218064798, 0.13356825234971695, 0.09227352487099397, 0.13752463522712338, 0.14080930476044606, 0.1811030128049023, 0.12115102762318013]}