{"FilterHL": [0.005159329118366723, 0.049563921712275555, 0.02501639767558164, 0.030127505709942663, 0.015860204403558488, 0.007622343906851529, 0.025488130890478456], "NoiseHL": [0.18400595077853094, 0.1475757356906895, 0.14126342443285803, 0.20023996371699526, 0.22379891819583397, 0.19088659183532652, 0.18381532332031567]}