{"FilterHL": [0.01581855721138802, 0.02504821919598623, 0.03241818637097383, 0.026423693999650603, 0.020765295397444268, 0.12192014760447194, 0.03198772705354036], "NoiseHL": [0.2676025753500447, 0.3458414645579747, 0.27769392128811593, 0.36464684587752216, 0.27866433592466816, 0.33464909416372335, 0.29437096316301636]}