{"FilterHL": [0.0, 0.0, 0.0, 0.00045242256635528023, 0.0, 0.011288631903585259, 0.006981679661530342], "NoiseHL": [0.19836422482717905, 0.25103979383693453, 0.24999999999999994, 0.26916281322186875, 0.2622422036792348, 0.30176153952158696, 0.2909232592243174]}