{"FilterHL": [0.01832551395445342, 0.045464862118942906, 0.030281305812833666, 0.0319009722152517, 0.031194603666329694, 0.023450447019906624, 0.013388134511385711], "NoiseHL": [0.10152225526018602, 0.10997627381955957, 0.1380424116942549, 0.13561920847123954, 0.10580536705620139, 0.08904920718226135, 0.14679211996242095]}