{"FilterHL": [0.014671053360662607, 0.03820976327529757, 0.009049958591933931, 0.020568148458756895, 0.06747188234285131, 0.05005378120011094, 0.04288445693523146], "NoiseHL": [0.11169134974734964, 0.13716067788250458, 0.11677864046785905, 0.13898117867044507, 0.06763103471259065, 0.07368621738932553, 0.07505616511805704]}