{"FilterHL": [0.010322196475157572, 0.01723209574131918, 0.0016734547460502014, 0.021233627368582017, 0.017749972299598793, 0.010478805459061035, 0.05173341332265432], "NoiseHL": [0.35209286713767357, 0.38621696542792555, 0.3261037469858045, 0.34026131389940545, 0.3536652307502782, 0.3706582979358221, 0.32381025795140933]}