{"FilterHL": [0.0135067619617135, 0.03462500005744034, 0.0005823961306585881, 0.0050629257768888035, 0.007659828643126603, 0.009670082077629054, 0.011225066860313094], "NoiseHL": [0.10156543488706406, 0.1770978917622363, 0.16840627715577816, 0.12837244988084473, 0.14241579189881134, 0.18796551904049405, 0.1745260992616545]}