{"FilterHL": [0.024230653095186745, 0.024400645197769813, 0.020734651837818835, 0.0323166358519891, 0.011183971065174497, 0.015053971566648125, 0.028827138523678675], "NoiseHL": [0.06916584428664352, 0.22641890339715767, 0.08474966055948528, 0.240714865732635, 0.07498489592847686, 0.24311350594702147, 0.107305409373408]}