{"FilterHL": [0.030192382053538074, 0.05494011862495119, 0.03605239937765293, 0.03810933340271055, 0.03284296198641961, 0.037916669921333294, 0.02100712951213781], "NoiseHL": [0.032897186927473794, 0.05647995893001169, 0.018381241247004108, 0.036177083356712145, 0.012077308027413256, 0.030716960927022814, 0.01629735608548994]}