{"FilterHL": [0.01949841519523598, 0.008419789908775722, 0.007178409976966268, 0.006842639967206537, 0.004550915720274792, 0.0479384132268819, 0.01556063620523825], "NoiseHL": [0.1956032552373745, 0.27317367744444937, 0.2163525818790327, 0.26125198240160025, 0.2334575738115379, 0.346645006730419, 0.27365451068311425]}