{"FilterHL": [0.00458265812695895, 0.029262843774526474, 0.005782831924289773, 0.005288310273237169, 0.008677827980185106, 0.025338935286119777, 0.005796777571712348], "NoiseHL": [0.09141227023837573, 0.13512198671383813, 0.12754813618951866, 0.15072979059389915, 0.0967077215534946, 0.140602837925509, 0.1332348869612216]}