{"FilterHL": [0.03542752430901651, 0.03212441898986525, 0.012955906103783159, 0.009735030911776523, 0.024624487668146726, 0.015602951812448434, 0.04547519618740806], "NoiseHL": [0.08735659344203159, 0.1137826617536905, 0.12984709197783567, 0.14874559565452966, 0.0989872038194908, 0.1056263119491314, 0.16583298266325672]}