{"FilterHL": [0.148135301294842, 0.2230111195125358, 0.4476251154050733, 0.44991290563311526, 0.28814595687958466, 0.25151289475595034, 0.7863716952744865], "NoiseHL": [0.28815618831055556, 0.2907521369599964, 0.5979225426868356, 0.605451794387365, 0.2621378971143354, 0.2634527813519076, 0.6795219074284907]}