{"FilterHL": [0.031438029729340074, 0.04802711232063684, 0.03076973536978532, 0.03623270580906661, 0.036893991080468494, 0.035041357592258925, 0.043664386221009], "NoiseHL": [0.026146167747498162, 0.03534533521657153, 0.0366530375349286, 0.054265457878943685, 0.03786609393132195, 0.03081284401477871, 0.06115093791540586]}