{"FilterHL": [0.018315642908633214, 0.019387942011379472, 0.025821337057001258, 0.0335439303752102, 0.021268883975463303, 0.025922721583423496, 0.03877866840861355], "NoiseHL": [0.07806527600266108, 0.045608608973565626, 0.0923910455941525, 0.057476478567487645, 0.10427576913889881, 0.09790942105799619, 0.12716498951371824]}