{"FilterHL": [0.004775558828694427, 0.017904028433561647, 0.014380108543538928, 0.005084217790510387, 0.00441853626624847, 0.009378271924283517, 0.02206693932192126], "NoiseHL": [0.0494514575231333, 0.1350543712832365, 0.09396175954467899, 0.12550162867825237, 0.10634120250089243, 0.16950926408088787, 0.14745694286426883]}