{"FilterHL": [0.01786861359474693, 0.008513536833904135, 0.012482026711649196, 0.004725427027267246, 0.025270466439016016, 0.012206871113644244, 0.00438182779325056], "NoiseHL": [0.109884216508706, 0.12516507953904302, 0.11226448220922347, 0.11716259094308837, 0.09749589638055677, 0.1300266575627953, 0.10806741643576394]}