{"FilterHL": [0.852335002696689, 0.15266255247142443, 0.031037534215870487, 0.03509410144336746, 0.018197165464936896, 0.05075321119748707, 0.02231752024198115], "NoiseHL": [0.0545728802121415, 0.05355803374402352, 0.06980850056230549, 0.051684306289356795, 0.07372466056687568, 0.07490023688926274, 0.07909950208085217]}