{"FilterHL": [0.01464980304903047, 0.04964330602551871, 0.027185335216989244, 0.028410857285557346, 0.015694688848551717, 0.025915633423493605, 0.03374961560758173], "NoiseHL": [0.14782039795608287, 0.18840830425253965, 0.15572906817608345, 0.1810301136537634, 0.14876882413093, 0.25224262546847837, 0.17322347583266826]}