{"FilterHL": [0.021907704971821408, 0.003327225318023733, 0.008872738618292533, 0.002808365145636111, 0.004107415156541191, 0.0038034648332781213, 0.010434379041160862], "NoiseHL": [0.08068600741243834, 0.10013937126827004, 0.15936176103530839, 0.1812795526870274, 0.1445374251340894, 0.14875766027986928, 0.13939399737269]}