{"FilterHL": [0.0, 0.0, 4.2146849766967993e-08, 5.479092429181228e-07, 0.0006197248766575348, 0.0, 0.0], "NoiseHL": [0.18100629468644155, 0.2582168997340125, 0.29908168989284245, 0.2561839685989771, 0.2120278888000165, 0.2632403118070741, 0.29092325922431733]}