{"FilterHL": [0.07592498389535651, 0.10796733323584505, 0.05530972967471444, 0.09318327342678269, 0.1356684004462614, 0.16398776623818753, 0.16916439960470717], "NoiseHL": [0.31565104590027576, 0.26919083814076034, 0.25691251451602415, 0.223031549850924, 0.28716646109221533, 0.28979795652541496, 0.22920103372491746]}