{"FilterHL": [0.02204208937229271, 0.040428258441037444, 0.017215794455996532, 0.06081298450843987, 0.038199273648847426, 0.044045792770690075, 0.04833945180621244], "NoiseHL": [0.08289703910959947, 0.07297734839659469, 0.09743516320079583, 0.11575946037267647, 0.11785781903443247, 0.1115591781963969, 0.11203022279880004]}