{"FilterHL": [0.00311976551084766, 0.017758416410612647, 0.012783834016037, 0.008280567171868434, 0.00771116762560701, 0.011952541876517227, 0.020410203016254378], "NoiseHL": [0.12556383656630105, 0.14742290145145537, 0.21088625510585388, 0.20840350188976467, 0.20471831965624196, 0.20963812354496458, 0.21916735485443373]}