{"FilterHL": [0.01887944574966232, 0.01638391345885115, 0.02561734155656627, 0.007187924784634326, 0.03824393966323951, 0.03331936048650868, 0.06094689820890049], "NoiseHL": [0.3153309753850174, 0.22165891780689537, 0.16658754786871888, 0.21671633210247868, 0.32690783714154686, 0.2643410517665532, 0.3473013391063429]}