{"FilterHL": [0.008822704184578605, 0.006746973432754168, 0.04372452850642005, 0.04625738259703979, 0.004800767479613119, 0.02543400044563674, 0.03717950831607709], "NoiseHL": [0.23397467807766906, 0.18830040231936065, 0.20297095300774082, 0.1563391308405175, 0.2606788340342873, 0.23962135188781367, 0.22439927298557943]}