{"FilterHL": [2.1073424569465507e-08, 0.0, 0.0, 2.3180770480615465e-07, 0.00543944686511747, 0.0, 0.0], "NoiseHL": [0.10627440321039959, 0.1422112410749228, 0.2059196678858405, 0.23281618951149585, 0.12350322450529108, 0.15400905983632326, 0.2108191091580861]}