{"FilterHL": [0.044466237098742055, 0.07485345977327201, 0.05502772683263499, 0.024414304853967502, 0.05888908151254816, 0.058322457793675626, 0.05201991267452934], "NoiseHL": [0.25799576340718317, 0.27848594486463235, 0.1766554315319685, 0.1709888769992095, 0.2684687897039511, 0.26463469111504495, 0.17295298638113873]}