{"FilterHL": [0.034422350998798555, 0.054307777951160506, 0.02287583244546747, 0.03810835464906452, 0.035079738063376636, 0.011973322983636627, 0.058938576011555444], "NoiseHL": [0.19720094262311247, 0.16647272055494297, 0.1511847184660939, 0.16205798371231886, 0.17238948052654043, 0.20268563367720419, 0.14917396876967653]}