{"FilterHL": [0.05681800843830263, 0.049382459924281266, 0.05416530231195688, 0.06890289075726377, 0.03264473115142484, 0.10530806485834611, 0.06125501388832126], "NoiseHL": [0.10274934375288824, 0.11320056974658363, 0.127081916734356, 0.10504450907301567, 0.14881867399669224, 0.11227111400441767, 0.1334503537592548]}