{"FilterHL": [0.0688176256029416, 0.06955830437378259, 0.04897523272781676, 0.04233652437472317, 0.0544270901223895, 0.046474847248674477, 0.057800583676964626], "NoiseHL": [0.26700202761568415, 0.24914503198449048, 0.3060614004926929, 0.2851990910540337, 0.27380612012927, 0.2703262647611156, 0.3284120098055399]}