{"FilterHL": [0.03472371921757793, 0.2336632130929718, 0.03814107726231547, 0.15032826948668507, 0.23103865121221753, 0.1388298815956286, 0.34694956271255445], "NoiseHL": [0.4337926552725389, 0.6074425820687501, 0.4250627351895342, 0.6163785540163315, 0.5066419189354456, 0.5620837351948648, 0.49081131610028184]}