{"FilterHL": [0.047560577081373866, 0.03497711213386538, 0.021053283994822092, 0.04632073333701055, 0.0438595399835969, 0.050805333949705864, 0.04274567041415558], "NoiseHL": [0.061064647981991564, 0.050633039115295285, 0.03085052301016243, 0.05573510812878143, 0.05489333225538088, 0.0663368420693771, 0.03988419398112615]}