{"FilterHL": [0.033333190440194976, 0.023797717513909737, 0.015983949328828472, 0.03531236642197862, 0.009769470795752161, 0.0258555583960288, 0.029699366504870484], "NoiseHL": [0.040186727423315576, 0.13338567835919823, 0.08308954636741267, 0.1372869144910226, 0.083368463261421, 0.12229133625954018, 0.08306192517856126]}