{"FilterHL": [0.02912221359156355, 0.03125517739612869, 0.012454633386348876, 0.025495185700304644, 0.013859688981817853, 0.0027449918503497507, 0.026765780522427885], "NoiseHL": [0.15550492288629794, 0.1465041883766287, 0.17215572379621258, 0.16704611442191164, 0.1547188690078779, 0.1325687833610929, 0.18472222629677565]}