{"FilterHL": [0.011543479109191415, 0.01620671228283395, 0.015111863209772019, 0.019613167898467367, 0.012059277085738656, 0.01482556556491978, 0.03051115101620463], "NoiseHL": [0.0907138311443212, 0.1454187702753006, 0.1004143857622819, 0.12370285249030423, 0.09634935309302484, 0.1534403616808621, 0.10204377147004925]}