{"FilterHL": [0.004482940115009853, 0.022734654242969242, 0.002553786661042256, 0.005860742399439226, 0.0009281632954921678, 0.004322005598399621, 0.018948109383305864], "NoiseHL": [0.12665514489836444, 0.2038592777007933, 0.12502332521809667, 0.1960920750451289, 0.15081295356698823, 0.21462784777226565, 0.17003425199846747]}