{"FilterHL": [0.029274376618658286, 0.03967780918551327, 0.012699932044018423, 0.04519073678936908, 0.03484421039331118, 0.026948132600789182, 0.0711751251313129], "NoiseHL": [0.022521044072976063, 0.053737200486151, 0.032070135627612156, 0.04735403099619655, 0.03727603061021728, 0.027932195874667533, 0.0476097393755913]}