{"FilterHL": [0.005642597360669836, 0.012048002145424433, 0.010882054929607364, 0.035499495627979875, 0.015879386353363636, 0.013580054180278524, 0.038095965790792774], "NoiseHL": [0.14571453268246978, 0.1588200573187571, 0.11112888710883223, 0.13795113207090867, 0.2007974841019825, 0.19320289262909232, 0.12230528293068707]}