{"FilterHL": [0.03455497543773373, 0.03909968081892552, 0.02535862251968169, 0.027436271098397393, 0.08274821437222304, 0.103335361633311, 0.07371416233873929], "NoiseHL": [0.05931913636140155, 0.1214765239521527, 0.05394738548643427, 0.12373001017815366, 0.14110630540786126, 0.15119676175261232, 0.10203745563481055]}