{"FilterHL": [0.04347364971267268, 0.05977283912585764, 0.02496844452967623, 0.031160864078513505, 0.056842988373395915, 0.04607507578209328, 0.054843118659525125], "NoiseHL": [0.2223036951601894, 0.20583212840050039, 0.17882592656118218, 0.17778485643443642, 0.21584903043178943, 0.19837578311401396, 0.2007873313098382]}