{"FilterHL": [0.041471193758937666, 0.060916086150051056, 0.04022478416200347, 0.05594944200000195, 0.10484531874104126, 0.0975709860528338, 0.12610047641644184], "NoiseHL": [0.10023372354718206, 0.08469466185139256, 0.10394509877877298, 0.11646781328821838, 0.05510010827136245, 0.06252599452436958, 0.04105533136098606]}