{"FilterHL": [0.0026198545627351736, 0.013594769057639112, 0.014219361945506262, 0.021002703042981047, 0.010808876079107695, 0.019578100104903323, 0.015060935762819617], "NoiseHL": [0.10876060979943356, 0.15237835026535274, 0.12350476864184232, 0.17540413647451253, 0.15415566935420832, 0.2024525125026016, 0.1650127716308258]}