{"FilterHL": [0.056131156944932516, 0.05274226469951575, 0.08475234524664153, 0.04724735346700276, 0.12265356109597757, 0.2793882095779434, 0.06110981155729981], "NoiseHL": [0.3608274165506839, 0.3710957907975602, 0.3855414193337773, 0.3679645911362286, 0.407205600979555, 0.41700914161019514, 0.39782357742664165]}