{"FilterHL": [0.013031516257766294, 0.02930793556242398, 0.002577784814470484, 0.003745272166315254, 0.008334698555781167, 0.00961826830288277, 0.0082380738053495], "NoiseHL": [0.1866047783491014, 0.1782003204748263, 0.33565492657918716, 0.3142144315039788, 0.2119821375963806, 0.23173167836758865, 0.34240269754198055]}