{"FilterHL": [0.03562524380178995, 0.04527991754923708, 0.022111079697230123, 0.040146938678059275, 0.03360516670676088, 0.03800996413210576, 0.03514555520234682], "NoiseHL": [0.2510681778258469, 0.2697296504291134, 0.24298533152286114, 0.28162589517965675, 0.26156667065828065, 0.23097628079524782, 0.26352824499311445]}