{"FilterHL": [0.004557685259265273, 0.007443219480269098, 0.010906651452484708, 0.0026617080701979413, 0.007125190780796446, 0.010414304396864395, 0.022240346456155097], "NoiseHL": [0.25248133557975044, 0.2797453304249653, 0.2593160265301299, 0.2769148751412287, 0.27710333649378605, 0.30707116371979293, 0.2909233903771276]}