{"FilterHL": [0.011326686303686684, 0.002253579347957919, 0.0019953881852511303, 0.005216659122942593, 0.006005166819714255, 0.00957352151782452, 0.019384083130458127], "NoiseHL": [0.16070127695769412, 0.21083270930049608, 0.2021830011205342, 0.23624748835004764, 0.15564606890014002, 0.19075572109903907, 0.2114306594731506]}