{"FilterHL": [2.5288154325199227e-06, 5.057623630053796e-07, 0.03373074601862964, 0.012295052864012581, 0.0, 0.0, 0.03362196012897554], "NoiseHL": [0.16950843122097695, 0.2612408472229728, 0.17756876571946786, 0.15965577032881315, 0.18920084887799915, 0.2108191091580861, 0.20811866996490122]}