{"FilterHL": [0.03929282935318877, 0.039181323324032305, 0.03764031595164962, 0.037087162407257686, 0.03487601022318167, 0.026702828658216476, 0.03050066880458751], "NoiseHL": [0.1275350421408795, 0.10917707641825122, 0.14570004082589044, 0.13895682138134202, 0.13347852686561879, 0.10434692383437798, 0.1595107439626566]}