{"FilterHL": [0.020041149161206327, 0.05039947962197229, 0.010149043977139529, 0.03885367129189072, 0.027384872401853957, 0.042799802871170654, 0.033644995309869336], "NoiseHL": [0.2294881253883583, 0.19866935687114684, 0.22964552336169194, 0.2119316970998919, 0.30953073360244904, 0.3009268462549205, 0.30245437827387756]}