{"FilterHL": [0.02752727722485693, 0.03292631405033048, 0.022010546917425843, 0.04727073164529344, 0.02867086546102542, 0.0202570628040373, 0.031867992975785554], "NoiseHL": [0.33017828888155754, 0.33817525764466255, 0.14887162240867433, 0.17134740746456792, 0.3109910789617295, 0.32829037237994996, 0.3187254433162304]}