{"FilterHL": [0.2902678708429047, 0.20369609408399042, 0.08338384647541495, 0.21980267004165635, 0.5898396883314863, 0.40885057281777465, 0.4838933117706646], "NoiseHL": [0.7930490588734501, 0.8208169233127112, 0.7250078681223041, 0.7226101253283657, 0.7840434457442004, 0.8154024065077543, 0.7199596947809567]}