{"FilterHL": [0.2138794434151234, 0.20353137768301033, 0.20553905298714792, 0.20390403223036152, 0.20323539244382108, 0.20587459787591886, 0.20221740737738417], "NoiseHL": [0.5516837003866187, 0.5266659075763103, 0.547394713493135, 0.5397438701177856, 0.5450097375975267, 0.5419971504323162, 0.5461141128133425]}