{"FilterHL": [0.009600742425021387, 0.03206935326171033, 0.019776736045034177, 0.013323914492913227, 0.019468815346622297, 0.02185548030514249, 0.03470396886123762], "NoiseHL": [0.06526361755505515, 0.06022470747784432, 0.07550378353598951, 0.07049099394087002, 0.0904967700616009, 0.1134045443139023, 0.1135716458825658]}