{"FilterHL": [0.02690207488720815, 0.03526005228698341, 0.008461447399516035, 0.009256687997830712, 0.010731706954938249, 0.00940207787325684, 0.01481720844097292], "NoiseHL": [0.1064407474026505, 0.11528289513802575, 0.1294401910529538, 0.12949068220329124, 0.12019704128382282, 0.09911121911274723, 0.1290824192660886]}