{"FilterHL": [0.029913608413555306, 0.04305492581609808, 0.013278726634221714, 0.03933837593772468, 0.024870946612248663, 0.03573814702056685, 0.017592324535438113], "NoiseHL": [0.04630789945846384, 0.10672672433649033, 0.06527361144703282, 0.11083879000165069, 0.050278985839044645, 0.10916360686004661, 0.07638386553128058]}