{"FilterHL": [0.06933830326327321, 0.06964710922690705, 0.0701494897290278, 0.06599513299456594, 0.04434083483598012, 0.05325056841929213, 0.05192713878042434], "NoiseHL": [0.09410621460290003, 0.043735401457880886, 0.09587340372247433, 0.08878703816505842, 0.06913589629362732, 0.0794969184676876, 0.05812431970213697]}