{"FilterHL": [0.04285748631096411, 0.07105008024801045, 0.08322765351353291, 0.08456902616005972, 0.11948057081345417, 0.15540621838656737, 0.1346855747046163], "NoiseHL": [0.10798204578265132, 0.1027295428403942, 0.1213525548392995, 0.11383027637131976, 0.13897484185793088, 0.15201069786114146, 0.14114781027816553]}