{"FilterHL": [0.03158022537550203, 0.0434620488089593, 0.029568299397996125, 0.03197766005949974, 0.05295295194331782, 0.027323610056226393, 0.068416310665223], "NoiseHL": [0.30216627719304545, 0.2857650292033476, 0.31949023338254284, 0.3077266796210688, 0.2870382331708009, 0.29151800613172585, 0.29183484683102306]}