{"FilterHL": [0.07410300327558465, 0.06544619543199523, 0.12015432189579932, 0.1548201152997583, 0.09046408337459139, 0.07172431131210451, 0.14303424171581197], "NoiseHL": [0.45699083233179916, 0.44656937817157977, 0.46504469846911245, 0.4925652717942368, 0.446610524137107, 0.461504338314367, 0.4223985999885811]}