{"FilterHL": [0.0017685861783207125, 0.0038794064033591045, 0.0, 0.0, 0.0, 0.01821796522255676, 0.03238046790847566], "NoiseHL": [0.42953547942080045, 0.5129677059430985, 0.47303921954380396, 0.4895453847323275, 0.4980455918189139, 0.5258423657101156, 0.5354488648255004]}