{"FilterHL": [0.03810812511993017, 0.04633361984606312, 0.03552667083987495, 0.033315002202667074, 0.03952590635080034, 0.040380761304587995, 0.041534184921761245], "NoiseHL": [0.040834671620456016, 0.052809939298222155, 0.05248743074538671, 0.028697544928994016, 0.050511432268823375, 0.058655718257499954, 0.06062026582932959]}