{"FilterHL": [0.03339719412411364, 0.05069138351365844, 0.04579679888298489, 0.022753763403047057, 0.3569059935159868, 0.04678682366817987, 0.05438136665010547], "NoiseHL": [0.43437429479422046, 0.44977197491407, 0.2834966115791493, 0.25927906768066344, 0.44890005395325877, 0.45185994638702803, 0.2743653730434091]}