{"FilterHL": [0.01478889540959923, 0.0370166468699315, 0.009905965370804872, 0.05159013199546767, 0.01829468812370377, 0.020935591725234355, 0.036124929846425465], "NoiseHL": [0.052419555680757665, 0.041960790935466986, 0.06440265539539881, 0.06240103915481458, 0.08963838937301377, 0.10369121556915373, 0.10679944101923579]}