{"FilterHL": [9.904516336728579e-07, 1.2644055683734778e-07, 0.009236627372176412, 4.0039517421416876e-07, 0.0, 0.06717203283553103, 0.04731130039320757], "NoiseHL": [0.2853793027819435, 0.3652546522751244, 0.34539869193757194, 0.3952847075210474, 0.3527635782183037, 0.3660914700057086, 0.35363939454550275]}