{"FilterHL": [0.005121512174287725, 0.027764822730994957, 0.003934579427917743, 0.012804533194225646, 0.02500367058889311, 0.025066685824975163, 0.026548518978870537], "NoiseHL": [0.23832676901145655, 0.28683967134010707, 0.2272628193550217, 0.268747558755178, 0.30795264681654744, 0.3070656850762366, 0.2902855984625505]}