{"FilterHL": [0.016621624903894267, 0.03573208705706014, 0.01124166817818913, 0.027294975942089877, 0.013983068009345217, 0.02252920761879818, 0.017665173491357558], "NoiseHL": [0.2499951197963828, 0.24721269570468316, 0.253187013233661, 0.2526754526242022, 0.2686698325163347, 0.24709611139091506, 0.26230160077951875]}