{"FilterHL": [0.0021207158812333615, 0.03951280139840341, 0.015457612334099657, 0.0016005224236704959, 0.007964805690782322, 0.018401700605837897, 0.023326422225188215], "NoiseHL": [0.2330076250807589, 0.2623553545581479, 0.2273360096551727, 0.2654147173048575, 0.1878598123696146, 0.20750196997497056, 0.20122237192408823]}