{"FilterHL": [0.0669472794685336, 0.07737573025179534, 0.14428384387306809, 0.3442290901240632, 0.6551044631123785, 0.7071067811865475, 0.6597942945354357], "NoiseHL": [0.7527856885351596, 0.75456892442938, 0.7575448771359723, 0.7507888809503985, 0.7468904173696919, 0.7302569397925832, 0.7120753140844466]}