{"FilterHL": [0.04150804368565606, 0.0777778477738811, 0.049883869785026826, 0.03994412290582844, 0.03502484529905521, 0.6065173657118168, 0.02567483009266471], "NoiseHL": [0.05755302635584863, 0.10063141990934707, 0.0650924287709343, 0.0645195816532636, 0.0626896643088486, 0.05976871271852474, 0.06494912815255376]}