{"FilterHL": [0.06072657377912042, 0.04129740377140196, 0.05438643666303761, 0.051553207641558, 0.027606399233342974, 0.0747228953044311, 0.006285035287567372], "NoiseHL": [0.30528469777858014, 0.41313032899245117, 0.30486140897175945, 0.4193251502939862, 0.37044173275649156, 0.43647899786341826, 0.37747455711074723]}