{"FilterHL": [0.03418296265659806, 0.052873147584870245, 0.02976992242433513, 0.04874581214081699, 0.04560089657252054, 0.10663866226477202, 0.026848073953199925], "NoiseHL": [0.06927382394278592, 0.06331285412583616, 0.05340722872497094, 0.06651202936862291, 0.09027016573094483, 0.12163241038428546, 0.07229030256272898]}