{"FilterHL": [0.0133150039409695, 0.0535365532632325, 0.02011037977073101, 0.027942059060804044, 0.03885101553738719, 0.03749510667935698, 0.045397599035237116], "NoiseHL": [0.25041853780316475, 0.2476048228306266, 0.2749148724429819, 0.27895874739934984, 0.32574873474297555, 0.3451637252149086, 0.31442975726223243]}