{"FilterHL": [0.032692612373997246, 0.046830589042838044, 0.019652946784868123, 0.029009261394959972, 0.030739415697769265, 0.03747839518539547, 0.0497400749817669], "NoiseHL": [0.12127492255818696, 0.1252623134538657, 0.13165711384916415, 0.12327060711029295, 0.16492772435258254, 0.1955085092697798, 0.1757257994185301]}