{"FilterHL": [0.004806023310324825, 0.01014351961668498, 0.0064793937056744424, 0.015016306475307276, 0.0016472737809060175, 0.019408321692118022, 0.016299683299946174], "NoiseHL": [0.17139117463864992, 0.16052845115705924, 0.2048999214507268, 0.199642150272042, 0.19223238206718687, 0.22607808071360141, 0.21682725125262278]}