{"FilterHL": [0.06843920251132611, 0.08397973973062248, 0.044776885997801066, 0.06769717794445938, 0.06704694284457534, 0.14379183063872872, 0.03651992212609062], "NoiseHL": [0.15800634363961039, 0.2529413370076359, 0.13595164349486824, 0.28079220203861627, 0.1521630199863512, 0.24035709227606714, 0.18440507343852414]}