{"FilterHL": [0.028371162675043853, 0.08054560449494168, 0.056777293238258725, 0.07149173725375399, 0.08707118353795178, 0.12761244759364396, 0.0977656046650806], "NoiseHL": [0.09194318824391244, 0.09743851594088308, 0.09962669387081023, 0.10331661868933859, 0.1076641543449321, 0.1207427537177789, 0.10308778918285212]}