{"FilterHL": [0.0, 0.0, 0.0002467707110044867, 0.00046302936477260405, 0.002732306443816747, 0.004466139061849226, 0.0007594093116587802], "NoiseHL": [0.21798069666140013, 0.2203211650582041, 0.20838248111736035, 0.22834309600589234, 0.19053478273184227, 0.24368051018541526, 0.2305892712780783]}