{"FilterHL": [0.015182729890262531, 0.03763920036354421, 0.02369928340043849, 0.03629386861427019, 0.01989922638778355, 0.02496442552270708, 0.02490293273734768], "NoiseHL": [0.09687788895743417, 0.08630716667213786, 0.09141148769270062, 0.10751785764015534, 0.09724624465867478, 0.12620625439508093, 0.11109239288391722]}