{"FilterHL": [0.02506443982688493, 0.02550617369662607, 0.026462591488091096, 0.030845781255118977, 0.024919287215753975, 0.03617888112640349, 0.05603110112317043], "NoiseHL": [0.2664724388032395, 0.26339494170882205, 0.2536186129075149, 0.26531478337811804, 0.27375122178852596, 0.2758400326913037, 0.21577211126994128]}