{"FilterHL": [1.0958265524767191e-05, 0.0, 2.381337039237002e-05, 1.1295445618589285e-05, 0.0, 6.077836761222062e-05, 1.3107791377894834e-05], "NoiseHL": [0.15722465329759136, 0.1837755367050545, 0.19448580951758207, 0.18100629468644155, 0.14044858014632036, 0.15880924869119287, 0.18239580959790105]}