{"FilterHL": [0.003046193380782053, 0.01455957888246195, 0.009873743463414773, 0.004135180944551882, 0.006248731512222699, 0.006220442224051062, 0.018988927921279722], "NoiseHL": [0.1639755555257673, 0.15645731559769713, 0.16352873680046318, 0.1588115875284099, 0.1953828462052894, 0.20007996446823298, 0.19071780717631215]}