{"FilterHL": [0.004691949879036058, 0.040456288728888706, 0.0031386303299042006, 0.006632703014849481, 0.00933083551721911, 0.007155622684494666, 0.009408419330955398], "NoiseHL": [0.13502899621965894, 0.2073942822196837, 0.149916082802387, 0.2157391969980973, 0.2042286551960984, 0.2584795406748486, 0.21753210781166107]}