{"FilterHL": [0.04773478540797839, 0.042575095208723095, 0.033939248011221335, 0.07236769409710364, 0.05621114973803998, 0.03229026223038543, 0.06301906901108462], "NoiseHL": [0.06175929256784002, 0.12942319745881334, 0.0385819919783615, 0.13131246604690164, 0.08368737875602414, 0.08375764878119923, 0.09397617244868504]}