{"FilterHL": [0.4000531956360853, 0.007961984815382937, 0.2129396667380653, 0.41429431871544364, 0.6007258655568415, 0.4049861362796171, 0.4072401334731236], "NoiseHL": [0.7522374128755452, 0.7872911417362457, 0.7029585683819124, 0.7248882459566734, 0.8417359470706798, 0.7559904678466088, 0.7077755911700252]}