{"FilterHL": [0.02565226559335318, 0.04758221349621966, 0.033148272003526116, 0.05484052720353245, 0.021214386190643367, 0.049467710332198656, 0.04757483303444124], "NoiseHL": [0.0762667293996935, 0.061410347039599585, 0.06496550393992767, 0.060609563232715005, 0.07142271511387858, 0.05968040666005316, 0.0662040168032648]}