{"FilterHL": [0.0, 0.0, 0.0001534522526672192, 0.0, 0.07603809516397193, 0.07189162087420474, 0.07396026306871863], "NoiseHL": [0.1957864663624126, 0.1957864663624126, 0.22946862650151673, 0.22721260617900388, 0.20241839583465987, 0.1905925812972708, 0.1984175258692224]}