{"FilterHL": [0.014445912470234525, 0.03288503262009427, 0.020812476246687805, 0.03931938798586946, 0.02544414673183496, 0.03172158852030915, 0.04236130594909411], "NoiseHL": [0.04618949745033941, 0.06777294414158665, 0.059572100413464536, 0.10656281240402113, 0.05183441559608575, 0.060319156760869415, 0.08704585944199475]}