{"FilterHL": [0.003275899498842026, 0.014886345529371035, 0.0113769291748454, 0.006951074481304465, 0.008147735253820221, 0.008742034691410716, 0.017149796685175567], "NoiseHL": [0.19876458095156269, 0.3253599957450103, 0.21571769232997304, 0.30640393723088366, 0.30658093783922186, 0.3129693014235022, 0.30550641782627]}