{"FilterHL": [0.011943703131888028, 0.04542661195844895, 0.030702269578546562, 0.015512225095730551, 0.05713091377312232, 0.07311021771538326, 0.02929585683155719], "NoiseHL": [0.4889145692921175, 0.48217340623467697, 0.5000787710969257, 0.49383092841758774, 0.4826957344087706, 0.5026599332692522, 0.4897207560227781]}