{"FilterHL": [0.006882776324935966, 0.012634151112694489, 0.009814705413994968, 0.006405651443480806, 0.007313793776148332, 0.008202412800701369, 0.01913390153208906], "NoiseHL": [0.09918322882356724, 0.1767788635198308, 0.14907919324133115, 0.16814924654262586, 0.11311005747124823, 0.1588705534164297, 0.14931812318516818]}