{"FilterHL": [0.4681370183031937, 0.21892089849621216, 0.148377046623689, 0.27256246927982347, 0.10549066220937624, 0.994522662117301, 0.706840953061495], "NoiseHL": [0.7289988446652813, 0.7475750865548666, 0.7540587898406051, 0.7557857510135327, 0.6147554577698668, 0.6678206232443444, 0.6223058667905755]}