{"FilterHL": [0.015583133030433226, 0.02341387992870768, 0.00853591049264328, 0.008216376280400377, 0.007046011250249092, 0.003027121761112934, 0.003922915718633575], "NoiseHL": [0.24624209125698468, 0.22403220618020508, 0.2583774808578834, 0.26225274340914523, 0.18388811849414696, 0.14982343806298998, 0.2083008105755951]}