{"FilterHL": [0.03266576742223522, 0.0452775154475405, 0.027962459568274912, 0.03433791076807852, 0.09011711972864322, 0.06529569221165563, 0.10926063082262978], "NoiseHL": [0.13352426390455102, 0.16291320023963743, 0.17608611960189574, 0.19037003661845756, 0.1113858775511624, 0.13074894512456273, 0.08911865448658299]}