{"FilterHL": [0.027218945073227734, 0.03775996785247711, 0.0379456533425096, 0.03904136938009567, 0.024134744530419455, 0.021095578544152588, 0.02532978886579233], "NoiseHL": [0.07284781594224582, 0.047221817444005415, 0.06090649142885715, 0.062385399623710806, 0.05379563301861668, 0.04398257119050459, 0.03344344651820086]}