{"FilterHL": [0.12065144459338216, 0.23792566396050022, 0.14584600989553373, 0.13130036417796395, 0.4335104455082538, 0.2343936300117164, 0.45740544739233135], "NoiseHL": [0.5238987345514216, 0.5371219053172889, 0.5656070561095328, 0.5800436608615812, 0.4463359057577671, 0.47799083474014353, 0.3944902296425747]}