{"FilterHL": [0.027821560791852003, 0.03173753535027052, 0.016637020259087275, 0.025596681983190504, 0.02078265757756722, 0.03914932434120616, 0.03024039455758172], "NoiseHL": [0.14407311475953374, 0.1262831180328514, 0.12459740875817633, 0.13002451685923141, 0.1414996937265163, 0.11941134360730897, 0.15087440229137636]}