{"FilterHL": [0.036143295988150886, 0.0557885940919016, 0.03780341398265441, 0.039316608789087354, 0.04154954955655965, 0.038686366899850395, 0.02690580731963974], "NoiseHL": [0.2493873146539736, 0.24502120236298583, 0.24937287858729498, 0.2502619461551568, 0.26161947816253733, 0.24690267424308995, 0.23778442389421828]}