{"FilterHL": [0.011286914182298304, 0.02133810557260736, 0.017940648306698607, 0.03176584035490892, 0.010003789980709514, 0.019186737399483084, 0.0147399044734186], "NoiseHL": [0.49871874968368834, 0.5504285435189245, 0.4895933396425126, 0.5232820131958734, 0.5114689440105317, 0.5456858777114901, 0.5168825209535365]}