{"FilterHL": [0.032659039358352196, 0.07215887658226383, 0.08504542546728233, 0.04945327153869506, 0.06896537553539817, 0.09996065826798164, 0.02511205747254149], "NoiseHL": [0.058667531024890356, 0.09995160241898765, 0.09135490332736405, 0.054884152718717015, 0.08074178212282764, 0.07597163775233635, 0.07474071624409896]}