{"FilterHL": [0.01738305614909743, 0.025463105597200063, 0.018357470498570744, 0.03408531399122611, 0.013627239947317227, 0.03671580782188367, 0.031009310469621052], "NoiseHL": [0.10252948451571113, 0.10649843715855589, 0.14341522436969256, 0.1762834222292788, 0.11331338223705252, 0.05892908970002266, 0.13773522640679128]}