{"FilterHL": [0.08481904137844594, 0.09658828728424332, 0.08831744724297572, 0.09539899500440238, 0.09162459940824404, 0.16565552612452103, 0.09672428164373155], "NoiseHL": [0.14495728010925568, 0.13242806531504395, 0.14314427176301991, 0.09027415215031497, 0.11942544533687957, 0.13457398576241653, 0.06616058757051099]}