{"FilterHL": [0.04321792163347735, 0.06011256473656162, 0.044536486069181015, 0.05352867798843583, 0.05131163522410515, 0.040459726525530516, 0.03236212825933275], "NoiseHL": [0.2578664327687442, 0.17701211895596064, 0.17562879601682962, 0.12910789151467905, 0.20331207395474182, 0.19161981248252183, 0.2445153018622757]}