{"FilterHL": [0.001575634468286375, 0.03175892699264121, 0.021956360982266766, 0.005912598040835909, 0.03812495234210201, 0.05151000013936181, 0.04599676549496976], "NoiseHL": [0.10414940064045314, 0.11549456116172493, 0.12748662187722223, 0.13872270865358768, 0.09925146258603028, 0.1116695862166399, 0.10173314888855212]}