{"FilterHL": [0.020601809711595, 0.0270777216017502, 0.02036264420937937, 0.010118913094286284, 0.12754289279498757, 0.13390642250982385, 0.1471048849485836], "NoiseHL": [0.21239059323995202, 0.2431968118814538, 0.20186691572148074, 0.20425269665971327, 0.32878299411675366, 0.3340777533772222, 0.315053568347953]}