{"FilterHL": [0.00927501437486625, 0.03300792417338089, 0.018193645888731246, 0.036375876933813646, 0.01666336597324046, 0.025081963658490875, 0.01950539645576188], "NoiseHL": [0.10418983011651076, 0.10609495995193646, 0.08862335985108029, 0.11586544890489102, 0.10731543180993713, 0.11339863954898544, 0.10630600157629348]}