{"FilterHL": [0.018957865153357154, 0.013950772596100525, 0.017504191796978423, 0.013131040212996737, 0.015128337427401575, 0.007431991495189251, 0.017010326488442102], "NoiseHL": [0.06170285789142105, 0.09391802890129791, 0.08792392435258937, 0.09219452949535165, 0.08278488799366415, 0.12190916827379031, 0.09114353802418389]}