{"FilterHL": [0.025470344560563227, 0.016209423681478857, 0.010284276632343794, 0.01304877764615327, 0.010176031706922169, 0.0180647900540858, 0.014261661232862334], "NoiseHL": [0.039901373283071036, 0.09765919650765752, 0.04625264957684857, 0.10048535859205573, 0.049881664121823814, 0.10309885573130492, 0.05434655348408473]}