{"FilterHL": [0.030280230448629354, 0.03047202302238519, 0.008131565666845251, 0.0030268622883609804, 0.011990084200399972, 0.02064447299549644, 0.027008916357780154], "NoiseHL": [0.3046738536806535, 0.29931722268665567, 0.2910311416984336, 0.3113415664486154, 0.2971843017823306, 0.26706569090447646, 0.29267547194683396]}