{"FilterHL": [0.274408650077044, 0.3735218789541998, 0.1689253457007707, 0.3733697930703478, 0.46455118971868037, 0.3284755966932967, 0.5216740292621573], "NoiseHL": [0.594196656808204, 0.4649958439537111, 0.6012136136841638, 0.4088279035512781, 0.4400905678346011, 0.6015315797329299, 0.4231522571006309]}