{"FilterHL": [0.0, 0.0020526648839170013, 0.00010674495097115243, 0.001732123188470231, 0.0004786973523284227, 0.007331243137517354, 0.0002711194326097709], "NoiseHL": [0.19186013665193044, 0.22607708161584836, 0.1865064993035597, 0.22379061732305383, 0.2108191091580861, 0.2652269334169895, 0.2071544063142342]}