{"FilterHL": [0.02447183182545644, 0.021362617398607522, 0.011714472879647645, 0.031003455468109852, 0.00792407867621607, 0.015962924734766074, 0.027999226765501567], "NoiseHL": [0.07408158038939118, 0.14727946078841975, 0.08396661350438188, 0.1755741883312321, 0.08378774453172351, 0.15493815201422628, 0.11299509206890777]}