{"FilterHL": [0.061446786195201795, 0.08630145845703699, 0.08340927121316115, 0.06277547329669085, 0.05543216092982164, 0.10675667793274253, 0.07553872986024998], "NoiseHL": [0.22421482396263878, 0.20344976742640894, 0.1857883877545591, 0.25657463263726826, 0.23686759733674714, 0.25107618159521006, 0.22614911902430254]}