{"FilterHL": [0.0, 0.0, 0.010342905425056191, 0.005005869312156398, 0.0, 0.0, 0.021716831156401554], "NoiseHL": [0.21561738357673682, 0.1422112410749228, 0.19709268853796932, 0.11083231658413503, 0.1996416327232974, 0.16500333021764654, 0.14910893763804087]}