{"FilterHL": [0.06609310848539075, 0.02410929735428286, 0.06637739174082807, 0.059470822226456166, 0.03302847111805404, 0.03652755235586007, 0.02949638425773059], "NoiseHL": [0.1228584959437178, 0.12664210609451776, 0.1198528702393484, 0.1148503903713734, 0.06695867171220587, 0.08413715754527445, 0.02412198410185325]}