{"FilterHL": [0.04512840005251136, 0.02849342606698871, 0.015978118850346164, 0.03716069445639552, 0.03321834561409428, 0.027008599245953273, 0.051110488597829865], "NoiseHL": [0.26534548287703946, 0.34295476796408875, 0.28172689791241473, 0.2980344751625285, 0.31433487944319766, 0.36602322143801685, 0.31855356806713403]}