{"FilterHL": [0.002990110061858939, 0.01487696187276939, 0.009971799471400413, 0.004065508942171144, 0.004336565721754533, 0.007158701785163371, 0.016183617688457132], "NoiseHL": [0.20975176881303054, 0.19708708121657809, 0.21562181154799798, 0.23059616528929414, 0.2394507345916913, 0.23831309365449038, 0.22955674086685926]}