{"FilterHL": [0.023669969330487504, 0.03214088134949824, 0.01550756733611613, 0.02715121380626934, 0.0187595839438935, 0.045128773949359414, 0.020985843943750786], "NoiseHL": [0.03683525546553881, 0.08779346305945945, 0.028880339781275653, 0.029271927314432938, 0.04456520826984056, 0.056299630813003855, 0.033656834345468206]}