{"FilterHL": [0.028415577332341346, 0.06173011450889983, 0.03408806851666034, 0.03142852253084106, 0.03760179914592722, 0.024453649402079565, 0.04440829137278329], "NoiseHL": [0.1868714062353585, 0.16234632123571727, 0.17236500594958662, 0.15716070374174038, 0.21162446776596058, 0.22853049918595153, 0.20110528298592814]}