{"FilterHL": [0.0014618131240377885, 0.01994987572018881, 0.028766840807237872, 0.002472563269065725, 0.008889731395446283, 0.04139195702639024, 0.010869697445706747], "NoiseHL": [0.14426762168593377, 0.18139892614807612, 0.1636025867466358, 0.2402861327380466, 0.21194219184403332, 0.22319872761935153, 0.22049539227380396]}