{"FilterHL": [0.003366075786009043, 0.022520923131707404, 0.0057721463118780144, 0.005119717939592443, 0.006044978325701316, 0.006620579280960461, 0.020792058714192353], "NoiseHL": [0.08284736889532168, 0.15931258126645903, 0.1087306209695062, 0.12755003404874238, 0.21325649119711235, 0.15566969020582092, 0.19600602069050901]}