{"FilterHL": [0.025962954833269367, 0.031989502696186126, 0.047368653079661885, 0.010914697908580072, 0.019395457492754394, 0.025683197457643733, 0.015535732912988447], "NoiseHL": [0.08657329202180702, 0.10772114201403611, 0.10239112887808971, 0.11504799281343656, 0.10071485533115075, 0.1484795694496965, 0.11618637283166794]}