{"FilterHL": [0.002758475874250792, 0.07073054933941333, 0.0, 0.03775734186542802, 0.05236315285348274, 0.0251995074436137, 0.04247460433544808], "NoiseHL": [0.36060618173820735, 0.4121517783743174, 0.31660503303722437, 0.36371108302339333, 0.4050511370152079, 0.458984549010429, 0.3533850300828867]}