{"FilterHL": [0.02393531645398598, 0.020529121521577706, 0.0029746510976542736, 0.010239223756873264, 0.01235669374076289, 0.009557180870012578, 0.007391034066777705], "NoiseHL": [0.1971534802666482, 0.2468827991803359, 0.23296277845001967, 0.241714923231233, 0.21243083727516723, 0.24553594178959348, 0.2588755650882548]}