{"FilterHL": [0.007590822363585768, 0.008867063546648766, 0.00878284484547933, 0.01313036759895381, 0.047943204252070805, 0.04186954263658826, 0.043641801903343], "NoiseHL": [0.1650055699745639, 0.1588099524208127, 0.21335593001749534, 0.2226885525198511, 0.22173246399395388, 0.2473294423300968, 0.26756418836076445]}