{"FilterHL": [0.024571495761386744, 0.0509383058530444, 0.0173274569516463, 0.027762845964944723, 0.031381642582147866, 0.018148682908269122, 0.031821743041369095], "NoiseHL": [0.07717983145468868, 0.09187388862046082, 0.0799787922334061, 0.06497955280550734, 0.07360854196631823, 0.0992720825871742, 0.0745257495417643]}