{"FilterHL": [0.019313999308544116, 0.014839831134643707, 0.012074902841861928, 0.029982095651744894, 0.006857577917138191, 0.012370258663957969, 0.03133554067498478], "NoiseHL": [0.16152670249674736, 0.18520198931150522, 0.14481512378385428, 0.16655194663863107, 0.16546241211005497, 0.16831156185440543, 0.1609562984319031]}