{"FilterHL": [0.029233647926444072, 0.023308951520656235, 0.027931137281618848, 0.05863285423024293, 0.05956038286237207, 0.052784421907595955, 0.023220102357652615], "NoiseHL": [0.14323937854627797, 0.12326553414499947, 0.13834630551604313, 0.13519689966428441, 0.13355714776809302, 0.11444014482945891, 0.13249097360402254]}