{"FilterHL": [0.038489629718473924, 0.055956575652843565, 0.034643930770790955, 0.03539595785207046, 0.026052505645409497, 0.07107386039313604, 0.03142511777692273], "NoiseHL": [0.0908101151507409, 0.17620529074409302, 0.08549158266382245, 0.1510473607695392, 0.09898461733788314, 0.13649947486525632, 0.09825082960787343]}