{"FilterHL": [0.031752791349273196, 0.05551894243752176, 0.019192396564825274, 0.03524457140346868, 0.03035664002668266, 0.01890178830870523, 0.03747137060084141], "NoiseHL": [0.021108137980496006, 0.013894971319226623, 0.015993358401475977, 0.022894384243592913, 0.022532736252079535, 0.023861068976117675, 0.032853126068865396]}