{"FilterHL": [0.028428862503915568, 0.015957475442691927, 0.022468586482833824, 0.014177645339519908, 0.02635733473551816, 0.03690086054611798, 0.01697517472178288], "NoiseHL": [0.07979056506973344, 0.16440339261455822, 0.09607565142914458, 0.18656387800258864, 0.08489056072221732, 0.14786161555847213, 0.10955069500404191]}