{"FilterHL": [0.016448877984965006, 0.02465692918742713, 0.014998315758897157, 0.02647658560857248, 0.014393185016376231, 0.008197245133691375, 0.03186029021615129], "NoiseHL": [0.16370367637359343, 0.18921584165983477, 0.29302585847907137, 0.27998803532617983, 0.18549339253247846, 0.19775242660869377, 0.29209467791872396]}