{"FilterHL": [0.009667808073456203, 0.05788815371748622, 0.01601801468457976, 0.05436839045124924, 0.05467899918661454, 0.07426972308160136, 0.026959382170220092], "NoiseHL": [0.13549786828047963, 0.1625008487847491, 0.2664356774691437, 0.2859724318107988, 0.22307638454681317, 0.23564973525058114, 0.26375592280616533]}