{"FilterHL": [0.03456308638408817, 0.07037339007564923, 0.2061124017554829, 0.19713948950764937, 0.038766919206835865, 0.06550660310232899, 0.27539514979319485], "NoiseHL": [0.34472522226148633, 0.34701420379986503, 0.5719332609937346, 0.5448413233109998, 0.3474153997063372, 0.3380854699939706, 0.5452313125395275]}