{"FilterHL": [0.01464803683970018, 0.02701941555204339, 0.016589192519463638, 0.03485557308894876, 0.009759030688677934, 0.020472161274586547, 0.041662252044466726], "NoiseHL": [0.1180081067231812, 0.12385343152029529, 0.1492679912703843, 0.1479127196374807, 0.15888884821451246, 0.17111586054765354, 0.18817161271064448]}