{"FilterHL": [0.036720740338180895, 0.03585431974750537, 0.04450745459312261, 0.04011440692335171, 0.02693685229431475, 0.04929151227794133, 0.06380049201592285], "NoiseHL": [0.12435906413548474, 0.14920089326027366, 0.12772668290048678, 0.16155465988258053, 0.1709100513691489, 0.20192973274237966, 0.17871965525186712]}