{"FilterHL": [0.019649366435518657, 0.01630356799551934, 0.010674916417258526, 0.02864475889593215, 0.006080553844663472, 0.013094348167261932, 0.030552280257997576], "NoiseHL": [0.2625985153271943, 0.26540099961742186, 0.25535167212151216, 0.2588445795995598, 0.2644391770818374, 0.25738096991897613, 0.264848374063699]}