{"FilterHL": [0.0, 0.0, 0.0, 0.0, 0.0069160016469251295, 0.00023496557213077693, 0.0], "NoiseHL": [0.09654419837975824, 0.1368579400081564, 0.19053478273184227, 0.2305892712780783, 0.10857362109362227, 0.13502822103059417, 0.1957864663624126]}