{"FilterHL": [0.019099097797755125, 0.052362879363423195, 0.028078989064744538, 0.027718286129753328, 0.056213093002736934, 0.027187849783931187, 0.027281689960131774], "NoiseHL": [0.08845810333139609, 0.15738421242111741, 0.10433458479709669, 0.17235707984185392, 0.1245228744007246, 0.09573483229533467, 0.1544774285680872]}