{"FilterHL": [0.02219524222143671, 0.046942976451431674, 0.01725863019328799, 0.04445833288376488, 0.02769859301961976, 0.0247768929113623, 0.040458558714580456], "NoiseHL": [0.26060335302388216, 0.24887491296380368, 0.24993312281187427, 0.23884102514976127, 0.3380131054048147, 0.3221360435693742, 0.33716316947084407]}