{"FilterHL": [0.031000225100772296, 0.027342444491648944, 0.013893412712268424, 0.022657909737867712, 0.0127104579806136, 0.02573101523231365, 0.03783044517556056], "NoiseHL": [0.10638289080023987, 0.09673310243294544, 0.08354109210380958, 0.10770648132608382, 0.10910187426271803, 0.08042533183345335, 0.10041192555261838]}