{"FilterHL": [0.022578775764169168, 0.03160813571271657, 0.013159832338476297, 0.008954166140623759, 0.02131964608590106, 0.03056754720567172, 0.031362156751426486], "NoiseHL": [0.10117364250467992, 0.1294996115562929, 0.09793872068077182, 0.13436296310077928, 0.11188004678371741, 0.13288950316096157, 0.10804980470778545]}