{"FilterHL": [0.005554240349009777, 0.004368875738225995, 0.004169821749336564, 0.0037564331515650387, 0.004761828975564473, 0.0045655402720821, 0.014351296414953139], "NoiseHL": [0.14464243058419518, 0.18060579674363056, 0.1588595985436337, 0.18141543571077148, 0.15828082538351684, 0.17105191170074804, 0.17704300600241477]}