{"FilterHL": [0.007186183739659806, 0.037498477468183994, 0.019365822269489973, 0.007066319954590617, 0.036313143411304136, 0.05775963214360025, 0.036452235091866035], "NoiseHL": [0.24791735899574988, 0.2732264180356129, 0.26033166576632905, 0.2542483909958273, 0.1913202811136014, 0.20418644182022036, 0.17571735564630472]}