{"FilterHL": [0.01269830392007807, 0.006633780696173387, 0.0035166797970591305, 0.0053530998401887155, 0.016677642090449103, 0.022565224524409917, 0.023492954167588277], "NoiseHL": [0.2000170649405077, 0.20091162418891917, 0.236123189545488, 0.24154839370097772, 0.2759470916879341, 0.28106194764364884, 0.2927575248350271]}