{"FilterHL": [0.0003021310102100939, 0.0019668206476329713, 0.016689522665972727, 0.020182884464000295, 0.0, 0.00037904390802212176, 0.032131750990287776], "NoiseHL": [0.2034297098849552, 0.3644827734688218, 0.3535540056961963, 0.4084067490658861, 0.2816336424931959, 0.359827365101645, 0.3846034170244554]}