{"FilterHL": [0.031996840324070915, 0.03907607427400555, 0.02713642449478349, 0.024882710335092744, 0.08928268629921143, 0.16168567815400944, 0.29235367403142426], "NoiseHL": [0.414405745828371, 0.3648712961521776, 0.4397504568835468, 0.40691801655285104, 0.46386590815811113, 0.3964695680973756, 0.4672554169996832]}