{"FilterHL": [0.02436550774624587, 0.01782056992375681, 0.017406926937551515, 0.03584650906196596, 0.011166282159949761, 0.028027147657305483, 0.033504050382255866], "NoiseHL": [0.07089025780675225, 0.0806038237899397, 0.12686749412379456, 0.12019300686128549, 0.09619099020080092, 0.06877153293520091, 0.140747373872211]}