{"FilterHL": [0.02136635874275993, 0.021908219064938023, 0.046844814609646464, 0.07148127657323117, 0.0056233567314858375, 0.04033641385372654, 0.028782349630219337], "NoiseHL": [0.2229209432726462, 0.2562604958798618, 0.3676944882721605, 0.39063820812542244, 0.25081965619551133, 0.28117735545275885, 0.3524154232468986]}