{"FilterHL": [0.18314328175161673, 0.22502146088629676, 0.1458642070243859, 0.18569212289604492, 0.07395309034411442, 0.00575742952364789, 0.1008980357583663], "NoiseHL": [0.5793561880719427, 0.585030497578281, 0.5936850840162315, 0.5787506987081054, 0.5699864752831421, 0.5440420706364087, 0.5574380806479611]}