{"FilterHL": [0.002474557889398565, 0.01896590129509309, 0.0028615514630276006, 0.019041018423120674, 0.00900350548046928, 0.022228435745091164, 0.012250004773928251], "NoiseHL": [0.10871587143799454, 0.18262486394692948, 0.151001818243766, 0.21980357835404157, 0.13901615181167323, 0.17109136239693587, 0.17650286338880158]}