{"FilterHL": [0.0037284881681477334, 0.025397831960447804, 0.013818694651608428, 0.01111675468053177, 0.008982383860448832, 0.010007432954530824, 0.02733380682942218], "NoiseHL": [0.17391128227677638, 0.18799859306979835, 0.16360978284511232, 0.18381745818171488, 0.20960431587882197, 0.23059260671506573, 0.20217437518981304]}