{"FilterHL": [0.03235453203834693, 0.05411931580820817, 0.012897850980477465, 0.007007870478984634, 0.021411401858316224, 0.023663811540156704, 0.017564426236533925], "NoiseHL": [0.11338241111874144, 0.11609002929846306, 0.09777353425982427, 0.08332064773884462, 0.11536094631288736, 0.12898322334428464, 0.08820103466160141]}