{"FilterHL": [0.011020718531309724, 0.021938838251729265, 0.0022855878815144725, 0.015557383847383052, 0.005261025060541753, 0.019493744456162292, 0.018101785440903687], "NoiseHL": [0.09661395332610344, 0.14225010899923615, 0.12149714027934673, 0.13317957444529832, 0.1255406271232708, 0.14046508712968764, 0.12186243919274443]}