{"FilterHL": [0.06874986508793908, 0.059381672367235794, 0.0693219418921924, 0.06336968148559712, 0.06938759824974527, 0.04259848540371153, 0.05199819410724644], "NoiseHL": [0.08985025304709342, 0.07871004064541422, 0.08924182941834923, 0.10496991438260976, 0.11102091491201045, 0.05634249952619753, 0.07176369468186125]}