{"FilterHL": [0.021614285779642528, 0.033013369639938554, 0.024894942547995767, 0.0326343434770494, 0.02166720707183765, 0.03383494386885524, 0.027395578131117437], "NoiseHL": [0.07683283105170904, 0.07414992165245399, 0.08692887900749924, 0.08357920975291143, 0.13136420295548554, 0.14966752296036287, 0.1411390834943787]}