{"FilterHL": [0.035738287962597697, 0.06318372362816801, 0.047373548438329936, 0.05973009973156158, 0.0424339137853516, 0.04084800750909773, 0.027989542273603396], "NoiseHL": [0.07624139057551148, 0.08000306172829191, 0.07650326577056968, 0.08099022318226719, 0.07416324861150489, 0.07936894701629353, 0.05116315462721542]}