{"FilterHL": [0.033948930650174736, 0.028809732933207405, 0.010489615007211824, 0.02935156108047076, 0.010628107199196504, 0.02777187673181474, 0.03224159616965069], "NoiseHL": [0.303743831501833, 0.3152579857717999, 0.28450433934604513, 0.300203079396408, 0.31236652144551347, 0.2916265106248265, 0.27922572533904977]}