{"FilterHL": [0.012552925881151446, 0.028743867040975105, 0.015320304213225921, 0.009297624674129715, 0.0036699745772059552, 0.02719121346422518, 0.01751416015736747], "NoiseHL": [0.1523802996172213, 0.1588593306674774, 0.14752159425450326, 0.1650075661898626, 0.1695084584993619, 0.14742688223562767, 0.17394104172912825]}