{"FilterHL": [0.02179905895636321, 0.007011975757819741, 0.020094334932150036, 0.01872018990815452, 0.020062813136653233, 0.025807187213664946, 0.013164602902959273], "NoiseHL": [0.1521215642580494, 0.29551033266378895, 0.16226201510627922, 0.29772275205100157, 0.1635691461705175, 0.27174438707149356, 0.17407839795086694]}