{"FilterHL": [0.022874286266016026, 0.05403060056788723, 0.031828776172396586, 0.048094395621305595, 0.031120953840058967, 0.02359787040640817, 0.026186721573636617], "NoiseHL": [0.024908770509472204, 0.058962429512884114, 0.04189046400573068, 0.045874619395535124, 0.03376072743059917, 0.023176141073709144, 0.03664430196681771]}