{"FilterHL": [0.0, 0.03849972855702387, 0.0006358392794444097, 0.025042238288519796, 0.0, 0.005819395997195107, 0.012477511969243316], "NoiseHL": [0.21561738357673682, 0.26152036763130515, 0.28444670306439407, 0.27135022906430994, 0.2404665476109235, 0.2721210156049793, 0.2954782282049058]}