{"FilterHL": [0.026330467605457628, 0.0028571603823432474, 0.040416864403576065, 0.019653523938243385, 0.022297162935176366, 0.0017209497823836776, 0.05937716795270485], "NoiseHL": [0.23409000076109435, 0.19446457577787807, 0.24129708802299546, 0.21620159644404927, 0.2161378077155751, 0.23100605336013122, 0.23731406656791434]}