{"FilterHL": [0.008698634310397498, 0.03522891806465094, 0.02913022258992693, 0.027510803798863986, 0.011642311901885272, 0.025483181795199584, 0.03525360461890402], "NoiseHL": [0.21631691802143047, 0.20682180745835965, 0.07595501074585265, 0.08116229390035966, 0.23515497545493275, 0.2351452532495284, 0.07989302791163556]}