{"FilterHL": [0.0, 0.0, 0.0008462883151354568, 0.0, 0.005046697421923127, 0.0, 0.0011705650131877353], "NoiseHL": [0.22493644505680488, 0.17534565519445752, 0.24790907888765304, 0.1996416327232974, 0.2681834254622317, 0.2144269219230429, 0.25]}