{"FilterHL": [0.018835518573792877, 0.013174317197865876, 0.011937016315717282, 0.02589492028779419, 0.006978738168644942, 0.009983006809398901, 0.024683082200673064], "NoiseHL": [0.07467203650126067, 0.06639025078860217, 0.060258852781273596, 0.07179797578415288, 0.050011646355582744, 0.07364229120378965, 0.060919639597639]}