{"FilterHL": [0.018261696248495784, 0.04116738164347735, 0.01457522522521044, 0.012774894567429607, 0.017837929928706097, 0.030738182987567822, 0.022698319654701617], "NoiseHL": [0.14949303507910236, 0.17314264943381336, 0.14444712892376668, 0.14538718278500543, 0.21556678382115724, 0.23468375793580815, 0.21196129609332803]}