{"FilterHL": [0.0, 5.361282376754311e-05, 2.3434036082613683e-05, 0.0, 0.11150391605015864, 0.10515984634697485, 0.13325533788366914], "NoiseHL": [0.12549508256710148, 0.10627440321039956, 0.1490620996510314, 0.1507282797138842, 0.1563684006034672, 0.1563302585500801, 0.15090894529753027]}