{"FilterHL": [0.031596130943546186, 0.03665641666752261, 0.04115647258033975, 0.031136689039811094, 0.028786973501529083, 0.04189711606009802, 0.051378078862654636], "NoiseHL": [0.046733425873071666, 0.0446080333245967, 0.043779572265981795, 0.04644841839334166, 0.02630051325005696, 0.04878373576093361, 0.054793952551035245]}