{"FilterHL": [0.0163659184836296, 0.010101738748452974, 0.012397201093181388, 0.0019745249013479634, 0.012643727247099378, 0.010475241280508068, 0.01882129438552854], "NoiseHL": [0.46308082763893227, 0.450886262089142, 0.43450331299348316, 0.4218806983259153, 0.46503606529787783, 0.44502122520141346, 0.4545940831739518]}