{"FilterHL": [0.0, 0.0, 0.0, 0.0005947946792583775, 0.0, 0.004564866312642222, 0.0006339409668230575], "NoiseHL": [0.1753456551944575, 0.24895644450841764, 0.20467814417459612, 0.2561839685989771, 0.23502440593598806, 0.27111262876644165, 0.25720215815045966]}