{"FilterHL": [0.3331566300194511, 0.1404727514381786, 0.24041268456108153, 0.14389831004112852, 0.5095591601763578, 0.5164579255235415, 0.7071067811865475], "NoiseHL": [0.7030706126009465, 0.7304606833414873, 0.7156605803528058, 0.7267292522268908, 0.7186473899418773, 0.5651328958570554, 0.7092763281082473]}