{"FilterHL": [0.007307575670795176, 0.014545249322573353, 0.0037658508447896834, 0.009503538256736953, 0.010202560636092614, 0.01605145952207116, 0.017683694666759404], "NoiseHL": [0.07658674484559592, 0.1759261941230741, 0.09785684094003964, 0.16577378004520588, 0.12380710102274349, 0.19760809462588874, 0.13001981622512612]}