{"FilterHL": [0.020119477470117223, 0.0, 0.019256983822291948, 0.003402291962615226, 0.020019775208935348, 0.0, 0.02646704697860068], "NoiseHL": [0.2912607941708401, 0.35591531537694115, 0.3108414420696769, 0.38420521071217134, 0.3066342777062924, 0.3284335526765462, 0.32457324514684516]}