{"FilterHL": [0.03226982214623551, 0.05412754846132583, 0.01779652768808782, 0.04354914548407426, 0.04908335351524255, 0.04384745080242797, 0.027524182419693618], "NoiseHL": [0.10002514459803899, 0.07912209390908805, 0.0956794408882556, 0.09938130113165855, 0.12328949444213472, 0.09683205466332458, 0.11202259793837158]}