{"FilterHL": [1.0747528047743752e-05, 7.987278903073484e-05, 4.003961944680989e-06, 0.0, 0.0008112442840014644, 0.0, 0.0], "NoiseHL": [0.1572246532975914, 0.17390359233227098, 0.13129518424232384, 0.17245022900462764, 0.1368579400081564, 0.1490620996510314, 0.12938974008971083]}