{"FilterHL": [0.002557170392747514, 0.017439840374628278, 0.013808956609129218, 0.006984096292856082, 0.005403218815400396, 0.008357837892418072, 0.0214997433817616], "NoiseHL": [0.13519143954429813, 0.1680200734561935, 0.14221340216347123, 0.18377834973263463, 0.1711423675655584, 0.19730935256198018, 0.18101292353617934]}