{"FilterHL": [0.10674880115355043, 0.14281210055805083, 0.1765231161871492, 0.2187913221798117, 0.2701493259752589, 0.2233309563679488, 0.20205201502359113], "NoiseHL": [0.5545685314345643, 0.5850329803777842, 0.6117346137597989, 0.6425463449224904, 0.36729397502323846, 0.3650145943420894, 0.44929494516066165]}