{"FilterHL": [0.03469104732980999, 0.0638988443009132, 0.03207668026081387, 0.026249976819519558, 0.029254943689206524, 0.051037253938305806, 0.06551578258636323], "NoiseHL": [0.19653188368375077, 0.2251518916240539, 0.20456588069011641, 0.22113974850529378, 0.2213124324976364, 0.21685379411367972, 0.19328379421588152]}