{"FilterHL": [0.1995780481233808, 0.24401031543937546, 0.2626312998071557, 0.2231961423829357, 0.21390735240992306, 0.2887030455338566, 0.24789327168574166], "NoiseHL": [0.2684622480796457, 0.28539052473425475, 0.23562602611801217, 0.22277503648898805, 0.26813270604152606, 0.29922872156865055, 0.21562831295821278]}