{"FilterHL": [0.11318163152392892, 0.009918679648647745, 0.0409418293191247, 0.09695341207561811, 0.11900118518060843, 0.02077703619522536, 0.07490265679192663], "NoiseHL": [0.21714164448433623, 0.24859279425469102, 0.30556400709167214, 0.33546944021077707, 0.2733424149091961, 0.27566611944899944, 0.2794429285057045]}