{"FilterHL": [0.0018556740257097298, 0.03025503104229662, 0.023089330654289104, 0.006471076346054663, 0.05203962847747716, 0.05262045567424866, 0.055249023264420064], "NoiseHL": [0.11737279968975914, 0.12125699015617417, 0.14568926819236805, 0.15433581514150013, 0.14241445812998746, 0.15911900992338404, 0.13201060031400927]}