{"FilterHL": [0.02602491155528673, 0.049386956291616824, 0.021871458217347633, 0.022707136987701073, 0.03494765046340306, 0.029751622606239377, 0.02264946508875641], "NoiseHL": [0.035085731985484335, 0.051194699174993745, 0.04994374502435426, 0.030587726584525125, 0.03725360546439557, 0.04063263321575537, 0.0337951288458699]}