{"FilterHL": [0.025671652251961437, 0.0008983837796797769, 0.016555591011324408, 0.0, 0.007429487355184196, 0.009676520797784525, 0.024910688199327742], "NoiseHL": [0.16757118920722733, 0.21027264454998412, 0.20410421034528034, 0.21561738357673682, 0.22380341803103834, 0.23324304997179154, 0.2261848551065809]}