{"FilterHL": [0.07965634087195482, 0.0852502278353388, 0.04460096187146079, 0.10035970299658205, 0.11511537587705936, 0.08529475389531811, 0.11746514674615965], "NoiseHL": [0.11466347029329362, 0.2333250820088821, 0.11603252251674558, 0.24685773748972234, 0.1580858359385977, 0.18024662892384616, 0.1787697293232966]}