{"FilterHL": [0.0019210470580039477, 0.03938541602027855, 0.006282791893645831, 0.0225332822600292, 0.007595402808048962, 0.030999884896169585, 0.027081822976579555], "NoiseHL": [0.16533236284874755, 0.14242710438362577, 0.18803463745192228, 0.1621844922157542, 0.18535014414195192, 0.09959977119145917, 0.21818330176553846]}