{"FilterHL": [0.030994172219846242, 0.0461266190107612, 0.024837882000094385, 0.027546178018675017, 0.050858386140648824, 0.049893768647409346, 0.05332844504236632], "NoiseHL": [0.05087390630408169, 0.057145654547558544, 0.047388037628189016, 0.04934874112807795, 0.056420349115186064, 0.061921712488509806, 0.05629808733600338]}