{"FilterHL": [0.025053706480009163, 0.06081479299873412, 0.02305841325562745, 0.047386711341720476, 0.02522073740702006, 0.016592339934248062, 0.028347883367573306], "NoiseHL": [0.15817244104589043, 0.25350334166134475, 0.16142542386448433, 0.2868322244815356, 0.17332710887186056, 0.2893903744424797, 0.17914756567188453]}