{"FilterHL": [0.0011059130435727355, 0.0031637713356539674, 0.0023074906655513603, 0.00499582315900417, 0.0, 0.0, 0.0], "NoiseHL": [0.17390359233227098, 0.19448580951758207, 0.18785815120172258, 0.2071544063142342, 0.12938974008971083, 0.15400905983632326, 0.1507282797138842]}