{"FilterHL": [0.018735882224843032, 0.02259347186727896, 0.015246940375983961, 0.010012288639878872, 0.003432950857456503, 0.003878036783544841, 0.020029112500391633], "NoiseHL": [0.1680625668240156, 0.1725902606122012, 0.27531270249433915, 0.2991297521609318, 0.24220989016285666, 0.26624361083084386, 0.3183222457917986]}