{"FilterHL": [0.01671602892500563, 0.03998656720084239, 0.027248505124435603, 0.015873327835670522, 0.02618224643170456, 0.018343850315147018, 0.028118630775138882], "NoiseHL": [0.051020288708900005, 0.0701801392245463, 0.06846062082298819, 0.06151481386963725, 0.07782155910432155, 0.10578769272274381, 0.09767896338743215]}