{"FilterHL": [0.01899233921303084, 0.002886271243319727, 0.005606440422900746, 0.017510771662562787, 0.010812836347254124, 0.032952919336997295, 0.02305637533320224], "NoiseHL": [0.21698496249872085, 0.1793734810100009, 0.23349703698028373, 0.2102506996640235, 0.24138356068911812, 0.2807439182477391, 0.2596606412281688]}