{"FilterHL": [0.05477239195454087, 0.09796424573402887, 0.033303107886340944, 0.05807905565060876, 0.0826427198953716, 0.05680147658458785, 0.039426162738262355], "NoiseHL": [0.09153070328671045, 0.11437020994957607, 0.08119054827722981, 0.05806390516655262, 0.0577463754346889, 0.05999583317564414, 0.07898780595593254]}