{"FilterHL": [0.002211503327239181, 0.01452276880302881, 0.010091597355467, 0.01002055578936131, 0.011644071415628312, 0.027646472809686795, 0.01992004953346058], "NoiseHL": [0.13137498561530161, 0.22380166215057562, 0.13132847444011367, 0.21323139497383875, 0.18663102976440715, 0.24696099487839707, 0.18975593908174795]}