{"FilterHL": [0.009218306250113823, 0.0214505538192051, 0.008502115066833463, 0.03200046227074321, 0.01957161429192919, 0.06362011382395227, 0.029428156644209787], "NoiseHL": [0.303375993013456, 0.30432310926175615, 0.3094626326463326, 0.3167387445786925, 0.30371543591804717, 0.29544141964993376, 0.3045577120422915]}