{"FilterHL": [0.027296878989766387, 0.03979392221439404, 0.053792273790662225, 0.028169563051632346, 0.02869562971472818, 0.032127281682304554, 0.03743311987032277], "NoiseHL": [0.2683049082473908, 0.2525552899893318, 0.2460983943401557, 0.26909848407438064, 0.2994796000250165, 0.3130220480744933, 0.27656725402288346]}