{"FilterHL": [0.01767521046480921, 0.023873485700466664, 0.03845537912036927, 0.031957239645029764, 0.034338756698524896, 0.04578574659979444, 0.04351471034920376], "NoiseHL": [0.2949792386105529, 0.2761076132374211, 0.20197874614185976, 0.18526479345085667, 0.2741582415972807, 0.26820561639101775, 0.1783636752847441]}