{"FilterHL": [0.07776900674361027, 0.1053098767018904, 0.04077124499256559, 0.05258058409512748, 0.07692715394767988, 0.08596967721017554, 0.05686313472405667], "NoiseHL": [0.1248699431386476, 0.16081344857545304, 0.10657363252701614, 0.14368533485713011, 0.13748666226278314, 0.1555000842155372, 0.1377330881037574]}