{"FilterHL": [0.019872618337180726, 0.021302269063353967, 0.008137035288350155, 0.008243212146968808, 0.015179612611209634, 0.011417821355462779, 0.03954064165335776], "NoiseHL": [0.16500805512630892, 0.20468441846419552, 0.2784344483831885, 0.21129560694331712, 0.22722911707304147, 0.2500124971670869, 0.30455633734991394]}