{"FilterHL": [0.05067687141223548, 0.06854544035256906, 0.026925635776052087, 0.06715680743936742, 0.042936857850929426, 0.03537693712020065, 0.0345957180203254], "NoiseHL": [0.06098814579504294, 0.06516931318775014, 0.04556763826368949, 0.07403870586287949, 0.046689059150364705, 0.02500342142160841, 0.04904857486171288]}