{"FilterHL": [0.013563794561029796, 0.0871273717953388, 0.09723468831266262, 0.04752019414924915, 0.0860214027145469, 0.15112922957559305, 0.13669993512900325], "NoiseHL": [0.23389722328264081, 0.22682047183680967, 0.2673516075237165, 0.2993279480395661, 0.24770609945789285, 0.23482875923142796, 0.26808049064560646]}