{"FilterHL": [0.004336120825874757, 0.012868627822345047, 0.005686576416199093, 0.005461263697398342, 0.006487542065392002, 0.005530032201164808, 0.013566255138021089], "NoiseHL": [0.11106758918235365, 0.1112024991733126, 0.12360107790240199, 0.14405919827788669, 0.15258846984739305, 0.15579382315501353, 0.15074064431772274]}