{"FilterHL": [0.21083275629646736, 0.2633714988815371, 0.16342207526126934, 0.31274871153540224, 0.3601839978358497, 0.45264899386527974, 0.6152737875550803], "NoiseHL": [0.6981889536866948, 0.5948528497826446, 0.7001126145927637, 0.5878404778059481, 0.6038967267029697, 0.428892597704147, 0.6106162412751478]}