{"FilterHL": [0.025037653673589767, 0.016344356825261544, 0.011439828563435577, 0.02945549370644841, 0.007449499254793091, 0.011455406527983537, 0.021625838572939246], "NoiseHL": [0.034566367227238624, 0.06639193837443133, 0.05238974349698195, 0.07337642012356604, 0.04440379658768715, 0.07679090566735237, 0.06305213026645123]}