{"FilterHL": [0.02868839682954826, 0.048116659683147725, 0.020968280494402473, 0.020648668428973033, 0.015707627809999344, 0.020995972531404405, 0.020968937316377785], "NoiseHL": [0.14252784575548563, 0.2056621957738881, 0.12741544402908375, 0.20512957451436128, 0.1440916794036025, 0.17972863737354516, 0.15002685382133876]}