{"FilterHL": [0.01497342679349561, 0.015846473214733505, 0.021684416911694916, 0.012864527824308053, 0.025876819085489725, 0.03145917479363119, 0.02702192095707253], "NoiseHL": [0.03847929733189379, 0.13327918925032345, 0.04951720147638129, 0.1299300046700051, 0.036066233631993946, 0.13958163018592706, 0.052305002088193754]}