{"FilterHL": [0.006711545426793301, 0.0061833423312006265, 0.006091355673562081, 0.00363346290467147, 0.004678669887102609, 0.016827768797838167, 0.0051628403988621075], "NoiseHL": [0.17797505547587536, 0.25405669262253666, 0.18347884487068536, 0.26676422260676613, 0.18231330728814132, 0.24095618588545112, 0.18553111408012754]}