{"FilterHL": [0.003952110747807597, 0.014728345870691334, 0.007459763179796261, 0.005503363829611567, 0.0072201501706863815, 0.00596715599671579, 0.014221108403823058], "NoiseHL": [0.14070115589061413, 0.14399982288556987, 0.2561936017209305, 0.24493573810751806, 0.2474112166753848, 0.2682349439618281, 0.2681845897790093]}