{"FilterHL": [0.004931408216448389, 0.026445517732568157, 0.010473221664976159, 0.018789813076219183, 0.01201260630537844, 0.0251414785047657, 0.007129893236934089], "NoiseHL": [0.1527794382670767, 0.11972955069492666, 0.1604063965146571, 0.1696415598758608, 0.12755932453114607, 0.11552538930533686, 0.16347564674450418]}