{"FilterHL": [0.007583967646991445, 0.0012492638308245778, 0.003141096405853565, 0.006634299104436026, 0.004193046444195455, 0.009645592781715362, 0.02199559501002112], "NoiseHL": [0.10938208378371327, 0.1811575225900854, 0.1540402321628662, 0.19865900650117072, 0.11946628754138595, 0.17709702890737608, 0.17806732831016658]}