{"FilterHL": [0.0, 2.9713590630196633e-06, 0.005450836648544019, 0.03002535161938941, 0.000557295582261448, 0.0027428206413821978, 0.03181901584613661], "NoiseHL": [0.13502822103059414, 0.15237707995139405, 0.12952983877917365, 0.1339324548270331, 0.15562474979979976, 0.16801938030584954, 0.15036210035998268]}