{"FilterHL": [0.055319032738611655, 0.06910886809041643, 0.04669946548976995, 0.04976220065437743, 0.06079296227102002, 0.04299058574541692, 0.04474599953148505], "NoiseHL": [0.23605376594347388, 0.2215594425186886, 0.2147588806036639, 0.15372423149792097, 0.23289959720786574, 0.19773906789890675, 0.24539044094619916]}