{"FilterHL": [0.013022508284774139, 0.07549093445751424, 0.018279925784159243, 0.09768461058410251, 0.02593072785841893, 0.06773500044499718, 0.02029232646165604], "NoiseHL": [0.1606619998634582, 0.16611281051849375, 0.17893900257042109, 0.192939176313773, 0.1590384081460532, 0.17845334143729882, 0.1755072282758038]}