{"FilterHL": [0.004132259632865162, 0.013060583451870623, 0.010498232615922195, 0.00840902792228347, 0.003911882066887688, 0.008867514978406524, 0.01850165237331122], "NoiseHL": [0.25780327065748554, 0.33504918629152736, 0.23836393822079885, 0.3358833361398201, 0.2622510122188944, 0.3264992827221652, 0.26426232109866915]}