{"FilterHL": [0.020861580197912243, 0.041012561772710926, 0.022848603191640414, 0.046774805788131535, 0.019947598091504107, 0.027484174316816996, 0.019057322389989185], "NoiseHL": [0.06340304823589736, 0.09045412525244936, 0.1056987723896282, 0.0833168614908744, 0.08382088984016237, 0.08412193280947292, 0.09401945479113316]}