{"FilterHL": [0.0057789390508062215, 0.021326793722726653, 0.014603598370493806, 0.007047737730338176, 0.004208089509073751, 0.01298229829101572, 0.024369635029185096], "NoiseHL": [0.09398215972654672, 0.10152628715794715, 0.1214847397559243, 0.11521792454228938, 0.13512716506231584, 0.12745845724988653, 0.1540449805196019]}