{"FilterHL": [0.017586901551969947, 0.03920405954250648, 0.020770558918411484, 0.03247549001253394, 0.018432648399282606, 0.028176055023583425, 0.0434551518828262], "NoiseHL": [0.050108972031956814, 0.06477870993578295, 0.13702105140165213, 0.15216536939057027, 0.067515424231039, 0.05796954443740916, 0.14375510781941236]}