{"FilterHL": [0.022638360574034663, 0.05974620510817782, 0.022061826424354697, 0.05283854935945817, 0.037086451154100454, 0.14361997142938074, 0.03493135122597718], "NoiseHL": [0.33148444991840514, 0.37564638408064155, 0.34114571760788986, 0.3878491471664375, 0.3570677755629362, 0.38849822748094026, 0.3814849917987164]}