{"FilterHL": [0.1515139400098477, 0.16071401241004393, 0.1482255917330492, 0.1618948699748016, 0.16480047515975024, 0.5899253351608619, 0.12756157974154975], "NoiseHL": [0.5324612808439763, 0.5670845512995956, 0.42658068903598034, 0.49237511828462205, 0.5472957817529789, 0.5913143019910945, 0.4587204539510897]}