{"FilterHL": [5.395002420254105e-05, 1.5362693168133352e-05, 5.395002420254105e-05, 2.9988118607657145e-05, 0.000590281184270889, 0.0011543328650783136, 0.0009337055391410683], "NoiseHL": [0.11942301505899512, 0.15880924869119284, 0.11942301505899512, 0.14567520307051543, 0.13317431117202394, 0.16801938030584954, 0.13129518424232386]}