{"FilterHL": [0.0219923184424138, 0.030584008042077736, 0.018015221233284417, 0.028237225387389393, 0.2989550119173816, 0.11784421730948667, 0.07363170481289176], "NoiseHL": [0.35937529911738775, 0.35840222072763817, 0.3308972782526684, 0.31834415655999077, 0.36396736474088315, 0.34132134795191826, 0.315346145583991]}