{"FilterHL": [0.05935193767633717, 0.07353194828746644, 0.09390330194918295, 0.037782394217545305, 0.052830812905503614, 0.08975910129631819, 0.09994755744400562], "NoiseHL": [0.0644614439174799, 0.20713822235649162, 0.11087264072332365, 0.18309149226543156, 0.1334390520172835, 0.17338571264987795, 0.1178845278249931]}