{"FilterHL": [0.02297827978167989, 0.04310237073512594, 0.022760534930186625, 0.050364196101887374, 0.029602627423912235, 0.04339832048824174, 0.052567219330129325], "NoiseHL": [0.016384385337517772, 0.013840238297528333, 0.026575790443597723, 0.04722612903761828, 0.0387105056952156, 0.048345855659457926, 0.048637291697503304]}