{"FilterHL": [0.009590841574116514, 0.007434314662779554, 0.0, 0.17580570596735695, 0.32179252867182473, 0.37152789738485037, 0.37699762934711356], "NoiseHL": [0.2561839685989771, 0.49282087012005954, 0.4630196344394766, 0.6136484808284991, 0.4942408009540817, 0.5215827748751006, 0.5728565038105545]}