{"FilterHL": [0.09552541401642456, 0.09311925325345166, 0.3648408812673372, 0.07859547256877662, 0.3223471375423195, 0.014056169896980563, 0.2963004750741307], "NoiseHL": [0.5703340911720904, 0.5183766464426812, 0.5995255724954927, 0.5266543027979776, 0.5622917004040381, 0.49032591797219516, 0.5882799200739968]}