{"FilterHL": [0.034051974952714684, 0.019765562129754593, 0.00997934389990266, 0.03619901808017079, 0.026149033309037024, 0.022621707510596906, 0.021817031091706608], "NoiseHL": [0.21006101561622798, 0.20771304384127984, 0.2174135679976176, 0.1983640052226601, 0.2174165581450237, 0.20924954053611683, 0.23279496514666742]}