{"FilterHL": [0.00028840648002562846, 0.0009578960343768626, 0.0005203046097952803, 0.0007519758730331449, 0.006948265254930528, 0.06808575461045482, 0.00663148225926033], "NoiseHL": [0.3053053667491258, 0.2968965518496984, 0.30618621784789724, 0.312531617935686, 0.3259265977491048, 0.2947399657619219, 0.32508767843708475]}