{"FilterHL": [0.024355854083085517, 0.05861484034758039, 0.02702607179993884, 0.04020525476143918, 0.03760016378727016, 0.0718338803845695, 0.04825011331176805], "NoiseHL": [0.13309957243774614, 0.0924510537314681, 0.1357674143399729, 0.09896869048996611, 0.1414772475062859, 0.08497800888998362, 0.15554220292390236]}