{"FilterHL": [0.02542058813569909, 0.029765672631182457, 0.01779471056090524, 0.012225245306403506, 0.02903001469995529, 0.01257054641662803, 0.07866569244241382], "NoiseHL": [0.32438744094457744, 0.313577598564416, 0.3194158041345075, 0.332009346699181, 0.3489190464897853, 0.3195688567204324, 0.3510030477052241]}