{"FilterHL": [0.013949224811160984, 0.02009676801350944, 0.03185890622241245, 0.024972841424812715, 0.3682762381912882, 0.5309954561902409, 0.4345399465188481], "NoiseHL": [0.32549390041947623, 0.32192656622284876, 0.3275655149742167, 0.32615290033516114, 0.3938749840570697, 0.4185701394189596, 0.3997162410006765]}