{"FilterHL": [0.018064466610585705, 0.024825055744307777, 0.016671558131114747, 0.01210568337608751, 0.24959795676331606, 0.27044697581052335, 0.3070979675202095], "NoiseHL": [0.12634925806236613, 0.16019707971185584, 0.14580698907570566, 0.13096219462425393, 0.26948541054115394, 0.2734752646366074, 0.24867113862371104]}