{"FilterHL": [0.11356058489294506, 0.17424226931915676, 0.08021636273472815, 0.17199127667400163, 0.1918423387180474, 0.2158782756895029, 0.09122200972411253], "NoiseHL": [0.493510967203781, 0.48911861278305735, 0.5174814947197663, 0.49371941464600017, 0.4887374292450617, 0.5019401316885004, 0.49511720967810474]}