{"FilterHL": [0.005709645469971343, 0.029095498816570663, 0.01419714524748072, 0.010250069661559464, 0.0100414182795747, 0.01485929399680675, 0.0235181805178764], "NoiseHL": [0.15926693458614896, 0.15359562642716204, 0.11860591430648652, 0.10030937293872494, 0.1591007192391006, 0.16798840915354915, 0.11782144409934833]}