{"FilterHL": [0.010365422427760817, 0.04148437586039244, 0.021365613896376787, 0.030078123945614245, 0.03422779867781091, 0.035183072948483135, 0.033174200682462913], "NoiseHL": [0.13826263986741139, 0.13415263917329798, 0.0886260029123047, 0.0930524937580213, 0.1338237660585863, 0.14272688239460332, 0.09057172343573552]}