{"FilterHL": [0.011042477324327301, 0.007902236469926436, 0.016531305107490346, 0.007041587869552517, 0.016230852384291526, 0.01860389023348782, 0.006875762202187248], "NoiseHL": [0.14258353518596933, 0.24059723166215422, 0.147074737970205, 0.21680221043852296, 0.15881042747210722, 0.21007585713250268, 0.16679356438067053]}