{"FilterHL": [0.0024936747175814057, 0.021397377708785748, 0.017738976475052858, 0.0024058485117523696, 0.006740541888604744, 0.012959727873167364, 0.009071778818930678], "NoiseHL": [0.12225212912751092, 0.15808726454928998, 0.1318365330520523, 0.16201362924597973, 0.1576360130136876, 0.1474004678967575, 0.15402450324603614]}