{"FilterHL": [0.022783459033319332, 0.05513945903985926, 0.0, 0.19117681119049804, 0.22118966192456715, 0.49361305373249065, 0.03480566824758391], "NoiseHL": [0.49192250012953015, 0.478020172828695, 0.44814117107890633, 0.6187583924145116, 0.48408140842333786, 0.49328359045018466, 0.48165043551804065]}