{"FilterHL": [0.018483549390472934, 0.03976944384866105, 0.013827525772583737, 0.02183379846293377, 0.016394379974845438, 0.028524264166348616, 0.022665438612145015], "NoiseHL": [0.2263474949804609, 0.24581922331852324, 0.21570663169763044, 0.20996129494180613, 0.23994033810025042, 0.25484664611095603, 0.23206252556867385]}