{"FilterHL": [0.027690997486960012, 0.04049252986825713, 0.01273763282988025, 0.0419514532147846, 0.01412667344697247, 0.06049668977450594, 0.045537508694850695], "NoiseHL": [0.0909372529745562, 0.08744547829214562, 0.10598047356926557, 0.09799999769353514, 0.13321244293274312, 0.14367864615100065, 0.1362994089531861]}