{"FilterHL": [0.0, 0.0, 0.03527889546467867, 0.016918294273207676, 0.025890325350740904, 0.025377394625691007, 0.041097461466363575], "NoiseHL": [0.2317051022141721, 0.2059196678858405, 0.1701256281522354, 0.160495069371336, 0.18652697122460457, 0.18515676550876353, 0.16916944115102248]}