{"FilterHL": [0.0, 0.0, 8.644847074386363e-05, 0.0, 0.011280144211383163, 0.01237787997149239, 0.014198672411724888], "NoiseHL": [0.14395320073022042, 0.1796067636529137, 0.18239580959790105, 0.2071544063142342, 0.174125108258307, 0.18391557880628126, 0.19713194728164338]}