{"FilterHL": [0.17028949944598026, 0.19921849805429365, 0.34313231596390253, 0.25742815760153065, 0.4380223617055322, 0.4967649718291065, 0.7065622917069566], "NoiseHL": [0.3936563268969568, 0.3761189621070145, 0.5729613382072704, 0.5726342443031699, 0.36687487505446825, 0.34212037411637, 0.5526896955357089]}