{"FilterHL": [0.0009285990459949542, 7.085240206734622e-05, 0.023113540912922854, 0.008875275126797724, 0.009105617447988027, 0.0013817647162554698, 0.04606376939463385], "NoiseHL": [0.38420521071217134, 0.37594616768610584, 0.36721802341568466, 0.3862927809571368, 0.41546643254346316, 0.3879209633523797, 0.4370098623134922]}