{"FilterHL": [0.023121637056364833, 0.0, 0.014413782282745322, 0.0015782853340737004, 0.023574983403654125, 0.014783040520290107, 0.023770712245187817], "NoiseHL": [0.2564655361166674, 0.2881621992123956, 0.24381204419351427, 0.3035375752754972, 0.23440915623384057, 0.26743329759685003, 0.2480813658098901]}