{"FilterHL": [0.005542171665603782, 0.02543949114237683, 0.020756669720031738, 0.0024237785107951303, 0.016186266696495134, 0.019756979655454115, 0.031674041173794756], "NoiseHL": [0.1472947551078502, 0.3246453049139723, 0.17177213054862986, 0.34428362160327125, 0.16306954263390325, 0.3380477073444688, 0.1777331622364133]}