{"FilterHL": [0.026569545211410108, 0.010442116809352853, 0.024093970102689783, 0.004161015918552004, 0.014719278248614766, 0.029480657038053647, 0.033306334300309444], "NoiseHL": [0.11482038560878026, 0.0999847936334893, 0.10135692110144194, 0.06866576222848328, 0.12834980955475145, 0.11976377012618965, 0.10653062852731425]}