{"FilterHL": [0.0, 5.87340727000494e-05, 0.0, 0.0, 0.00012640969783453144, 0.0, 6.830226680622674e-05], "NoiseHL": [0.12938974008971083, 0.15562474979979976, 0.15237707995139405, 0.1918601366519304, 0.13866442710839363, 0.1753456551944575, 0.16801938030584954]}