{"FilterHL": [0.033629681203170766, 0.028615859518062225, 0.040789960687563846, 0.026361388305817458, 0.04182464516185361, 0.05187405354982429, 0.02754782500595289], "NoiseHL": [0.11649822153481855, 0.1866585718199669, 0.2041442212520162, 0.17096767649386937, 0.1526436720092258, 0.1781701018237951, 0.22168343217324593]}