{"FilterHL": [0.20245901116607076, 0.24635448549053626, 0.5958809334484908, 0.5160306245839721, 0.2874447913016915, 0.18888924976448104, 0.6132400969382363], "NoiseHL": [0.19919514081287806, 0.20515087383154637, 0.6562297533203162, 0.6646554738541478, 0.20529492866869206, 0.21104973523269815, 0.7127772177716473]}