{"FilterHL": [0.004901603100963046, 0.014511461948122978, 0.007794713888140574, 0.005160478965530146, 0.00800018071433176, 0.020839271453354256, 0.025643676590823693], "NoiseHL": [0.23468045744190055, 0.27049996538154114, 0.22974541783960817, 0.2807533963433941, 0.30708113835160955, 0.3003581657182235, 0.28802235693402584]}