{"FilterHL": [0.038965132314902354, 0.022455679215705914, 0.011912418154712657, 0.067204083146296, 0.30576255229548616, 0.3379634700027667, 0.35851220189466454], "NoiseHL": [0.0338840054096827, 0.03166973665657859, 0.029456077855954294, 0.0641426296622211, 0.257733431472708, 0.2861194836102063, 0.2958991618744567]}