{"FilterHL": [0.018289938042748866, 0.03240476255159417, 0.030255823554843977, 0.0041084003771341675, 0.015804955055704294, 0.07055764193503242, 0.03764199869710232], "NoiseHL": [0.30607085931671146, 0.3612925878820494, 0.3262168538242662, 0.36324377121782586, 0.3229918082108746, 0.3309038596074469, 0.34950945059823135]}