{"FilterHL": [0.004435643889559319, 0.03291024879964228, 0.02675151215354485, 0.020952284575732442, 0.01979139943262156, 0.011138884059371542, 0.024001823071975327], "NoiseHL": [0.11134228943525383, 0.11257386598247561, 0.14962160477644357, 0.1436431104185233, 0.13379310536275793, 0.11410523605346513, 0.16123661120110896]}