{"FilterHL": [0.01015431169033709, 0.004341260205125675, 0.01591409711020122, 0.028532389077630862, 0.00818236348129321, 0.006753459795877832, 0.013811471626436311], "NoiseHL": [0.14404939340147546, 0.20964315841223258, 0.14488827269426408, 0.23426163995116875, 0.2216928247730412, 0.24071574228583906, 0.2274331509278638]}