{"FilterHL": [0.04356691684593019, 0.04279908421441377, 0.02012956905472028, 0.030509651173725515, 0.028506297265997835, 0.03140850982230107, 0.03666496982888591], "NoiseHL": [0.03643074453883073, 0.09941926864863102, 0.043059005297658895, 0.07982596960984242, 0.01964999781613795, 0.08843156009583063, 0.059878688649487734]}