{"FilterHL": [0.09246894134606304, 0.13257280390541454, 0.09028596621142389, 0.1324586004881128, 0.10384433262857411, 0.1400271466567751, 0.11226675008849797], "NoiseHL": [0.12136360372054064, 0.18864578310194677, 0.1536209714733017, 0.1721963601458348, 0.15788584971922043, 0.17363850603377637, 0.16762768728611332]}