{"FilterHL": [0.012590639731608608, 0.02582686702878105, 0.011699099070973653, 0.024623091749371103, 0.0103521778468798, 0.040237168381557394, 0.04424474531259045], "NoiseHL": [0.2866245802843748, 0.3034063009813095, 0.33770826887657485, 0.34568142557555664, 0.3007605829478559, 0.3332591252052523, 0.32667667813486917]}