{"FilterHL": [0.004883271164960927, 0.018814436956721223, 0.010175100169748388, 0.006260531498678257, 0.006773985300084027, 0.0063514446021077815, 0.021641889952031344], "NoiseHL": [0.19703229084764537, 0.2806570790521309, 0.2361315808465508, 0.32175640673619965, 0.19985340037671281, 0.2721209757316131, 0.24525633921043424]}