{"FilterHL": [0.04265365307210901, 0.036748493320842235, 0.04063687767625556, 0.04041799359544197, 0.02591369926307952, 0.06343014462807062, 0.1543944167792658], "NoiseHL": [0.24369579203053815, 0.23123870870530291, 0.24255937831175212, 0.2509048501042442, 0.2473343979340102, 0.2616198263718493, 0.3055523191228658]}