{"FilterHL": [0.000978673814868516, 0.04595808079474507, 0.0, 0.0930779145846766, 0.0034132185077609027, 0.04283013108245902, 0.00871859407671265], "NoiseHL": [0.3894008249463023, 0.3910679622330584, 0.42534233109335323, 0.4423169999876391, 0.4426708476489185, 0.38162765512192814, 0.4636905833176587]}