{"FilterHL": [0.029655129990025904, 0.03793613111200851, 0.036816801313364685, 0.039918391878389796, 0.013779912688735525, 0.03199053138363271, 0.032110587633868606], "NoiseHL": [0.1200564136881987, 0.0871251552508752, 0.14314807354136141, 0.06078607754913968, 0.1258370829939223, 0.07585836993160869, 0.11453076739232024]}