{"FilterHL": [0.0010215145116833698, 0.031102628420378087, 0.018823093844029935, 0.007242088221339973, 0.01833118591567004, 0.05738374075139911, 0.04104908711873589], "NoiseHL": [0.22947623438361936, 0.2289373890175104, 0.2458183863171918, 0.2600187258060007, 0.25424427754829576, 0.2739642023358877, 0.2574656408245007]}