{"FilterHL": [0.0062295897512451475, 0.021303428743179097, 0.01767448592058842, 0.01007913249407485, 0.004187926014815195, 0.016176011626672534, 0.03397964761783797], "NoiseHL": [0.08282514803563927, 0.0801179334209108, 0.10627754568291715, 0.09133377686421103, 0.08585618161105789, 0.11943029466028997, 0.10392585463918995]}