{"FilterHL": [0.004097335176326016, 0.017224398932723338, 0.0065388035468961145, 0.02668377208063917, 0.01006307213566123, 0.026064859568325417, 0.034417869774638586], "NoiseHL": [0.1715935382951023, 0.3092847093259678, 0.18492548520475247, 0.27120259838911037, 0.1963092201455548, 0.33586342636101707, 0.23944757419889875]}