{"FilterHL": [0.07672297656447344, 0.048720654370587, 0.02928250794336895, 0.04675429329201414, 0.07570330510744526, 0.024614643280697793, 0.05466175260128395], "NoiseHL": [0.24952648362090588, 0.2987751516901569, 0.2789751944886086, 0.3036643542908446, 0.2763371740330864, 0.34109505502071336, 0.3042900330495135]}