{"FilterHL": [0.020142877215905845, 0.01897313414968082, 0.007488726007471874, 0.008014133858235304, 0.028510032876573804, 0.012668042628791417, 0.05045408078785254], "NoiseHL": [0.11101791793965393, 0.1439545114193403, 0.12292050972668905, 0.14571462230015095, 0.14609987311744074, 0.16501565778623972, 0.16171204246895096]}