{"FilterHL": [0.025315384895909177, 0.05016974364384856, 0.03514921664881188, 0.05423175676448791, 0.019861842750463113, 0.058421138575227405, 0.04192458538456919], "NoiseHL": [0.08738684671812497, 0.0932678685009239, 0.0948135476391759, 0.05850608597300858, 0.0838991218345099, 0.11025963722495824, 0.08023472078182461]}