{"FilterHL": [0.13374456942816432, 0.08765406491870745, 0.12238774822830223, 0.11419494968976694, 0.3312442370129258, 0.31734344989319363, 0.279136206294906], "NoiseHL": [0.09894514406925048, 0.11072494036004565, 0.2990436924911822, 0.3058839369845235, 0.26316947037044236, 0.276849897543514, 0.29943346152411043]}