{"FilterHL": [0.014226754832050537, 0.03396433040129927, 0.013090842356601608, 0.028631579238337142, 0.061440752767529055, 0.08985300825862746, 0.026653232892709953], "NoiseHL": [0.429304133295551, 0.4675269173875536, 0.421167139551978, 0.4596582342681371, 0.27734957812929756, 0.31735676765241577, 0.2959474326483409]}