{"FilterHL": [0.22042475267571268, 0.11232068057104448, 0.20367190074699976, 0.1346137973259276, 0.1727819532895062, 0.3087983417594552, 0.2470528056583631], "NoiseHL": [0.5533689019301984, 0.5525692587765483, 0.5353576061189191, 0.5161102678572076, 0.5478669766607113, 0.5662298635948781, 0.5255457273327825]}