{"FilterHL": [0.060236352036072756, 0.03669668321719978, 0.058271634008773526, 0.019052837807927075, 0.3088277826340811, 0.2607812300182341, 0.338568300217731], "NoiseHL": [0.3729869068408359, 0.21611841223051523, 0.3456072650350904, 0.31148019796512083, 0.19116250982907945, 0.2100160384139062, 0.1742917018918019]}