{"FilterHL": [0.030277159842752165, 0.020459087451159833, 0.01196732265909359, 0.03980320927778918, 0.014693210958605638, 0.04102148447010425, 0.050998063978319456], "NoiseHL": [0.3149089054613808, 0.2439780490395336, 0.28915765038515795, 0.21120082381819621, 0.29092456473869555, 0.2553155381087511, 0.30522794337218373]}