{"FilterHL": [0.021688890329606237, 0.0388024479189999, 0.007053158187530073, 0.0025859160755455995, 0.009257570864345225, 0.020818966083035875, 0.013313178589929657], "NoiseHL": [0.20781774922517057, 0.23481763206201425, 0.1993364112101382, 0.24023174089710178, 0.23512682972313828, 0.2672197553450196, 0.2179792010861082]}