{"FilterHL": [0.04321619473317697, 0.046105861543655494, 0.0487621883603123, 0.0353075928486783, 0.033280294276264985, 0.05042320584738873, 0.020888472188518005], "NoiseHL": [0.11656598909438909, 0.13716892792620877, 0.12874086970593027, 0.12471958729717375, 0.11957318410495058, 0.10441767095310377, 0.1134892401136533]}