{"FilterHL": [0.010705959638083162, 0.0362557962461389, 0.029792660584898698, 0.016162455323058888, 0.008703290364426705, 0.01878685554646276, 0.028363228367141457], "NoiseHL": [0.23019462374691385, 0.28014692729062907, 0.26137037905162197, 0.3369231033275689, 0.21561854350999388, 0.2604661167694952, 0.26607411854057755]}