{"FilterHL": [0.04443247479532941, 0.042121205935927705, 0.03760156560143337, 0.045022680986502986, 0.04641675269932334, 0.054674370178324036, 0.03414710649046606], "NoiseHL": [0.022884128759851897, 0.0394173963333647, 0.047285305009583806, 0.07705659707322651, 0.04405868045331511, 0.07038280703177599, 0.04370694589921426]}