{"FilterHL": [0.02694384475989294, 0.05237426038905945, 0.037368261244253104, 0.051328072392857506, 0.06143747532611785, 0.055536855316704506, 0.04975510379423116], "NoiseHL": [0.12304018095541742, 0.08985234177324819, 0.03272685750268511, 0.03908935351604486, 0.048523427141037447, 0.0578793454221512, 0.04421565122202435]}