{"FilterHL": [0.01308050235883827, 0.009042613750723854, 0.030024325135161015, 0.030504124391563452, 0.02058006212003258, 0.026524047783946007, 0.027574160666149008], "NoiseHL": [0.28970378087700493, 0.30387186814500355, 0.31610175721713785, 0.30581940131268887, 0.25980554360743907, 0.32296825939484575, 0.2719123252416408]}