{"FilterHL": [0.04627677651996436, 0.01004354425734494, 0.048559210902234085, 0.013125217504482796, 0.04905811813982601, 0.02869230907411183, 0.0328517538235786], "NoiseHL": [0.119548455339986, 0.1192836700780901, 0.10272270132248429, 0.0944615205785564, 0.11940428883113377, 0.07185364709775004, 0.11237812005318909]}