{"FilterHL": [0.01978464616496498, 0.03542345890697962, 0.01570754400652269, 0.03368985140293721, 0.14157580173688689, 0.12283705183076674, 0.10156434029668532], "NoiseHL": [0.18181078419608965, 0.2869933157943293, 0.19499774145906335, 0.26771040049502015, 0.25731168312951475, 0.2945091120779224, 0.2485226668008612]}