{"FilterHL": [0.02065175018232389, 0.04491026479108649, 0.02468104435250298, 0.026057364468798364, 0.013271146040039521, 0.020946736311030667, 0.025967520018633533], "NoiseHL": [0.036099982631015715, 0.036438270916394844, 0.04272507546886105, 0.05839018707088335, 0.04292459584582796, 0.04943461450034374, 0.05375795247829632]}