{"FilterHL": [0.0061852603728636945, 0.02788821540521108, 0.011796271060289668, 0.008766027265885185, 0.004677927790191203, 0.05326068667796514, 0.03417117320390503], "NoiseHL": [0.23181227432602408, 0.2498532419677647, 0.23542709503384965, 0.2945719227331329, 0.23833591962882952, 0.2579320805220999, 0.2564402168922159]}