{"FilterHL": [0.07200541990145574, 0.017485025710110597, 0.023291022056002007, 0.03203844705950215, 0.06963730237376171, 0.08778103720443324, 0.027620722731705134], "NoiseHL": [0.21339601634381855, 0.16626386607331264, 0.163516357387468, 0.1304822016477892, 0.20301083438847925, 0.18125612498074245, 0.14163957022062076]}