{"FilterHL": [0.07718273949653598, 0.07151598295678765, 0.1320887708897741, 0.1691375152626176, 0.09721363572673614, 0.182241474441356, 0.11334224160390853], "NoiseHL": [0.12284335947871794, 0.18958204463217543, 0.17561886468159435, 0.20287488181603033, 0.16433295334875278, 0.20243497383140124, 0.170184024347219]}