{"FilterHL": [0.04249494080847066, 0.022862847920066914, 0.030669509241615777, 0.002756705223241989, 0.0528314045976335, 0.022294078344797998, 0.05273971220276831], "NoiseHL": [0.12586895182668772, 0.15579377884836487, 0.11577912335059194, 0.18009109560429418, 0.09932162357085111, 0.13720865917104288, 0.15599416189468163]}