{"FilterHL": [0.0007168176087351449, 0.03834686489411108, 0.0, 0.017096404388763916, 0.09884778294470618, 0.029357323459137295, 0.0926248306879703], "NoiseHL": [0.38121562704251255, 0.4009982659117255, 0.3621602913026009, 0.3519026839279339, 0.3808708785458294, 0.45965819746008263, 0.34632928765555265]}