{"FilterHL": [0.014028192038183653, 0.01681418212110809, 0.010649139375918206, 0.02444750239751018, 0.005277460579610266, 0.00015684180377741278, 0.010785785018281369], "NoiseHL": [0.3026916503204368, 0.3184117121985924, 0.2958817785052004, 0.3379627501377706, 0.3302608440379652, 0.36836728738650454, 0.3152339346193862]}