{"FilterHL": [0.0020558244553887327, 0.011097520816587885, 0.01074140711969772, 0.013435870861948264, 0.0029567448217097843, 0.012082655082179759, 0.004590566803952068], "NoiseHL": [0.12735447340401387, 0.16802457251260608, 0.17391525803427305, 0.2234257046776675, 0.12948023876909912, 0.1644265888651324, 0.1971333792451946]}