{"FilterHL": [0.005573183862610945, 0.006941390178436283, 0.0020697394759955413, 0.00751166830107011, 0.002987821198166709, 0.0015691807509679435, 0.006527469212848284], "NoiseHL": [0.10857998534324541, 0.14222102027239597, 0.12747004529934097, 0.16043758588115484, 0.11945152780670078, 0.1405365416553974, 0.14398285476928693]}