{"FilterHL": [0.008016858023652929, 0.03017907754921317, 0.009945939602380374, 0.015583511728543178, 0.009041217462605248, 0.003697257307039032, 0.028737769029520445], "NoiseHL": [0.08582781015825214, 0.11584261871600048, 0.1015290162844682, 0.12748020947639038, 0.10199987969367835, 0.1025679764939057, 0.11880520872062247]}