{"FilterHL": [0.0024012192159460215, 0.013251373796278257, 0.006310575708430704, 0.005454622791628469, 0.004023855961661956, 0.005521962771156011, 0.014974370382259185], "NoiseHL": [0.1293964980799378, 0.07044269921621599, 0.16207167319447907, 0.14419665333086806, 0.13690001596065754, 0.10641539833979913, 0.17962642885065516]}