{"FilterHL": [0.025710911870799796, 0.038003904078557, 0.01863345716420127, 0.03547401812538549, 0.01142745129449261, 0.027568364374154157, 0.029776378359380424], "NoiseHL": [0.04087096685993981, 0.05015155238290901, 0.11676558663447854, 0.11822386179868799, 0.06024043294256514, 0.05443755568596039, 0.13704705837303333]}