{"FilterHL": [0.0001263253890706669, 8.429419945765521e-06, 3.9893117448321636e-05, 4.4719220348317476e-05, 0.03736842958668203, 0.04418405570799711, 0.04487396754937201], "NoiseHL": [0.1422112410749228, 0.1753456551944575, 0.1837755367050545, 0.19448580951758207, 0.16802820285504746, 0.18809367281979, 0.17885012182160287]}