{"FilterHL": [0.02326505767322642, 0.050692904648728394, 0.025449514207765048, 0.03303371418401504, 0.02121654005315104, 0.026075528671882595, 0.04226736765135414], "NoiseHL": [0.06455241837907533, 0.08181670023467512, 0.038507668222451656, 0.04868034527581265, 0.0356426400948948, 0.02784985934914622, 0.026517400168041383]}