{"FilterHL": [0.01592147885080849, 0.03306998322216119, 0.020460529706403482, 0.010390250290655921, 0.019358403851272913, 0.013488233689676912, 0.02967063279831002], "NoiseHL": [0.1589153791747829, 0.14817701991168536, 0.1536798610454043, 0.16176917777515074, 0.18434093391119394, 0.19243819432665657, 0.1817458345289217]}