{"FilterHL": [0.043768873860432586, 0.07751206704597545, 0.06812674959469173, 0.043324649796189864, 0.03157480715384903, 0.04700238675151933, 0.0701582744665554], "NoiseHL": [0.12356169034416553, 0.29908629868249015, 0.23282046887171215, 0.38298554663759304, 0.13889583312361334, 0.3167682249474496, 0.24474449022735745]}