{"FilterHL": [0.07215580611158086, 0.08307325324985108, 0.04600335345050729, 0.06431025282802917, 0.05350498499056177, 0.11097734178992734, 0.044735922255919755], "NoiseHL": [0.11064912148481, 0.12071773130779484, 0.15488180354405964, 0.09872078519773109, 0.14589688729525002, 0.1500680809568919, 0.1856016146513485]}