{"FilterHL": [0.0, 0.006978380716043978, 0.0029253526614603084, 0.0, 0.029075186520476557, 0.030175685495527512, 0.05725858378424476], "NoiseHL": [0.33257992735227315, 0.3767019529958348, 0.2632403118070741, 0.3114298399318968, 0.3197574260404777, 0.3593754388549982, 0.33836766851118016]}