{"FilterHL": [0.023361593887730264, 0.04288347124411273, 0.009774823463513023, 0.04252239270657897, 0.030766095540131922, 0.04519423014302907, 0.020092701234799438], "NoiseHL": [0.2606552481297945, 0.23390744012449555, 0.27031729098388335, 0.2771446907905819, 0.24487688495223361, 0.29477427786410676, 0.2814073395749422]}