{"FilterHL": [0.025480216411740766, 0.017435461579320764, 0.013871665858854817, 0.023439357964059576, 0.007405312964162312, 0.012177012708139626, 0.03212187686415525], "NoiseHL": [0.2022261775738056, 0.18678156873175558, 0.1900619644143493, 0.20296430017051223, 0.1300339197407888, 0.11994472135701864, 0.1258282257468416]}