{"FilterHL": [0.016675685546258985, 0.13768267172733675, 0.1402727734079588, 0.03627982371680784, 0.010469513055207361, 0.09777704894776824, 0.14795163080124255], "NoiseHL": [0.4181471632152554, 0.5842168282587195, 0.5884230691426212, 0.632042099803768, 0.41428173599883367, 0.6005425062472743, 0.5765650441072264]}