{"FilterHL": [0.016236947596260695, 0.04987349114283693, 0.018832438611595174, 0.023893529944762466, 0.014718625628065684, 0.014483895769612332, 0.02476823900486245], "NoiseHL": [0.07014311108205419, 0.10200766988192264, 0.07668862353122852, 0.10180209556855929, 0.07992248564616385, 0.1174493438675934, 0.09227090261687056]}