{"FilterHL": [0.00991057879440179, 0.007046980404860916, 0.0, 0.0, 0.008176179012809853, 0.013378469489698324, 0.0], "NoiseHL": [0.20743654177143853, 0.19060341436330555, 0.18100629468644155, 0.2305892712780783, 0.21097528146600517, 0.2137795654213725, 0.20838248111736035]}