{"FilterHL": [0.07610065317444994, 0.07199031288966196, 0.07020591868782547, 0.051486863579273644, 0.058896481125828064, 0.05235123918997202, 0.05818527232990028], "NoiseHL": [0.09938677414186321, 0.09743284122426689, 0.10898489707432973, 0.13176048038452548, 0.09442038861510463, 0.1131163572958461, 0.09206413790531821]}