{"FilterHL": [0.021118475546770033, 0.049801962046794, 0.025049636441125116, 0.038159507074054515, 0.1337167853241998, 0.13569894985622236, 0.12574663355392612], "NoiseHL": [0.09149699969756728, 0.08001772353733615, 0.09989412644657548, 0.084022681011159, 0.1567782869485495, 0.16895330580372073, 0.15109095181772442]}