{"FilterHL": [0.06377951090356682, 0.09148816628210388, 0.0793861191441045, 0.08696765084860933, 0.08264381926260644, 0.07761263168015242, 0.07427458942268983], "NoiseHL": [0.08215353373631476, 0.17818028289660148, 0.1047088529199353, 0.11480031730379528, 0.12919437505625736, 0.13975054950960572, 0.0800672598396373]}