{"FilterHL": [0.0, 2.402374446105278e-06, 0.00014266039981501236, 0.0, 0.0002600517279041274, 0.0018253336072637202, 0.0], "NoiseHL": [0.11082626344894847, 0.1781969793463003, 0.1422112410749228, 0.1996416327232974, 0.17098527586296228, 0.21323045788224296, 0.18920084887799915]}