{"FilterHL": [0.022155388286971726, 0.04685562540047257, 0.030453393323740405, 0.0327772028650612, 0.033384488219223935, 0.037171418577782854, 0.04444453989808673], "NoiseHL": [0.028265559695353062, 0.01732741243367038, 0.036273734729902245, 0.03340466773356404, 0.02042742378079285, 0.027910988601095144, 0.050775102081191376]}