{"FilterHL": [0.0, 0.0, 0.005061860939964912, 0.006232389443170399, 0.0010464165112281918, 0.004407163836453536, 0.022397556175787772], "NoiseHL": [0.14044858014632036, 0.1781969793463003, 0.155669057636276, 0.1931787357448052, 0.1837755367050545, 0.1957864663624126, 0.16830502935446157]}