{"FilterHL": [0.018331003965119195, 0.04060255855154109, 0.06426180043221556, 0.037858771754012664, 0.07586667737057251, 0.07414583134868172, 0.07379015496052335], "NoiseHL": [0.23855367516538192, 0.2641340461382192, 0.22929913350104544, 0.22982878034600113, 0.324931690736584, 0.3473268025936307, 0.3190494083978546]}