{"FilterHL": [0.011902364906503196, 0.04621562573998025, 0.022633266663963383, 0.0589916855081645, 0.02427947285379084, 0.025610690969090976, 0.026017289462453637], "NoiseHL": [0.18679696167559545, 0.22437127571379217, 0.1754444350691365, 0.22176882525584315, 0.18432434237927103, 0.22950272556435553, 0.19897246440068228]}