{"FilterHL": [0.02717369003821703, 0.04320049571095879, 0.02903635225741935, 0.02829135238735374, 0.02566714129050686, 0.02334810096750756, 0.024846420965011766], "NoiseHL": [0.16132670386920478, 0.17791930989332666, 0.15812890628925108, 0.17352835656914312, 0.17024525206212363, 0.15294586373777458, 0.1704472605677186]}