{"FilterHL": [0.01935926974489026, 0.02630882944319671, 0.012118732578696396, 0.029610983485919146, 0.011591291084341194, 0.022804532704795044, 0.03154853019627747], "NoiseHL": [0.1174729020694213, 0.11090443480471515, 0.14777842138889863, 0.15095529132410565, 0.14610543941210358, 0.14117254872625684, 0.17207608981004466]}