{"FilterHL": [0.005891857244014475, 0.009149203709350387, 0.014351023630744413, 0.012901962459106226, 0.008492083405679621, 0.031644185877972617, 0.004057278180198327], "NoiseHL": [0.23663274437386517, 0.2825884880320904, 0.21382021049650526, 0.29001660588997463, 0.2435650424425249, 0.2995027543519632, 0.25191716903314065]}