{"FilterHL": [0.05617989821701589, 0.059851218905074895, 0.04610389177596055, 0.05573052638764384, 0.06858458375277518, 0.06441114446306317, 0.06277171072210337], "NoiseHL": [0.2829322107303607, 0.2512849642811798, 0.25300597086102933, 0.26201714636773676, 0.18249080941506726, 0.1885159904689344, 0.21072132468792415]}