{"FilterHL": [0.02362389944754104, 0.059396561537313784, 0.07197050823218056, 0.05255816076053684, 0.0672723883503402, 0.2068673351091015, 0.054019887542031624], "NoiseHL": [0.2631235760081536, 0.2560287104781024, 0.2730350846341504, 0.302176624231807, 0.2687332749601199, 0.26619251827292256, 0.27630069282709085]}