{"FilterHL": [0.014091053128842563, 0.033070234238726036, 0.022100176195042672, 0.015610061998651684, 0.016734671440123743, 0.017927334005912583, 0.0579944585611328], "NoiseHL": [0.11397523002945355, 0.33536995345211373, 0.13249831432316025, 0.32610226916620083, 0.11916540317665895, 0.32103571488303795, 0.15134602648074227]}