{"FilterHL": [0.025381433634423474, 0.049410195138115925, 0.005821974269688958, 0.03390556509968698, 0.020903683254594334, 0.027462119862058113, 0.00886738177714524], "NoiseHL": [0.26850942503148606, 0.25976876244909264, 0.2529836890639957, 0.2559663978574273, 0.2764763773044907, 0.24194839594089182, 0.2706524986021162]}