{"FilterHL": [0.0026355886577933796, 0.016329160491345196, 0.012541712575606453, 0.009744861901051768, 0.04750745287710773, 0.1443292652651892, 0.020433126308882103], "NoiseHL": [0.5136167228365853, 0.49406618441394695, 0.4112903881819488, 0.4065826677766829, 0.4985854916328978, 0.5156663368897342, 0.4262270229449455]}