{"FilterHL": [0.015344474360731018, 0.038744543157207025, 0.020067751709033972, 0.0072659053162808605, 0.036612184515138785, 0.0690830705007732, 0.027569057090215083], "NoiseHL": [0.26248238507312455, 0.2665783393491796, 0.2600106895765137, 0.2663840287267908, 0.32097368305581586, 0.34220792043303455, 0.3525395682558468]}