{"FilterHL": [0.006425143094826839, 0.015367164026211945, 0.006793256685746639, 0.02680076063884237, 0.010964558685264894, 0.024757588374020326, 0.017861723465885954], "NoiseHL": [0.1942094699343995, 0.28793668730181204, 0.3489468747154859, 0.4134508962178806, 0.21934588408346276, 0.27911547995392605, 0.3587844818238866]}