{"FilterHL": [0.005833936562613199, 0.009619504025448417, 0.007832989375186018, 0.007058073882478651, 0.020385497670350583, 0.04630164103055911, 0.017389686878619928], "NoiseHL": [0.07463180893972049, 0.28756282543939127, 0.11433004042116025, 0.28067334170225977, 0.23796385959741945, 0.36710217261569017, 0.24985437778259287]}