{"FilterHL": [0.05551495225340755, 0.061457788361059244, 0.03992453280722234, 0.04941140707916269, 0.063442550943963, 0.06818939870882886, 0.06160772327816247], "NoiseHL": [0.23383240325617397, 0.22051587627429928, 0.22034828244810276, 0.2318193782881568, 0.15171586938285367, 0.17449573888481196, 0.17685924073632014]}