{"FilterHL": [0.04611771003915795, 0.031233952778470825, 0.01217326077240068, 0.029830313820627237, 0.051585511268215554, 0.08055910230922815, 0.03053316605710366], "NoiseHL": [0.1420434615308486, 0.129861748671229, 0.12962334189313282, 0.13572561752587942, 0.17590717371211478, 0.2278839131896741, 0.17705067805602492]}