{"FilterHL": [0.07948388837571331, 0.11274568147577642, 0.04809125559000251, 0.07328691385314999, 0.1513800839120404, 0.15228575514988665, 0.0845612041547393], "NoiseHL": [0.43416528653011816, 0.40499013025828423, 0.46286233237364655, 0.479827350029652, 0.399562984540982, 0.342120158992578, 0.38942880165676624]}