{"FilterHL": [0.02220100122629612, 0.01872151104096405, 0.03305625391626948, 0.02893682348811555, 0.03218026251053537, 0.036112694599880625, 0.03658395493089276], "NoiseHL": [0.2704502692417527, 0.2979865217487817, 0.2735721074762924, 0.3506423539287844, 0.29706710440202855, 0.3356349762990258, 0.3001237800480206]}