{"FilterHL": [0.008292101991552878, 0.037324797157249935, 0.020232076952297152, 0.019811449059075156, 0.018544500398038143, 0.024016330538761715, 0.03307295431429156], "NoiseHL": [0.04143671833293485, 0.048211996726438326, 0.05700682249749274, 0.05066777356183657, 0.060793392154598315, 0.07115153235291599, 0.08870262390332118]}