{"FilterHL": [9.525251919559536e-06, 0.0, 0.0001344401536830262, 0.0, 0.0, 0.0, 0.0021592556192312554], "NoiseHL": [0.34879530865580777, 0.3652546522751244, 0.39161387359361494, 0.3894008249463023, 0.3767019529958348, 0.38420521071217134, 0.3989342014140842]}