{"FilterHL": [0.06951567784116143, 0.16389424112055812, 0.0264352405730011, 0.06270721035778436, 0.2454113539179593, 0.07467782214100344, 0.13311338336284664], "NoiseHL": [0.3366630733408684, 0.39467337115747786, 0.3243552780905678, 0.460385137046846, 0.3438036345343219, 0.3437718263914092, 0.35040346949503465]}