{"FilterHL": [0.03419068334193952, 0.05251341604448498, 0.028903696472019822, 0.03092959208285079, 0.031793723280543015, 0.051474234385504386, 0.05384666126575161], "NoiseHL": [0.05020320243477234, 0.04634040833298056, 0.045691120996617644, 0.036612816046829824, 0.02768558584423845, 0.05322007152588235, 0.04331204009652231]}