{"FilterHL": [0.06482249742757056, 0.04912857566932313, 0.04324864970679567, 0.0691822043097561, 0.07880799442805762, 0.1255160495048816, 0.13075747483959366], "NoiseHL": [0.09248476759489976, 0.06977034673898098, 0.046823817882895954, 0.09962668103397226, 0.10826421249324421, 0.13939595998749488, 0.14771313557250962]}