{"FilterHL": [0.026928564683883018, 0.019978960015798672, 0.028117597099565544, 0.00519862892689705, 0.04046466689962006, 0.039483749030153115, 0.05044457888427667], "NoiseHL": [0.16495127964458076, 0.19272702370629083, 0.15354529755651636, 0.21499494148442203, 0.1589540787791649, 0.16804971519584241, 0.14355303010420534]}