{"FilterHL": [0.000997437979982034, 0.009675980642344786, 0.005521253276450976, 0.011742720816539246, 0.024894225148592394, 0.019802892737451252, 0.008466625283985509], "NoiseHL": [0.2942712592539412, 0.3167217546345125, 0.28017677616319714, 0.3391885417311984, 0.2981917502090493, 0.2778487527485712, 0.2929883093916077]}