{"FilterHL": [0.0069386298458587025, 0.014560872088892169, 0.018600284199928086, 0.03465608294361539, 0.01089504065541995, 0.024414282189872752, 0.08679477602528704], "NoiseHL": [0.18101482057501248, 0.25657799091935646, 0.17276479208114334, 0.26875282828287994, 0.283613126010274, 0.3442250987342974, 0.1509083080984519]}