{"FilterHL": [0.031072221832143816, 0.058400314609924765, 0.033762160849102406, 0.05314597947944016, 0.083892618157663, 0.06282001534805011, 0.08124661931231274], "NoiseHL": [0.19401416694215978, 0.17299495920447383, 0.18888527358231483, 0.20285239261559695, 0.20226283797428904, 0.1915552097692038, 0.2069116544272306]}