{"FilterHL": [0.021460160091246436, 0.015186474574970975, 0.02820023597985759, 0.01582781188090187, 0.06988767773068219, 0.08138824116557203, 0.05660108465487249], "NoiseHL": [0.12414515352263987, 0.317118366993729, 0.3468276278450488, 0.24771599267929958, 0.20869684580546646, 0.3559508454773163, 0.3645008005412055]}