{"FilterHL": [0.007293393978701519, 0.035100004540803545, 0.026524684917894188, 0.011239062058851224, 0.015795084515877834, 0.01109683173532657, 0.01569213630498501], "NoiseHL": [0.16199276773404894, 0.17832788186916224, 0.17172743560727535, 0.16951354129650031, 0.20473244596320983, 0.20122133421018168, 0.19591593977096566]}