{"FilterHL": [0.03126912290513589, 0.04317349831566997, 0.01472461191648048, 0.03451912069452815, 0.040822309305964526, 0.05412767598180052, 0.03973023487019205], "NoiseHL": [0.03717132194279777, 0.05900338576391261, 0.03634687763861706, 0.05303031098568517, 0.0257219940414381, 0.056613292726539415, 0.04150245698339801]}