{"FilterHL": [0.024220330955807664, 0.04506645031849976, 0.033975128150498045, 0.03931038350882387, 0.026788597973163093, 0.02737016551927618, 0.020629889988110998], "NoiseHL": [0.04267040437974288, 0.024409260057187195, 0.041033429052140635, 0.04703419248021946, 0.03876627250840246, 0.023748057026418357, 0.038499852948039426]}