{"FilterHL": [0.0, 0.0, 4.4254204784654215e-07, 5.689826838165499e-07, 0.0006278874928649462, 0.0, 0.0], "NoiseHL": [0.12938974008971083, 0.18514569594605018, 0.2108191091580861, 0.16801938030584954, 0.16037899096361255, 0.19317708832355046, 0.20217423592924638]}