{"FilterHL": [0.08548330006259353, 0.056168618234572185, 0.059252132071353165, 0.1603324471598213, 0.10819043754203644, 0.07867820432873154, 0.16576051125347233], "NoiseHL": [0.19362262421332058, 0.19176457056849128, 0.25182670458906564, 0.24773649091339514, 0.17212873384316588, 0.18966902214940667, 0.24626941803749366]}