{"FilterHL": [0.03498847512594628, 0.021460244668949774, 0.040724107808939626, 0.038714243962025795, 0.0197351785340538, 0.028384370531768205, 0.03918010780890584], "NoiseHL": [0.22288559428825105, 0.21020566843171326, 0.34418341127208735, 0.3303509494916142, 0.23363383259725684, 0.18231075450565906, 0.3234936340923276]}