{"FilterHL": [0.03149929714380475, 0.04511696537720574, 0.04882383169641964, 0.030805564784277154, 0.009242742021336278, 0.028931770158956295, 0.03286778362944556], "NoiseHL": [0.27883904894315487, 0.2880964808642534, 0.2712231187872659, 0.2980092075561686, 0.2731438824684968, 0.2947961363117441, 0.27973511146982993]}