{"FilterHL": [0.025797458487523565, 0.04844236895564648, 0.03291149069456258, 0.03200887892724746, 0.0112119780601173, 0.022875793314854287, 0.023903538058916665], "NoiseHL": [0.04083746829176559, 0.052224357670820405, 0.04226337817073117, 0.05050964208753879, 0.007885248786157094, 0.024270162241535043, 0.03922609986142434]}