{"FilterHL": [0.026153304024365942, 0.07382051894428418, 0.02376690026150446, 0.042901680192194175, 0.03436938877808648, 0.03490662064555712, 0.03194629846767936], "NoiseHL": [0.026516267539986222, 0.05442639270428455, 0.03428464725913122, 0.03322356793910115, 0.029022684814676417, 0.0363082791828149, 0.026524301846055042]}