{"FilterHL": [0.0031307676288156645, 0.01548265181450327, 0.009993190601427688, 0.004926252238492662, 0.0047681189373622295, 0.011968685261108393, 0.01969138344897846], "NoiseHL": [0.10059310334671001, 0.20468968766595158, 0.12758213762466813, 0.17246973561105897, 0.106894312631397, 0.14792713096174517, 0.12793277169465364]}