{"FilterHL": [0.024108603660575847, 0.022901643823794608, 0.02384954408450694, 0.018020160027559944, 0.10391755190973405, 0.013202274367897095, 0.034225625697766826], "NoiseHL": [0.2618609316149959, 0.2693524899986043, 0.21477653549169193, 0.2508697280361982, 0.2480820068686826, 0.277533455218482, 0.2138486421533229]}