{"FilterHL": [0.0475623840532837, 0.04796043274145342, 0.05085980351908228, 0.07619542458685402, 0.08524943747677054, 0.05213026790152173, 0.09582118626031987], "NoiseHL": [0.0793776754146273, 0.04675487427203491, 0.0862375317496256, 0.06974068902057508, 0.0813451543328265, 0.03298091571149729, 0.0851177867363548]}