{"FilterHL": [0.008469597988311778, 0.04681560274779754, 0.0353751675764924, 0.04244654399410927, 0.020201942689164032, 0.035045471394140194, 0.014281343871440234], "NoiseHL": [0.18026563223283887, 0.1184963525617138, 0.17982724183177307, 0.08600264863959037, 0.17478089647707573, 0.09052244123753293, 0.14578574041080516]}