{"FilterHL": [0.13014586679196355, 0.05785947271458335, 0.03832386554669274, 0.0014121192483981557, 0.15859097093455776, 0.19638669810697662, 0.028118157171255025], "NoiseHL": [0.3701338554552597, 0.5051464200068038, 0.38783509330771204, 0.5246156231297945, 0.3722452769381119, 0.5348895373167357, 0.40568970999435733]}