{"FilterHL": [0.00023382722987579492, 0.0, 0.018944100299023048, 0.01733042542162332, 0.0, 0.0, 0.028228664558148125], "NoiseHL": [0.15880924869119284, 0.23170510221417212, 0.17245526857404164, 0.189238900137452, 0.19448580951758207, 0.2108191091580861, 0.2028573954483962]}