{"FilterHL": [0.03527813936268401, 0.03500243369073334, 0.022981790648728184, 0.02017402514776825, 0.037190569441882135, 0.02700417091511073, 0.04584608174800962], "NoiseHL": [0.15409962805326322, 0.26641446826747484, 0.16036521615881358, 0.2739502677892679, 0.18601168516717834, 0.1974465933656965, 0.18796006343119803]}