{"FilterHL": [0.03300890321217843, 0.04615610556312675, 0.04426951329050237, 0.020684992377356562, 0.02004340062360879, 0.025652884567684064, 0.053248471476701156], "NoiseHL": [0.036887431974616816, 0.04218679137568859, 0.07199883500279619, 0.06436917841515034, 0.03531521076888633, 0.027409897871294747, 0.08974777267610316]}