{"FilterHL": [0.019388421095505957, 0.047417847442793724, 0.0004893226739155878, 0.02651441722594053, 0.004251847386557184, 0.021497542934152514, 0.008036047865602443], "NoiseHL": [0.17967148633501662, 0.21472672500312304, 0.18789358324801966, 0.23045364322296852, 0.22399587888483247, 0.22992472012748597, 0.23944826054950732]}