{"FilterHL": [0.04963279672391581, 0.07205414519789549, 0.0257888734144, 0.029595964875011118, 0.04334908154046625, 0.03548717564452155, 0.0335840997297803], "NoiseHL": [0.28616839403019456, 0.2074723757526097, 0.27681039934820983, 0.22911410603624496, 0.2766398907103513, 0.22608787972115085, 0.29701435458363207]}