{"FilterHL": [0.00046971404913969067, 0.0, 0.0, 0.0005088955843040987, 0.0007391784599415886, 0.002412280279135752, 0.0], "NoiseHL": [0.301761539521587, 0.32843355267654617, 0.30706506372943193, 0.34398982727819466, 0.34559705550635744, 0.29183887160721417, 0.3208679543044806]}