{"FilterHL": [0.0334759054315154, 0.039670987163446275, 0.016796040768672464, 0.013835757137508451, 0.01922169267045442, 0.02845917661269544, 0.025023802613132844], "NoiseHL": [0.25372847934088794, 0.2532192118239764, 0.2997833301205652, 0.2959812316634533, 0.2642809282241356, 0.2496807176246305, 0.2740312093365286]}