{"FilterHL": [0.025192621708377626, 0.03129771697342927, 0.025659420091619853, 0.015765670062359148, 0.06521850663765161, 0.04079183296501378, 0.07963950181302665], "NoiseHL": [0.28133786795796834, 0.2508719604067594, 0.30063501500279755, 0.2793706940378942, 0.2974234359537914, 0.2611272921674469, 0.30010613277747794]}