{"FilterHL": [0.03134961807667304, 0.047660530496251456, 0.03760476464440493, 0.0372249731763123, 0.03156264185470878, 0.02797388801896944, 0.05780776768187219], "NoiseHL": [0.05315289159239989, 0.0713288262582754, 0.04144550671684324, 0.04839519196625575, 0.05282422189157658, 0.02948469833786346, 0.05305504748740625]}