{"FilterHL": [0.023751170600625496, 0.04938167468630637, 0.015687928730500518, 0.033354789574679355, 0.018139568535209715, 0.01384440107128089, 0.035286595515487504], "NoiseHL": [0.07672352758913192, 0.11943469234004471, 0.1458176682262279, 0.1442655708560921, 0.09400670565458896, 0.0967996027647925, 0.1262691078549267]}