{"FilterHL": [0.05278951356671721, 0.06007697417973719, 0.0471161241571306, 0.04115742699248536, 0.04446357423318087, 0.021375014380002257, 0.03010983942713151], "NoiseHL": [0.1963455676965848, 0.2143065325237922, 0.237845495425346, 0.23520450410780055, 0.21059156562470446, 0.19498475114038658, 0.2562168002118685]}