{"FilterHL": [0.020012216594114188, 0.022813276378546576, 0.01972567721466474, 0.018500982050495347, 0.08048187082124131, 0.08746560875175484, 0.10088022713354268], "NoiseHL": [0.09902728696144524, 0.10362719166749283, 0.1005046363672584, 0.08651945812710601, 0.18874085397393117, 0.19857567656226144, 0.18387053830426384]}