{"FilterHL": [6.653193038100371e-05, 0.00010328839603951854, 5.883944858197153e-05, 3.13994718558614e-06, 0.0, 0.0, 0.0013809623586937398], "NoiseHL": [0.16801938030584954, 0.2328161895114958, 0.19448580951758207, 0.25, 0.11082626344894847, 0.1957864663624126, 0.17098527586296225]}