{"FilterHL": [0.033404829125814356, 0.028413241480878655, 0.01610728814665611, 0.013016448744506588, 0.01950427197443238, 0.0499516822224507, 0.027471477852954916], "NoiseHL": [0.059600092857963326, 0.12992518352559693, 0.07974553572508927, 0.12524814932205755, 0.11770123491569041, 0.17528006323339348, 0.1246374684366402]}