{"FilterHL": [0.0356734833057221, 0.05524058271986617, 0.020946294645602128, 0.04107664528149709, 0.04590835173830801, 0.07450200184916048, 0.0509882222519298], "NoiseHL": [0.14900646276545923, 0.13534306521854939, 0.16616767196681576, 0.18583376361271609, 0.1491844232810463, 0.1320424681135216, 0.17157529115024836]}