{"FilterHL": [0.03544717311338751, 0.031746833029862025, 0.009016042825543961, 0.03942096209584688, 0.03334053175065902, 0.023218103499831434, 0.017159304190376076], "NoiseHL": [0.16107092888645805, 0.17057062735551662, 0.18742974460416448, 0.1874908887731438, 0.18186245555072997, 0.19509712878097768, 0.19146166768215656]}