{"FilterHL": [0.024057384894006696, 0.046483339574956525, 0.03257127514290853, 0.017835530184393003, 0.019219998002038545, 0.019976684457341513, 0.040464858641346045], "NoiseHL": [0.2087831477262714, 0.20654028824912576, 0.22439691643216078, 0.22068405915748068, 0.22237695504359478, 0.2034318853065352, 0.2274822249122613]}