{"FilterHL": [0.026978596952432495, 0.028624753029623633, 0.03788409579103009, 0.04339950646216525, 0.0071858497637462045, 0.02715816764291132, 0.03554901602263065], "NoiseHL": [0.16512005573953253, 0.1909547961824362, 0.15873217838846465, 0.2079086014525041, 0.24996683550689502, 0.27713002971445455, 0.24716327008139696]}