{"FilterHL": [0.003968870043853318, 0.015915134027581008, 0.013182119537940509, 0.02279530048053757, 0.011266503492268166, 0.011623263079155021, 0.02845512720878734], "NoiseHL": [0.1315300214701567, 0.2108784237722344, 0.15346965973565246, 0.19599279030371636, 0.1245639797187166, 0.20344652534064298, 0.1591388600187697]}