{"FilterHL": [0.026481310950550254, 0.00975923454266915, 0.019738428092654792, 0.02343899281336395, 0.02079258167341448, 0.024213588989888776, 0.03443539800571159], "NoiseHL": [0.044272691134687056, 0.07148975652343001, 0.0869301319156736, 0.053684376271818296, 0.07314368556509235, 0.08822974994220008, 0.09972785717827762]}