{"FilterHL": [0.017820706922158955, 6.589966844625275e-05, 0.008668578835942886, 0.0004482051957138441, 0.018971404182744612, 0.009046383250516652, 0.018584931216737335], "NoiseHL": [0.4454949179050179, 0.4281402847364999, 0.42358060151427906, 0.44882260281898695, 0.43526678290908666, 0.4124157679134532, 0.4294037666814921]}