{"FilterHL": [0.008164709427282079, 0.030049707350813623, 0.0044887248883943385, 0.010828665749220423, 0.012194968186017173, 0.011988521261959177, 0.024831612072585038], "NoiseHL": [0.20203892506796298, 0.19858182505594532, 0.2242304944267578, 0.2592105465702375, 0.20486356620739643, 0.19797940405056294, 0.23265613361386486]}