{"FilterHL": [0.02993383661433029, 0.01561693364885513, 0.021535851560441733, 0.012791211420202534, 0.010013744404020553, 0.038500429067775184, 0.03854265523979776], "NoiseHL": [0.12615019463357832, 0.2994021928073563, 0.15659140759412854, 0.3065487365760593, 0.10833828972101169, 0.2707544089242076, 0.1788656519591285]}