{"FilterHL": [0.013580487083616378, 0.028425196711323188, 0.016903315896554024, 0.01323620050141887, 0.28463070353756814, 0.2862913217329289, 0.29263582851341485], "NoiseHL": [0.3383730731062201, 0.337245626648488, 0.34731030712831173, 0.3512424339224047, 0.17269612607227913, 0.18274128572392626, 0.15653596279632664]}