{"FilterHL": [0.018527860789920962, 0.026747691558018625, 0.012499063394410703, 0.024538251870419466, 0.036440344202152426, 0.02152072057362919, 0.1128501919974913], "NoiseHL": [0.2072493420546982, 0.20215792462566184, 0.23582359590179272, 0.24201057701526166, 0.2134682683421423, 0.195778466166894, 0.23420628341114605]}