{"FilterHL": [0.0526519082208886, 0.09794001128892371, 0.04044959255605047, 0.048672293978228975, 0.21114496395095167, 0.14690839457740718, 0.2247680335893916], "NoiseHL": [0.23360410429176312, 0.23637393143428312, 0.18193635428560528, 0.27715245664998606, 0.30436532418178996, 0.240076340426215, 0.28522687392739554]}