{"FilterHL": [0.06628424915516393, 0.07493655759298916, 0.11320411042448641, 0.06974078133895861, 0.06700299862689622, 0.13999785759501784, 0.08118438078661036], "NoiseHL": [0.3396812636563519, 0.3354302268826262, 0.3390399839691239, 0.34782608981311575, 0.3211406199120918, 0.3078693873434722, 0.32376079566239896]}