{"FilterHL": [0.014136958444437412, 0.03071667690234266, 0.016704471479432596, 0.02342684177043957, 0.01534083285841276, 0.018343964332469927, 0.011599444178341436], "NoiseHL": [0.08885021574201486, 0.0943227589744897, 0.08877945683271928, 0.10221720554580932, 0.054284781301274544, 0.06020614618474369, 0.050561384787071804]}