{"FilterHL": [0.056105988274345264, 0.0594433267025765, 0.04952597221108428, 0.050788515632259223, 0.086981996883969, 0.03327798351538541, 0.07359258595191219], "NoiseHL": [0.12773204090572413, 0.14296027543718798, 0.10002908521739444, 0.16103089891396927, 0.15894383071865612, 0.15883054620527273, 0.15308256077635207]}