{"FilterHL": [0.03397850331975501, 0.03481283257763378, 0.03239651145902822, 0.05768954808031737, 0.030381321804898373, 0.032533902673003164, 0.025889286559762296], "NoiseHL": [0.1645814573118538, 0.1470452211636302, 0.16360613612757205, 0.11435649848629965, 0.17801969412833255, 0.11655776262296538, 0.1488325023163273]}