{"FilterHL": [0.005763463974556655, 0.004303261915895676, 0.0038233651949332015, 0.0131787662999224, 0.00422968980997454, 0.0032001757197369115, 0.01706882029933654], "NoiseHL": [0.10704432391758852, 0.16460201592276275, 0.13756670581195973, 0.1932476083394089, 0.11887054116131181, 0.1559100918838151, 0.1542122819260825]}