{"FilterHL": [0.03590494962816489, 0.04533406109489272, 0.0990033885967997, 0.2050549947500713, 0.295800556660211, 0.1472742174701926, 0.06743631838780068], "NoiseHL": [0.2491985123828495, 0.2702588070381993, 0.44812508822674857, 0.41049392228196896, 0.27400788949988075, 0.28442096778238884, 0.42193236374345966]}