{"FilterHL": [0.21264215532006814, 0.2254478451697504, 0.13719730371391092, 0.21697941756682573, 0.21917356880658448, 0.2180488206859783, 0.22017757498269072], "NoiseHL": [0.5418886217582695, 0.5544360631335638, 0.5609243074201972, 0.5459015873427177, 0.5488564771446758, 0.5475913531824461, 0.5485212187546943]}