{"FilterHL": [0.017391421576868325, 0.011631030454930207, 0.01799468105824405, 0.021407822947505317, 0.027404627536287873, 0.042102487018926694, 0.02828568397988716], "NoiseHL": [0.039947026042517174, 0.0504610917027917, 0.05875524789585815, 0.059166448668796896, 0.21462555266778796, 0.2290435919723297, 0.2108722607573335]}