{"FilterHL": [0.046844280382977284, 0.07426825022153287, 0.020409043087495606, 0.07171001556948686, 0.04250576586650992, 0.04669812725245051, 0.05021972797033259], "NoiseHL": [0.05048522544069861, 0.06983112264025944, 0.04460508084678646, 0.07685332106307917, 0.04297177860105545, 0.03516061099925055, 0.04771279837673072]}