{"FilterHL": [0.032923699228529904, 0.04347474255534753, 0.018120642101286062, 0.03638951950952342, 0.028395581933570665, 0.03500260106171497, 0.03477475163052004], "NoiseHL": [0.032658617712367284, 0.07249897141929373, 0.030194771888347835, 0.07337385995572758, 0.03523021512566747, 0.07166088826256567, 0.046678270821715884]}