{"FilterHL": [0.029454475948680493, 0.052532682225107374, 0.028391368407785066, 0.03427614735556196, 0.037688046965386475, 0.03660010469135547, 0.03931372007984267], "NoiseHL": [0.04244648935224154, 0.0500144929854699, 0.026029303228300448, 0.047301522673423246, 0.051686925690294566, 0.03219343616244774, 0.05003654314525359]}