{"FilterHL": [0.07122728870069728, 0.06526967956118407, 0.0525409844287737, 0.07338239987015398, 0.2209324393084359, 0.13549067144477495, 0.2588817831883273], "NoiseHL": [0.27810740855065413, 0.09970432287643458, 0.2979218714291572, 0.12257499230531169, 0.3327474505610134, 0.20593686922466378, 0.3544663031437835]}