{"FilterHL": [0.010699663100255474, 0.034155528108161984, 0.011018639149328347, 0.003087504272688057, 0.2659928229340535, 0.25247848841831566, 0.007972331382212152], "NoiseHL": [0.33161253567880516, 0.36968478520613285, 0.3445276331090987, 0.37560427613295405, 0.36400699787157537, 0.37011291200991187, 0.3665383418396033]}