{"FilterHL": [0.019834871290197214, 0.0446401867804083, 0.03501886914211998, 0.04594963749398181, 0.021807079573927732, 0.048378727613888936, 0.038692868229133405], "NoiseHL": [0.12030041639833577, 0.11609664053602624, 0.12234862518173018, 0.12442200887797537, 0.12207238162039553, 0.13221012356498837, 0.13183549183474966]}