{"FilterHL": [0.007283235949473369, 0.04558682482317764, 0.0221296531323515, 0.042920388284206586, 0.007373595830751959, 0.009585681013202273, 0.024365324748148464], "NoiseHL": [0.12162288648407595, 0.16663203580934574, 0.16203406944318888, 0.14434415386650562, 0.14426295168642767, 0.16684326729722126, 0.16524205930736]}