{"FilterHL": [0.019720673899702626, 0.03505473309932642, 0.011040301442152182, 0.01903800979014008, 0.010491568976423967, 0.028425569274978642, 0.03709273851169845], "NoiseHL": [0.12315793819975131, 0.1802985114688629, 0.11108341751641627, 0.19665476034164822, 0.14615861185297582, 0.17472740275372695, 0.15867278581492283]}