{"FilterHL": [0.03340463041188388, 0.012581022273714007, 0.012727666229759547, 0.012472716460379146, 0.027764340651665997, 0.020594179650842124, 0.03725351840092012], "NoiseHL": [0.14642328564768503, 0.09422323870276919, 0.12339472547732527, 0.08526851370734084, 0.11683903359641175, 0.1534234195814782, 0.1152483852307673]}