{"FilterHL": [0.03017391297077122, 0.05892964776622087, 0.03272764974365042, 0.040866961035190046, 0.024594010660629603, 0.024514479352192888, 0.05154505707566211], "NoiseHL": [0.02912082749299081, 0.024206059655022233, 0.025940189709374454, 0.022363722881802373, 0.019638824954497758, 0.02193728726898977, 0.020946711939324986]}