{"FilterHL": [0.08947170661748634, 0.10877384472256074, 0.0709581963026549, 0.08276207031440855, 0.2689810996185591, 0.07762333558477368, 0.2148280314887825], "NoiseHL": [0.4924446166846579, 0.4950910467099418, 0.47333042195457414, 0.4729414403775064, 0.4713412590543214, 0.4729118152774628, 0.4745312722652003]}