{"FilterHL": [0.01701909013633081, 0.0951354031327865, 0.0813802051828517, 0.1756304962783942, 0.006925073187371156, 0.05647385986970962, 0.03923449788580772], "NoiseHL": [0.22213085051852197, 0.14439939973643487, 0.5285619382880173, 0.4779611667817959, 0.22032124858617416, 0.1225674518669038, 0.5055999244335291]}