{"FilterHL": [0.03855958534931579, 0.03167610236737531, 0.04717281177442084, 0.04287361319105036, 0.017737792008466924, 0.0522896304798595, 0.020467482556159815], "NoiseHL": [0.125095921748436, 0.13261669991748412, 0.10686554321422768, 0.11170344853460047, 0.11582532329219143, 0.15098590100473708, 0.1002616537196699]}