{"FilterHL": [0.04976758835259564, 0.03509124150533694, 0.02963422150808749, 0.028579852186682866, 0.030633997419184548, 0.06865533307041105, 0.05035644626585312], "NoiseHL": [0.2327088309985495, 0.2182218156955742, 0.240155961564259, 0.2179162548688061, 0.2793261570254427, 0.30661837455935215, 0.28916314989751846]}