{"FilterHL": [0.05936235603053017, 0.05293991547050043, 0.03851643012748001, 0.0401864959928592, 0.0617120444447253, 0.07712630490572532, 0.059428708864945314], "NoiseHL": [0.10103478292797642, 0.12896213139326035, 0.155023425146419, 0.11111880125529341, 0.10461094748571927, 0.11730617956686003, 0.14237423522696013]}