{"FilterHL": [0.6201587987169913, 0.049864278879962705, 0.03371548304594598, 0.037864312981013185, 0.04291538964353849, 0.04250718961252788, 0.07003491350241048], "NoiseHL": [0.0779385688991336, 0.11633810088222936, 0.07921509665817704, 0.09014906071532879, 0.0838073353017622, 0.11560533611918926, 0.09699978877118513]}