{"FilterHL": [0.03452048102507563, 0.04226982576722455, 0.03883103324837358, 0.02550560681897718, 0.025672040923641167, 0.03173270412838408, 0.024772191593592768], "NoiseHL": [0.04215601438567999, 0.05600383583033933, 0.037837342147617685, 0.033068106720554505, 0.015912993094508717, 0.03811079286716217, 0.02908173020532594]}