{"FilterHL": [0.0, 1.2644055683734778e-07, 0.0, 2.52881136284027e-07, 1.2644055683734778e-07, 0.0, 2.52881136284027e-07], "NoiseHL": [0.17390359233227098, 0.20838248111736035, 0.22493644505680488, 0.2622422036792348, 0.20838248111736035, 0.2372144506373005, 0.2622422036792348]}