{"FilterHL": [0.0021178491009283154, 0.006641509616696804, 0.0029617927426821822, 0.010715812511478346, 0.0013064404089050809, 0.009868343193647657, 0.018862538633622583], "NoiseHL": [0.08002175046138739, 0.09131187253837984, 0.09906818553102996, 0.11277514279938482, 0.10392552117036828, 0.09793315406171085, 0.10915984835090596]}