{"FilterHL": [0.0256435557033152, 0.032586681104764204, 0.01646929292765735, 0.02890206219365041, 0.022519900872210438, 0.019756891830204456, 0.014044638627631388], "NoiseHL": [0.10223572835894272, 0.12358740281170286, 0.1133102165818462, 0.12586061859536063, 0.12511885088987168, 0.14054701851762108, 0.12415064023738732]}