{"FilterHL": [0.043667365262150815, 0.03708810045653437, 0.022340898049321465, 0.04674555311060192, 0.04621618112978275, 0.07127917882267877, 0.026454831170505788], "NoiseHL": [0.041237619136266196, 0.05386018342655568, 0.03883148313120688, 0.05072455298692737, 0.04501629570806726, 0.08436218149463603, 0.04552037587991098]}