{"FilterHL": [0.0, 0.00012417551898819196, 3.1631917323039234e-05, 0.0, 0.004457422886186141, 3.1631917323039234e-05, 0.0], "NoiseHL": [0.17677669529663687, 0.2404665476109235, 0.2436805101854153, 0.28908494657548534, 0.20467814417459612, 0.2436805101854153, 0.2711126287664416]}