{"FilterHL": [0.4251740207049296, 0.3504557467417836, 0.5679611745570771, 0.34657920973064943, 0.3510198862414389, 0.5683933263960015, 0.7496201628801993], "NoiseHL": [0.6989389796300532, 0.629299714119391, 0.7168763784594075, 0.628438583083384, 0.7096023724434461, 0.6426950964889944, 0.7357187552406208]}