{"FilterHL": [0.013549043586252809, 0.0055537103864927466, 0.015019188655806273, 0.011809085978688355, 0.06585482671110823, 0.03840073265003632, 0.04876824464965069], "NoiseHL": [0.17511753243534184, 0.2527476928633184, 0.19196575325842552, 0.2648309372255514, 0.1766089458374687, 0.2231719308949662, 0.18766448800995214]}