{"FilterHL": [4.889051329073511e-06, 0.0, 0.0, 8.996817166106626e-05, 8.996817166106626e-05, 0.0, 0.005474361015033421], "NoiseHL": [0.11942301505899512, 0.13317431117202394, 0.13502822103059414, 0.1368579400081564, 0.1368579400081564, 0.11520270074770814, 0.15237707995139405]}