{"FilterHL": [0.02604725966234818, 0.03819672015240831, 0.004071459695488737, 0.047847920684604486, 0.016735960325455795, 0.01749479077594642, 0.027789604518885794], "NoiseHL": [0.1250931992062969, 0.09775917353368525, 0.10954118943813601, 0.07991852944791884, 0.11771119722059861, 0.0714104940774381, 0.10356967389717721]}