{"FilterHL": [0.006980109282305712, 0.009030186776294982, 0.002167923191209205, 0.028573582502011086, 0.014527357879580467, 0.017011543674376208, 0.038359738417300865], "NoiseHL": [0.13021343871600657, 0.11305335094460368, 0.12974782354423225, 0.13294766951584927, 0.15393957313380777, 0.15254672217963805, 0.1738192149373392]}