{"FilterHL": [0.03113349715453996, 0.03837865499187909, 0.022374744151796046, 0.030874923777138314, 0.023927374877339383, 0.029121058535940388, 0.028200211138762928], "NoiseHL": [0.15555105349425477, 0.1843821648698687, 0.17721173097905735, 0.18944375468598676, 0.18651389374379193, 0.20844159149311448, 0.219152075404979]}