{"FilterHL": [0.0, 0.0007501481929225416, 0.0005149058612784758, 0.0007501481929225416, 0.0021161566114184264, 0.0, 0.01182507804818728], "NoiseHL": [0.3053053667491258, 0.323404856382213, 0.2681834254622317, 0.323404856382213, 0.2317051022141721, 0.2863094019622411, 0.2059196678858405]}