{"FilterHL": [0.03770655960113004, 0.044757502818128146, 0.03974410199115836, 0.03750805143074099, 0.03776023352283863, 0.029756820616432377, 0.05999675572587769], "NoiseHL": [0.06986402608641389, 0.07290261727989629, 0.043390935503397905, 0.04760127954728166, 0.06289673143139912, 0.04775876847184014, 0.055250077522100864]}