{"FilterHL": [0.0027375041329900218, 0.04334017740303514, 0.016925225895152524, 0.0067593121603799836, 0.009079716082578538, 0.01642325491590086, 0.028865010629932183], "NoiseHL": [0.16503215155754336, 0.21415071027239366, 0.1650205003101059, 0.21599170597882436, 0.14744562122297064, 0.18652955895792542, 0.16041202509617206]}