{"FilterHL": [0.0113305440728357, 0.0321893737498278, 0.01818240995290297, 0.025933250298504868, 0.015473876096433182, 0.01667714498032948, 0.02332993758512578], "NoiseHL": [0.23420956390433553, 0.14375379459839255, 0.21346401262683576, 0.1549607668530325, 0.22305826742653023, 0.2378352526426662, 0.22757046393847943]}