{"FilterHL": [0.0063782441834542075, 0.01652287690303805, 0.013233950984784727, 0.010879754224204924, 0.007057331855647108, 0.021437252876942956, 0.015622274659138883], "NoiseHL": [0.24583692359701, 0.24709689512237049, 0.294081839929364, 0.2939645802264865, 0.2836773428351797, 0.30439890169145256, 0.3166444492010544]}