{"FilterHL": [0.00611217114052068, 0.007778055558538452, 0.007540355771596283, 0.024999496669900225, 0.011986522828213091, 0.0037916918797156747, 0.02520995709074307], "NoiseHL": [0.1932241865186314, 0.31067433398481903, 0.19710497037772204, 0.3249821257824123, 0.16953611302628332, 0.3418722468032947, 0.14489746721399877]}