{"FilterHL": [0.009831955235433253, 0.011910131409664529, 0.016191838897348203, 0.011337255068868367, 0.008478060494475746, 0.015113239102209058, 0.0055052479622454565], "NoiseHL": [0.1222718511224498, 0.21562060956197784, 0.16962416458489352, 0.21941878844867002, 0.1404497471375196, 0.19746218997243398, 0.20213228655356116]}