{"FilterHL": [0.023631841603450575, 0.005594169324686846, 0.013757696002420003, 0.032786851259266156, 0.008353964699280236, 0.024466550806461818, 0.008070015524000919], "NoiseHL": [0.29426360674127844, 0.3209784566709659, 0.2761919029194425, 0.34075292398002854, 0.28728304276234884, 0.29758847426332685, 0.2858427329740224]}