{"FilterHL": [0.03295673834663046, 0.06254762285962213, 0.029999915498868716, 0.04009888444071484, 0.0219538883575753, 0.02266477168491851, 0.05585213821205731], "NoiseHL": [0.007175419566367507, 0.011674909339712393, 0.010834105973721692, 0.011596097474231088, 0.01107583992165147, 0.010846496854228303, 0.012107503306985595]}