{"FilterHL": [0.02914281965122821, 0.05436000580591472, 0.028421039659440584, 0.037336741757716445, 0.018312474058195506, 0.031143789319459467, 0.03349164400394024], "NoiseHL": [0.038538116337702995, 0.0633133889385832, 0.030453102486716628, 0.05323075341884223, 0.025947060757208314, 0.03251617585420606, 0.027372873864707575]}