{"FilterHL": [0.0353148859606429, 0.0471218089618625, 0.05139004390934809, 0.06251672270742002, 0.049904926223575584, 0.04799262243052522, 0.0312796365179977], "NoiseHL": [0.056361084786134524, 0.05817353238591748, 0.06766590245235392, 0.07628570496528816, 0.08299479232561732, 0.08316742459054481, 0.05771453477932619]}