{"FilterHL": [0.016158514349686123, 0.03312005917218854, 0.05135139282416708, 0.021650870340463393, 0.051401099891426674, 0.04355846898728646, 0.06207050683806288], "NoiseHL": [0.12544994773514698, 0.12430690095649059, 0.14848646699157775, 0.15214124377209992, 0.025781060942523998, 0.057438686020915126, 0.05443545544659647]}