{"FilterHL": [0.00671467616257836, 0.03252653237115347, 0.0066296900937766945, 0.011106903615659776, 0.011480221095750432, 0.006075104670859954, 0.011507550002706932], "NoiseHL": [0.12549760448763198, 0.18375374390682467, 0.1254993848201321, 0.1996599783821685, 0.10162198281999597, 0.16204365473050739, 0.11326631677176172]}