{"FilterHL": [0.06163943366441104, 0.08515544255276901, 0.046868341387090846, 0.091339779400131, 0.054414652184877545, 0.07591948203487536, 0.06396400953463723], "NoiseHL": [0.20379171727202197, 0.24009945636689475, 0.2369079509519358, 0.2776145466197274, 0.18922344965322466, 0.2369437515044415, 0.2062308724921838]}