{"FilterHL": [0.013880573250031097, 0.031116353114930443, 0.018541569828112347, 0.03226117459022596, 0.02296740402870325, 0.015241708883047912, 0.02427830522766934], "NoiseHL": [0.21872583902113002, 0.2272265024349216, 0.23679459856529367, 0.24765050519761853, 0.25024069415461553, 0.24879651857778173, 0.2567801664838791]}