{"FilterHL": [0.0692141191675702, 0.30737162797548706, 0.13065762429803116, 0.05422608448341762, 0.0815454352898006, 0.07898408852842263, 0.11162306228449272], "NoiseHL": [0.5226329620832629, 0.5580705929711369, 0.520082736059, 0.522178288867677, 0.5168389878690652, 0.5265367896336559, 0.5273363328236437]}