{"FilterHL": [0.003446020344033069, 0.030237438156714466, 0.029616982928029844, 0.006270848908374232, 0.020548146560036156, 0.014101054818278771, 0.01778939135412434], "NoiseHL": [0.13325413503194047, 0.1507394546647372, 0.1510176846016333, 0.17976562505131974, 0.21239932755294438, 0.22437378706025699, 0.2332633855474492]}