{"FilterHL": [0.03545629361201402, 0.04020776808757509, 0.024772133399256775, 0.04324019051404987, 0.20569903160162956, 0.209196068244448, 0.2035588976452974], "NoiseHL": [0.05807134736712714, 0.054754041164809954, 0.03463110081606174, 0.03139088124561449, 0.06961113114561548, 0.0777458928768641, 0.07671976788608807]}