{"FilterHL": [0.011094791978318478, 0.02071050790500184, 0.0009798139214627665, 0.0321221813880469, 0.00510911455288417, 0.030921965067915815, 0.03757275718022866], "NoiseHL": [0.32600987353808003, 0.18663663977353262, 0.3503867895457818, 0.19271048221902187, 0.30882926095274793, 0.1745850575840017, 0.3733900875541528]}