{"FilterHL": [0.0003813210621746093, 0.0, 0.009686739634836915, 0.0004601615069519818, 0.0, 0.018400756643198384, 0.01734938927851311], "NoiseHL": [0.32759952141623117, 0.34879530865580777, 0.29215688708120885, 0.3729127483443755, 0.34639862872051724, 0.30214651007058996, 0.28687223894363784]}