{"FilterHL": [0.021876968996118608, 0.025801611884185952, 0.024549685167795727, 0.025820862292802303, 0.020633139448335888, 0.029797375949694744, 0.03689279866835374], "NoiseHL": [0.19291151499786366, 0.22895097953039995, 0.20960410228608847, 0.23994920393374733, 0.20549357021699835, 0.2328260019941012, 0.24798177187524373]}