{"FilterHL": [0.023494897563196303, 0.05345785879872473, 0.03781085880270474, 0.021280530806687816, 0.023053605951014945, 0.0382519130926712, 0.021379142476376754], "NoiseHL": [0.14698687301392502, 0.18702414306695564, 0.09970204225478524, 0.12711570194138663, 0.19692957783178502, 0.19147634479684864, 0.14937731661787995]}