{"FilterHL": [0.038777094016050374, 0.03602176743243779, 0.05006133425759383, 0.018502172428796943, 0.03946222393955551, 0.014388156928305936, 0.04897005575955191], "NoiseHL": [0.20562449693845433, 0.17109696651403766, 0.14395101590671822, 0.15123663165373952, 0.1703836935576152, 0.20003180310925345, 0.14271029762561682]}