{"FilterHL": [0.02939584022258979, 0.06125385637137146, 0.026519099918869637, 0.07177555323179434, 0.04371636735875573, 0.05077776192882203, 0.03454116396439018], "NoiseHL": [0.25862625026116465, 0.2304728582402369, 0.2686207951197672, 0.2520252078207924, 0.25228655159243424, 0.24646940857927907, 0.25508949538994174]}