{"FilterHL": [0.05407449593788063, 0.06867039100632671, 0.05067273060576025, 0.041465506778785216, 0.09453467493381854, 0.08787120750082215, 0.08939396420340014], "NoiseHL": [0.23664427258107623, 0.2109168803031902, 0.2448272752683638, 0.22739652606789454, 0.2381849329945101, 0.28443289769234215, 0.25552472980989854]}