{"FilterHL": [0.0, 0.0, 0.004823619997821314, 0.008422684017965313, 0.0, 0.008756659434269069, 0.019865349322612504], "NoiseHL": [0.20217423592924638, 0.2339226017491985, 0.2343223738071536, 0.23594376994981567, 0.23612166756010977, 0.302650597456391, 0.23538952591441736]}