{"FilterHL": [0.06647474304964825, 0.03951794967531278, 0.04661577805240668, 0.04199208245848062, 0.08964049041544433, 0.043134607912431296, 0.028590578033281723], "NoiseHL": [0.1929631268120453, 0.03624845074080604, 0.1967628210816831, 0.037760788967227586, 0.18347771891286874, 0.04403978044992297, 0.19261819406935257]}