{"FilterHL": [0.03598689969084071, 0.05345003473485955, 0.031505021623822994, 0.05680241438899291, 0.22508154299388222, 0.2483942634716083, 0.22532291704387636], "NoiseHL": [0.03708357868326998, 0.07317714616132208, 0.0609457755339562, 0.037933550809789114, 0.0394109001006306, 0.03153003128506913, 0.03479922125883961]}