{"FilterHL": [0.17091710036664323, 0.18481847377777694, 0.18213071612898665, 0.19145044859160903, 0.21273277340944297, 0.21009831990831812, 0.21379055246486509], "NoiseHL": [0.6103073228407083, 0.6328981275151182, 0.6149100577209732, 0.6354462833117088, 0.6437400765327668, 0.6427315720343134, 0.6412299677387555]}