{"FilterHL": [0.012152175735528303, 0.015699867818847427, 0.011848645308364143, 0.028568239585700296, 0.005405926137267896, 0.006439983466223927, 0.00440525625927063], "NoiseHL": [0.20217428899451503, 0.24909941441226205, 0.18829074483985966, 0.2878052596634954, 0.2991100670031862, 0.278278545928009, 0.2749946899953928]}