{"FilterHL": [0.01171334639106854, 0.0758268731211648, 0.03096629708821654, 0.04689656142502957, 0.024792688572714317, 0.034327930022676444, 0.040742491383583775], "NoiseHL": [0.24904773884929524, 0.19504125610503012, 0.25833604819603406, 0.2164216935106201, 0.249201318326963, 0.2368496554997064, 0.24808348887868814]}