{"FilterHL": [0.033406437189158276, 0.042737435162405316, 0.011160003066737981, 0.03983953905934654, 0.005981429213796347, 0.05598258032815917, 0.009672717016043018], "NoiseHL": [0.12666362528619896, 0.17682061502829874, 0.1387535241833813, 0.17571534580016931, 0.1924422853465859, 0.1598948074682529, 0.1959562463768477]}