{"FilterHL": [0.01487183057422691, 0.03263516199944451, 0.011489670871208073, 0.0316925843688346, 0.06182812240106538, 0.061660135095434596, 0.05656817214226981], "NoiseHL": [0.17303591427518422, 0.16712264712903221, 0.1896865420411498, 0.211819673205479, 0.15591858460112712, 0.14306299411575843, 0.2044961852192909]}