{"FilterHL": [0.03537703393179595, 0.03589225364822116, 0.005659006064248033, 0.032184342627785675, 0.01997650564171494, 0.03044858025163411, 0.0356805321816562], "NoiseHL": [0.12711314977408242, 0.08361070426828798, 0.1426988026918549, 0.10878919343581651, 0.13482143029253071, 0.09201805899959085, 0.1386814176590755]}