{"FilterHL": [0.02652773420554595, 0.05354964637417196, 0.007274664400338009, 0.0038143267004427167, 0.017563587642204025, 0.006344609396653021, 0.004187045039235146], "NoiseHL": [0.29277655560294685, 0.27598394752110467, 0.284515820936632, 0.30355663570240127, 0.3039572501544185, 0.325136275000754, 0.32796293249319936]}