{"FilterHL": [0.027234479982509503, 0.05240868594891805, 0.022018200515179477, 0.018124620312588692, 0.034119341972069714, 0.048242507607495363, 0.027781693170713384], "NoiseHL": [0.13080364485788162, 0.1182755720697884, 0.12764854528908226, 0.12636783556691572, 0.08819024211078422, 0.06891291484037858, 0.07923537439437776]}