{"FilterHL": [0.01642035820958223, 0.0428758720288022, 0.009052054191729603, 0.019718451265387443, 0.0485117799137666, 0.03996270707683833, 0.045363286977913114], "NoiseHL": [0.0709481996412037, 0.17490050144903496, 0.08099831028572894, 0.17734072158525946, 0.08716812656341476, 0.1611846462597995, 0.10183637825614161]}