{"FilterHL": [0.003502577608561939, 0.015762584810451858, 0.010863528772104709, 0.005541026904761429, 0.004846055323084583, 0.008788193153717356, 0.013424430752954441], "NoiseHL": [0.022551107255600777, 0.044746667393331434, 0.09150412211263663, 0.10631862747273318, 0.08883226927598345, 0.11741692331452093, 0.14907531601124485]}