{"FilterHL": [0.02796177808307036, 0.005578595963199246, 0.01311897255764538, 0.012112187379380891, 0.07928590453599528, 0.09061964739794676, 0.09002445226672141], "NoiseHL": [0.213201265970061, 0.27423977978547415, 0.24749495013379405, 0.2839082814796604, 0.25620910813897185, 0.3041364421593974, 0.23941743686871053]}