{"FilterHL": [0.04290366627601387, 0.04280241332974654, 0.047139964337804804, 0.04049876311865048, 0.07190968501505758, 0.06916083993105077, 0.07885117533728621], "NoiseHL": [0.06949285641603062, 0.061760052699711444, 0.061947991401686504, 0.06263252503461139, 0.061011433882053046, 0.07475890279679298, 0.06591708059595056]}