{"FilterHL": [0.046507501689261176, 0.0667264106269272, 0.03062727701446652, 0.03844359261761898, 0.03641502426813481, 0.03645778269125724, 0.02556045013345592], "NoiseHL": [0.04462436380399171, 0.055907399662026964, 0.034127351784768944, 0.03312784621838466, 0.026133297683825378, 0.04051705959038082, 0.057558081115609956]}