{"FilterHL": [0.027375684153098524, 0.0661018525737113, 0.030302167562290767, 0.05411242073687386, 0.037051625007780954, 0.06201755685767269, 0.04274797859055968], "NoiseHL": [0.034236036512527455, 0.07045884323557068, 0.037506664752997285, 0.03927811609665523, 0.039184914250928904, 0.062466820672380186, 0.03795347273966879]}