{"FilterHL": [0.03063309014303175, 0.029947288520539496, 0.03039657490875721, 0.05147818609759558, 0.2726300648430476, 0.26241840256314775, 0.2780869191276791], "NoiseHL": [0.15491808491411993, 0.16321102305500232, 0.1285881382900597, 0.13702775708298578, 0.3154870891953404, 0.31284098599333515, 0.3490083039161184]}