{"FilterHL": [0.11630176329757938, 0.10280254581287919, 0.09117508373852216, 0.11720676682058728, 0.1323325225526285, 0.16387955798016518, 0.09099550170844212], "NoiseHL": [0.22393818421249498, 0.3820398074135668, 0.21723612451933433, 0.35626573112733284, 0.2687235370363269, 0.37410552946228687, 0.22305226468669623]}