{"FilterHL": [0.007103257809611048, 0.015354236077573632, 0.0041981786980688305, 0.0020501614362691428, 0.006552400184861321, 0.015102267731988568, 0.00991146518596912], "NoiseHL": [0.10746566072533438, 0.12609408709261544, 0.10702497744225846, 0.12621224032686543, 0.09920202210989332, 0.1261417491684684, 0.11520977971300464]}