{"FilterHL": [0.009136492811644099, 0.024590825493554444, 0.031459207648671286, 0.0056591960108775055, 0.07828801431688351, 0.044783417947686845, 0.08261505952121272], "NoiseHL": [0.2350554711603596, 0.23035314960500639, 0.2552981633622051, 0.2639354629222932, 0.2321589429267938, 0.25959362344142, 0.23298642649757748]}