{"FilterHL": [0.0033270456675371127, 0.020570319832575318, 0.009260559951616242, 0.004751888321265969, 0.009360939251776237, 0.015301956558691678, 0.017604926489145967], "NoiseHL": [0.17251928319615675, 0.20337102389955763, 0.17014638109582716, 0.20099687768925542, 0.1514750045940503, 0.17004888545905741, 0.1572858669284727]}