{"FilterHL": [0.0, 0.0, 0.00465949676244013, 0.008659329668739916, 0.02435522931193401, 0.004394185758378679, 0.003655721364882172], "NoiseHL": [0.30968974984153164, 0.3008703820942616, 0.30709347601389186, 0.3104159149497751, 0.29538485938447, 0.304584360501961, 0.3350491837643214]}