{"FilterHL": [0.0004134067410305317, 0.01469258824832959, 0.012595844575389644, 0.011626094585396167, 0.004907845454089352, 0.02824998617769473, 0.004001583115623041], "NoiseHL": [0.15725080644542305, 0.19755176596884247, 0.22338625056106065, 0.21591014708942666, 0.2145393488234221, 0.35611991131017867, 0.2527388338177034]}