{"FilterHL": [0.025450243160782437, 0.04736797450628819, 0.011995163963248796, 0.03559535601512402, 0.1080913772315351, 0.11086606418213132, 0.08181145013215177], "NoiseHL": [0.11209283915054956, 0.21141005208435124, 0.12827901315881804, 0.17734388820210747, 0.11108462303491774, 0.16729605313221133, 0.13527707888417376]}