{"FilterHL": [0.041365568350885916, 0.010929237641762478, 0.03275288002256993, 0.009855157476576587, 0.039089588695035614, 0.014877946464583198, 0.04038421388625377], "NoiseHL": [0.15760440439454268, 0.17775017770677384, 0.18392156764827705, 0.21610248246438424, 0.2119347942510886, 0.2166401969934787, 0.2282146827588828]}