{"FilterHL": [0.08344509191534658, 0.10668358481962531, 0.03381777233887685, 0.03914130485985607, 0.09733708145910447, 0.19274488419711155, 0.05379831677301471], "NoiseHL": [0.3347954291910756, 0.26501281239768715, 0.21740737108733577, 0.20164002702714093, 0.3154062396449345, 0.32302178168216256, 0.22039369707492878]}