{"FilterHL": [0.11532906336521923, 0.22820552425876117, 0.1562369716524764, 0.27187835704705116, 0.15573512536700443, 0.4045263864963305, 0.23226026207817357], "NoiseHL": [0.5975001793426509, 0.627544553822532, 0.6027257268527865, 0.638306920082478, 0.6020086249816564, 0.6663966369882568, 0.6284876211370442]}