{"FilterHL": [0.04932880065480263, 0.06361547429309385, 0.03847297596641593, 0.02041346574782503, 0.04409579635010326, 0.049569496399605874, 0.05938031993110345], "NoiseHL": [0.17671237252460542, 0.23620310998823651, 0.19222615191410058, 0.22586414236220853, 0.20550506416922806, 0.22295782662940328, 0.1869408605950898]}