{"FilterHL": [0.005009875010643113, 0.028018288776138232, 0.020095268567926896, 0.009210153336193039, 0.015329022585329019, 0.007769950860612715, 0.009564806165013066], "NoiseHL": [0.24976725014894272, 0.2562515443400552, 0.24259784869714277, 0.271550455694607, 0.2598383982749768, 0.2927145013811695, 0.2613352644702425]}