{"FilterHL": [0.015486355551542019, 0.009696110913331137, 0.02004030622660791, 0.015837731565455655, 0.032265116239922786, 0.01618141031126339, 0.035423543403109756], "NoiseHL": [0.16442338996234854, 0.17801755043356549, 0.17591070496670125, 0.19929685131161892, 0.21929896709853447, 0.2548295404854919, 0.21425067495641267]}