{"FilterHL": [0.019962499559659667, 0.024775546587339888, 0.05909183614028524, 0.016765963601367943, 0.06486372511736578, 0.09984869802680857, 0.03525274226866537], "NoiseHL": [0.21581142380672394, 0.22808080947796133, 0.36193259594367294, 0.3757041041354715, 0.23666119809232752, 0.25406193892813006, 0.3175652936060783]}