{"FilterHL": [0.011281712032063858, 0.023797658325557892, 0.0037527169100787503, 0.02472075170438913, 0.010010308896433616, 0.015965401757364512, 0.031261904753694884], "NoiseHL": [0.14033885123850204, 0.14633215385199375, 0.12776510184876752, 0.14249679239928345, 0.14131988669453505, 0.12182657844625763, 0.12161831854380023]}