{"FilterHL": [0.016445010015851455, 0.04122063233287657, 0.02232452415850276, 0.06758316196850586, 0.014507415245709891, 0.0215088599836597, 0.021728778636848762], "NoiseHL": [0.19026265748661392, 0.2030500627868481, 0.2277845619523813, 0.2135143080593638, 0.2142554182203654, 0.1966872940772604, 0.21055736071289496]}