{"FilterHL": [0.025176888764282354, 0.0348932490613198, 0.013992910058688392, 0.030200043536525098, 0.019104237949462487, 0.022212267886745234, 0.010961204453137743], "NoiseHL": [0.08385126380978752, 0.13139026751973854, 0.11991424614319361, 0.13352375348692236, 0.1588901881621103, 0.1739658427183553, 0.1759029584569154]}