{"FilterHL": [5.0282978106612946e-05, 0.0, 5.2200798692555216e-05, 0.00023679957184189368, 0.0, 0.007308330951982576, 0.0], "NoiseHL": [0.2034297098849552, 0.2825738991468142, 0.2510397938369346, 0.29997710552629714, 0.2541370758203428, 0.3267638742314115, 0.2863094019622411]}