{"FilterHL": [0.028388923574860035, 0.052507050624085616, 0.019679431945015306, 0.02469713430088385, 0.029843394485350533, 0.03905724758976142, 0.03215299271345288], "NoiseHL": [0.02328465378974426, 0.04603899576063592, 0.020347455696661066, 0.03798325951098334, 0.017128288879729427, 0.02395555564563362, 0.041935834199277884]}