{"FilterHL": [0.0348189347090018, 0.09314276668111279, 0.03630824159646968, 0.05047041000479376, 0.2826729029353255, 0.18063241108196237, 0.08895975547271107], "NoiseHL": [0.2108871210031878, 0.2274408971846889, 0.29159451329949654, 0.30262521673496817, 0.2206418093885452, 0.20405252027410914, 0.2606854627575258]}