{"FilterHL": [0.00394729086239326, 0.002972526996861343, 0.001210203426085246, 0.007000395556180607, 0.008631555219669133, 0.006930199319729614, 0.012356431939155496], "NoiseHL": [0.12939004942495003, 0.1350621060135001, 0.1350767012497621, 0.14046472691801157, 0.1369104218632377, 0.16049931301814413, 0.15413204271172928]}