{"FilterHL": [0.030794911315827525, 0.05497446521388135, 0.03221167792112178, 0.02792850525962135, 0.03948499946475927, 0.06238842342893169, 0.04515894261238284], "NoiseHL": [0.07546392169895604, 0.09363950764379987, 0.142407187488157, 0.13715564006799935, 0.09794794502055296, 0.07666397028811522, 0.16465823155520642]}