{"FilterHL": [0.016357577718919766, 0.03825250934794168, 0.048649122627214846, 0.033608391985337056, 0.5905328784389503, 0.029629142236649354, 0.5680110172814218], "NoiseHL": [0.0337051704620193, 0.015271011037436132, 0.056018641413385396, 0.04936415690656158, 0.030961111419331618, 0.03613622138622699, 0.04512019198437942]}