{"FilterHL": [0.019212967481833362, 0.014267020232870745, 0.014191272943618218, 0.03167621336423715, 0.018198389998001913, 0.02695397779556162, 0.015712316870785], "NoiseHL": [0.47214414819971395, 0.5077746176350073, 0.4565562301959434, 0.5008614988943867, 0.43148767718537345, 0.46821002343796436, 0.42534361157978046]}