{"FilterHL": [0.029248732629041645, 0.14724785918977362, 0.1190737317137378, 0.12511270156594997, 0.14365443921511445, 0.13977518678428172, 0.1335444621193766], "NoiseHL": [0.41279746179426735, 0.40950629116126647, 0.4593328014793795, 0.46971654131844565, 0.5070957334880982, 0.5091453956450829, 0.5145762274865519]}