{"FilterHL": [0.0697073396489445, 0.06354227595867268, 0.0690029638863622, 0.11329295057566495, 0.07247638214931643, 0.15727603861542944, 0.08257292114185201], "NoiseHL": [0.12327597053940666, 0.15780321332180822, 0.12090811735973639, 0.15519622309564376, 0.11163323685809436, 0.15092619865498952, 0.11787271052764167]}