{"FilterHL": [0.016983280048977804, 0.02207138472433411, 0.01976836874057477, 0.03306467568115322, 0.04558170763698647, 0.03185039642338334, 0.022220833882532945], "NoiseHL": [0.34812577008464324, 0.36382499527449413, 0.34738016595095583, 0.3479075373998539, 0.47866983315015216, 0.49233678408184034, 0.47588337873410597]}