{"FilterHL": [0.021771065811404134, 0.018731622243403342, 0.01390883137717078, 0.010140249699027845, 0.007509465543041535, 0.014772162067431259, 0.02510903540246852], "NoiseHL": [0.11864100182142852, 0.11469873669762173, 0.22492871073293916, 0.23232909433220636, 0.11264522195899739, 0.11597348847929817, 0.24990416700883866]}