{"FilterHL": [0.0038943121663786453, 0.01597263792644382, 0.01012958198079335, 0.004553045214832316, 0.0038705503928703204, 0.011079944669649367, 0.018655730182952867], "NoiseHL": [0.12358545654427659, 0.27785537389850895, 0.37519051864021485, 0.4623726064341508, 0.14062034200440057, 0.27715309555747963, 0.39747723542873387]}