{"FilterHL": [0.027201129341655535, 0.049804645844776924, 0.031047421318334916, 0.042424221617979395, 0.06636874938712525, 0.015462532057983784, 0.08679782692976158], "NoiseHL": [0.13527074151569304, 0.053963912000945795, 0.13103655510300802, 0.0646152960022012, 0.12194095872809177, 0.04214642808694302, 0.14967842998381892]}