{"FilterHL": [0.005341934728205792, 0.03791259924720276, 0.01429807674281757, 0.012603667845850769, 0.003028815136166686, 0.0109916042218144, 0.01095553094713474], "NoiseHL": [0.13100559586368213, 0.17898582001699054, 0.18216312085959696, 0.21315639130564795, 0.13348713400997297, 0.16166481713539188, 0.19133534476219127]}