{"FilterHL": [0.03373758276906864, 0.037058432003212745, 0.016505670549252376, 0.03403443587488484, 0.04822933679996656, 0.0365312329919023, 0.028929821750261972], "NoiseHL": [0.0398440149194002, 0.053457151743692165, 0.0552364932382811, 0.040968569278379656, 0.06422591530150473, 0.06578769223934063, 0.05651804675846292]}