{"FilterHL": [0.03053606986027296, 0.012075152991408631, 0.02209978546350084, 0.011369131994703923, 0.0190408661224077, 0.0018332143819497725, 0.018076092056438026], "NoiseHL": [0.1375014760500753, 0.10983920917786577, 0.13421486068225455, 0.07518682135697072, 0.1746248841053236, 0.17677669529663684, 0.14681027397961738]}