{"FilterHL": [0.1306202227528375, 0.08851222468603967, 0.12432466114166742, 0.08348624970567864, 0.10247819248640747, 0.13632885524750926, 0.19178638864449582], "NoiseHL": [0.2591213999782588, 0.31621604721916247, 0.23129971656158166, 0.26431321181064793, 0.2843763532094596, 0.30804491568969783, 0.2340792980419682]}