{"FilterHL": [7.024121178649296e-05, 0.0, 0.001966165549626466, 0.000356357106226526, 0.005289212665614573, 0.0013266997668597274, 0.0031695079238170227], "NoiseHL": [0.13129518424232384, 0.277846286164513, 0.2972843603127713, 0.2108191091580861, 0.19186013665193044, 0.294571808286785, 0.30176153952158696]}