{"FilterHL": [0.06040065668536776, 0.07205826970127255, 0.05761354246121924, 0.06910057705643133, 0.04847276765768244, 0.09359845440673517, 0.05970992408490995], "NoiseHL": [0.15497032609058659, 0.219047419563077, 0.1550520250391356, 0.3249511987785605, 0.2155696737907218, 0.15528566139246341, 0.22956366106505707]}