{"FilterHL": [0.005974185808845217, 0.15760970189525753, 0.008278643334735714, 0.07702730849842863, 0.017372518009829117, 0.04963401230072977, 0.04461271760387934], "NoiseHL": [0.2554776470458991, 0.55711383970547, 0.27046265569473854, 0.3272299245449052, 0.280359173594036, 0.5876620914953073, 0.32580971903275724]}