{"FilterHL": [0.0052323656170056064, 0.021679999848404134, 0.01800724660191685, 0.009422865903692982, 0.05202559703667929, 0.06692561135687283, 0.05611688916825963], "NoiseHL": [0.1123822696222876, 0.09363343022305672, 0.11416693735899186, 0.16009440288852048, 0.15397394656505609, 0.15797112808435543, 0.1836988451083637]}