{"FilterHL": [0.041175251581860625, 0.14075011117535907, 0.09818023712024788, 0.10828728160462442, 0.10866082683183245, 0.13289080183399776, 0.07840049103318965], "NoiseHL": [0.11875826666286479, 0.1711617133258281, 0.14680021588407274, 0.15218366735675717, 0.1534903966044002, 0.16628654874988993, 0.14688037246023175]}