{"FilterHL": [0.021188111417287537, 0.049285682758963646, 0.027124561160474694, 0.032932579670670495, 0.01539680526828543, 0.028304414920385136, 0.040449730885064226], "NoiseHL": [0.05777985695451883, 0.06235029781874321, 0.08813553895809491, 0.10161757784841952, 0.06430542272466735, 0.04273471832548541, 0.10087726235380008]}