{"FilterHL": [0.0, 0.0, 0.007969474848427607, 0.005186469229647559, 0.0, 0.006237809696875282, 0.013934833485936477], "NoiseHL": [0.1422112410749228, 0.17677669529663687, 0.1558034804717399, 0.20500649343432084, 0.1753456551944575, 0.1996416327232974, 0.13870977618731703]}