{"FilterHL": [0.019727671272168436, 0.042357177517026924, 0.0252042414656696, 0.03376295630794263, 0.02580778286427584, 0.02314373476912791, 0.019028192495132545], "NoiseHL": [0.06702648995398865, 0.09563716655280313, 0.11133730324086284, 0.12761889415316147, 0.0962542248476284, 0.09115075935548334, 0.12466477326281097]}