{"FilterHL": [0.0, 0.0022306844460394837, 0.00017874630334252373, 0.007312504491238375, 0.0, 0.00103269861801351, 0.005512377789070203], "NoiseHL": [0.18920084887799915, 0.24685785366827007, 0.22493644505680488, 0.2730507170196538, 0.2214830616120933, 0.2372144506373005, 0.2652269334169895]}