{"FilterHL": [0.021940303416659892, 0.040571256728192624, 0.023558829225930153, 0.03909284139346185, 0.01825292979432776, 0.03181014789212482, 0.03124198621227312], "NoiseHL": [0.18280957326740543, 0.21495040407621088, 0.13899698449371206, 0.18450270133909882, 0.17904359240196982, 0.24938357767986352, 0.1490041721837364]}