{"FilterHL": [0.018955568003342298, 0.04579746295432547, 0.015348553879138914, 0.014694851530064095, 0.04043290498975799, 0.05166369376448208, 0.023642791245765526], "NoiseHL": [0.23463413400460556, 0.23977774092558946, 0.19035026673890226, 0.20104345932177367, 0.2505917869250577, 0.2870833828015797, 0.23765430656663894]}