{"FilterHL": [0.032020134808788125, 0.04193682368889561, 0.021124073041859166, 0.036740049170370916, 0.04107444916152994, 0.03189368044168493, 0.045199994866055124], "NoiseHL": [0.03945525986454034, 0.048742168962927046, 0.02359642039301756, 0.04558866678837222, 0.04427827012724367, 0.03672285383199145, 0.06311322311111948]}