{"FilterHL": [0.019003551236381835, 0.021807892840696008, 0.017615304547910954, 0.012158441887768432, 0.06621975902061017, 0.06299629996616571, 0.06219194943770035], "NoiseHL": [0.14161279374625454, 0.161408950540089, 0.14292273265989774, 0.13523945339036153, 0.2168359270266056, 0.21955082162536413, 0.2121751376008018]}