{"FilterHL": [0.021238479890650648, 0.02972937380553038, 0.022455143951013643, 0.02918519623674308, 0.06071210540294789, 0.06075494083658651, 0.05960182381697596], "NoiseHL": [0.1928777520284579, 0.21193711254509318, 0.24618951847398157, 0.228722122933554, 0.1699549564809902, 0.15837318457860866, 0.20639176105122872]}