{"FilterHL": [0.002258801353749787, 0.019110590024093422, 0.014040779763804065, 0.006554326048098029, 0.0030440703700061263, 0.012213643377793614, 0.022924552762411288], "NoiseHL": [0.07677136904129007, 0.09132570639762402, 0.10152509415155396, 0.1130351674056251, 0.0831104576900089, 0.10857749706668682, 0.11733264133618758]}