{"FilterHL": [0.02952525340708651, 0.014323082225463774, 0.021837764135477136, 0.026502136448935953, 0.020148556705405066, 0.023489346546917134, 0.0256089617842709], "NoiseHL": [0.15787248073733925, 0.21177157789900458, 0.14323439803619048, 0.21577500417247644, 0.14849849475369328, 0.21283371098696266, 0.1445955851308399]}