{"FilterHL": [0.026051558811141413, 0.06283191577135436, 0.1036410418795071, 0.04479830137784962, 0.04472767504640865, 0.05482332679483059, 0.02334222878535723], "NoiseHL": [0.40266300783277514, 0.44061251402016866, 0.39259981924824866, 0.45437086460071613, 0.2556440521634473, 0.31796385201056987, 0.27785029237711]}