{"FilterHL": [0.04473293106310296, 0.009610935154507672, 0.0014523781609644363, 0.002966909372594604, 0.042987001171719934, 0.021374016072151832, 0.025654891143286347], "NoiseHL": [0.14400403386147737, 0.19073627462913767, 0.15249089646635594, 0.19054078712373276, 0.20369374875617907, 0.23675199364958643, 0.201437619319069]}