{"FilterHL": [0.0010714822495858202, 0.0028437331090989853, 0.005632246641014502, 0.008970962861325147, 0.06733634784395241, 0.04412026848253335, 0.0681784873678381], "NoiseHL": [0.11705076904173636, 0.11592979945500007, 0.11661211283734808, 0.11245370428510719, 0.0716575564354944, 0.08142750164023911, 0.0902994234654658]}