{"FilterHL": [0.044692876454166516, 0.03515961795495993, 0.01686397200182029, 0.036024263438418365, 0.10705877532687563, 0.10970370841036489, 0.11600418172053883], "NoiseHL": [0.052850876727002484, 0.17971124977751024, 0.06211438639440521, 0.14310333895901103, 0.1524615464918366, 0.19097039411227387, 0.1467396798988821]}