{"FilterHL": [0.1303771247106407, 0.11981062508394356, 0.073936798025766, 0.06253357762986568, 0.10682545835680689, 0.11662468563705206, 0.1603933356857591], "NoiseHL": [0.4556112374112393, 0.47594502800300187, 0.5958990078384422, 0.5918849826012698, 0.4592872571231488, 0.4798343653943167, 0.5819328464119176]}