{"FilterHL": [1.0536712912769736e-07, 0.00013448230854756565, 0.0, 0.0, 0.008432530166960609, 0.019201978916024817, 0.0025501839817126675], "NoiseHL": [0.41333255667942487, 0.44335650636772816, 0.3871796652770323, 0.4232371131703468, 0.46167640777834235, 0.4770215473180774, 0.45018393309200055]}