{"FilterHL": [0.020670620591586288, 0.04971966993511858, 0.01690556906135015, 0.029458310134039947, 0.01769920753322681, 0.018168471060331554, 0.006624000615590085], "NoiseHL": [0.09138642725426947, 0.09230740072168585, 0.10060215710822629, 0.1095684561154639, 0.09420265261846235, 0.08358824599249917, 0.09742698594778668]}