{"FilterHL": [0.02325842724143742, 0.04604462260679149, 0.02540342520372612, 0.030842369984640506, 0.017908359299159893, 0.04250599186546777, 0.04095103921883469], "NoiseHL": [0.018562865823014207, 0.051595065529409415, 0.03570628007893535, 0.03634717292119514, 0.0260778585134913, 0.0575365884079329, 0.025826806222041948]}