{"FilterHL": [0.040856428339989294, 0.03862615805016925, 0.036476320527440424, 0.054596692097689734, 0.031275108236336085, 0.03812531077766694, 0.05170230242040415], "NoiseHL": [0.245774563563309, 0.26607859745769324, 0.21766910573572895, 0.20113927586070499, 0.22246794875335593, 0.2412655584424517, 0.24404495027042167]}