{"FilterHL": [0.026042518352393573, 0.01976673963385776, 0.015623881178757437, 0.026484691942788737, 0.0071341230659267745, 0.016344379878717844, 0.03285392671275037], "NoiseHL": [0.2296619340808693, 0.25226479896956355, 0.29294293059218995, 0.30828475458103277, 0.23125332358040218, 0.23485498216993403, 0.2791025061011423]}