{"FilterHL": [0.01748446901599014, 0.028623074512513526, 0.02284656832652078, 0.042672277151858416, 0.024233838773209324, 0.024577430388117254, 0.03395133958112048], "NoiseHL": [0.09418627512266457, 0.10149494240833935, 0.08337646974860795, 0.08051525655253589, 0.09015014810526856, 0.10689357606670026, 0.06857411876754706]}