{"FilterHL": [1.3276269744325556e-06, 8.640109223384121e-07, 6.322027559250747e-08, 5.268358026477327e-07, 0.0014630609347469213, 0.0, 6.322027559250747e-08], "NoiseHL": [0.2226395172490795, 0.2972843603127713, 0.3690972973785796, 0.40689142264716266, 0.24790907888765304, 0.31488735035330745, 0.3690972973785796]}