{"FilterHL": [0.00621326709059476, 0.015542108490600273, 0.013769303783897223, 0.002570132737397427, 0.01995436969278912, 0.0068219626712101265, 0.023199351602646752], "NoiseHL": [0.15103874542008217, 0.19395968042968234, 0.1592378537541772, 0.1996635048345006, 0.1372359915892819, 0.17992427130244137, 0.14407044912867778]}