{"FilterHL": [0.019159635671185296, 0.0, 0.010100117872473287, 0.00045645017881407933, 0.020046222407569467, 0.01001958157794484, 0.019483003657920047], "NoiseHL": [0.2684807118022015, 0.29366312361983693, 0.2909724748355517, 0.32508767843708475, 0.24394615146723855, 0.26318466253481754, 0.2672221144841202]}