{"FilterHL": [0.012940362683345957, 0.03499240840092521, 0.02410417913186204, 0.026202927881467164, 0.0890020568524208, 0.09934085042885173, 0.08501315389671607], "NoiseHL": [0.22648648537426833, 0.34333857079677815, 0.23262575146476774, 0.3340398539244478, 0.26131523946436513, 0.3088742367367803, 0.2761764330564075]}