{"FilterHL": [0.02130354258046932, 0.009543479664778238, 0.007422656579288711, 0.006057510198213654, 0.005852839755895942, 0.045969754414247, 0.016014666884141125], "NoiseHL": [0.1956032552373745, 0.27317367744444937, 0.2163525818790327, 0.26227599903826315, 0.2334575738115379, 0.3462704468938618, 0.2725632433328221]}