{"FilterHL": [0.0019616432767644407, 0.0, 0.0, 0.0036914578914431567, 0.003467176105850339, 0.0, 0.09779795510520894], "NoiseHL": [0.4253423310933531, 0.516838986075537, 0.4426708476489185, 0.537365874152504, 0.4232371131703468, 0.5309704974692534, 0.5888403603596947]}