{"FilterHL": [0.0, 0.0652438519382248, 0.01759085162355018, 0.0, 0.48655212005454646, 0.47913901779182566, 0.479717530533571], "NoiseHL": [0.46770717334674267, 0.6251602622123704, 0.486919165793095, 0.6328673317417404, 0.5942488838473359, 0.5870722434002117, 0.5973213861029463]}