{"FilterHL": [0.06931511684859072, 0.08355638590633374, 0.07506306484909023, 0.06213962220822051, 0.061175900055524784, 0.0684361289766194, 0.044175915420181774], "NoiseHL": [0.11129503254183998, 0.10469179726270299, 0.08704315852612454, 0.056182793884303216, 0.0867729332651146, 0.10269693824144187, 0.02751071584929811]}