{"FilterHL": [0.0968405580445443, 0.051186591343318245, 0.08038525103977089, 0.12011300589125905, 0.2751592430031472, 0.19170985908785187, 0.09533142374196286], "NoiseHL": [0.33837373402729254, 0.3659504067277056, 0.3707988750854269, 0.3975817820770908, 0.31519401870991665, 0.3672579067988764, 0.358035551767536]}