{"FilterHL": [0.02130609197434399, 0.017301088403973083, 0.013315980321101395, 0.024896773287712264, 0.005599925306966631, 0.04320889885977423, 0.010704612042727083], "NoiseHL": [0.19324948987147922, 0.20977477288270838, 0.18557647262672747, 0.1994223507031129, 0.18252100471858126, 0.17422335074906695, 0.18216794836276384]}