{"FilterHL": [0.016916367911325936, 0.0052631097056637976, 0.038250963457270026, 0.014431598381959475, 0.0868338758872138, 0.11165734438263644, 0.11171969473774249], "NoiseHL": [0.22948326676319294, 0.27696944994629097, 0.26272723614227145, 0.30680959100601907, 0.392410782048653, 0.4491983210279696, 0.4245059180792177]}