{"FilterHL": [0.47408146641081134, 0.45479591000724584, 0.4340956227539823, 0.2588120541563149, 0.6380581793643224, 0.4744999691886393, 0.4201807912234946], "NoiseHL": [0.6759024962952226, 0.6955237448763751, 0.6763496459545439, 0.7046840859170772, 0.6907132111405427, 0.7162183825000107, 0.6723437443433938]}