{"FilterHL": [2.3180770480615465e-07, 2.107342739563193e-07, 0.0, 0.0, 0.0, 0.0, 0.0], "NoiseHL": [0.28908494657548534, 0.34639862872051724, 0.3479977451053712, 0.39013940086761484, 0.359827365101645, 0.35118014081935767, 0.36060618173820735]}