{"FilterHL": [0.04538240902350975, 0.0562496263233353, 0.035764101456002534, 0.03633787083389411, 0.03379821953555513, 0.0518625366759875, 0.03377011146668195], "NoiseHL": [0.11698308128642215, 0.09515660679786564, 0.11542770122279464, 0.056550981664982805, 0.1281861410983152, 0.05715257310011966, 0.11410080703294852]}