{"FilterHL": [0.00609745553935195, 0.005620806686665139, 0.002513140217706438, 0.005910024344140242, 0.00802691874297763, 0.01524767770191769, 0.014487899300479294], "NoiseHL": [0.12812777395022787, 0.10958234445066009, 0.16376289281082632, 0.14339695653672838, 0.19608637190100012, 0.22862354256963474, 0.2295077677812888]}