{"FilterHL": [0.004903960392456414, 0.013660423279089838, 0.006539823029791556, 0.003301663580599485, 0.01007621327525474, 0.005016444577477248, 0.0075961172945929216], "NoiseHL": [0.13574217718272275, 0.16932435715701927, 0.13695747437068656, 0.17906520931911074, 0.18102891094813917, 0.21342622353839266, 0.1757647564751401]}