{"FilterHL": [0.034833157407818165, 0.024266599984592418, 0.04142220293668037, 0.03584133864231365, 0.10542220485537016, 0.11829914820529154, 0.10008962245395078], "NoiseHL": [0.29566217153338015, 0.280139831460422, 0.3103615461298935, 0.2912325723309655, 0.2646391640650539, 0.22511451998191032, 0.24353958877009746]}