{"FilterHL": [0.29339378638707464, 0.26620104829578384, 0.3487201915043078, 0.3415506496869593, 0.46867524805139965, 0.4996332592653115, 0.6477078343470285], "NoiseHL": [0.36878134768535814, 0.3416551063321846, 0.4280193952402141, 0.42421124455317605, 0.25158072671809, 0.24142355736231416, 0.2637542211925864]}