{"FilterHL": [0.03337711460158297, 0.0219750500891689, 0.008556013669944131, 0.05862441199173981, 0.03539474806410318, 0.057038229094548074, 0.04722319914967525], "NoiseHL": [0.27365788955556897, 0.2508651893642444, 0.39687240656519157, 0.1476252446212488, 0.21827348261199578, 0.22915302948454455, 0.3273768394556413]}