{"FilterHL": [0.009986145445041965, 0.00836849242444426, 0.0019700662223992352, 0.015986070666406314, 0.005721265308398483, 0.004667599741060515, 0.0019429615229427438], "NoiseHL": [0.13935002613324998, 0.19882154425237916, 0.18922651308922545, 0.2331577607998118, 0.15572454646226258, 0.17961710486026458, 0.20594439103576137]}