{"FilterHL": [0.014620889739471947, 0.012154839496377369, 0.005322679537105017, 0.020044996917976524, 0.019179761824561093, 0.021236417378698563, 0.03482371956411079], "NoiseHL": [0.06022145204338004, 0.08907796388419423, 0.12163298125283374, 0.12530000975709957, 0.08152205999233535, 0.06905636695372934, 0.1390216583273425]}