{"FilterHL": [0.0032794011898230487, 0.0, 0.0, 0.006369852821156371, 0.0, 0.007007688666454431, 0.0], "NoiseHL": [0.5831297003577206, 0.6335109494745331, 0.6117346137597989, 0.6542408478122963, 0.5913794243470933, 0.6548934340195866, 0.6072733662465118]}