{"FilterHL": [3.8776163829357066e-05, 0.0, 2.1832404573875327e-05, 0.0, 0.0, 0.0023644294971450572, 0.0], "NoiseHL": [0.13502822103059414, 0.2179806966614001, 0.15400905983632326, 0.21798069666140013, 0.1753456551944575, 0.23281618951149585, 0.2059196678858405]}