{"FilterHL": [0.03512362669991807, 0.042924824138933, 0.030691536112599106, 0.04145571125816388, 0.01623447412940344, 0.06376326489350677, 0.04520201122430198], "NoiseHL": [0.07294266188045993, 0.07692220578298094, 0.09173616015517859, 0.0620684289021561, 0.07020312804039161, 0.09072622758066412, 0.07220379114930883]}