{"FilterHL": [0.0, 0.0, 2.3180770480615465e-07, 2.107342739563193e-07, 0.1591107738131268, 0.14972501778645875, 0.174905130069613], "NoiseHL": [0.16347562845929112, 0.13129518424232384, 0.18514569594605018, 0.15400905983632324, 0.18194672950488217, 0.18239681055557067, 0.18529101490947397]}