{"FilterHL": [0.033802165655907025, 0.035349758506406315, 0.01997143060513716, 0.04212599947667532, 0.2566667280173771, 0.23925896443816383, 0.2392077310527028], "NoiseHL": [0.1113046711705161, 0.08912200242027103, 0.07174516478296401, 0.09409072258317974, 0.2700326500782959, 0.24813760765254889, 0.2558771249531586]}