{"FilterHL": [0.053264690063064106, 0.04327641429675417, 0.025409154970941192, 0.01705644284463033, 0.04010534633562162, 0.010643544339041893, 0.12566535155465], "NoiseHL": [0.20398047565214283, 0.32892899506591927, 0.2223866402563727, 0.3543257225439323, 0.2269150785194773, 0.3459062735805197, 0.2123545545313508]}