{"FilterHL": [0.033006689628054836, 0.03669128781040824, 0.017850292820033146, 0.039288146919397186, 0.016181329370128162, 0.0022910420377502197, 0.020486799471487776], "NoiseHL": [0.06986139588018768, 0.09106125377017911, 0.07805711941464226, 0.10977833236556368, 0.07447308716323642, 0.11712861662980581, 0.08670604124951924]}