{"FilterHL": [0.028018725141742324, 0.03087733196521233, 0.08249883852723482, 0.08711910775846923, 0.0248215652033197, 0.01065639005142598, 0.07676442517373497], "NoiseHL": [0.21012036320117822, 0.2053718492655787, 0.23374815111894906, 0.21799301466021312, 0.22283834871586192, 0.2232636935864523, 0.2577793408611038]}