{"FilterHL": [0.009642066496323905, 0.0314157115009035, 0.013929708961663042, 0.02516144635776843, 0.009536457081464049, 0.012620380816999182, 0.011838255415207896], "NoiseHL": [0.11741739475702086, 0.13172136652721395, 0.12149891594611409, 0.1382589415022313, 0.13511901724129252, 0.11324644930806423, 0.14398766964958268]}