{"FilterHL": [0.018035505378488498, 0.04628731215274796, 0.02347786683719958, 0.03462644532174893, 0.01663383815888472, 0.008880760355799306, 0.0366139327420052], "NoiseHL": [0.13447506110158577, 0.16587170411658017, 0.05580528236240049, 0.12905256200239174, 0.13345315547622055, 0.1808272662194427, 0.07327260863554183]}