{"FilterHL": [0.22117575739522088, 0.1429213289167743, 0.23735157756291334, 0.19795484974807356, 0.3595444355283833, 0.3669084079531222, 0.33499994699168856], "NoiseHL": [0.6519628708842767, 0.6651182701435805, 0.6674250961048234, 0.668500379989132, 0.5664254930209772, 0.5475587804505562, 0.5431450623529895]}