{"FilterHL": [0.0016876788745147035, 0.01213329969159774, 0.012477855156656937, 0.014158248933179062, 0.010932563338982279, 0.008643197810066366, 0.002915363619991415], "NoiseHL": [0.05417045649694814, 0.06326071101532658, 0.07691017644776825, 0.07406256060382439, 0.06652689061907119, 0.08451329537695774, 0.09678707002664254]}