{"FilterHL": [0.06438002135609004, 0.029145799347421588, 0.05364275933787428, 0.04518342582328509, 0.03803102214934069, 0.059058437952048994, 0.027973203788612285], "NoiseHL": [0.23527866818980867, 0.24971001979978863, 0.22669471877589958, 0.21991716700737177, 0.10719078354554636, 0.12613730112845392, 0.07690739556588827]}