{"FilterHL": [0.0, 3.1610143448586587e-07, 0.0, 6.322027559250747e-08, 0.0, 0.0, 0.0009937623575485895], "NoiseHL": [0.13129518424232384, 0.1422112410749228, 0.14567520307051546, 0.1634756284592911, 0.16037899096361255, 0.16193431328727034, 0.17245022900462764]}