{"FilterHL": [0.03240463090636446, 0.04878816743712939, 0.037013721446802046, 0.03864735236147423, 0.015582270710568065, 0.059658812954003285, 0.026184894465546792], "NoiseHL": [0.04031040530607801, 0.06320150975787792, 0.033200421476875894, 0.0293696269608447, 0.04116479205771426, 0.05718185033665009, 0.04097337618069318]}