{"FilterHL": [0.019560000635779656, 0.0036847720677016848, 0.009240617865778622, 0.004043497219729188, 0.004408112480611186, 0.022584946776347332, 0.029942625939531748], "NoiseHL": [0.43812825662697286, 0.5200761170169438, 0.49196992425971875, 0.5354488648255004, 0.5040577099004867, 0.5294018342635572, 0.5176755059745822]}