{"FilterHL": [0.022244528299363943, 0.04608737186981611, 0.024823193037832255, 0.028851030343446774, 0.016873511935550697, 0.023179816197178852, 0.02879454908656016], "NoiseHL": [0.024294895924345708, 0.041981296794761966, 0.03869235255775857, 0.057721197492827614, 0.0255702043798145, 0.040811634377089845, 0.03025315564805659]}