{"FilterHL": [0.033767245435846735, 0.05466695695497585, 0.059596724345730524, 0.08716998680636368, 0.04978126448967048, 0.04678153831071159, 0.05620390763607389], "NoiseHL": [0.0628822367803651, 0.06505373393673643, 0.1865888180938286, 0.12182605004220974, 0.053620479812747, 0.07208302888705033, 0.17365076950935415]}