{"FilterHL": [0.006066843848693797, 0.010893267946653153, 0.01026146558706557, 0.01524765023848386, 0.0046470488296439265, 0.008149200546571415, 0.007035884279569303], "NoiseHL": [0.13415814517499666, 0.09406348500049602, 0.1575122236849891, 0.12955173670877004, 0.1256497285446219, 0.07004490061897123, 0.1606474915677914]}