{"FilterHL": [0.01955990260180912, 0.05731329238522504, 0.02614433811702495, 0.03620944320104661, 0.022293139152260354, 0.06848660579758549, 0.06260042815409472], "NoiseHL": [0.03964126592071848, 0.07779135340075923, 0.044574263583142676, 0.037540577165315524, 0.036281591750796385, 0.057786628560936866, 0.040320238581219525]}