{"FilterHL": [0.0371411809937442, 0.06849604269593003, 0.04157084386993985, 0.04060666457889801, 0.059630943078253645, 0.05770328731793718, 0.04513278448650862], "NoiseHL": [0.2981670696777308, 0.2445307882632199, 0.31982276493809275, 0.24252430258905422, 0.30439891483296594, 0.2844143375856887, 0.3075282790576333]}