{"FilterHL": [7.279135404103976e-05, 0.0, 0.0, 6.157922702414892e-05, 0.0, 0.0008323422281012351, 4.256844512889338e-06], "NoiseHL": [0.1572246532975914, 0.16500333021764654, 0.1507282797138842, 0.17390359233227098, 0.15562474979979976, 0.1796067636529137, 0.17098527586296225]}