{"FilterHL": [0.005395150455749927, 0.012997059856600756, 0.00936593810867798, 0.012291712011844909, 0.008695525392248223, 0.007837705429981114, 0.0014606607559697752], "NoiseHL": [0.10857403906544953, 0.11815874776321807, 0.14455300546544847, 0.13179300545224581, 0.14304665102010491, 0.137433663107414, 0.17718484390301223]}