{"FilterHL": [0.1602619269723343, 0.3115176245916028, 0.2226288430298501, 0.24889014760138056, 0.2975267932587753, 0.340391920784593, 0.11022181499017719], "NoiseHL": [0.5988438687633201, 0.6051435710448745, 0.624587563270612, 0.6155218441000102, 0.6057095977064059, 0.5991046676391403, 0.6183288563278339]}