{"FilterHL": [0.000649823672951721, 0.009611435987290506, 0.023930418544266977, 0.02427883208256596, 0.009577916967684508, 0.009640576839058066, 0.024448837995695145], "NoiseHL": [0.23612166756010977, 0.2972843603127713, 0.18335394779668038, 0.25508661189199155, 0.302650597456391, 0.2963824050818444, 0.24869170199707658]}