{"FilterHL": [0.0036657289770828795, 0.016869791587019303, 0.0031168449574758643, 0.01436332485829487, 0.06318910981396542, 0.05705256938994547, 0.07576084335287571], "NoiseHL": [0.3122055573250611, 0.30142179600646235, 0.34576597757228045, 0.34875008949782876, 0.28359207339583115, 0.2895103615477442, 0.25515443924340403]}