{"FilterHL": [0.03987847390365062, 0.042807644547005703, 0.013167438101939852, 0.02791104762580339, 0.056140622535303324, 0.036155017693223726, 0.04748862729367702], "NoiseHL": [0.3208008438409438, 0.32195549154988884, 0.3082826102784949, 0.31344527157346985, 0.3333347188566532, 0.31100055414015626, 0.3176498761243043]}