{"FilterHL": [0.01911038107612639, 0.04227221062709745, 0.010932179827941027, 0.013774085640309353, 0.015305699743988122, 0.04303635406552168, 0.04048478941521519], "NoiseHL": [0.12790395167592683, 0.13798621128679314, 0.26124327915880696, 0.2854405747977277, 0.24584538232023564, 0.24112070964659554, 0.35355424758852627]}