{"FilterHL": [0.023992804592222944, 0.02096990392765338, 0.01072895330880083, 0.018550591379779078, 0.007988241561397972, 0.01668230263080234, 0.028144188689112695], "NoiseHL": [0.10632311094796387, 0.17492971005200925, 0.11084561710957139, 0.1701907568218349, 0.12451150849627898, 0.16216466812725422, 0.13821382527888762]}