{"FilterHL": [0.04014367493572031, 0.015441093834649247, 0.02000959828392194, 0.03381738290891294, 0.02876262067426902, 0.06816641781578214, 0.05612497411639992], "NoiseHL": [0.15055846851063356, 0.2719204936855209, 0.1309320305064572, 0.26128968848505874, 0.1624246959940698, 0.2845826296126462, 0.15690606502889548]}