{"FilterHL": [0.03821292900419717, 0.02096764630795163, 0.015078160400933405, 0.03179922759684655, 0.025519197781482247, 0.015022116718880447, 0.028062827500530307], "NoiseHL": [0.2826177764401856, 0.25312913749983385, 0.2778692764132315, 0.27347864211537765, 0.28832536324610775, 0.2536354670604256, 0.28544783970709703]}