{"FilterHL": [0.07220337352712868, 0.06382266693163584, 0.08812705184839628, 0.06441189408780709, 0.04262880094845435, 0.07495497440613881, 0.05097955151691465], "NoiseHL": [0.21798777767186286, 0.10751654738258629, 0.19732790120603386, 0.1224822360669503, 0.2233189319190495, 0.19928094741266902, 0.19035892329663798]}