{"FilterHL": [0.0, 0.0, 0.0, 8.644847074386363e-05, 0.0, 0.0, 0.0], "NoiseHL": [0.19317708832355046, 0.2034297098849552, 0.18785815120172258, 0.20960401046104254, 0.1753456551944575, 0.18514569594605018, 0.1796067636529137]}