{"FilterHL": [0.03509930832867136, 0.02514900997938702, 0.01703426300578942, 0.03736488220185466, 0.010067836341136916, 0.027516542170177283, 0.029468144454285885], "NoiseHL": [0.040186727423315576, 0.13338567835919823, 0.08308954636741267, 0.1372869144910226, 0.083368463261421, 0.12229133625954018, 0.08306192517856126]}