{"FilterHL": [0.05749529244424287, 0.07205922683104116, 0.05198684895472877, 0.06631949927985532, 0.19947321648833313, 0.21071844012296786, 0.21453010795958896], "NoiseHL": [0.21811119164231554, 0.28451430137402556, 0.2048385188883298, 0.28188401639826954, 0.2459350987420855, 0.32355554892409255, 0.24812547282371322]}