{"FilterHL": [0.018505023811913497, 0.03729675720926099, 0.025932866448668816, 0.021097226003400527, 0.0067220522302587965, 0.0611856354915124, 0.028594894283514805], "NoiseHL": [0.19982747829011366, 0.18795495787048375, 0.16092240160906315, 0.1473673032828167, 0.20910035278149924, 0.23394999300747918, 0.18416148342950267]}