{"FilterHL": [0.027523026506581054, 0.016779310780453166, 0.01686113205270615, 0.03119776627685226, 0.012755660006413348, 0.03435414303565622, 0.02631640478622177], "NoiseHL": [0.10686781655912148, 0.11799837044375869, 0.1668575795308998, 0.16459222646326402, 0.11290668096736195, 0.10250268526294115, 0.17152754943013343]}