{"FilterHL": [0.01606095057839795, 0.038635120294252416, 0.019664143362624512, 0.02316030699396773, 0.018273338735566646, 0.028953551680855144, 0.02276831499106392], "NoiseHL": [0.16353407870227663, 0.1528705152035255, 0.14733200029972918, 0.16324528820517178, 0.1259147374085387, 0.10668561904287661, 0.12100774845045681]}