{"FilterHL": [0.0058930404721958, 0.012514866933981393, 0.004806573949759417, 0.005261837563215813, 0.008353253482553454, 0.014048126580239167, 0.00953743308449946], "NoiseHL": [0.09412131448328612, 0.07093221260781313, 0.11947361683080213, 0.10165526501777332, 0.12957580253435297, 0.16510891953148762, 0.15239398728578488]}