{"FilterHL": [0.077449767363213, 0.07461091069013977, 0.020368412207444456, 0.01733910480741812, 0.07402966674024998, 0.07014718033399714, 0.03846431182046118], "NoiseHL": [0.20805862393497004, 0.24422537388250704, 0.21089157182391813, 0.2732964850206304, 0.2483511192319262, 0.2931735950939584, 0.2770975698192493]}