{"FilterHL": [0.030031484747676203, 0.0516275379874009, 0.010434503891242675, 0.04790340316330756, 0.01283828489794338, 0.02563352578184337, 0.041002248683783986], "NoiseHL": [0.07343136334746687, 0.09833674145044768, 0.06416023490010135, 0.09699798896740781, 0.07033573431345165, 0.1052825485718819, 0.09495763465111338]}