{"FilterHL": [0.016030439246644306, 0.013740048847084147, 0.025593949057010432, 0.02311241587859293, 0.013146050735278888, 0.021007124280695445, 0.02468378038956736], "NoiseHL": [0.21033743021921175, 0.18406301539453224, 0.18494221581276094, 0.16931346804098635, 0.20597236915636175, 0.1451018679853174, 0.1852771682187164]}