{"FilterHL": [0.02103465104011513, 0.01803754588225308, 0.010752856265919817, 0.03343530928641434, 0.007729666083697641, 0.01757237873392429, 0.014026535570122872], "NoiseHL": [0.100930907588588, 0.10339772495434472, 0.13736461932506017, 0.1011429041374509, 0.1139203421922933, 0.11765417607255665, 0.12016160154274548]}