{"FilterHL": [0.0801165490875391, 0.1201654688267941, 0.07894177731256112, 0.10606040487338575, 0.08140304475729228, 0.0725266835191443, 0.11563702493708505], "NoiseHL": [0.2659688639225677, 0.30176944900067243, 0.5303183561683567, 0.5268761083478389, 0.2718904590538139, 0.2598325463408252, 0.5253785430708453]}