{"FilterHL": [0.07654584951218131, 0.0724534927158353, 0.09695883221625577, 0.05453073657439605, 0.08710489154798268, 0.15941131988560825, 0.10558807800521167], "NoiseHL": [0.38856009624195165, 0.3541980347065212, 0.2747207835870423, 0.19819720462025595, 0.37136548352124354, 0.33423810020092165, 0.2612686181958658]}