{"FilterHL": [0.018568805310731924, 0.0362817995193709, 0.024010513130048122, 0.05232714094727387, 0.022731550471068625, 0.03637605601183175, 0.016500430967709163], "NoiseHL": [0.09166916143817008, 0.13780164847568085, 0.12178368286147605, 0.15770920981842068, 0.12742574859100653, 0.14615415101395485, 0.13578767504420908]}