{"FilterHL": [0.0006630911739715376, 0.0, 0.0, 0.001446230792985881, 0.0, 0.003010467221626064, 0.0006550336158187477], "NoiseHL": [0.35670015035662817, 0.3879209633523797, 0.359827365101645, 0.4119063716742538, 0.39234978250592256, 0.41617630313644177, 0.4097615956493523]}