{"FilterHL": [0.026012667182131896, 0.043305909312254795, 0.01835706961858982, 0.04917758358100805, 0.0499867636384801, 0.022804458815198086, 0.03697513577519393], "NoiseHL": [0.12368007987827287, 0.20854013868840812, 0.1276162961268776, 0.17715175457543483, 0.17550287825467967, 0.17126778225670367, 0.17562099015235078]}