{"FilterHL": [0.06970144328411054, 0.07770105602960478, 0.039519079303617866, 0.04288788031104308, 0.10426615999588412, 0.22073204043901684, 0.08045544339964857], "NoiseHL": [0.3655707537121435, 0.3911935210447788, 0.40339565955054657, 0.4008930661480925, 0.39463048428764763, 0.427545871927328, 0.4216401892142145]}