{"FilterHL": [0.016781949138509465, 0.03863496066160551, 0.034887498142503366, 0.03966989144736172, 0.02222591469583363, 0.028210614281980947, 0.0299417876382057], "NoiseHL": [0.22752645588998438, 0.229790935919101, 0.2312956026044316, 0.21197281864225107, 0.24221943801946363, 0.22344130211852434, 0.24718782639720574]}