{"FilterHL": [0.015464066847331679, 0.046422935718280454, 0.04989376870812867, 0.05105217768776864, 0.06079121395659621, 0.08273069134277439, 0.08096943514748323], "NoiseHL": [0.16395495424902776, 0.17757080536876998, 0.20360285543371728, 0.2345010379545947, 0.1815864886723652, 0.15345982254308346, 0.21665256589334672]}