{"FilterHL": [0.0, 0.00012388043929106735, 3.034579604271815e-06, 6.067299144132297e-05, 0.005930592085362792, 0.014782100871999562, 0.0], "NoiseHL": [0.3415686218479229, 0.3495915558558892, 0.3208679543044806, 0.329265981228787, 0.3660254037844386, 0.37896325629565314, 0.34719885517251775]}