{"FilterHL": [0.006625016005785277, 0.006856354000984109, 0.0005659709336389304, 0.0008144270713318591, 0.005956128565272691, 0.006374060397571661, 0.00913399734214362], "NoiseHL": [0.06280563490691418, 0.06661589552584972, 0.09395900845870253, 0.09906645734905428, 0.10169337356746763, 0.1294278372234388, 0.14568814039821318]}