{"FilterHL": [0.02783121260212704, 0.046892588805263584, 0.029802348832809755, 0.0203813694593701, 0.03267496203779663, 0.02148522400524803, 0.04374879528911502], "NoiseHL": [0.1821715340112503, 0.1755273263581464, 0.18930042919568474, 0.23072448130157533, 0.24320297375283043, 0.2675339654831729, 0.2569958950369485]}