{"FilterHL": [0.005559930848942693, 0.020941810657774246, 0.01408763461021757, 0.006906820006922824, 0.007645829014695921, 0.012519936075822618, 0.02847863532092669], "NoiseHL": [0.06996652404774857, 0.1254953183974754, 0.10862280778668085, 0.12939252815097882, 0.08283461938917658, 0.12747545643374222, 0.11942890651071217]}