{"FilterHL": [0.029541012481669574, 0.010294911021675082, 0.02867420079568473, 0.018379625737846315, 0.17796395249690056, 0.024601338270199568, 0.14908066623462932], "NoiseHL": [0.2041582113514443, 0.270556946513482, 0.22846241450362056, 0.30088113956025275, 0.2916380600512909, 0.25919232403184983, 0.3154846777255616]}