{"FilterHL": [0.0, 0.0, 0.0, 0.00019116179768183112, 0.0036341786453451537, 0.013823124002405672, 0.007031868117077875], "NoiseHL": [0.11303511652045509, 0.12745679692125245, 0.12549508256710148, 0.13129518424232384, 0.14221124107492278, 0.16801938030584954, 0.1507282797138842]}