{"FilterHL": [0.04638158633729941, 0.043858559057434215, 0.010358284219678467, 0.043111887242193156, 0.03482723723066568, 0.023254146503011965, 0.030925209087758376], "NoiseHL": [0.1518990209608616, 0.2210571089695902, 0.19128763797931397, 0.22015747344557082, 0.16002646076555918, 0.21511290036925593, 0.1745584032608142]}