{"FilterHL": [0.0560861758360184, 0.047456722886725755, 0.022930121602085945, 0.038550329616217134, 0.037709303897495654, 0.057605042127977096, 0.03837189219669804], "NoiseHL": [0.04923880661169143, 0.07373067126010592, 0.03920947236732642, 0.08608688200538439, 0.039464207994322334, 0.07350040362586117, 0.03720670655974214]}