{"FilterHL": [0.037199802675147754, 0.03873846268615648, 0.033523371854617026, 0.03925400649284446, 0.03408022868744476, 0.039856778074893975, 0.050813576109225204], "NoiseHL": [0.13664580692911338, 0.19451039824734837, 0.18241285492217, 0.23002430515872135, 0.17737566051686163, 0.19451654073444047, 0.19974730697762907]}