{"FilterHL": [0.005644447350924504, 0.020766950588763298, 0.004795145426501433, 0.00804684855531768, 0.003284629247467513, 0.002922380854745298, 0.015014838107571503], "NoiseHL": [0.40977702128303173, 0.39456933799016664, 0.43203439726005355, 0.40698261566185123, 0.4069658875230041, 0.41397324616251474, 0.3924554780730359]}