{"FilterHL": [0.005178664831442003, 0.01627200047801364, 0.006961020361092623, 0.013404092246095876, 0.012356261770787929, 0.004720217191174527, 0.025668793375498194], "NoiseHL": [0.3246822868718302, 0.33631203083809325, 0.47349208505705126, 0.4544396055619659, 0.38306238480589283, 0.3742056739768908, 0.425078008737842]}