{"FilterHL": [0.0, 0.05397949668888067, 0.013627337152618444, 0.017125235850477316, 0.0028973995765701373, 0.03095903353271063, 0.04282274026352287], "NoiseHL": [0.19186013665193044, 0.18776135800630114, 0.1927206653380976, 0.16579201689478626, 0.20467814417459612, 0.183745676919672, 0.22938049871951818]}