{"FilterHL": [0.0023004288871414933, 0.00509393565491152, 0.005725326798916065, 0.003576875802839538, 0.011110435712342692, 0.015963588564798743, 0.003636718444360836], "NoiseHL": [0.11321155910918992, 0.16686804011283243, 0.1142835215819994, 0.1387157983904891, 0.12357861163453526, 0.1511375848224222, 0.13815220263726866]}