{"FilterHL": [0.0013278133828689737, 0.015487170369599257, 0.011827790150494016, 0.005838899013110944, 0.003053681261936352, 0.008979714758006966, 0.019765446885457675], "NoiseHL": [0.10956391446043329, 0.12963735907251042, 0.16409565831174017, 0.176781878986675, 0.1650570926544492, 0.17917921538784376, 0.20223397454809774]}