{"FilterHL": [0.0844372112345409, 0.011425568071709444, 0.049426554585266645, 0.05783344154260843, 0.235299839448035, 0.23877504600970473, 0.1434258183755004], "NoiseHL": [0.32438047551681126, 0.32767513365688095, 0.43545020744772184, 0.4041029189539348, 0.4413909324252012, 0.4525015888984797, 0.30193877177660955]}