{"FilterHL": [0.014917159912215733, 0.039250675830041507, 0.030749438555669414, 0.03649667809984708, 0.025376044001997684, 0.021989516185771652, 0.05087524821979289], "NoiseHL": [0.1342350813348151, 0.1248582594693417, 0.16538897966780777, 0.17620089730865177, 0.14071850066590652, 0.1291307110434402, 0.17495613684278655]}