{"FilterHL": [0.021337823368967453, 0.048711805900443425, 0.020191250763205406, 0.010296032850425027, 0.003479150107546833, 0.00893258550377415, 0.012836553968715659], "NoiseHL": [0.049747394633053596, 0.07679757771138444, 0.08592224675903433, 0.06653959751231103, 0.07536562856490878, 0.058525509950065814, 0.07898350676789537]}