{"FilterHL": [0.004859072814939147, 0.020177225667499254, 0.01635378236942133, 0.007958896195667961, 0.006636056253095021, 0.013880233691707693, 0.03096270272525657], "NoiseHL": [0.1062752108418979, 0.13686069175377202, 0.09655674332316462, 0.1350291798741306, 0.11733278536506543, 0.12745909446933673, 0.10627749055175335]}