{"FilterHL": [0.01825929075094593, 0.022311388455829372, 0.018530982229682292, 0.020659084386218475, 0.01967851998553308, 0.018413685730575925, 0.02956449865392249], "NoiseHL": [0.19412279076837935, 0.1732618984795728, 0.10098020043521172, 0.09682508242622197, 0.1839137440447798, 0.14787780954748525, 0.06432801560094914]}