{"FilterHL": [0.003446999660095793, 0.008723152964850446, 0.016654962796078702, 0.005042330585414334, 0.011369195824882699, 0.0045009636236966084, 0.006851491340212733], "NoiseHL": [0.08289469707407279, 0.09786183939085683, 0.14404882698869556, 0.14344462099297997, 0.11943249021423509, 0.12301693609171845, 0.17680149899519307]}