{"FilterHL": [0.022418673161222175, 0.04694020541163087, 0.034110038497046524, 0.056276527176396036, 0.04006728815546476, 0.03792480422580524, 0.0486496115573341], "NoiseHL": [0.05315020277473826, 0.07701712149390717, 0.040717625536356675, 0.0765720385895115, 0.0788157876383252, 0.06947162742728075, 0.06301674747977459]}