{"FilterHL": [0.004021786773698485, 0.03496237678979961, 0.03157172000414345, 0.0168415311783806, 0.011496504634879006, 0.019399554497177302, 0.020033987387745283], "NoiseHL": [0.22987092673594575, 0.3110363946996215, 0.3223292633845282, 0.4065737423306378, 0.24449043866581543, 0.32460244245714576, 0.33481284390789556]}