{"FilterHL": [0.008284809540176942, 0.01021186542187379, 0.011247491974128561, 0.015338291960393262, 0.008108062967943842, 0.00814038001681659, 0.014045935165505497], "NoiseHL": [0.05856197518824432, 0.07667361596176926, 0.11550209851295055, 0.12373501865582374, 0.19613227760040017, 0.20489025261123514, 0.20739551138842008]}