{"FilterHL": [0.004729972684302109, 0.0035705542999478904, 0.0022312486989847537, 0.0009522583169440001, 0.002780719112409902, 0.0030236393514672766, 0.005947694277709931], "NoiseHL": [0.07344909570192325, 0.06637295167563924, 0.11304433623953582, 0.10627488392396046, 0.08283193578935932, 0.11303537035182924, 0.12352683706352956]}