{"FilterHL": [0.040183499772839325, 0.0632324193817722, 0.03768221762628417, 0.020652223484210433, 0.03050983632050143, 0.046359702056835525, 0.12015903342670692], "NoiseHL": [0.2276651193195615, 0.2693448083024394, 0.23942763844963222, 0.258808106803109, 0.2516623016626824, 0.2519318482230151, 0.24279958203579055]}