{"FilterHL": [0.05049488290824396, 0.06866033708996044, 0.050135654037877266, 0.05419728242437625, 0.056929515013547115, 0.09959755564771858, 0.07406567840113538], "NoiseHL": [0.24689457520859429, 0.23908305358746032, 0.29934769317225013, 0.29390932998642494, 0.24706957172517224, 0.23058319912919673, 0.2754233373861442]}