{"FilterHL": [0.03043161238869377, 0.041977728527434095, 0.009362746824088603, 0.02261550068227535, 0.025589890393230973, 0.02926488350609197, 0.032550667704882214], "NoiseHL": [0.0719912080404408, 0.08158828211641386, 0.0856256928826342, 0.10818562474764111, 0.08648472095150946, 0.11137337760505325, 0.10875470024196274]}