{"FilterHL": [0.015964602952838546, 0.01583733895132424, 0.012235028440700704, 0.006977568172922427, 0.0030407726330137328, 0.014250224598315587, 0.013605628445074913], "NoiseHL": [0.08889809953336184, 0.14428266617179597, 0.12515069217700714, 0.1840199404061487, 0.11099322847754889, 0.15100036540096046, 0.147280944198595]}