{"FilterHL": [0.02444509638224793, 0.0410302279511168, 0.01938900789067686, 0.032832401471433056, 0.035612743183995384, 0.0411876796529932, 0.03510645930350737], "NoiseHL": [0.03239605022181351, 0.03748486193551867, 0.04740313814647433, 0.03851185084592491, 0.04102293035999731, 0.06250708004956078, 0.03225666591946658]}