{"FilterHL": [0.03011072247410886, 0.011600884909335443, 0.04623912678812782, 0.004904946638465442, 0.020737045912404176, 0.04903157852499298, 0.017721340237782757], "NoiseHL": [0.3565332650593162, 0.41255825003859437, 0.48935823400208717, 0.4969280482715126, 0.30633168554287926, 0.3657616855370144, 0.3989986495581366]}