{"FilterHL": [0.009143417443046973, 0.03420609930626446, 0.0072519896431874065, 0.00656176729428695, 0.01657669234437389, 0.015106476099736187, 0.02585509820922117], "NoiseHL": [0.3234522370960114, 0.34078922724878413, 0.30675481672713995, 0.3661145470925915, 0.29429660393078866, 0.3152213204139343, 0.3009478856617665]}