{"FilterHL": [0.0302493550714825, 0.02777015124209509, 0.01518798884923262, 0.008462786663052281, 0.015300609905867697, 0.0419292966097309, 0.036244851125387854], "NoiseHL": [0.25695415548876055, 0.30857414638155956, 0.23571427094890585, 0.3581224060757784, 0.2327773579163402, 0.34319904472987545, 0.23375564525548304]}