{"FilterHL": [0.0003821855392836193, 0.0004797939135903021, 0.0, 0.0, 0.003636699342459177, 0.0, 0.0], "NoiseHL": [0.3644827734688218, 0.31916807257306506, 0.35434194469879454, 0.3259265977491048, 0.37367265939453903, 0.351972498137622, 0.35512924987693184]}