{"FilterHL": [0.03277629006126468, 0.04512087871824261, 0.032703099938053086, 0.04560340206308845, 0.0489740670069404, 0.02818313109431858, 0.03280291417167142], "NoiseHL": [0.018979192058127668, 0.013611992705768516, 0.030139246865955312, 0.013478350467979506, 0.022574949522472812, 0.022508428792566617, 0.03899037289660381]}