{"FilterHL": [0.053954450571528326, 0.03262246295905801, 0.021298867291519613, 0.022248790623005322, 0.04139504949509879, 0.007491899610476019, 0.008773492336401678], "NoiseHL": [0.1173800536655066, 0.15725122987500853, 0.13777614345231778, 0.18070361357954648, 0.12914327889845864, 0.17712906731750072, 0.15810791304441313]}