{"FilterHL": [0.019817847527994543, 0.017727028790677488, 0.009093704976343864, 0.027969975054396173, 0.005935360205476475, 0.010526554476473415, 0.03171619786463406], "NoiseHL": [0.047966789599392816, 0.0694223139716216, 0.07466653943607543, 0.09222038385570416, 0.0738000807020608, 0.056406572422437684, 0.09785248429086445]}