{"FilterHL": [0.032610012663844404, 0.05433823967981199, 0.0270358426133746, 0.022574925151908856, 0.018788125590040217, 0.023283154212109837, 0.03015766052451796], "NoiseHL": [0.03249112361318938, 0.06130494252688756, 0.034304090830737696, 0.03686528290026972, 0.03792315987564221, 0.021272397656175102, 0.01708371989563908]}