{"FilterHL": [0.013027748275586414, 0.057244336589995753, 0.032412831504842234, 0.03735986645025551, 0.16129704225686525, 0.13803339904789655, 0.20245120692210486], "NoiseHL": [0.05993599345275778, 0.06819309816780382, 0.09296736099354336, 0.08633548986268481, 0.3231601545985768, 0.3361231094204233, 0.34203102368745697]}