{"FilterHL": [0.044301566492548086, 0.05470788063703514, 0.032601562130623755, 0.042471885792503404, 0.041565460186299474, 0.025309124079890617, 0.05357511359511224], "NoiseHL": [0.12587559915922916, 0.05122579199346522, 0.13848042977056066, 0.06019337146075891, 0.11355359479005768, 0.04315901849629157, 0.14565332396419972]}