{"FilterHL": [5.668773847564337e-06, 3.603564729974661e-06, 0.0, 6.954264201225283e-06, 0.0, 0.0, 0.0], "NoiseHL": [0.4267425798781977, 0.4204209295218683, 0.43439937084531083, 0.4583104392927531, 0.41333255667942487, 0.41617630313644177, 0.44129789210881076]}