{"FilterHL": [0.006272749086150574, 0.0013831879676845435, 0.01953145276826498, 0.021670213464926133, 0.017043088637747703, 0.03127893146229829, 0.07350985026585703], "NoiseHL": [0.11622163260079471, 0.21300138385584028, 0.22128873573242128, 0.2981025563106477, 0.1639631851500052, 0.2697183578913778, 0.2384212074607321]}