{"FilterHL": [0.026787990224129817, 0.0181249076093094, 0.012689778176581614, 0.04095929963989344, 0.012636853095738962, 0.007832504014097992, 0.035081955207287956], "NoiseHL": [0.05787335390739789, 0.04692077456547785, 0.08770914123980351, 0.1297826220622062, 0.04837599222544219, 0.04865641209832785, 0.11165850508530098]}