{"FilterHL": [0.01718858697928045, 0.015800841525830576, 0.039963532772275434, 0.21494087598194814, 0.04285628116572926, 0.06256902019402716, 0.10051708848263845], "NoiseHL": [0.4241765124996892, 0.5238401123880747, 0.6662544817974183, 0.5852118913549316, 0.4246324027703991, 0.5368055769922208, 0.6527886279814545]}