{"FilterHL": [0.014453272571266326, 0.05561103899629405, 0.01842137210508529, 0.04318763072333618, 0.20596550361285637, 0.2074236764594135, 0.20143945546263045], "NoiseHL": [0.06654904008464638, 0.06004946182953142, 0.08371106327150513, 0.08001446960737005, 0.10681069528756797, 0.12527881033041455, 0.12768709685010773]}