{"FilterHL": [0.023868567921378033, 0.016940497573208837, 0.0178589992483219, 0.04020897360729299, 0.05674572855793502, 0.023390640154864396, 0.022801239645378488], "NoiseHL": [0.1060615667254653, 0.17349663857822228, 0.0899958483992528, 0.16859355421141278, 0.1383759631324622, 0.17324240644166317, 0.13079699724751587]}