{"FilterHL": [0.0023268964236153374, 0.0, 0.017086915237116293, 0.0019802397245871086, 0.05827315502576846, 0.0, 0.06059926774706496], "NoiseHL": [0.17507205937754744, 0.25, 0.18053523485395784, 0.2561839685989771, 0.18646477737510536, 0.24790907888765304, 0.20841679032383922]}