{"FilterHL": [0.0011898662206702776, 0.03231970295793901, 0.004088929041319485, 0.01103056849398044, 0.007572074889374103, 0.007597927309601813, 0.03218241631989253], "NoiseHL": [0.09196504991705445, 0.09880966284077147, 0.10859639244239667, 0.11417979575893869, 0.11864225841345977, 0.1516542544923507, 0.14638028443113185]}