{"FilterHL": [0.0406587413017368, 0.058388119683794315, 0.031214487306150934, 0.054465036545685484, 0.032309411004910665, 0.04657987291361439, 0.04425418435367713], "NoiseHL": [0.03379962579075788, 0.06948053894599135, 0.023409874062838808, 0.06823523241191234, 0.024499467647664912, 0.0669428115335199, 0.047387002248514894]}