{"FilterHL": [0.03211304434226578, 0.031146287478531775, 0.019805168435885995, 0.013214772783931293, 0.18130028687115504, 0.14528204443751508, 0.1918676444992258], "NoiseHL": [0.11896375497117712, 0.10984269402309038, 0.11457336815652677, 0.10275515651490323, 0.2458332538732657, 0.23102029471278915, 0.23703898695275083]}