{"FilterHL": [0.01406686545500911, 0.015784086211873376, 0.007619520003817769, 0.000994836788523251, 0.008283842052758774, 0.02838425198068932, 0.01479354108438493], "NoiseHL": [0.14405773359719096, 0.1810064283150789, 0.14850171597937367, 0.18572582453274786, 0.15573254502455608, 0.17681039821571604, 0.16294908052790108]}