{"FilterHL": [0.0001147330297656716, 0.00011698825568359916, 0.0, 8.343460903375951e-05, 0.0, 0.00041050302044451186, 6.160030228407797e-05], "NoiseHL": [0.17098527586296225, 0.19707921959999697, 0.1796067636529137, 0.21561738357673682, 0.19836422482717905, 0.21915374002515098, 0.21680194274139555]}