{"FilterHL": [0.005961815366598249, 0.014557271439275798, 0.0035527792298148584, 0.004796826396223116, 0.013711921732443158, 0.007008345010235043, 0.003758881583410748], "NoiseHL": [0.10643758462513543, 0.10952902035631697, 0.1351501194640214, 0.1507336216041663, 0.08409817130794957, 0.0831877931869866, 0.1130352694145379]}