{"FilterHL": [0.029752748280908983, 0.0409613455348592, 0.02360822256382906, 0.05463246043898194, 0.0220525597061827, 0.014739805755022045, 0.038149520604342624], "NoiseHL": [0.16988264144215118, 0.2079156795390527, 0.1652298984060503, 0.1764559973414301, 0.23191934588424748, 0.23251656574376847, 0.22423178936341823]}