{"FilterHL": [0.006261750875239343, 0.022738815002760624, 0.0150619479910481, 0.007197655716072697, 0.007046004900364647, 0.015107339519951113, 0.0283146047035427], "NoiseHL": [0.09907523130332191, 0.12549594215051418, 0.13686178401645815, 0.15239001450031034, 0.1152036341510589, 0.11521002119203703, 0.15404079200034806]}