{"FilterHL": [0.021826931667643837, 0.020869851193463698, 0.03137197750975791, 0.023074520666311382, 0.025621192287191993, 0.01974903114901546, 0.04734263902997824], "NoiseHL": [0.11483745534789905, 0.17605935638149348, 0.10193152012655345, 0.1795645177056482, 0.11567287924187875, 0.17762562637221782, 0.11890778684640799]}