{"FilterHL": [0.038509847961971516, 0.03508516378107543, 0.02175307303904776, 0.007260515053338678, 0.02854131970306317, 0.03538392984335436, 0.04880038491526451], "NoiseHL": [0.15307889611487616, 0.2034499129046734, 0.16439889302173458, 0.23060557016176422, 0.16297588020263465, 0.2139298568908011, 0.17070404425136415]}