{"FilterHL": [0.007693678087558126, 0.022985484949750255, 0.014802331875135468, 0.005914078629570891, 0.001355380098589247, 0.008996795548757505, 0.019910051493042185], "NoiseHL": [0.12773936031569685, 0.17680424682268975, 0.20468091842938568, 0.2328801686021282, 0.1461136263471426, 0.16701576021178904, 0.21213850415075314]}