{"FilterHL": [0.022384856356183806, 0.052278297537016565, 0.03889000565835489, 0.042512930204544365, 0.021157841494591885, 0.06715974009943292, 0.04086920318065033], "NoiseHL": [0.03728928782611316, 0.07644023675595857, 0.043268838833961314, 0.02194108981493021, 0.0319843046368562, 0.06343734122748167, 0.03217427513719409]}