{"FilterHL": [0.017778875875278603, 0.01684657847950013, 0.014387882931142376, 0.02909552552119156, 0.028537530927234735, 0.013594997453370648, 0.03636091568017015], "NoiseHL": [0.13272145904170138, 0.11960150560724057, 0.12765399435322472, 0.12478505776254888, 0.12790215105554242, 0.12759876746666787, 0.13004219266051786]}