{"FilterHL": [0.039763992554269253, 0.05367528722205314, 0.032637918718449836, 0.1009088114709096, 0.08621373520474578, 0.07309857699425266, 0.09920878054987058], "NoiseHL": [0.0931430579847029, 0.40627138992705253, 0.10693138083339442, 0.4153013897022888, 0.11543163441585128, 0.4034432815908829, 0.1404179646438012]}