{"FilterHL": [0.021465210682749702, 0.04041379406019815, 0.038344125396096676, 0.021604803572491366, 0.025961228490008214, 0.020533485776775048, 0.029760449954408075], "NoiseHL": [0.22647100851697866, 0.2126204986211363, 0.24659048336953032, 0.20974517055251105, 0.24707595915237063, 0.21879499531003124, 0.22358012254153864]}