{"FilterHL": [0.02342772062219445, 0.03189488781562608, 0.034843146070353936, 0.0257008984362569, 0.014961785665472625, 0.029847807877245235, 0.03173560293921851], "NoiseHL": [0.1336328973766674, 0.12790430205457604, 0.09608062558315342, 0.09820233130461517, 0.09614170894489389, 0.10217392137581659, 0.12254347436200433]}