{"FilterHL": [0.058144675962716726, 0.1190846980748546, 0.03476668590373552, 0.05482505265122431, 0.09907001685957169, 0.1125207595933222, 0.07310049044598725], "NoiseHL": [0.3118668668987991, 0.24622299760872854, 0.2871877115398412, 0.24802201795176979, 0.29609369708210526, 0.26337986871788654, 0.31230883151988686]}