{"FilterHL": [0.015603482980788435, 0.03582901271397642, 0.006543231493940202, 0.029761386400191887, 0.026894599453625528, 0.026625354992567473, 0.018492009005547882], "NoiseHL": [0.09907614500326889, 0.10320644995634763, 0.11109816782104366, 0.11233681249010924, 0.09246479115448522, 0.0705151794482891, 0.1197518920833767]}