{"FilterHL": [0.05426939184586348, 0.05698588847398576, 0.029903829904516895, 0.05192906682041126, 0.0208102933178269, 0.023603837540941947, 0.02160843362861879], "NoiseHL": [0.08131727665864687, 0.10184552644711653, 0.1346443713124631, 0.14779556782809247, 0.12190434310974885, 0.108907024261802, 0.151528395497754]}