{"FilterHL": [0.0018987111545919163, 0.018224670522468202, 0.013715333005136183, 0.005409359906275722, 0.004795000945712239, 0.011522298567843287, 0.023946512906844387], "NoiseHL": [0.10169503773938986, 0.1456754579878109, 0.11733166162172864, 0.15400991939589453, 0.11085136971793111, 0.12350324742550237, 0.14221617630613118]}