{"FilterHL": [0.0035136430936469464, 0.02219615372425263, 0.01550224963246499, 0.007288444704498958, 0.0028613534661680725, 0.012716748622048992, 0.0286596001032342], "NoiseHL": [0.10393419991565643, 0.09130263378031936, 0.10857457863306041, 0.12747105208461598, 0.11543287432515958, 0.1368621886236605, 0.11942666611465692]}