{"FilterHL": [0.008313268139896654, 0.01039893001500582, 0.007194572219818513, 0.014592221748205013, 0.008549479712604178, 0.004277864856774304, 0.015114900530319905], "NoiseHL": [0.08282696713093593, 0.08863821602896242, 0.10160150080522487, 0.07349892992612742, 0.10154207267098808, 0.06996525433799047, 0.09907309779780459]}