{"FilterHL": [0.007640225067976438, 0.0036964562104359468, 0.00759732338207318, 0.011216661312327873, 0.006948002255942634, 0.0018333442716841708, 0.010322464320643768], "NoiseHL": [0.11091011126033903, 0.16076670502129112, 0.09665345587062539, 0.15374484519343704, 0.11751711948985669, 0.1882439709050275, 0.0978560815978221]}