{"FilterHL": [0.10166698618960439, 0.06909446298042962, 0.13417033204919407, 0.11155856622732664, 0.07911185456754846, 0.07610570570320932, 0.1470611407649626], "NoiseHL": [0.1578388538902503, 0.27653325902342474, 0.20682953827315465, 0.2797605636899901, 0.1806690996840541, 0.25618081560023015, 0.20343055709454722]}