{"FilterHL": [0.0, 0.0013569976257200834, 0.0037226028671651238, 0.002639061608386188, 0.0, 0.01885192887824622, 0.00806198923562167], "NoiseHL": [0.272083122635683, 0.277846286164513, 0.2362517992874736, 0.18367944485717635, 0.2662155203826279, 0.3044224920897379, 0.25208024262740086]}