{"FilterHL": [0.011683195644438378, 0.009773225371964846, 0.014945004993997616, 0.006596865296300516, 0.011816428837648866, 0.013479809812114132, 0.0301633288258616], "NoiseHL": [0.24385359058521547, 0.21444420262138836, 0.2209092870035368, 0.2253052860184252, 0.24368409306443345, 0.2769048851804831, 0.25720844399835485]}