{"FilterHL": [0.0, 0.0, 0.00039401422253602307, 0.00013157362879051267, 0.0008943527341938754, 0.0, 0.0], "NoiseHL": [0.32759952141623117, 0.30881681198870464, 0.33750491859769377, 0.30706506372943193, 0.3399474501591288, 0.33257992735227315, 0.333404535312594]}