{"FilterHL": [0.0466590451658471, 0.006029712497485939, 0.027259183159718658, 0.0063964354094757595, 0.04299984378504412, 0.04378725073205571, 0.050189898728992176], "NoiseHL": [0.15920023308854184, 0.260071742513089, 0.19301880468011087, 0.26134033534310536, 0.1501940448699416, 0.22963379196113914, 0.21687515299381765]}