{"FilterHL": [0.0035700363302192707, 0.018688155402735922, 0.006399864616037119, 0.01615090985984088, 0.009218914964328034, 0.01765595858872283, 0.01032638321049524], "NoiseHL": [0.25310921802022995, 0.26870019398681566, 0.23972068278744102, 0.27515098692343215, 0.24710931703079936, 0.26100042181976635, 0.2583755503515613]}