{"FilterHL": [0.03276594633046373, 0.04025855733415166, 0.024753683941048377, 0.03840719066544326, 0.021802818787693787, 0.036732761001202124, 0.0311685024789027], "NoiseHL": [0.2686000955593661, 0.26395309126762895, 0.17051102450247077, 0.16924586247649495, 0.2895605199930583, 0.2722446066237609, 0.17703102442100357]}