{"FilterHL": [0.012370824598506875, 0.03788492155575202, 0.003416995020166722, 0.04053059022548716, 0.10619780359990223, 0.12964555513380738, 0.09140192939716595], "NoiseHL": [0.17986235238775847, 0.2168415634541657, 0.19118667381218535, 0.2404665854284881, 0.14450467725084593, 0.13428664393866818, 0.1436198407245516]}