{"FilterHL": [0.05769396833277641, 0.04340023562086044, 0.026024111599611432, 0.02233105438339228, 0.014203371979704452, 0.03212636243860611, 0.07079930865433141], "NoiseHL": [0.3063787973444023, 0.30418164521615665, 0.32214528816289023, 0.3165552399271065, 0.3693197382923976, 0.38000594113037284, 0.34542925917082273]}