{"FilterHL": [0.027854297458259843, 0.051124876628174054, 0.033079982008238744, 0.030517861919055672, 0.03027907681527153, 0.028550729741952902, 0.0412509616057745], "NoiseHL": [0.14997187209858237, 0.11718512820721534, 0.15691905514343701, 0.12340114335624099, 0.1557232878171697, 0.1311103741106838, 0.14292906893694876]}