{"FilterHL": [0.07248673886379531, 0.1083350185726623, 0.0634548306123871, 0.05309051852646223, 0.08394240895596904, 0.07644903187183973, 0.0737099890346737], "NoiseHL": [0.33242963306385637, 0.35038658132436945, 0.36188085398469355, 0.34590323022346176, 0.3277973305249197, 0.3475296031864916, 0.3341473849841182]}