{"FilterHL": [0.023170442045567726, 0.04820431138613965, 0.028545453296272064, 0.03237035836679928, 0.019396382270200727, 0.07067384569413543, 0.04312467881017662], "NoiseHL": [0.023786113910777264, 0.13245495670268115, 0.025898910538358626, 0.11087640101641565, 0.02177640608119464, 0.1693552124364887, 0.03026531180394496]}