{"FilterHL": [0.032994934922598126, 0.0323272793805327, 0.03332386350133844, 0.04659873119269989, 0.04339678215809385, 0.03600436061473742, 0.027298401829675103], "NoiseHL": [0.028544256980914774, 0.0306838982302655, 0.02698172194144471, 0.03528957707777787, 0.0390508191662273, 0.0564255791531659, 0.0364191270487309]}