{"FilterHL": [0.005786171135900542, 0.006853658146672115, 0.0028607222076663793, 0.0063003004090519165, 0.008896448259781902, 0.013614539373694801, 0.013515618858065834], "NoiseHL": [0.08287397975143347, 0.15432591608540835, 0.10010191637678824, 0.13702287309222597, 0.13504554835035246, 0.18133180477963132, 0.1523598795389362]}