{"FilterHL": [0.024526616025814633, 0.026373142955367593, 0.01314427887423853, 0.018976111000233147, 0.00429264507633739, 0.014477937880859234, 0.015695879805881555], "NoiseHL": [0.057061604939891625, 0.0640930177538222, 0.08875246271527289, 0.10315330879354956, 0.07326352971995928, 0.05822197598486476, 0.08775447540417247]}