{"FilterHL": [0.1766507740895969, 0.1771930235584234, 0.21039305864227856, 0.16614154055864427, 0.2554376351334593, 0.24792011900909122, 0.3024255314916571], "NoiseHL": [0.2742995983856863, 0.29437129101096676, 0.24910485918801262, 0.2649969618377644, 0.264727367450224, 0.29971464638385475, 0.257144095580311]}