{"FilterHL": [0.0, 0.0012098065593418718, 0.037996046983470394, 0.01986568574999113, 0.052969482476164086, 0.043150944200425916, 0.018187446829880237], "NoiseHL": [0.3008703820942616, 0.26423520936170475, 0.22993192978194882, 0.2219542347338787, 0.3938189753398941, 0.38121562704251255, 0.3092643655837516]}