{"FilterHL": [0.001296189043422167, 0.013158196315408266, 0.03437487963970926, 0.0032746353461960954, 0.02025619402490114, 0.03892948906454715, 0.01752723709752364], "NoiseHL": [0.21559179133436981, 0.2010398893735143, 0.33685775133787554, 0.33043068076339294, 0.12242970537348379, 0.13941582564556468, 0.29555759952961336]}