{"FilterHL": [0.050744066635682386, 0.017280303509218522, 0.02591971483944551, 0.007755164505298086, 0.08920307197489481, 0.018441916688337927, 0.033458562466015335], "NoiseHL": [0.4522036654570295, 0.32147537994699404, 0.4459582652479096, 0.33418295217163957, 0.46232826090570694, 0.39902627185832906, 0.47466539972573357]}