{"FilterHL": [0.03264301937891713, 0.040152153257058766, 0.019842999428701342, 0.04461345461894675, 0.16490964835927074, 0.15595172529098802, 0.16386539365739472], "NoiseHL": [0.06620537395134055, 0.07464443427427936, 0.05332665374567231, 0.0944706280568839, 0.09178095973888346, 0.05163798930681384, 0.09508875138220427]}