{"FilterHL": [0.0013331603858474019, 0.002863226797753101, 0.028156073485612287, 0.027478612248266577, 0.0, 0.004099389662055352, 0.018816595383585866], "NoiseHL": [0.16193431328727034, 0.24368051018541526, 0.1283846449546869, 0.281738691340145, 0.21680194274139555, 0.2489564445084177, 0.14458359012702268]}