{"FilterHL": [0.01667114956677092, 0.01035834579014264, 0.02691310702647072, 0.012105980825077528, 0.029680369877777925, 0.0241329179446995, 0.012054195103924657], "NoiseHL": [0.141969380100035, 0.19460417032923272, 0.1375434251110746, 0.17474279034974544, 0.220940080389829, 0.26787515032155806, 0.20970888786843223]}