{"FilterHL": [0.017303504802493447, 0.02534670430143094, 0.00959206117954337, 0.031416392377653334, 0.04039404708198702, 0.025697087589244303, 0.05437578797282824], "NoiseHL": [0.3510628271235094, 0.3452234239077585, 0.3208588791765018, 0.3058535374844872, 0.3456791252997316, 0.3386312503643366, 0.3112912608833513]}