{"FilterHL": [0.025275392301003518, 0.0493159054242959, 0.028645819416730084, 0.0357766360974205, 0.038104077571126715, 0.023536079651427986, 0.013698971149068451], "NoiseHL": [0.22450650959367938, 0.22433887706230957, 0.25316229351734, 0.24502469731017035, 0.24573749180057403, 0.2210104208267907, 0.2536320041504792]}