{"FilterHL": [0.01618803033343261, 0.0, 0.007247947030536, 0.0004936697781015336, 0.01567957407144834, 0.006740187695595854, 0.016402587308788585], "NoiseHL": [0.1530053596989182, 0.20838248111736035, 0.18324352476248654, 0.22607708161584836, 0.13685921807891285, 0.16738766487551276, 0.18344171877216872]}