{"FilterHL": [0.03269731310111055, 0.04372353071475462, 0.03547341848760879, 0.05507788155938625, 0.031442088915340956, 0.03698478193359324, 0.0349128364133851], "NoiseHL": [0.03859731614586963, 0.054122145892989186, 0.040368466006581914, 0.05158499946201121, 0.041295216072494006, 0.035147663504548406, 0.03731988064853166]}