{"FilterHL": [0.0019648658813380994, 0.017325591112563845, 0.011501566583773552, 0.00525338974679654, 0.005070123699864527, 0.005521047725534325, 0.01846278933163781], "NoiseHL": [0.16960116704406514, 0.16956031563305468, 0.18926868067684588, 0.19053598627316176, 0.24164470019927367, 0.2693051089359808, 0.2249369534168776]}