{"FilterHL": [2.1073424569465507e-08, 1.1379658254720607e-06, 0.009236831833999636, 1.348700438568351e-06, 1.753330635708516e-05, 0.04933362889062179, 0.02214331936747622], "NoiseHL": [0.2806907803767703, 0.3495915558558892, 0.2956791370536649, 0.38345924946823057, 0.3217152965180304, 0.30460223672999465, 0.309938311404096]}