{"FilterHL": [0.026342786835916274, 0.007648077233801717, 0.010285822952243753, 0.03153582313599841, 0.011840693901388987, 0.012786435492914555, 0.005229440894511962], "NoiseHL": [0.28387907973495424, 0.35906309616437654, 0.2721553464550716, 0.3692500216854278, 0.2671652036671751, 0.34270935055209667, 0.26916635647971304]}