{"FilterHL": [4.745894407622689e-05, 0.0, 0.00018894849324621024, 0.0019199087161911414, 0.07870931611832406, 0.07324593621494149, 0.08052908745145056], "NoiseHL": [0.19448580951758207, 0.294571808286785, 0.22607708161584836, 0.31316232914598263, 0.1982322619032736, 0.21109243084486826, 0.23195665409663652]}