{"FilterHL": [0.0, 0.0, 0.0, 0.002313917989924561, 0.0010969850781620781, 0.0, 0.0], "NoiseHL": [0.2226395172490795, 0.3751893617838597, 0.2652269334169895, 0.3982059754514411, 0.26224220367923473, 0.3675635571657941, 0.2972843603127713]}