{"FilterHL": [0.018736148231087657, 0.04379022045176464, 0.02828637889267979, 0.03929753273440622, 0.01500899074871215, 0.03032834186237751, 0.04772408519047711], "NoiseHL": [0.10447166809837378, 0.11869254710050846, 0.18396081971072112, 0.19585091402738117, 0.12177579750789844, 0.10508827640873178, 0.18518749090345238]}