{"FilterHL": [0.1444647248996809, 0.13795138763153597, 0.061375457341623245, 0.028572877859329448, 0.2003518232440022, 0.10675769355817893, 0.09230612234154552], "NoiseHL": [0.2908554464772671, 0.34305479018693874, 0.3035950870324755, 0.40622380613981873, 0.3547679347092781, 0.35545604834807426, 0.3688710644513283]}