{"FilterHL": [0.017370038399709173, 0.002882561032989927, 0.002182861905251517, 0.016183525057838686, 0.008075292987515456, 0.010663965588582035, 0.011839113340999989], "NoiseHL": [0.21299771448364155, 0.17268356488561823, 0.1987760817284965, 0.20365182763530612, 0.21323890340226961, 0.16450506509993895, 0.21015189383153646]}