{"FilterHL": [0.01627743267799964, 0.05080547858137595, 0.009618265681559452, 0.037579859851097186, 0.019922761857913644, 0.020436176816312455, 0.014654688645015004], "NoiseHL": [0.2665513103166356, 0.2842217531484733, 0.2676194824760426, 0.262219868394756, 0.2897646361617573, 0.2849925438439109, 0.28918170420690503]}