{"FilterHL": [0.0032788993430951856, 0.020151102786163378, 0.014387064357706673, 0.023112318905007225, 0.0053786817254890575, 0.008598648857620305, 0.01537630433197581], "NoiseHL": [0.5322857583457867, 0.5979372570896614, 0.5580369078981563, 0.6171076453911775, 0.5514549876399569, 0.6118473232286364, 0.5555071398818859]}