{"FilterHL": [0.0409301966920541, 0.05196097751180015, 0.02427525271117726, 0.047117934054271955, 0.02669524552143535, 0.054892293994523104, 0.05090756754131936], "NoiseHL": [0.010692826355930904, 0.006825107425776374, 0.01375856148191644, 0.016862066549919837, 0.008943656395028518, 0.013207236456607405, 0.014791858002296428]}