{"FilterHL": [0.02371844363454142, 0.032446922240060266, 0.01836598192955454, 0.021643307579062458, 0.02230511580496357, 0.031043981181243286, 0.03536432635772886], "NoiseHL": [0.1990569129294687, 0.1956870105080992, 0.2228235906419349, 0.23339198106297104, 0.21084980165543354, 0.1674075050172528, 0.2267064025300237]}