{"FilterHL": [0.02571266473297511, 0.03569254072612203, 0.01071649782721923, 0.029245053890024224, 0.01589991462141576, 0.01173931154501213, 0.030527249415744025], "NoiseHL": [0.09639144408491851, 0.13958460426044442, 0.21204911922648137, 0.22346289052232962, 0.09642997128650893, 0.10089973061242684, 0.16816151507880636]}