{"FilterHL": [0.02311524545595183, 0.014203686781787, 0.010367258412019447, 0.06226232303956858, 0.08068198984856957, 0.3427331074924626, 0.17138959416311544], "NoiseHL": [0.4485862683843045, 0.523617427149217, 0.5142987178936114, 0.5436931998236586, 0.5482995913453639, 0.6031039533381843, 0.5919918902693094]}