{"FilterHL": [0.03384306960257989, 0.06286597321033764, 0.027808147019119454, 0.05786750503990775, 0.04844444259224609, 0.026561539003873116, 0.061391096904399076], "NoiseHL": [0.04696640238745453, 0.059193489049871276, 0.06925143397521775, 0.09357087681716082, 0.068625630652001, 0.038870073618199406, 0.09869862503140811]}