{"FilterHL": [0.023265936879461983, 0.02960161232251246, 0.022872476100232134, 0.01590266898114687, 0.07433830560562828, 0.045400545706635834, 0.040967342399537775], "NoiseHL": [0.2234806809088324, 0.24511473346761709, 0.21663739710131313, 0.23785983399894828, 0.2633423376626977, 0.29222818722512023, 0.2664215845332049]}