{"FilterHL": [0.0540830691967515, 0.09444814042703563, 0.0561246255429511, 0.08118353813268422, 0.07226287360086403, 0.09516931633607847, 0.05669223020032229], "NoiseHL": [0.23022101983798357, 0.25053338180501283, 0.18655071236715956, 0.16646656666104645, 0.2365002738935325, 0.25025068206269063, 0.17266706921311212]}