{"FilterHL": [0.002900608498149729, 0.019410155104993373, 0.005934423673981575, 0.005732097899666626, 0.008393713025136345, 0.007488609791377846, 0.019146766369755232], "NoiseHL": [0.09447235861488956, 0.14596666171317915, 0.12148512126790656, 0.17391913963536867, 0.1870192421212004, 0.1457013602577878, 0.16521012581956682]}