{"FilterHL": [0.027421443932808907, 0.0478060033496287, 0.012269996358053493, 0.03169213034480243, 0.003910925554377434, 0.06266537604588404, 0.012927993172799022], "NoiseHL": [0.14987657083678435, 0.24504139037812883, 0.1556279764429869, 0.24775520536273932, 0.22315626018054516, 0.250730626263609, 0.22839349875777606]}