{"FilterHL": [0.014051024692637687, 0.015019463627238518, 0.015963329543043348, 0.032601400510699624, 0.020009217085993493, 0.013486293823831038, 0.010477821934388414], "NoiseHL": [0.10283241432256016, 0.10824852794737039, 0.10395938381636528, 0.09312442348314087, 0.09540862990089069, 0.11603128640381949, 0.09469156322356859]}