{"FilterHL": [0.0025003511756976405, 0.023102617613741515, 0.0015793670717382674, 0.003773673014789454, 0.011163948264365474, 0.008762975660992189, 0.00986460633976733], "NoiseHL": [0.1003306733411894, 0.13233362271778826, 0.1079779143835431, 0.1324557463150395, 0.12561245474862603, 0.1335070588035715, 0.12011816076442128]}