{"FilterHL": [0.005203332409157894, 0.02199039319048431, 0.014265502325475129, 0.010308023188293516, 0.003288646669545711, 0.0171763362039804, 0.03108878776403794], "NoiseHL": [0.11082662487277575, 0.11525546159809473, 0.16505424839650804, 0.18106568068940315, 0.15579664929372192, 0.1540817945550256, 0.13868549781011197]}