{"FilterHL": [0.17237760965119944, 0.28571109300261077, 0.3222640087062936, 0.2389995016717738, 0.3420663358447292, 0.5089195026648113, 0.4284892122776712], "NoiseHL": [0.4078958598525557, 0.3608786453850024, 0.37928124710632666, 0.43102461583460383, 0.40665789192851964, 0.4132079363184877, 0.4102489902549606]}