{"FilterHL": [0.00017636440830492484, 2.3792296258746798e-05, 0.0, 2.482492954666167e-05, 0.001514187327810375, 0.0, 0.0], "NoiseHL": [0.21798069666140013, 0.16500333021764654, 0.21561738357673682, 0.17245022900462764, 0.22607708161584836, 0.19448580951758207, 0.19836422482717905]}