{"FilterHL": [0.006650651178541519, 0.0058237779244247724, 0.014045428312010642, 0.00798794574048291, 0.06200104874576745, 0.08853522588654421, 0.06107137592607342], "NoiseHL": [0.21705052558556373, 0.18052401283449052, 0.26563552126300144, 0.23592609819358665, 0.20097891804664691, 0.156895502259929, 0.26298021174856806]}