{"FilterHL": [0.02749383992138599, 0.05174716007026172, 0.033247256387340135, 0.030656285942178087, 0.02446449998728451, 0.022844448684263812, 0.043666264875674515], "NoiseHL": [0.012251340163515468, 0.015482748175365539, 0.01845667400823343, 0.017329659151597145, 0.013306601271420856, 0.016510503799483028, 0.016634726133248897]}