{"FilterHL": [0.030763929824806056, 0.03265351887668267, 0.023951089816858576, 0.021585445899374056, 0.015196457002761166, 0.03235803944585628, 0.03741163602540852], "NoiseHL": [0.15740870572160218, 0.18946678169806638, 0.17965407078747028, 0.19576120045036252, 0.16826736178862922, 0.18201859998423087, 0.19070830251744667]}