{"FilterHL": [0.23120900026622324, 0.17746893094701463, 0.22573542685268705, 0.1966445432479514, 0.36633747050370125, 0.36700421168165426, 0.34084833966241534], "NoiseHL": [0.6519628708842767, 0.6644124020273537, 0.6681014479814325, 0.6692246181535736, 0.5664254930209772, 0.5464769965835903, 0.5425500004667348]}