{"FilterHL": [0.02704699501224566, 0.02129876227852622, 0.04120959920872774, 0.02017440928576216, 0.07672504816222092, 0.059682986362685694, 0.06614708761935596], "NoiseHL": [0.12552862903828302, 0.12641722141286965, 0.15213027447511565, 0.16153136012554298, 0.05583099788246422, 0.06662891113145197, 0.07797222334217266]}