{"FilterHL": [0.02579854279799771, 0.03255027694695243, 0.03778814994521008, 0.024697959096467353, 0.058857681982447806, 0.0618962733224752, 0.06292807003864805], "NoiseHL": [0.09455781123138698, 0.08364020806183699, 0.09890157244343134, 0.09957559521073049, 0.13182511471917205, 0.1568835426638253, 0.13996020178930718]}