{"FilterHL": [0.015476278222982252, 0.04790752954464936, 0.04995840795756849, 0.041582344461513036, 0.027376182230815678, 0.019752808974995477, 0.0365760622029931], "NoiseHL": [0.05067075264647247, 0.07560748589674998, 0.05757783301810207, 0.06192712484319889, 0.030939002411561375, 0.0480238973482636, 0.043537218078372616]}