{"FilterHL": [0.019888898458923925, 0.05196437790665915, 0.033817243420109375, 0.040173440162741596, 0.029865560187858284, 0.06044578323642014, 0.02845875696878514], "NoiseHL": [0.10208718977033421, 0.07106868212039019, 0.10377888662773016, 0.10137564164560338, 0.1521005989151662, 0.12767902527915465, 0.1504303451291426]}