{"FilterHL": [0.014053631314384557, 0.010494425382860367, 0.01705945982676144, 0.0031625660427718645, 0.026729861344276972, 0.03409062044090457, 0.022688964030804424], "NoiseHL": [0.34760865402730534, 0.3551728236900052, 0.3151640999580043, 0.31999224087876704, 0.3472625208110744, 0.3524997703918058, 0.32279835022703623]}