{"FilterHL": [0.03779332134115096, 0.06966454423372954, 0.17558270819899705, 0.023596845344237814, 0.1983815938617501, 0.241781529462461, 0.3386986822399742], "NoiseHL": [0.43903007934233224, 0.45900353839816255, 0.43808628268009686, 0.47807479442033396, 0.570386557438426, 0.6225398166594875, 0.594156846344399]}