{"FilterHL": [0.03345936444338215, 0.042014004148040573, 0.023071653327409323, 0.038024161972095495, 0.018825388597821294, 0.042995152538936404, 0.037808580636214555], "NoiseHL": [0.043567038626171374, 0.03197926651314037, 0.03370710192411479, 0.03976937163443721, 0.04102132996874959, 0.05457037664731776, 0.04261199604999997]}