{"FilterHL": [0.03078644822220292, 0.01760429925546879, 0.026881909082834776, 0.026365171020358513, 0.007073513785729982, 0.018290690952965198, 0.031871552287917077], "NoiseHL": [0.1326778825052973, 0.14640986521701205, 0.13408786959707603, 0.11971586681362889, 0.13928844875929106, 0.14161161260292537, 0.13348321881722414]}