{"FilterHL": [0.039222242132672974, 0.0688464852600923, 0.06627048627050044, 0.05365108660494398, 0.061312249714287434, 0.04863322497686017, 0.07579673799493823], "NoiseHL": [0.07286476228794925, 0.09343125405993258, 0.09484679875149199, 0.07476719758671313, 0.08955516876199364, 0.07560397253514678, 0.08322244787112641]}