{"FilterHL": [7.375736957064216e-06, 0.0032843632717956084, 9.81457480257977e-05, 0.002337693671118113, 0.00014881510820952828, 0.013890552683953289, 0.0002798893940706659], "NoiseHL": [0.16193431328727034, 0.15333282055063296, 0.19448580951758207, 0.16615336137075726, 0.1796067636529137, 0.19501946408595391, 0.1957864663624126]}