{"FilterHL": [0.006397395599949421, 0.031310599166119474, 0.02266422867673875, 0.0046889307138311565, 0.0035176015417634726, 0.02061617816799914, 0.014781379853214063], "NoiseHL": [0.2500699499450601, 0.2820323126035236, 0.25037220831755036, 0.26144209188388995, 0.26924261010142014, 0.3234417263851439, 0.25728514590509366]}