{"FilterHL": [0.013865818276301563, 0.001659977417256401, 0.006470427104273475, 0.0013050465549990507, 0.01387410440826955, 0.003835615957819131, 0.0014991160935180542], "NoiseHL": [0.10628788620635506, 0.17819712353313422, 0.14909172830464051, 0.17534965574232633, 0.11753606815272441, 0.16503101850522583, 0.17390586517393766]}