{"FilterHL": [0.0040399014584061345, 0.004937917559002669, 0.02269252273714943, 0.018214024579104714, 0.026829506893282375, 0.029825920304342484, 0.029791350161603843], "NoiseHL": [0.1865898810621371, 0.20273605698564068, 0.15502884157591035, 0.18699752860768162, 0.156170834295532, 0.15131363359599156, 0.1277198759484304]}