{"FilterHL": [0.014788252176967904, 0.02897794347634011, 0.033756146741771804, 0.025128908349930566, 0.04636524685368835, 0.031278627189583914, 0.049526245251239324], "NoiseHL": [0.10610450300657674, 0.1012963649514443, 0.1264471134109295, 0.15613800586901053, 0.1009769648005218, 0.0853028877734802, 0.15752772754158995]}