{"FilterHL": [0.026416909231303683, 0.0484883363283914, 0.022944452800121137, 0.02309552823041289, 0.01803478017765949, 0.0319770995313681, 0.024377658166106746], "NoiseHL": [0.021739505111318867, 0.03397853299934815, 0.014053206583584013, 0.0431360150561459, 0.02421507636054714, 0.027962857931071967, 0.029237578592036875]}