{"FilterHL": [0.0, 0.0, 0.00904376198780001, 0.0026857454553073073, 0.0, 0.06138862055478148, 0.05616911477606281], "NoiseHL": [0.3431841512317855, 0.41404456405962115, 0.34029516960387585, 0.43301270189221924, 0.3652546522751244, 0.32176455207478527, 0.34344645237323507]}