{"FilterHL": [0.011845440044687384, 0.002723590568030802, 0.01066836185876654, 0.0016199785633794837, 0.00879039505316319, 0.006639034189710665, 0.03680751235557656], "NoiseHL": [0.14631537692858657, 0.24368051018541526, 0.13905323143546686, 0.24154202878078954, 0.14857216259324654, 0.25103979383693453, 0.17757402222903018]}