{"FilterHL": [0.01720515677550337, 0.036472056866741674, 0.02430394299873028, 0.02857292645686398, 0.039186692111209176, 0.02868037410921777, 0.052471337968101626], "NoiseHL": [0.11263688006352914, 0.12331258910104011, 0.10339530239846477, 0.10735724556465293, 0.19908435754814097, 0.21450265970775928, 0.19731538493901246]}