{"FilterHL": [0.03589795327029536, 0.03218917506512372, 0.021525362460454715, 0.014004144999313945, 0.10045937688317946, 0.1000852421717442, 0.09950508341438113], "NoiseHL": [0.17214658182582732, 0.16467397209819168, 0.16737442886534978, 0.17739782785746605, 0.2771403496252914, 0.2665418940109174, 0.26417901358093804]}