{"FilterHL": [0.011671511035595097, 0.008483322946060495, 0.0007085520810318261, 0.00329616069385675, 0.011592648108495158, 0.014956205609144095, 0.004573393188298701], "NoiseHL": [0.1532276717441534, 0.13948862121192385, 0.1651791733543958, 0.15075560014922892, 0.19380158696977523, 0.21398266855911843, 0.2014357040695091]}