{"FilterHL": [0.017738204897592386, 0.06548475954420059, 0.03399218960246654, 0.020767616996316907, 0.024179387291211593, 0.031806801576133664, 0.0376248353124445], "NoiseHL": [0.02446718410344038, 0.08138686706210896, 0.027108200205662205, 0.04567592082266464, 0.021881475904974686, 0.04578083305909389, 0.0357757451878101]}