{"FilterHL": [0.10859865416506223, 0.11048296260684189, 0.06539115512239288, 0.07263893656340041, 0.1505864285441818, 0.13444657305796304, 0.1532673920143453], "NoiseHL": [0.46930744703432226, 0.47660662425632216, 0.4662780584719238, 0.47154701830839924, 0.3643423655667714, 0.3591307455461862, 0.340782515850866]}