{"FilterHL": [0.01641872603436007, 0.03922187591905183, 0.01390658954861346, 0.010777222245395715, 0.0229003539811766, 0.008788974835087482, 0.02764730969760675], "NoiseHL": [0.1380018606940455, 0.15694123937361937, 0.12309892717933983, 0.14468790416056335, 0.15635694072716164, 0.15861075575640046, 0.14783553458011908]}