{"FilterHL": [0.08648500022289213, 0.009666954305882294, 0.08456464129684575, 0.022347493479475858, 0.060733747968787354, 0.028604242182574183, 0.04706743337798434], "NoiseHL": [0.14861085755414982, 0.11069287715803353, 0.12590298893507051, 0.0852927073365795, 0.14219266398153874, 0.07382390996929675, 0.12175335541021626]}