{"FilterHL": [0.021990686915722528, 0.0261159249135719, 0.051965980208214545, 0.012631542560338332, 0.05710431711788004, 0.04004064168288043, 0.041232048746774864], "NoiseHL": [0.1889208133372595, 0.21004887755513074, 0.27188777223776606, 0.28646161305296025, 0.23957387600039803, 0.23017470088406397, 0.27847587422852377]}