{"FilterHL": [0.00022117910593962126, 0.0, 0.013062061174468417, 0.011951507532595322, 0.0, 0.006301255332915199, 0.01714431497563996], "NoiseHL": [0.2034297098849552, 0.22946862650151673, 0.15988111438517258, 0.20469242856911607, 0.21915374002515098, 0.24999999999999994, 0.18101504071315952]}