{"FilterHL": [0.06842558770849862, 0.07070292481418723, 0.058752716362212555, 0.044433907302031284, 0.10525874906951592, 0.16037416021764705, 0.08038863443505888], "NoiseHL": [0.36611336845572134, 0.392275080163102, 0.40339565955054657, 0.40150881710824227, 0.39479693507447444, 0.42770085875431374, 0.4216401892142145]}