{"FilterHL": [0.02693839080607442, 0.0257144984381351, 0.008014017958367349, 0.008618178745439329, 0.029805714219666376, 0.0379040699528955, 0.018356920599273203], "NoiseHL": [0.22644819695949558, 0.21344961378891933, 0.24896828350245978, 0.23624967036503766, 0.1949639061483572, 0.314127162089036, 0.22101481465529055]}