{"FilterHL": [0.03847658305492956, 0.04296234269198182, 0.043730868885770775, 0.01538061072584137, 0.018262637646917473, 0.03423177873454179, 0.04526647541196895], "NoiseHL": [0.09065321218511505, 0.13807435337252347, 0.09703750005960232, 0.08419187033340599, 0.11539368889772088, 0.15550764362137418, 0.11571134559157678]}