{"FilterHL": [0.018532840034752043, 0.03105194394776039, 0.023912948837579634, 0.03286502184648432, 0.022853869745238977, 0.017483994967357305, 0.04311568906599922], "NoiseHL": [0.06175879278991618, 0.08991175121919437, 0.09220350834461326, 0.09891817782320576, 0.13979948737247974, 0.17942502706938399, 0.14606235479341856]}