{"FilterHL": [0.012864104984562603, 0.011502519314749524, 0.013543848290803562, 0.01701869433114264, 0.012360511035375839, 0.014338888354027109, 0.03064309179304587], "NoiseHL": [0.18563452289684904, 0.1778853675305057, 0.16149890188598331, 0.1564219137842262, 0.22701859522293652, 0.22196410352000404, 0.24721622245650318]}