{"FilterHL": [0.007636894619666804, 0.01314333080096332, 0.026903448920089428, 0.011853138897058933, 0.0833670356080722, 0.047083446846875494, 0.08991201151466507], "NoiseHL": [0.10932422918054276, 0.12696923522982356, 0.1276663216487478, 0.12637427378831106, 0.09969271511995292, 0.11343508720454237, 0.11120419406950482]}