{"FilterHL": [0.01356243604898116, 0.010158466699018529, 0.010814569796440484, 0.029551559120096358, 0.03092202983741563, 0.029129896709867473, 0.022818445760859833], "NoiseHL": [0.10883851788958007, 0.2000565691534064, 0.14747987727862535, 0.22752067005035256, 0.11385462756211294, 0.20513921253163359, 0.17283176969416983]}