{"FilterHL": [0.009867155736570325, 0.019565981014031453, 0.018640333015606733, 0.0030644680025894823, 0.008468600618093753, 0.009792719698068622, 0.015217056538408854], "NoiseHL": [0.11083246896776233, 0.11524190897554709, 0.11088365017285873, 0.12970910129550772, 0.11947900597941738, 0.10184313059632089, 0.12550141308612645]}