{"FilterHL": [0.07755476850001257, 0.032650212454783244, 0.014421254710540274, 0.011381074868129209, 0.10312390057804735, 0.05240692821300337, 0.057232663018984234], "NoiseHL": [0.18293600979565422, 0.23928447304718725, 0.20852916433264312, 0.26916384345914296, 0.2213163360253577, 0.31422012979736386, 0.24439918628886895]}