{"FilterHL": [0.03597041480264185, 0.05030916611625069, 0.044443726076127676, 0.02787780446876484, 0.03753415317124073, 0.037521911573756075, 0.041645367436399634], "NoiseHL": [0.02595060632972463, 0.06107859494958548, 0.020175709812204682, 0.04502047693537595, 0.04547148871889383, 0.055378534463566643, 0.039730089546981456]}