{"FilterHL": [0.006407663875116376, 0.011621011788793836, 0.006192514381763287, 0.013571037849406793, 0.007506873479103499, 0.01506333650471569, 0.015290460731710042], "NoiseHL": [0.3919181495079962, 0.4054806904412591, 0.42187070521175185, 0.42158110825751227, 0.4077501248597553, 0.4312183729536808, 0.4378572798541042]}