{"FilterHL": [0.08871179160354487, 0.04667374727667931, 0.032383019669770946, 0.03399993540549579, 0.05007821867131689, 0.03813232035504306, 0.04435102484374608], "NoiseHL": [0.0507155571102074, 0.052805223163879166, 0.0695712101576038, 0.06201496831204875, 0.053434818209814244, 0.06651629062515418, 0.04088836856709653]}