{"FilterHL": [0.07524472586089394, 0.11163352480108313, 0.056136010421083064, 0.06473290357705445, 0.11945932162128259, 0.11138435921114684, 0.10072716423909245], "NoiseHL": [0.16685215992134764, 0.1485290515587704, 0.1454157879744629, 0.16031722857955555, 0.18282385797951367, 0.16272338694517038, 0.1766806492142463]}