{"FilterHL": [0.5884905863903577, 0.040019055356235636, 0.04603081338146516, 0.015069914964597636, 0.03847281013418322, 0.021615699402061872, 0.023494407629823938], "NoiseHL": [0.047304313780222595, 0.052726772567392166, 0.08485707092944092, 0.050980353720069614, 0.04246618684613204, 0.06526568231117191, 0.06908423940388225]}