{"FilterHL": [0.02128946878217979, 0.04786864927996781, 0.06880285491016833, 0.0629224452040366, 0.12051133687788251, 0.123143218199783, 0.20843786196490033], "NoiseHL": [0.40810989919102036, 0.4177847318746648, 0.4528583340269596, 0.4735493475126263, 0.4917103379832817, 0.4492214390940759, 0.540581362511517]}