{"FilterHL": [0.10279534345043186, 0.09761236629671771, 0.11973414010255556, 0.08470627908417148, 0.12371189732879272, 0.12405390554543858, 0.12456352546863068], "NoiseHL": [0.23957140916882447, 0.3182917817344822, 0.26563306024776084, 0.33723296301201894, 0.2701586503149756, 0.32836883499425823, 0.27035625155843357]}