{"FilterHL": [0.0827673921471441, 0.08156972447300641, 0.009694647171581599, 0.013861104158525919, 0.25232264247879815, 0.25960905120136407, 0.23986579602197405], "NoiseHL": [0.35544065219498033, 0.38101919989327077, 0.32950747714216416, 0.3393397548827852, 0.34865324406399933, 0.36092735095125494, 0.31203852995700465]}