{"FilterHL": [0.01885553638261324, 0.037831630287461136, 0.00249266813261933, 0.01122518404417631, 0.0025772657399543903, 0.03151221198612209, 0.0030821103208171024], "NoiseHL": [0.09201024223817202, 0.12157330767484446, 0.10717996796228786, 0.11783189220649924, 0.09226209219717875, 0.10463467771037574, 0.10491349578490371]}