{"FilterHL": [0.011187837804383264, 0.039643282068796144, 0.027603898823837212, 0.041203682076501776, 0.01793740177956468, 0.13237518665326656, 0.022734642458380347], "NoiseHL": [0.22812595498039095, 0.22560311089595386, 0.24319882884103058, 0.25494645016245354, 0.27309934802361313, 0.30434509074553806, 0.2826602214160404]}