{"FilterHL": [0.0054639498283100005, 0.02119617292722097, 0.027324225642727695, 0.027008428230517145, 0.026219865081282625, 0.05359319598391673, 0.02217871639947629], "NoiseHL": [0.17793938749147403, 0.21715531942372693, 0.17359327227611965, 0.21307636839201402, 0.21094601376883812, 0.24668555159861208, 0.22594762863412843]}