{"FilterHL": [1.791243330496599e-06, 0.0, 0.0, 1.980929627463145e-05, 0.001844813859307789, 0.0, 0.012959490265853624], "NoiseHL": [0.2863094019622411, 0.31229702626329436, 0.3140257650798779, 0.33257992735227315, 0.34075874679429075, 0.29183887160721417, 0.3621602913026008]}