{"FilterHL": [0.0034673525396016246, 0.054273916954228785, 0.011691392529768503, 0.008612207003116538, 0.011552094200345827, 0.02133075785565334, 0.014727364226697692], "NoiseHL": [0.08001644766278994, 0.12154667341461245, 0.09714823279121018, 0.11548336320194054, 0.11324103773784647, 0.16194526934099146, 0.12451387631472294]}