{"FilterHL": [0.025720749049837455, 0.049065946444557945, 0.01757430285470659, 0.028969727173128033, 0.0356463087977136, 0.010285155785491577, 0.019097231916193197], "NoiseHL": [0.05907816697415087, 0.13403235696258967, 0.0752631590987269, 0.15237016356748845, 0.058943685948786226, 0.1415301517064982, 0.09314387072790625]}