{"FilterHL": [0.02256755119338736, 0.046218764860962026, 0.04381441950126322, 0.035394841701560154, 0.039661530845448593, 0.06470730848308216, 0.03980513164419839], "NoiseHL": [0.15554259348441246, 0.19999413985151715, 0.08604683562367058, 0.06389017837157483, 0.1527565420695368, 0.15784237613119423, 0.08649548261638186]}