{"FilterHL": [0.020842247513127285, 0.01628987345081595, 0.022861122690755707, 0.01875875980959213, 0.0029503570399785814, 0.009176441508123741, 0.01663763925339592], "NoiseHL": [0.14401524259528492, 0.28168144451918536, 0.15884486422208643, 0.28733985656449856, 0.24482238520936583, 0.18396923609638913, 0.24385332077610725]}