{"FilterHL": [0.01566165274924979, 0.04957981093718686, 0.022187822986205103, 0.04024152827127745, 0.017968364101704323, 0.07108339225689932, 0.008147516203477385], "NoiseHL": [0.20694628582365393, 0.20851010345496315, 0.2066814465757012, 0.20559312099221566, 0.27594336122644186, 0.22833245384425657, 0.26195324738640535]}