{"FilterHL": [9.934710097556357e-05, 0.0, 0.0, 0.0, 0.004630451781868655, 0.0, 0.0], "NoiseHL": [0.18239580959790105, 0.23281618951149585, 0.25720215815045966, 0.2203211650582041, 0.1572246532975914, 0.19053478273184227, 0.21680194274139555]}