{"FilterHL": [0.02643875470167807, 0.04420990928202801, 0.03205569325187902, 0.05168116524857668, 0.046540340437903525, 0.04661019625431469, 0.05339543329802019], "NoiseHL": [0.157555975564194, 0.14579753723508476, 0.18880729155629658, 0.2067317328122709, 0.16746012893070494, 0.1622950660675838, 0.20066291936381322]}