{"FilterHL": [0.015035241480331087, 0.03369422527986824, 0.022392197045889278, 0.014675000986525905, 0.019519078389893134, 0.023978911641259648, 0.020031446876672486], "NoiseHL": [0.22518829937943646, 0.2238593293580889, 0.22857030472753037, 0.21902498380663932, 0.23922021867507773, 0.2128664886757687, 0.21656369107709558]}