{"FilterHL": [0.025786593618744594, 0.021253567484327062, 0.014901436946712431, 0.06768107446067359, 0.014474013958101488, 0.03660268801200838, 0.012478318387823208], "NoiseHL": [0.17291060050976248, 0.2697181591231188, 0.18413959917391978, 0.2560191799946271, 0.19548828610491206, 0.29567562752214194, 0.19161049976208622]}