{"FilterHL": [0.02343478812719455, 0.017647318381525032, 0.02090806292575833, 0.034840921392532406, 0.009357297499207653, 0.022845252945142183, 0.030731591231998274], "NoiseHL": [0.3106664782161083, 0.3097337440074821, 0.35061993122631563, 0.33533999878985765, 0.33386870717555134, 0.3014201566420323, 0.3523004110895667]}