{"FilterHL": [0.034400647913821455, 0.05081375835652906, 0.04144270848668652, 0.04278065913199979, 0.035037271772469764, 0.03107236682678373, 0.03796873585391598], "NoiseHL": [0.025389102551655718, 0.04222675480019603, 0.02557711639932965, 0.05611256229303464, 0.03782187768250274, 0.03161231086324464, 0.029194072656064596]}