{"FilterHL": [0.028966353838699586, 0.03623056426043267, 0.03941992556329804, 0.018504654022813014, 0.05922745196974489, 0.03354188451287497, 0.06642551169188124], "NoiseHL": [0.17511699808407993, 0.17809932153440383, 0.12919744173720285, 0.1317954694515466, 0.1384438066055025, 0.18009370344994574, 0.11714869742631102]}