{"FilterHL": [0.005553221617418466, 0.04706686701349993, 0.01672342716957256, 0.024102956718562024, 0.04227648724235189, 0.04753319814778615, 0.04625637171115602], "NoiseHL": [0.08782197802241024, 0.2350046272117876, 0.13333910896008644, 0.2539105940163693, 0.12999122387998155, 0.2193196192215863, 0.16588774585627122]}