{"FilterHL": [0.027296118617631673, 0.03373300415921649, 0.019304087345444997, 0.039871407966715414, 0.01630435643957826, 0.0525895569683448, 0.038040320430655805], "NoiseHL": [0.23131753621304005, 0.40168849151931985, 0.22441040448956168, 0.42395110537106645, 0.23111551261350644, 0.4283304660105387, 0.22338204228084013]}