{"FilterHL": [0.02343211857989741, 0.02687557141832214, 0.025386524223470295, 0.04658378555739254, 0.036091118901156787, 0.04341282747863843, 0.04574551475381677], "NoiseHL": [0.01994249764723418, 0.01922860196320452, 0.030487794706750924, 0.04478776715684781, 0.03626550638443287, 0.04612188124118013, 0.043266855012694234]}