{"FilterHL": [0.0008767765597831869, 0.0004972125956857175, 0.00948185520622725, 0.013835356505511856, 0.002785894525865098, 0.0014756468488836033, 0.03246887865575862], "NoiseHL": [0.24474362140675346, 0.2972843603127713, 0.25002041443861844, 0.28043377367245587, 0.25720215815045966, 0.3140257650798779, 0.21064988170749704]}