{"FilterHL": [0.025406258206998572, 0.03567455302091537, 0.02856560338756011, 0.030066381152219025, 0.018945584907359838, 0.010034891410595883, 0.035712173654184574], "NoiseHL": [0.05919717998269352, 0.10943889402067335, 0.06666827679652412, 0.11798230055043718, 0.07741440155505928, 0.11128703392277924, 0.08100476855640111]}