{"FilterHL": [0.08919197272751786, 0.05209779230294619, 0.34838711979025616, 0.1400868100590101, 0.09157592771072577, 0.03495229572744561, 0.06878715701543703], "NoiseHL": [0.09636871643739353, 0.173433955435619, 0.3403300492151954, 0.42293464421964283, 0.1180660017841879, 0.1637512206030384, 0.3169439439764625]}