{"FilterHL": [0.0035261996142410194, 0.0, 0.0, 0.006978529700343727, 0.0, 0.0, 0.03246991707063775], "NoiseHL": [0.3894008249463023, 0.4274417481787708, 0.5, 0.5239163359829089, 0.44404162398746966, 0.41475585442735385, 0.5443843857286352]}