{"FilterHL": [0.01720644680232681, 0.012660616983875021, 0.05269723859357103, 0.040145169408306154, 0.022744640940350485, 0.01575162137097076, 0.04264532438226431], "NoiseHL": [0.11459789055631252, 0.11886847013651637, 0.044343815690040846, 0.06072106296875178, 0.137759324847949, 0.12626846059343308, 0.07543769113242464]}