{"FilterHL": [0.3199320880678087, 0.2526012072698714, 0.29698897968563215, 0.3704471743163815, 0.3722227627935726, 0.437943532664311, 0.41287339513306887], "NoiseHL": [0.38535873101995555, 0.3912389579842689, 0.39013294026310963, 0.42676026505156556, 0.3966148738973437, 0.4457314967154238, 0.376734869928054]}