{"FilterHL": [0.011052402027603178, 0.039453682400456595, 0.026996348905197087, 0.04298785124886436, 0.01598399106691375, 0.01563152565650318, 0.018653713237854433], "NoiseHL": [0.09252675964679162, 0.09380801547051494, 0.09328913046016508, 0.11451731804332492, 0.07377796716183131, 0.06746535047539198, 0.07216433242174156]}