{"FilterHL": [0.025260237337543328, 0.04574344676994719, 0.08217789720227504, 0.09267356000062997, 0.012694006607997875, 0.09536390117917022, 0.07251696682248333], "NoiseHL": [0.2754064066567947, 0.25016682357172126, 0.30879955158083777, 0.25418216667700383, 0.2991182011019403, 0.2901158342804569, 0.3351904242453595]}