{"FilterHL": [0.017209461539596904, 0.021443279728651406, 0.023635589336977972, 0.03505562757487367, 0.02083518887824467, 0.020060982617799396, 0.017655747218513925], "NoiseHL": [0.12359210581516895, 0.132661534930887, 0.08323776395662846, 0.08428912649374265, 0.11948405329275155, 0.13680341109675778, 0.09878010084907328]}