{"FilterHL": [0.0005223291511237206, 0.05519741053294069, 0.00016089282528667588, 0.014896140528019254, 0.030874352317489067, 0.021467185969372544, 0.1431207081756117], "NoiseHL": [0.30176153952158696, 0.3154805532294638, 0.28723702582719046, 0.2919913284500117, 0.3085965529282356, 0.3683309749787435, 0.29240221834972485]}