{"FilterHL": [0.028001691643556932, 0.07476216565553574, 0.040914297728332896, 0.048330757527700954, 0.011737375835753367, 0.08676851146522474, 0.018584044283112593], "NoiseHL": [0.2321546363550012, 0.24951302579714504, 0.21984289054424397, 0.2620044024530059, 0.2945898447420993, 0.30055618992888994, 0.283625409836599]}