{"FilterHL": [0.006246483720045027, 0.013601658626785557, 0.010194404178807938, 0.0052806975765807744, 0.00799116467377419, 0.015222633506735916, 0.013445657126916975], "NoiseHL": [0.1370632579651609, 0.1173313833614381, 0.12749449854118106, 0.11757555782930923, 0.16376662006235573, 0.16653487563480693, 0.16357730512130225]}