{"FilterHL": [0.003990379943667585, 0.0140522450830635, 0.003065544694779913, 0.010755366498359028, 0.030742617190749378, 0.0420424593310832, 0.016761078074061853], "NoiseHL": [0.10889956127614898, 0.12952134547545757, 0.1656439106559891, 0.18424463370218422, 0.14993649762538852, 0.16737751950319896, 0.11145551442991644]}