{"FilterHL": [0.017518874880859042, 0.03560952828690324, 0.014979691869354455, 0.018825674745093068, 0.02227845906152099, 0.02591384637027851, 0.024144743621722416], "NoiseHL": [0.09131911447675135, 0.09921308282317448, 0.12352413576766667, 0.13894896802499995, 0.10976460647221692, 0.0981032491877831, 0.11119214155749835]}