{"FilterHL": [0.33629438598626693, 0.1476894872299348, 0.3912870317894409, 0.17366083225793977, 0.2824997233004722, 0.7034317635145763, 0.44724557738338583], "NoiseHL": [0.7263521350426401, 0.6873660810409814, 0.7192647985823372, 0.68753424507794, 0.563984074502609, 0.5092548564245427, 0.557667159988039]}