{"FilterHL": [0.26215713916228456, 0.15373171704324773, 0.22361861389219564, 0.15962752047148945, 0.3236474319877591, 0.36324950179671023, 0.33255521031122814], "NoiseHL": [0.30026563281874447, 0.17514635106037774, 0.32205796611493, 0.10612508051563876, 0.3152138640739607, 0.24758030348350157, 0.22583097539407013]}