{"FilterHL": [0.4539299807787147, 0.4464182049813645, 0.44166264819441586, 0.5069485432078219, 0.44089884228498394, 0.4464182049813645, 0.5057811903373752], "NoiseHL": [0.7666708477593048, 0.7582572430264133, 0.8550890803915798, 0.8418433007760385, 0.7499999999999999, 0.7582572430264133, 0.8475193767582825]}