{"FilterHL": [0.03453033623539312, 0.06154709053320305, 0.01941899777550525, 0.046345484594888284, 0.026493701614931378, 0.024420618378530604, 0.0338392291049313], "NoiseHL": [0.042806848795202336, 0.05185594892700896, 0.04830220366492211, 0.06600316769237048, 0.051668314105425016, 0.04627100122894549, 0.049508925687623835]}