{"FilterHL": [0.02392836421494456, 0.05530132937946278, 0.03462294796485045, 0.05850725570177065, 0.033521633823107064, 0.038260442684328565, 0.026163679444891393], "NoiseHL": [0.118585107039635, 0.1479151944821067, 0.11445267255889051, 0.10230819559501513, 0.09687130419021278, 0.13216845192891113, 0.1329486329911233]}