{"FilterHL": [0.026098697909956038, 0.04617450702274202, 0.036074251978144296, 0.028233896912090058, 0.030905930804364525, 0.03169887424086304, 0.034564090633290113], "NoiseHL": [0.15572990375309392, 0.12406918251802633, 0.16224379258678964, 0.10797278665847886, 0.16060136222681215, 0.13152920933868661, 0.134609876983921]}