{"FilterHL": [2.5204264602604446e-05, 0.00011599764154394374, 0.0033214138198226504, 0.00870141236481361, 0.010968264640641226, 0.006042769090362634, 0.006952755888156096], "NoiseHL": [0.16950843122097695, 0.1837755367050545, 0.17543711393927922, 0.1948119844243886, 0.14591910692113472, 0.16842535259112648, 0.2071544063142342]}