{"FilterHL": [0.013690212424003647, 0.04263838700237549, 0.006754529634724902, 0.025582831292540662, 0.018333469427139714, 0.03367086676740595, 0.02475915902966085], "NoiseHL": [0.04951650406471735, 0.056483439561754466, 0.08557703909219384, 0.08919685120845101, 0.06286335311942139, 0.061232641578141095, 0.09167610624291052]}