{"FilterHL": [0.011958229967314556, 0.030758601900957062, 0.0276576739040648, 0.012643501054922023, 0.0204217525669502, 0.011880787926350236, 0.03383598707167035], "NoiseHL": [0.14406565184465486, 0.16646516962831606, 0.20383779039035343, 0.21736810253090544, 0.1727829576967982, 0.1381831891819523, 0.20658342278295952]}