{"FilterHL": [0.0746290529917031, 0.0444945657982037, 0.03302677539684394, 0.05063592392860684, 0.08254110846073814, 0.09256648583320816, 0.10086400435722956], "NoiseHL": [0.07243966971714984, 0.04652922942971826, 0.046633828113875994, 0.08738858313560295, 0.06341019196679203, 0.05925219100830899, 0.07740745347473746]}