{"FilterHL": [0.025556673897579492, 0.026149156577470394, 0.013259379148768473, 0.01862999177602473, 0.006794946828774142, 0.01676606560445434, 0.004105940527973511], "NoiseHL": [0.11353839606479453, 0.17199716956265088, 0.1433167926028547, 0.1799407583078331, 0.13853346379020431, 0.19875974723544274, 0.16585098863960995]}