{"FilterHL": [0.018289254301002363, 0.012074259733627626, 0.012048286346041557, 0.01655302122791456, 0.02266785145039685, 0.03476171768522416, 0.03315570332203337], "NoiseHL": [0.1263005265446749, 0.20360995532848478, 0.1439772627522614, 0.20731336663218822, 0.13872582828044125, 0.18891723500954066, 0.149428654305375]}