{"FilterHL": [0.047552758477623434, 0.05180262555387805, 0.0561070611631268, 0.057048243276968946, 0.062073262336974376, 0.07338176246933743, 0.08540369998041224], "NoiseHL": [0.05408434646637701, 0.0471033517492116, 0.05283627065032611, 0.0664788120632639, 0.06291146092468994, 0.08023253447762842, 0.07711992303663961]}