{"FilterHL": [0.05057291181102434, 0.14108760813790885, 0.05887014368683935, 0.050741214991171374, 0.04528761919373392, 0.08293676495908711, 0.05234988773062722], "NoiseHL": [0.2798887043586195, 0.3337887923082544, 0.2823474775114367, 0.31847691212999313, 0.2898250100591374, 0.31615258682988, 0.29180122694424454]}