{"FilterHL": [0.010523627485365285, 0.03389060166072011, 0.007664872303940382, 0.026875968122115512, 0.014030222808011588, 0.014431782600894309, 0.014247559127610141], "NoiseHL": [0.22269559510526835, 0.22067928872775613, 0.2234023829529338, 0.2206077612120637, 0.23655374874194024, 0.21111092398134976, 0.22087388139037836]}