{"FilterHL": [0.02702742660618887, 0.028257811417546512, 0.019839261041933766, 0.030655642416844892, 0.01466233742264758, 0.00849109346542721, 0.03385363606276103], "NoiseHL": [0.058760965994534384, 0.13807220952308452, 0.08512280491690184, 0.14905553435713306, 0.08891791894579427, 0.15258319677041335, 0.10043778189413483]}