{"FilterHL": [0.04636313826587099, 0.057353560316223115, 0.04920889800468204, 0.06377534282226698, 0.06300732909926511, 0.07454680232894727, 0.052442527098833076], "NoiseHL": [0.08337304887592144, 0.10592912467169485, 0.08143536743090263, 0.09056242725121452, 0.06075973188347604, 0.07576817067308705, 0.08441380428219394]}