{"FilterHL": [0.0012858000767642513, 0.024316023399752387, 0.00767791667807411, 0.010181638658665539, 0.03334920461276393, 0.038776599187517184, 0.07288029073956455], "NoiseHL": [0.2582169077975978, 0.24471473930793697, 0.24294149529509707, 0.27700709001091317, 0.20438659697243983, 0.1545911594684671, 0.18641245987130903]}