{"FilterHL": [0.03202457872967819, 0.03544647679497811, 0.022621627460574632, 0.686215012707883, 0.013069059830296067, 0.005139583287594062, 0.030246297526430592], "NoiseHL": [0.11835343078802422, 0.12740902776375115, 0.1714107859809521, 0.16080591956995577, 0.1302372691370313, 0.11246478823807604, 0.19649253455067506]}