{"FilterHL": [0.02376117058069415, 0.04446879458526222, 0.03014663054149226, 0.03740990900248037, 0.017709039370710934, 0.04568362238873441, 0.040899898338495826], "NoiseHL": [0.034829557448141375, 0.0735257027253514, 0.03262287198581128, 0.026678655918737176, 0.028581770079811886, 0.049909899205583065, 0.0361672341603384]}