{"FilterHL": [0.038140149032829855, 0.04383683195199413, 0.03443797376711885, 0.007675141310319372, 0.034388237108855, 0.0057519366870954465, 0.03354370300583949], "NoiseHL": [0.2858076006948942, 0.271583726422824, 0.367885910215638, 0.32824058301731496, 0.32149601130019506, 0.27831729549845513, 0.37519007569970814]}