{"FilterHL": [0.11647591422588524, 0.046586682827211255, 0.1393085952116056, 0.058617744670005065, 0.10927948481615546, 0.10481021826261727, 0.10231411773994285], "NoiseHL": [0.25215480123510453, 0.23053022624715575, 0.22765612718414785, 0.19640678750618001, 0.24528207900148083, 0.21886838843882225, 0.20943390208792054]}