{"FilterHL": [0.017246758926512163, 0.03785182781404783, 0.030536884261303982, 0.018726949512103387, 0.023799573796722873, 0.018638302270829916, 0.04836864917805547], "NoiseHL": [0.20899535411806117, 0.20142389617138573, 0.31996371258719414, 0.29481915684957466, 0.20004423574098196, 0.22837029894368158, 0.2210052970512048]}