{"FilterHL": [0.022247203544249427, 0.04969498664105579, 0.017460328936402956, 0.023915791896254826, 0.0306574732386368, 0.06428634615717388, 0.014937213900883636], "NoiseHL": [0.07061037438118366, 0.06373166660611987, 0.07186008528872588, 0.07249883266392394, 0.12653017876631517, 0.13664626781426958, 0.13002513525468365]}