{"FilterHL": [0.01137779304163635, 0.034426686977011574, 0.009392491942378478, 0.0336289309383958, 0.017028327838584406, 0.03162077748317084, 0.03436419904372904], "NoiseHL": [0.09482872936765192, 0.10749505112435385, 0.09511177809672898, 0.1183345484961407, 0.11460245150164139, 0.1038600997213653, 0.11956400860841107]}