{"FilterHL": [0.029990769290624275, 0.02336252344270608, 0.002258666328825051, 0.0133192225021881, 0.013841213761252264, 0.018294572911692304, 0.026661939624893986], "NoiseHL": [0.05809903185499048, 0.10330380093293838, 0.06259403943429999, 0.10485259569645335, 0.06373228276069165, 0.10743770334170037, 0.07363689133509911]}