{"FilterHL": [0.011303119270560104, 0.006993694774738345, 0.0013658294584432717, 0.011935769006265242, 0.016361251397031203, 0.017045237157713604, 0.05917862474681251], "NoiseHL": [0.36138464634985523, 0.36394829509180937, 0.44154771567065404, 0.4263144231068679, 0.48304183159345704, 0.4712862239892036, 0.5182356529340033]}