{"FilterHL": [0.0, 0.0, 3.304390132205327e-05, 4.305431649948517e-05, 0.0, 0.0023021205118425214, 0.0], "NoiseHL": [0.1996416327232974, 0.2662155203826279, 0.23502440593598806, 0.30176153952158696, 0.2632403118070741, 0.31229702626329436, 0.2909232592243174]}