{"FilterHL": [0.07525003919247447, 0.04903257054629882, 0.03104846767786667, 0.028932546468040908, 0.04795316693206223, 0.06643124051409212, 0.08104727713781912], "NoiseHL": [0.14051765801006408, 0.19853973340887893, 0.139218337724518, 0.1821674662293704, 0.1249024960629514, 0.17359851399918494, 0.12285261946756322]}