{"FilterHL": [0.007793977259471353, 0.02030743371397386, 0.019150629040570646, 0.010500429018735501, 0.013248146652886345, 0.01966618330465342, 0.006059185653938194], "NoiseHL": [0.06325893152722428, 0.05975414990380034, 0.07995070238636161, 0.07062306513943013, 0.07781250928837491, 0.08465072306553552, 0.08056666987480356]}