{"FilterHL": [0.016121769810186433, 0.02952691696103805, 0.0684977839204372, 0.0639872937143566, 0.3025419111299809, 0.31072686663013116, 0.35442912772287305], "NoiseHL": [0.041777610121024815, 0.05023698034145825, 0.07648293108834774, 0.0759720012113089, 0.2694538104751238, 0.2885093186162373, 0.31017411170526904]}