{"FilterHL": [0.1585221619806939, 0.29152320077674104, 0.2844090134964485, 0.2267610595103389, 0.5018278099611622, 0.2503651830776461, 0.3233143371075649], "NoiseHL": [0.6270907408538746, 0.7959825756048534, 0.7989966509397937, 0.6394057061622292, 0.6422602809510581, 0.8040653341119518, 0.7967722871710767]}