{"FilterHL": [0.01050742220721124, 0.01384628587462338, 0.03843545038247003, 0.0058330849566459765, 0.020212576168576038, 0.03904665228992914, 0.0315773540709745], "NoiseHL": [0.09683593628966596, 0.1181305801925236, 0.10512302063998918, 0.14910745027461067, 0.11699914396041745, 0.0688838996286314, 0.13816488197599505]}