{"FilterHL": [0.027599004050612684, 0.017326488289348765, 0.02262625172360625, 0.023215639208420322, 0.030847366537202114, 0.04189819526989071, 0.01945437999022481], "NoiseHL": [0.08837486111811288, 0.13344159940891182, 0.2250153343884158, 0.22100577703568686, 0.10179327475985336, 0.10919302532047327, 0.22287689487241857]}