{"FilterHL": [0.031958910920408944, 0.0022460724683789624, 0.015161725807222528, 0.016680403639757195, 0.0280986985306322, 0.030315678854415013, 0.027161173544377287], "NoiseHL": [0.4289313229137887, 0.43589880599344677, 0.41611127383642954, 0.43305258412963077, 0.3851735413034101, 0.41376780732768853, 0.3608212944910045]}