{"FilterHL": [0.027086502448846334, 0.04567529949823347, 0.012172683022829199, 0.006306200483771809, 0.016459188874880275, 0.006949990530990296, 0.0056594764888480325], "NoiseHL": [0.17060437978506282, 0.19322231340239268, 0.2266259705485767, 0.22564241234437288, 0.2393162770192219, 0.23170963013913903, 0.2579098889015727]}