{"FilterHL": [0.027271916724608613, 0.04576739522209204, 0.011987331907316424, 0.00642738037912365, 0.016521219980565365, 0.0226019050131531, 0.013545838312419178], "NoiseHL": [0.21719985118446125, 0.2328196671684355, 0.25168486211627056, 0.2615503458572662, 0.24893448705146892, 0.24106584382043333, 0.2632840590695925]}