{"FilterHL": [0.01740272114043233, 0.010311554081317264, 0.010240324448009697, 0.03392966528427727, 0.00946787937501667, 0.024198017250732604, 0.0194656970682341], "NoiseHL": [0.07607374915273683, 0.3069082689164699, 0.3087120736688514, 0.343579169155557, 0.10054326562896418, 0.29915661031130714, 0.300320029986295]}