{"FilterHL": [0.0029062676087305383, 0.017637919687402945, 0.013930799273949326, 0.005614516439892051, 0.004061662036975346, 0.010634181554572266, 0.023769407377097495], "NoiseHL": [0.09657400252469724, 0.08309893806203172, 0.10157955538264407, 0.10627471288736379, 0.11091635160498424, 0.13327942802937706, 0.10163924850836784]}