{"FilterHL": [0.0, 4.573080941161439e-05, 0.0, 1.6500683717772856e-05, 0.026294831769489196, 0.03957871832023607, 0.0], "NoiseHL": [0.4175939405074843, 0.39234978250592256, 0.3721517875737817, 0.3423770863549488, 0.4630196344394766, 0.47768392823939626, 0.41688547090280936]}