{"FilterHL": [0.0024906888105991087, 0.014193631480194162, 0.010831515546516013, 0.0059269525347767985, 0.004546956821673278, 0.007003191816308709, 0.020325885327980613], "NoiseHL": [0.11381553704285088, 0.3097680353528714, 0.21808089839140352, 0.3637591687113697, 0.11740343123445672, 0.3051771805284326, 0.2306332013283042]}