{"FilterHL": [0.00036704680035708095, 0.0, 0.0, 0.0009430745730049176, 0.0, 0.0, 0.0], "NoiseHL": [0.4076101029073054, 0.45086383864879576, 0.4385453238178405, 0.4610041236018019, 0.41261982749319664, 0.4467767566927513, 0.43439937084531083]}