{"FilterHL": [0.014676115280972351, 0.051187596331992366, 0.013340710944658324, 0.018605057143985627, 0.023981598398358686, 0.026904244840136878, 0.0357124276541235], "NoiseHL": [0.14461766513306482, 0.15878948541248653, 0.14257964227101472, 0.1281046055052997, 0.24085394612258038, 0.23972793342372917, 0.23408315363935048]}