{"FilterHL": [0.03649757666208928, 0.013881856053008242, 0.013554553502738797, 0.02536044863304932, 0.03344279353886744, 0.03382907795828617, 0.014397474419772759], "NoiseHL": [0.10642274448611957, 0.12283382715559839, 0.17076536908458995, 0.17336013474327228, 0.10130272467280334, 0.1238111472389108, 0.18690587954448623]}