{"FilterHL": [0.06790685421520794, 0.0716406578392917, 0.06937480794475055, 0.08268434160212801, 0.08933103807928183, 0.08999234565470073, 0.08761170253570931], "NoiseHL": [0.3276612893437567, 0.312155456609809, 0.3051198716007991, 0.3132800644279755, 0.28501859842776267, 0.29131571049511445, 0.3269711926497393]}