{"FilterHL": [0.027070575223351847, 0.039471171894971166, 0.030906839588498075, 0.02706375363372303, 0.018363841782766482, 0.028639329450490757, 0.03166344535434992], "NoiseHL": [0.052912008692519934, 0.05345404393426257, 0.0718515161645285, 0.08844955509296631, 0.056492796464776514, 0.03473863533312962, 0.0792451785504798]}