{"FilterHL": [0.043168585368990445, 0.06128941354515939, 0.023025359765423175, 0.07905402188462186, 0.06691668510397869, 0.05842453908234575, 0.07479278750616697], "NoiseHL": [0.0678265126815423, 0.12092764825597731, 0.05748990721514421, 0.13576744277186567, 0.07322987127102483, 0.11079169861481067, 0.08921140935985615]}