{"FilterHL": [0.03476023869964983, 0.027627723817967582, 0.012337187352575591, 0.03794017845516488, 0.011785488749510622, 0.02622631029401295, 0.033042541394568546], "NoiseHL": [0.022252939604967506, 0.096625418334793, 0.04741902359281836, 0.09685028145197783, 0.04463628685020695, 0.09705258343682682, 0.06481027464098105]}