{"FilterHL": [0.02247285307016989, 0.05489566360927589, 0.027392156998478304, 0.030873375036362838, 0.022584175432284713, 0.027118252109328327, 0.048549963061873716], "NoiseHL": [0.04829707519105509, 0.0770961268895408, 0.04370011160793738, 0.05720588625898191, 0.025332058125567176, 0.0460774315655961, 0.017437071810915483]}