{"FilterHL": [0.022850757795009217, 0.018330798100418315, 0.013392177888468143, 0.04772250364315373, 0.006295356616334895, 0.033979711822272544, 0.017955193274674826], "NoiseHL": [0.05045295958199354, 0.15793439327582573, 0.06210701858531313, 0.11435130347862173, 0.07187749994720188, 0.16470860277336477, 0.09122107823311405]}