{"FilterHL": [0.033411202493743124, 0.050242691073969885, 0.023295981466117846, 0.04151162080232989, 0.009696789103631727, 0.07405106980072917, 0.030507941728158745], "NoiseHL": [0.23093255140857086, 0.27771341657525583, 0.2287203869405321, 0.27192791306276487, 0.2366817384735734, 0.262885930458622, 0.22756622392113254]}