{"FilterHL": [0.023186067020682006, 0.05691015373482195, 0.02845428710284327, 0.038294621062571046, 0.031015692953937142, 0.02550153986741645, 0.03067411533827849], "NoiseHL": [0.05308913065432871, 0.056041583672840525, 0.014567206137954512, 0.01270836669930281, 0.03249741340551201, 0.05759630058548604, 0.024293875839777542]}