{"FilterHL": [0.071279830402749, 0.048488132689441944, 0.06775684840959927, 0.003971670617255508, 0.3115182311274727, 0.12068478931501432, 0.3203507114693105], "NoiseHL": [0.40477022408719354, 0.3894119330879702, 0.3721529868120125, 0.3526686209712364, 0.4371934012013153, 0.4246596977842173, 0.40428078086054897]}