{"FilterHL": [0.09125759587928652, 0.12612247979098545, 0.10042136076429381, 0.10524473142668576, 0.103324573211386, 0.10327838083749702, 0.09246108586136863], "NoiseHL": [0.2687739958363846, 0.23551057166858289, 0.23433642678343075, 0.23574897101559955, 0.2600863646287863, 0.2753390510979052, 0.2404418770765464]}