{"FilterHL": [0.02953779412549247, 0.04064321637106666, 0.022581191929577842, 0.03815488342907314, 0.01928270214072949, 0.04183682773688372, 0.03602727067962793], "NoiseHL": [0.020811505566115263, 0.040977329973762466, 0.030194211882561963, 0.046197634475632375, 0.03076208956583228, 0.058739498962144955, 0.03462113043994293]}