{"FilterHL": [0.026475540368154523, 0.08294002434861125, 0.018343108263236253, 0.03725603278496112, 0.14599012251656585, 0.1574447944668865, 0.12231293006457847], "NoiseHL": [0.2622423805459411, 0.17195656697819134, 0.2787310291594986, 0.16973722697912091, 0.24819120202660863, 0.11965656906293749, 0.2597545049913068]}