{"FilterHL": [0.04878256780183501, 0.14272585921484557, 0.08104880453488585, 0.10686863646340658, 0.07059634218174117, 0.11535452353790773, 0.10238039175573922], "NoiseHL": [0.13987565826066317, 0.20275337161583543, 0.15606169238795345, 0.1565334284916288, 0.15028769034704767, 0.21073720053575065, 0.12837168808274485]}