{"FilterHL": [0.022645919450407056, 0.05212767153482868, 0.03419877879006072, 0.03209518445444788, 0.0256977571494982, 0.0350907475326257, 0.03965914709273781], "NoiseHL": [0.049607962915821216, 0.062009076982441916, 0.04854180671383082, 0.04939673744407595, 0.04005639873015512, 0.02976475768429686, 0.022061465971547668]}