{"FilterHL": [0.01643836303978077, 0.05663959439761527, 0.0161194980125064, 0.045077147877519486, 0.03504534586173152, 0.030154894165663075, 0.033307909825765696], "NoiseHL": [0.0941818319763155, 0.08053953087134208, 0.08815561463097107, 0.10291801333889644, 0.0720814661702503, 0.09122769962612556, 0.08138184785989673]}