{"FilterHL": [0.018131870040061965, 0.022261116543900325, 0.013235189116718246, 0.015292933841105081, 0.019205709159459385, 0.015647663753407055, 0.013345962244981979], "NoiseHL": [0.08413662652958383, 0.22933811651422784, 0.10337711086467605, 0.2249271974205003, 0.09276520648558492, 0.15167431652277671, 0.10945011681832482]}