{"FilterHL": [0.020532010731459483, 0.06732010442393861, 0.02895580616906409, 0.0615290868458425, 0.05240019435524396, 0.04193509825529791, 0.03525175537762413], "NoiseHL": [0.21402686914841396, 0.1917165697208013, 0.2198738997344498, 0.209082727606586, 0.22995605527886842, 0.20650367050650134, 0.22627257802312503]}