{"FilterHL": [0.06890259889456953, 0.04961087522606177, 0.029238275379059347, 0.02335173980016567, 0.05734179534686137, 0.41222370404314146, 0.08319729425476677], "NoiseHL": [0.1848644844017752, 0.27243601584732935, 0.37367215907974366, 0.41600155283006346, 0.22608971806563025, 0.32418894049081826, 0.2181345813943513]}