{"FilterHL": [0.0037842577784417547, 0.012168621086503389, 0.0, 0.0, 0.012103510503207082, 0.01441495288160718, 0.0], "NoiseHL": [0.16351190605318927, 0.16994195897999798, 0.14395320073022042, 0.19317708832355046, 0.19470261959655003, 0.19607374161084326, 0.18514569594605018]}