{"FilterHL": [0.09088319382841197, 0.10058422588354735, 0.0264421035272617, 0.07421186947143145, 0.06742657884571991, 0.10611750265383124, 0.015507099879429779], "NoiseHL": [0.170629089759822, 0.24152502834303963, 0.13894457571198646, 0.25882281846874033, 0.14687814239114177, 0.21373553674762774, 0.17786579327655933]}