{"FilterHL": [0.042142497111517595, 0.03902215179103606, 0.03543972765500748, 0.008769329699855393, 0.05057821470086127, 0.018973955153414913, 0.05112278210428266], "NoiseHL": [0.3205041093804203, 0.31682810599847966, 0.3359767927755602, 0.32391143745399076, 0.33508497188203, 0.3411052539973197, 0.35293626156099284]}