{"FilterHL": [3.169514042691779e-05, 0.0004414574550396101, 0.0001319319437664838, 0.0, 0.0002802267024537596, 0.001012206692425357, 0.001012206692425357], "NoiseHL": [0.1214797384251674, 0.09654419837975824, 0.1254950825671015, 0.09395759443969061, 0.12745679692125245, 0.13317431117202394, 0.13317431117202394]}