{"FilterHL": [0.005837325933906885, 0.017448544894989013, 0.005721512854166799, 0.02500276556216273, 0.028404954476026624, 0.033262493956360696, 0.05778963999660004], "NoiseHL": [0.2156484328559068, 0.2663884656350617, 0.2705754632882026, 0.324942602023222, 0.2424352241513669, 0.26289466200605516, 0.24477501047465652]}