{"FilterHL": [0.016500302246826578, 0.03575126353377108, 0.018342738978648233, 0.016939783490378703, 0.018944610705380036, 0.020499919783530857, 0.03874130203522497], "NoiseHL": [0.06442010536024051, 0.08310590472233813, 0.11368258336482409, 0.13450990202073573, 0.05093712308182173, 0.06256871802697121, 0.12816691096349137]}