{"FilterHL": [0.0478261190038408, 0.02521149685030916, 0.03727276178484002, 0.04656211471241325, 0.029806469935566963, 0.04662742677606762, 0.0325512078637375], "NoiseHL": [0.16297103203078747, 0.2739356949189937, 0.331192894014327, 0.36327871341534695, 0.18365960221833907, 0.2213866776642704, 0.31416710793077046]}