{"FilterHL": [0.019835994574250372, 0.032011861086393985, 0.010808868494679746, 0.011676249140841685, 0.019411493926331406, 0.030211187957444915, 0.015354414738346329], "NoiseHL": [0.10879587807142894, 0.21847759436757572, 0.17107486611421527, 0.2574164205385911, 0.11324512554022424, 0.23315037668777122, 0.1773817657886251]}