{"FilterHL": [0.03379767468518546, 0.05270236692086995, 0.06130197581843676, 0.03503098626421025, 0.0451330356537307, 0.03217614818315362, 0.06028372231893014], "NoiseHL": [0.33582197540790437, 0.1610489382354115, 0.3864513146006313, 0.19890281935991733, 0.3213809247876888, 0.3294318309186059, 0.34360064828393316]}