{"FilterHL": [0.004666343487788797, 0.0139115398960685, 0.004907782451284597, 0.005025872121060375, 0.006772719865225064, 0.011452410718834734, 0.015304776485566154], "NoiseHL": [0.13348634059587544, 0.14097978774553233, 0.12190769704966437, 0.11543287432515958, 0.17699487422767704, 0.20003265961660002, 0.15242204945379212]}