{"FilterHL": [0.15696508358083716, 0.15953726560413914, 0.12243177404785466, 0.1527329810331661, 0.17250929780904045, 0.5588891686883063, 0.13880932698263607], "NoiseHL": [0.5333846628143059, 0.5667510435286476, 0.42805803144566135, 0.49237511828462205, 0.5472957817529789, 0.5904113636979197, 0.4580269921149172]}