{"FilterHL": [0.022934759676881605, 0.012535572928606402, 0.005380495831898125, 0.007906579094561963, 0.04599568411652927, 0.07969029396751738, 0.06375712785392579], "NoiseHL": [0.2403839033373657, 0.5170011790604584, 0.24335528194757383, 0.5136183935706162, 0.28787958733624547, 0.507521875997095, 0.2972385914304801]}