{"FilterHL": [0.011554362488724412, 0.04369353140411879, 0.023429699391757916, 0.024406544730444166, 0.020289548719177132, 0.015893336661384053, 0.04613572223233697], "NoiseHL": [0.26109572230861966, 0.2799626388747301, 0.27137440247750527, 0.2672204454122113, 0.26196501152753576, 0.2425389275415348, 0.28515946519015395]}