{"FilterHL": [0.03166595172150765, 0.043868324250635936, 0.01821059612758063, 0.015270413508460135, 0.026871782610808474, 0.02488783073216061, 0.031722162975297306], "NoiseHL": [0.1337288936080424, 0.12871519366567033, 0.11925144286933943, 0.10117500932108824, 0.12808121927620955, 0.1419707950952467, 0.10626839239136388]}