{"FilterHL": [0.0790159606674296, 0.01628905361615766, 0.003459162129869409, 0.051974296193311544, 0.06118498947712008, 0.03170070316212401, 0.03774723418895231], "NoiseHL": [0.31769567398320375, 0.37350968222682457, 0.3440797135390915, 0.3876593124283802, 0.3593867342912854, 0.4310743372400302, 0.37899461530265943]}