{"FilterHL": [0.032017702509011155, 0.03826379643927165, 0.02200312617334782, 0.05615010507054563, 0.03866163594961503, 0.06989764632907776, 0.057152814705980555], "NoiseHL": [0.06342777060544405, 0.06075060034627266, 0.04004044953927543, 0.06594517891201426, 0.09188297537894004, 0.11552658878960764, 0.10225516531774467]}