{"FilterHL": [0.06127546697822094, 0.06639842915744591, 0.05871239216934642, 0.05944732024655921, 0.04788312279712642, 0.07787573502563812, 0.06609525813554476], "NoiseHL": [0.2193687761780925, 0.13012942469868957, 0.20465494779375545, 0.13386993464535515, 0.22911792355557273, 0.18522012645942437, 0.23264519547576445]}