{"FilterHL": [0.0770941268745174, 0.05779436205428468, 0.060018239991784676, 0.021081631202562064, 0.076261324990297, 0.051323197194729386, 0.07128655414481651], "NoiseHL": [0.13761365578593884, 0.11995066979331007, 0.12696990140925496, 0.11815256404615651, 0.12615758685115694, 0.09331506673296551, 0.12933084233986294]}