{"FilterHL": [0.003723065986718262, 0.02645235601945628, 0.01629985986496285, 0.012559410562653011, 0.006204788917976285, 0.01603332909551482, 0.032134722091726554], "NoiseHL": [0.09397995915794874, 0.1015256145656109, 0.11523900958620034, 0.09922779355497476, 0.11521451481767375, 0.12549902556469403, 0.12745742706587307]}