{"FilterHL": [0.035745768206933294, 0.05637706842157041, 0.05789040884889535, 0.04779003737433626, 0.037233469592177174, 0.03394931270513015, 0.06029035381253778], "NoiseHL": [0.19852404446028327, 0.19537996131528904, 0.14533638364577248, 0.20060502915848122, 0.20540676226879204, 0.2136478329166517, 0.13617206379967228]}