{"FilterHL": [0.0236687108416705, 0.15005212848058888, 0.21924666982783853, 0.1889052236608736, 0.298449500091452, 0.26486508907797, 0.07919056557617332], "NoiseHL": [0.5831985201807701, 0.6035433476015951, 0.44578477865447946, 0.4625219691148011, 0.5099629479872895, 0.6556383762394123, 0.45842777083422415]}