{"FilterHL": [0.006888570884849526, 0.01497184018524282, 0.0161496416875598, 0.012282789477412357, 0.16453537943479596, 0.09194296212903852, 0.1113351623847164], "NoiseHL": [0.22951504763760125, 0.30493229062231797, 0.2214979443115947, 0.32615400672872596, 0.25805187739251045, 0.2341021639262239, 0.2605940813028666]}