{"FilterHL": [0.017414163138514505, 0.01908944061049428, 0.016961239560862117, 0.023030735542005173, 0.0065303269858761025, 0.019085139049606195, 0.02353691517967406], "NoiseHL": [0.2627484616261764, 0.28946635185296726, 0.24893665822974836, 0.2572172828923069, 0.34487492375399786, 0.3600172170362966, 0.3349922662572208]}