{"FilterHL": [0.04015721359678843, 0.045622761154352855, 0.021565442446673456, 0.03367849897514446, 0.052390865550355235, 0.07446746262557821, 0.03694844794604013], "NoiseHL": [0.13280957425080092, 0.18415221846622642, 0.1397971249183639, 0.2054822745257037, 0.12485849901725066, 0.19995221616435102, 0.14965350439418534]}