{"FilterHL": [0.06928319856094435, 0.08766614754063015, 0.08239310994898669, 0.11424921160775263, 0.06436543454502046, 0.07024723878289504, 0.12374273575839968], "NoiseHL": [0.1844856315625088, 0.12272743720118001, 0.12944170680208197, 0.1984764381147884, 0.16129791015231867, 0.10170133940889328, 0.11502305679609202]}