{"FilterHL": [0.07193126177238253, 0.045028553918065005, 0.040428886531909576, 0.032786406923487964, 0.03932202615710986, 0.007067987698299796, 0.050265190288196857], "NoiseHL": [0.2672761743909859, 0.2062259805792513, 0.3035611564041109, 0.2216965122312274, 0.3145832009751382, 0.2785119086070976, 0.25875906180945624]}