{"FilterHL": [0.03601825994891034, 0.026533610964395986, 0.014876369061272245, 0.029625760638792693, 0.03340049197892007, 0.03192475016305118, 0.006257809413030661], "NoiseHL": [0.051403400412273356, 0.21564559864844904, 0.24372135277467216, 0.3045927163688042, 0.06706904270020733, 0.17873411641034115, 0.24219337284520864]}