{"FilterHL": [0.00019708505602148896, 0.0001617359546024835, 0.0, 0.00037115826422908237, 0.015793318608837044, 0.002434800662415139, 0.0], "NoiseHL": [0.066364371995639, 0.24474362140675346, 0.3267638742314115, 0.4190088037356047, 0.11520270074770814, 0.25720215815045966, 0.33422761671951423]}