{"FilterHL": [0.0032867962359207858, 0.013599692536528627, 0.009837975822936223, 0.004326107273385747, 0.004325986684964605, 0.005023681597513271, 0.019551567765142847], "NoiseHL": [0.15239554487023488, 0.22156305195394188, 0.20963291193093614, 0.20092388061841732, 0.19318296231881424, 0.23520948764135238, 0.19202576281990003]}