{"FilterHL": [0.022049644857866948, 0.0843510087930228, 0.013717262789340691, 0.12030306684223108, 0.01943812708188999, 0.08835443570339416, 0.05811069580580114], "NoiseHL": [0.41836448304696017, 0.41620825233023545, 0.4018460421578938, 0.39517215069903566, 0.36911117287835876, 0.3868133105309618, 0.340785109595893]}