{"FilterHL": [0.0009062954984539956, 0.0, 0.0, 0.00011209842915944891, 0.003049134046778911, 0.005640184473022366, 0.00032648163898871014], "NoiseHL": [0.3217152965180304, 0.28908494657548534, 0.30968974984153164, 0.26423520936170475, 0.33009682013546676, 0.3383205474006166, 0.3183155034171673]}