{"FilterHL": [0.00612377507707089, 0.0, 0.0, 0.009551726681382065, 0.0, 0.009551726681382065, 0.0], "NoiseHL": [0.37062668702463764, 0.4888893240112019, 0.3894008249463023, 0.5174834228105777, 0.41047726066357265, 0.5174834228105778, 0.3996616021907821]}