{"FilterHL": [0.0007975309582867802, 0.002651011819844232, 0.0002377271137374923, 0.0002623706612057225, 0.007849324961086637, 0.010028395583205413, 0.0036972064073244925], "NoiseHL": [0.15400905983632326, 0.1368579400081564, 0.16801938030584954, 0.16950843122097695, 0.16053002487084486, 0.15248723029807967, 0.1507657678944572]}