{"FilterHL": [0.037516780423935935, 0.03189415599752817, 0.017371341338710548, 0.026916852879429323, 0.030499468783548433, 0.03461439334328425, 0.04866421116000939], "NoiseHL": [0.16833035080525488, 0.22267761307466177, 0.16126366053596408, 0.23389641478752535, 0.16287013439227646, 0.22125854062563038, 0.17200541128453756]}