{"FilterHL": [0.01625883299503943, 0.04363959942061304, 0.023048066381822965, 0.015384859870999064, 0.07186468738388944, 0.0444932452688719, 0.08642356839602539], "NoiseHL": [0.12605755351508058, 0.14013459998386296, 0.10384189259362123, 0.12035777817542281, 0.11508777264210131, 0.13776887003615196, 0.0851948951927847]}