{"FilterHL": [0.025026225168312558, 0.024281888049066686, 0.009077293105196437, 0.05270249065299746, 0.014925440201143753, 0.03679068489005523, 0.009135160925296289], "NoiseHL": [0.15108641504461423, 0.19632481852536973, 0.1378738092896693, 0.18281147766255798, 0.1624802899046114, 0.21050226735135316, 0.17968597807975037]}