{"FilterHL": [0.0, 0.0, 0.02950319114557623, 0.044521656603549176, 0.017589142515455444, 0.02696165046491866, 0.00014088987718718636], "NoiseHL": [0.3667950360788851, 0.3834592494682306, 0.36404525091039075, 0.3416345224985399, 0.3407106914235888, 0.319588018951077, 0.39381897533989396]}