{"FilterHL": [0.0004147302737965968, 0.00931286491696978, 0.013163704645302836, 0.010447299720828614, 0.0016161842609018675, 0.017154495960033198, 0.014619935475376102], "NoiseHL": [0.12570081121333843, 0.16633210594404485, 0.10431479422871252, 0.15411063928205307, 0.1315184831766037, 0.15366155111831242, 0.1283781424743125]}