{"FilterHL": [0.00940357481905866, 0.0056890340468056565, 0.0390161660112804, 0.0026122347171500574, 0.02016957708824995, 0.02157140873559295, 0.04054145635013824], "NoiseHL": [0.31629122866598164, 0.3651130939781836, 0.3334444826449027, 0.36342729094752135, 0.32877049871417496, 0.41523795138040115, 0.3392290874029908]}