{"FilterHL": [0.010074455153753105, 0.0336717973472787, 0.017021092033339808, 0.016108004335310826, 0.059012882318349266, 0.05574130078832204, 0.0615797327491635], "NoiseHL": [0.08676140974786652, 0.10536582742682703, 0.12510939499222157, 0.12347437808801863, 0.0776741200940039, 0.0774293758124886, 0.050776638304241874]}