{"FilterHL": [0.09101508154794265, 0.07991649089309269, 0.047200721790092534, 0.057497337215955735, 0.09592097408620821, 0.2300442716536823, 0.03803842632434195], "NoiseHL": [0.05205686332291464, 0.05782251169321663, 0.4104119758366441, 0.42226282319275554, 0.05983482487422112, 0.06558059597220928, 0.4018340798283768]}