{"FilterHL": [0.0071175432267463635, 0.023406511228473634, 0.002022439196066291, 0.014639174102240164, 0.011495848322757247, 0.006490106074736049, 0.029188222206067482], "NoiseHL": [0.19306830967041821, 0.361012874019563, 0.3493565557182892, 0.36371933761364483, 0.2992647133679582, 0.39379220761893585, 0.3329854114772321]}