{"FilterHL": [0.041206589999522814, 0.05145748846687113, 0.02230334957305395, 0.04709750477456267, 0.02719767427290573, 0.05533111843725874, 0.048465478868072176], "NoiseHL": [0.010868364506078268, 0.011489296080486624, 0.012989876693596875, 0.014056485883458772, 0.009333953045133165, 0.012463762410200589, 0.010795747816386148]}