{"FilterHL": [0.0, 0.00038777303878594115, 0.0, 1.782834167381934e-05, 0.0, 0.0014017606059278478, 0.0], "NoiseHL": [0.09654419837975824, 0.1507282797138842, 0.1572246532975914, 0.19448580951758207, 0.1837755367050545, 0.14567520307051546, 0.1837755367050545]}