{"FilterHL": [0.02146551574271967, 0.025247719641107946, 0.02859315154178054, 0.011934843642130048, 0.01791317798295957, 0.03970055118345701, 0.016353361654996228], "NoiseHL": [0.11077871095817778, 0.14187065012282335, 0.09418278255222165, 0.09229577092536492, 0.11848304516269816, 0.1459803405365729, 0.09293643422939604]}