{"FilterHL": [0.0, 0.0, 1.7891563543448216e-05, 0.0, 0.0, 0.001212761901281504, 0.001212761901281504], "NoiseHL": [0.14737794897420034, 0.1996416327232974, 0.15562474979979976, 0.2144269219230429, 0.14044858014632036, 0.17098527586296225, 0.17098527586296225]}