{"FilterHL": [0.027566417955696948, 0.022152528108349584, 0.02243418105698758, 0.013296722744743588, 0.026792879552660572, 0.014386808594698989, 0.013076909181161167], "NoiseHL": [0.04606787793124295, 0.14309367374248871, 0.045184965955679134, 0.1629312383733516, 0.05051582677819263, 0.11666055930368363, 0.07181357466260303]}