{"FilterHL": [0.03291244068600417, 0.06679526464854485, 0.046735222925335544, 0.03931275471699662, 0.07901786503529816, 0.06653044993230482, 0.09026903854854211], "NoiseHL": [0.1660357073884061, 0.15086404361663913, 0.2131817674179585, 0.19426166596825284, 0.21488676676042745, 0.21447725705233342, 0.24895633195742578]}