{"FilterHL": [0.03966531996185833, 0.041664758058772275, 0.023877531753458657, 0.029642436146349, 0.0251208459215277, 0.02281218153293964, 0.025518825691456165], "NoiseHL": [0.10566431849233641, 0.11985056196040969, 0.12063184970775766, 0.13401480858794163, 0.11270114471097421, 0.126867674756831, 0.13186018393387633]}