{"FilterHL": [0.012245602701897935, 0.03618013360282416, 0.027027976370497198, 0.03967066085894234, 0.013770264961674336, 0.02109684679827491, 0.026455711938884175], "NoiseHL": [0.13061408186089257, 0.14134396128679097, 0.15552161088921707, 0.15794607030342, 0.1356317710227934, 0.10403618179988412, 0.1578683017538529]}