{"FilterHL": [0.025583111825149638, 0.03496411326961333, 0.01937207091295681, 0.023801249869306065, 0.02793895507473033, 0.026491668005046223, 0.03547620048958619], "NoiseHL": [0.1305683731034759, 0.16944350594554292, 0.1269617964392706, 0.1693015433790505, 0.12693611071618321, 0.17150328024752254, 0.13531090742920968]}