{"FilterHL": [0.03080595644547866, 0.049995657647730646, 0.020169100374434413, 0.028521570271288654, 0.021496123959266176, 0.041747132353466374, 0.015988686666969926], "NoiseHL": [0.15067804993155273, 0.16433657572214633, 0.20119284338301688, 0.2230543157366759, 0.1490973249606874, 0.1344401413181168, 0.20823333996598856]}