{"FilterHL": [0.013101621573953962, 0.005729112083064599, 0.0022366734818669498, 0.004504417433027276, 0.018158553662608812, 0.015861271987670407, 0.012685050345530476], "NoiseHL": [0.19781371403460118, 0.21205172367308484, 0.19593046193235775, 0.1972154340259187, 0.23906411757939405, 0.2533294099785505, 0.23170645078826207]}