{"FilterHL": [0.027948190864992287, 0.036080994599774416, 0.0256126023908368, 0.053679582563277164, 0.017970517186039283, 0.04393742006493013, 0.054283216942937605], "NoiseHL": [0.06804137538074757, 0.07387383566068935, 0.07570954659143761, 0.08878854505442728, 0.06198578225664259, 0.0713521573310845, 0.0853858324740421]}