{"FilterHL": [0.009367787582084425, 0.012848345135843792, 0.006197276011460168, 0.023549512432155566, 0.06542162998759564, 0.08641870031904292, 0.053190044418370525], "NoiseHL": [0.40354297579125215, 0.3964192936257226, 0.3857940609199979, 0.3752753518856846, 0.47979612931103127, 0.4877441363935783, 0.4681736168941252]}