{"FilterHL": [0.061362254714522134, 0.06418160476348013, 0.014874603196383498, 0.0521366281591258, 0.04177740965723422, 0.06839359367229648, 0.0605033167546771], "NoiseHL": [0.296823306781389, 0.061757544006950923, 0.2765250321922498, 0.11333413022877564, 0.2968083694161537, 0.0905170040600614, 0.30096311971014705]}