{"FilterHL": [0.09192081668685595, 0.023932082053098356, 0.07540167535118174, 0.029289700688380226, 0.09882758957811379, 0.043230777498102904, 0.0766764391463184], "NoiseHL": [0.2490000527212993, 0.2572759805579922, 0.32236416504131865, 0.24973878077111497, 0.25279623473081064, 0.28705292007462946, 0.2562625719777775]}