{"FilterHL": [0.024627603763592344, 0.01759139989307929, 0.010906434147892437, 0.023560697786853987, 0.0070774880265702935, 0.014409897302265053, 0.02915390207346489], "NoiseHL": [0.24097503090659284, 0.3662522949015525, 0.22524389303050826, 0.36458397909631834, 0.22725544646440374, 0.37784330801809285, 0.26048764923436]}