{"FilterHL": [0.029018925803714964, 0.05170413929679375, 0.024679200721791302, 0.043447413825792196, 0.0328550187925137, 0.031956731619741045, 0.031301574158656954], "NoiseHL": [0.04305630048726975, 0.026861018995329288, 0.03220598661994639, 0.030551955850757925, 0.03250808469256764, 0.019666527769219243, 0.024839925169710207]}