{"FilterHL": [0.037455407629773785, 0.05406296651621311, 0.023515777124414158, 0.03271718965562458, 0.02832755384609227, 0.062084855323268254, 0.06064864468960303], "NoiseHL": [0.24071471326281524, 0.20275859854302153, 0.18987424252116694, 0.16236300256813438, 0.2113899058088446, 0.2098751331922838, 0.172961773433103]}