{"FilterHL": [0.011800189255669773, 0.02914986004240957, 0.017034545074560273, 0.012434558824851805, 0.05233349748735065, 0.1081889646658377, 0.04583742955405839], "NoiseHL": [0.2603189662079254, 0.2960046901772304, 0.2862155387800179, 0.3121606163459434, 0.22754539561103865, 0.2555025512456019, 0.2223654103220534]}