{"FilterHL": [0.03936666416766413, 0.04702042062274776, 0.033301419730553075, 0.05012162334285146, 0.023657901904949426, 0.031691911489690465, 0.03648834113041395], "NoiseHL": [0.31632745282808156, 0.28622068029050496, 0.32732764552818183, 0.2968593213914374, 0.31929726206061076, 0.31410857508898826, 0.31731062929918286]}