{"FilterHL": [0.003018383942015021, 0.0023262135217963537, 0.004957994514155616, 0.03603709218186178, 0.001957080618734053, 0.03704585859118963, 0.02527309472298657], "NoiseHL": [0.14007890505600998, 0.16522761844500242, 0.14066611343937402, 0.1566669201998456, 0.1184436511197622, 0.16722190944716783, 0.1264333748792699]}