{"FilterHL": [0.0, 0.0, 0.0, 6.863947424689871e-05, 0.0, 0.0, 0.0], "NoiseHL": [0.1634756284592911, 0.22834309600589234, 0.1957864663624126, 0.25, 0.1837755367050545, 0.2372144506373005, 0.23612166756010977]}