{"FilterHL": [0.024255089971294237, 0.05612472887606114, 0.02177370218108428, 0.03255593701886361, 0.0046569606903214275, 0.01983933814212866, 0.04514384354915538], "NoiseHL": [0.1431061183226134, 0.17904441267846732, 0.14214246044769072, 0.1951238819238994, 0.1511096436590755, 0.1651463581296466, 0.16833100331527934]}