{"FilterHL": [0.23637893253241232, 0.3024402851930948, 0.3559942583866939, 0.23991830582433504, 0.7071067811865475, 0.7071067811865474, 0.676640105919113], "NoiseHL": [0.8023061632921182, 0.693423682055285, 0.7997545991843608, 0.7856635588406328, 0.8109706539445622, 0.711262423520093, 0.82915619758885]}