{"FilterHL": [0.03101413848046643, 0.04890937029404868, 0.01879766916231989, 0.0442579423675005, 0.02500817890185354, 0.06465004983108551, 0.04242065293196032], "NoiseHL": [0.04708343326940624, 0.08508041293180897, 0.07757223970502797, 0.12360450616398984, 0.04723155984736276, 0.07142912649188701, 0.12313323428074256]}