{"FilterHL": [0.05325005203928967, 0.05712210369292747, 0.07186066305759185, 0.044869800264177764, 0.1406523783897326, 0.15892243663051353, 0.0710405726941985], "NoiseHL": [0.28832173272708794, 0.2818479315479347, 0.28020303008679925, 0.27988157602839286, 0.3103233040313008, 0.33868037134631535, 0.29706127609922417]}