{"FilterHL": [0.0012492051795018099, 0.030093751309378535, 0.0025966785594336767, 0.01124906714732783, 0.010834292705840461, 0.009238901625238473, 0.03628348074256151], "NoiseHL": [0.15536831231122317, 0.14963179854093242, 0.15666270573396762, 0.16865889554013627, 0.17554195116034693, 0.1978841246833154, 0.18979959041293185]}