{"FilterHL": [0.019656194212148963, 0.046280251738704155, 0.03330551660998989, 0.04934724737175239, 0.05664290195789412, 0.09911526514200691, 0.07134480221133077], "NoiseHL": [0.030228900633983827, 0.06667355600659144, 0.042820692930985095, 0.062181102341238234, 0.04493736242531165, 0.07736484935689093, 0.07608055285928475]}