{"FilterHL": [0.05664603703752, 0.1550462074187228, 0.07910826394616231, 0.17150115601946503, 0.3848904581743981, 0.37889403769160374, 0.406067795736121], "NoiseHL": [0.3349901085075903, 0.3617558210087347, 0.3802049579173987, 0.4254815746535528, 0.5954232350016448, 0.611456256501085, 0.5822285693469901]}