{"FilterHL": [0.03218754161617365, 0.032238791699677465, 0.04165097035534494, 0.05356303504197867, 0.029556437808964112, 0.033174466682517174, 0.04643274738831558], "NoiseHL": [0.03797430867395986, 0.0368942905586697, 0.050085202724740284, 0.04264240212506252, 0.0341869093798862, 0.04324250397505933, 0.045956188475375366]}