{"FilterHL": [0.002750481173701459, 0.014800587706527299, 0.010537578086558624, 0.004183038375186709, 0.004174054945202004, 0.007781114065172085, 0.015687782259975], "NoiseHL": [0.044560229202004795, 0.05873612350190122, 0.08282373736573866, 0.09137714488816277, 0.09140871321012956, 0.10641539833979913, 0.1331762812302751]}