{"FilterHL": [0.023029448497917517, 0.021825574099084238, 0.0009766302495914881, 0.008242820637776182, 0.053617778995937275, 0.07319392626292895, 0.019755185229884252], "NoiseHL": [0.17005272892051798, 0.16490886695695336, 0.32505338258565974, 0.34669549549681444, 0.16647228605434922, 0.19278060354109902, 0.2759419742204012]}