{"FilterHL": [0.03495338242670851, 0.04388815865539161, 0.023756176126863406, 0.054573681849173064, 0.03021631179877937, 0.06225086707009922, 0.041372542012055195], "NoiseHL": [0.13609011671877902, 0.1323712389592888, 0.143276033113326, 0.14087376366248447, 0.24852615484900867, 0.2673647740019137, 0.24043910688536868]}