{"FilterHL": [0.0024951835343577115, 0.01790298399300135, 0.00530363498822289, 0.009567440444902866, 0.014886250582539841, 0.02350333194693018, 0.0236172156748748], "NoiseHL": [0.1918799219711283, 0.25311460174991873, 0.2623393116083314, 0.2991516157711386, 0.2144551131938757, 0.2527339118553553, 0.2537730352684462]}