{"FilterHL": [0.02676355687380334, 0.04541409830166282, 0.013507242957604337, 0.021936867277655082, 0.06773893403938963, 0.0848986567543406, 0.14651754780005355], "NoiseHL": [0.2763577311208707, 0.27874082900061325, 0.3189091004974339, 0.337089871776509, 0.2800813691781646, 0.2961813536368626, 0.3124080788058933]}