{"FilterHL": [0.003613632123382473, 0.0011352515973472408, 0.018856807779089543, 0.033070352564337796, 0.02911434438218525, 0.027685076282247728, 0.0323810707873007], "NoiseHL": [0.13317431117202394, 0.11942301505899512, 0.1423412336422314, 0.13520415150792678, 0.1650878514846956, 0.16039314334839783, 0.12796295732863538]}