{"FilterHL": [0.12770940697034344, 0.1267614495791381, 0.14224756384961096, 0.15738798532192827, 0.23430548960794303, 0.1949217139819711, 0.27298127111903725], "NoiseHL": [0.16392499791235468, 0.15081974791905675, 0.20340406751133402, 0.1540866956867741, 0.24505096069420576, 0.1518611401502914, 0.24280222461338]}