{"FilterHL": [0.008642460332652452, 0.014854459651476826, 0.012731705636385546, 0.03387361432328556, 0.11787427116104517, 0.13819643112711893, 0.12156043233876299], "NoiseHL": [0.13565095309049066, 0.21204335433022772, 0.14416783691072554, 0.21240812512380475, 0.1767360774280137, 0.23082572601193901, 0.20700654421451903]}