{"FilterHL": [0.024253480131023478, 0.044265520869383804, 0.020096545659938247, 0.036240978529776396, 0.026019237357176987, 0.03142379557841992, 0.04747918243743204], "NoiseHL": [0.09917805539275855, 0.30758662068635223, 0.17111117954488214, 0.19275075365010672, 0.11298225581604639, 0.2957489295696704, 0.18738108777852003]}