{"FilterHL": [0.01928654137995048, 0.009354369317786217, 0.01973409475680436, 0.024223432369825992, 0.00978634742997232, 0.02055411218546414, 0.010904193828935649], "NoiseHL": [0.20514144556962025, 0.2594423572293863, 0.20715766467372715, 0.28836011088319874, 0.1783203300025126, 0.2242795955734208, 0.1919226682246082]}