{"FilterHL": [0.021944207329068186, 0.02021058231186856, 0.0066550692966412615, 0.02695031353252326, 0.012413553907636998, 0.01746125461940795, 0.010397119223467224], "NoiseHL": [0.3236807525564121, 0.40554789296031013, 0.3213941128252715, 0.3827944477672062, 0.40038819667450465, 0.3902026211584394, 0.40761194679425927]}