{"FilterHL": [0.03550166652914139, 0.034348227947685196, 0.02291998380510601, 0.033798733116543696, 0.014601319528662011, 0.0037160141973728755, 0.0215406159439958], "NoiseHL": [0.11022827593964786, 0.11239050318662817, 0.1737336577893626, 0.19196852287261995, 0.11548463343962807, 0.09996512636398457, 0.18440159110973406]}