{"FilterHL": [0.020753785674388164, 0.04724282699631162, 0.036273950704418856, 0.03320802012603243, 0.021302134329858856, 0.03861591644138149, 0.03813244904940836], "NoiseHL": [0.028281731257232934, 0.046055715031704185, 0.03802722333383514, 0.035732179350857145, 0.021950259894906413, 0.03391379782398789, 0.027551718080904782]}