{"FilterHL": [0.029743250338642835, 0.04345765250607369, 0.03309300531792592, 0.026856271832728686, 0.022187434972654716, 0.02597160538768018, 0.04523845855757638], "NoiseHL": [0.12919947527450618, 0.12004021696204342, 0.10814949847012024, 0.13591154863601143, 0.08704068223124237, 0.08854946197323083, 0.08110393250655255]}