{"FilterHL": [0.03321700638728336, 0.04161714474114377, 0.0223676488057282, 0.03714999311843858, 0.018957241592748485, 0.04174023207597898, 0.03558033458979627], "NoiseHL": [0.02992693386395221, 0.02838286269974171, 0.030813181703650938, 0.026042009902465586, 0.026324481170744384, 0.04566774444669552, 0.03217964435275402]}