{"FilterHL": [0.027980678355454855, 0.03179351147352333, 0.019934282916440955, 0.003899122629981066, 0.005414578326452321, 0.014396750047284966, 0.03164367317233439], "NoiseHL": [0.2859731695431649, 0.23477424579367254, 0.2730906873146815, 0.2177027759548865, 0.2621237269790137, 0.23305443654847408, 0.2743778801853897]}