{"FilterHL": [0.05612946936394457, 0.06568576095144395, 0.038341722091260536, 0.048768429761211284, 0.06639432093875158, 0.03445853708247747, 0.04840790204056445], "NoiseHL": [0.10760229408087989, 0.047621328004073066, 0.15466111404984048, 0.05395444669696694, 0.1044294863944611, 0.061142705455449836, 0.13974236891629954]}