{"FilterHL": [0.00034378714526816546, 0.013839620881105835, 0.012931314773236151, 0.011086547107021057, 0.0013326158540835921, 0.005615587064996597, 0.022039109205760354], "NoiseHL": [0.12148179054863503, 0.11303539373532574, 0.11527561839645384, 0.1294498525067725, 0.11733354067582831, 0.15084417517600388, 0.14226292926942952]}