{"FilterHL": [0.04184239417219067, 0.04752012004295405, 0.005891453462293139, 0.02204911240083464, 0.02377565791503417, 0.008933189417006297, 0.02454898811185774], "NoiseHL": [0.13814908287590466, 0.18553801542959245, 0.3032967377478076, 0.3150723906575523, 0.14018767500332374, 0.20267000604024657, 0.2942669663090205]}