{"FilterHL": [0.04367958464284445, 0.04489606820091737, 0.04669364760190845, 0.036684996178889304, 0.04874660054687335, 0.045988977283497795, 0.04816944183164573], "NoiseHL": [0.05463741127478156, 0.09296172233501053, 0.04871976501141238, 0.09717946514273505, 0.07789234450269888, 0.11268311128050924, 0.0894829260463521]}