{"FilterHL": [0.023138404039845725, 0.01780549093549373, 0.012611799184101082, 0.02201513693083467, 0.024931540319663638, 0.028422318247125676, 0.010793979907991209], "NoiseHL": [0.1325599815070176, 0.1635307811414961, 0.16643158032829145, 0.16757246053377695, 0.1502725552579308, 0.13696382067841392, 0.16839891971297377]}