{"FilterHL": [0.0, 0.0001977385146075534, 0.0, 0.0, 0.003916213836225642, 0.0, 0.0], "NoiseHL": [0.1572246532975914, 0.21798069666140013, 0.22493644505680488, 0.2825738991468142, 0.1996416327232974, 0.2404665476109235, 0.2561839685989771]}