{"FilterHL": [0.07674815485025101, 0.0727532409581393, 0.031085483887255873, 0.08222170721128862, 0.05198419544716598, 0.0905943625987359, 0.06809632878369644], "NoiseHL": [0.07392456623621713, 0.06975525726025561, 0.10047326678345145, 0.1093496994689319, 0.09319652859301929, 0.10467739301569122, 0.09270336949952401]}