{"FilterHL": [0.025873801885747595, 0.017337988818681732, 0.040205288727371453, 0.04837116152743848, 0.12734192647354614, 0.13562296904280238, 0.13374901588619573], "NoiseHL": [0.3988615399648521, 0.36420318947849795, 0.4010229442615394, 0.3289560552823395, 0.4034635726213668, 0.34668809463127337, 0.4033731434096112]}