{"FilterHL": [0.039322331274441895, 0.01608087765016037, 0.05692736542454924, 0.09465388612389189, 0.06770819287234059, 0.27111111608920535, 0.09758756558798776], "NoiseHL": [0.14916152243595898, 0.23090800710044182, 0.09296418065491521, 0.14779850360192573, 0.1822304663919007, 0.27964810892655756, 0.1657203226600676]}