{"FilterHL": [0.0355374131809382, 0.037423295715946485, 0.019912720715120718, 0.014441612747604209, 0.027659897092779533, 0.02339204947821537, 0.050357947439400065], "NoiseHL": [0.20062146494472471, 0.280977133440456, 0.19362614040841458, 0.300173428650634, 0.1975426901626649, 0.29823834900647944, 0.19144161365177434]}