{"FilterHL": [0.046627300003717724, 0.037200869102841205, 0.022334619463406872, 0.03408489400099157, 0.03824631090787563, 0.03444619656350871, 0.04737622836164317], "NoiseHL": [0.07782519815786643, 0.08267618230459624, 0.04949685661679755, 0.0637926915062117, 0.07326078793409643, 0.07739843529946251, 0.07435513276141575]}