{"FilterHL": [0.019061093605513234, 0.04169049543160306, 0.029593543641879584, 0.043928537978328054, 0.023442627473329123, 0.013532336849768475, 0.01722801717317446], "NoiseHL": [0.09519215684284084, 0.11108771907916055, 0.12217416872465645, 0.12652719666316606, 0.11602061501013054, 0.10436214520699773, 0.12101556387789995]}