{"FilterHL": [0.028284917740598086, 0.02317037713793019, 0.021683953781997466, 0.03485512821433581, 0.025367919658881185, 0.01887065265132327, 0.011440699437785239], "NoiseHL": [0.42273418314945865, 0.3308256278743811, 0.3924410756115326, 0.37614113829159346, 0.4391422905614745, 0.33731590451962934, 0.4117327410693072]}