{"FilterHL": [0.003669470179773717, 0.021447157332225592, 0.00165188798958761, 0.021604935309743997, 0.004321574183310661, 0.021841688141749374, 0.011915349485257588], "NoiseHL": [0.0891175033534087, 0.1372100191125248, 0.11131380313932898, 0.16418383662066133, 0.10176409601940137, 0.14272862911288173, 0.13422786306477538]}