{"FilterHL": [0.06325084285925965, 0.08673992817865483, 0.025567801890211378, 0.09271658433204116, 0.09860254637339723, 0.22489890160699474, 0.08232387088029072], "NoiseHL": [0.2688497737373558, 0.39507022340643966, 0.2843237522426324, 0.43127623486013217, 0.2573303657193834, 0.41234587153715013, 0.2866775453078874]}