{"FilterHL": [0.05612698977213516, 0.26235991238776296, 0.07936468301256511, 0.26394658824882145, 0.19021465280606883, 0.3520540961678575, 0.2035189268586935], "NoiseHL": [0.23345704616065166, 0.3497839081648998, 0.29004362642949005, 0.39111930968946784, 0.2942373613210466, 0.4117900171778864, 0.3192837815429661]}