{"FilterHL": [0.09989940339413227, 0.09759174520796357, 0.08731631273443366, 0.03244875098230688, 0.08121391974789258, 0.03882206570988112, 0.07481010161268929], "NoiseHL": [0.3359376954680575, 0.3333603740145034, 0.3500689996279904, 0.36010036703811726, 0.3564591640177941, 0.35675895770697186, 0.32646127112896056]}