{"FilterHL": [0.020242117112217812, 0.04768083371350769, 0.008043726345601519, 0.02812442728859866, 0.09268431308301114, 0.06310817535499265, 0.09588858986940987], "NoiseHL": [0.18442865371000738, 0.2096709406902711, 0.21653582642232488, 0.21606946595142582, 0.13460450448504246, 0.13198088211780953, 0.11548430985277912]}