{"FilterHL": [0.03428883719558153, 0.03818793230413305, 0.03142593614752263, 0.030979376657159885, 0.05769798757462308, 0.07171598312603386, 0.04257647155659716], "NoiseHL": [0.10988015622924434, 0.12136102685638918, 0.16704877129730075, 0.16694154848012605, 0.12434463333553411, 0.13207004526876098, 0.16781287388346536]}