{"FilterHL": [0.09976645971471557, 0.07714941411050531, 0.03740362112165894, 0.06993653986043852, 0.08680402227748045, 0.12284124352809496, 0.08481322827344927], "NoiseHL": [0.17169460762145347, 0.18897407467950988, 0.17514410902186822, 0.1484180486527571, 0.15289962159123915, 0.2150625928520172, 0.20560531249488712]}