{"FilterHL": [0.02733989498550153, 0.047173236863908695, 0.04469349721573864, 0.024488376629468716, 0.07219877352605594, 0.022147302717290058, 0.13381518655446453], "NoiseHL": [0.14026509755204578, 0.19569184525645983, 0.1338261893629427, 0.18940747944489975, 0.12923151027766128, 0.1811984859698144, 0.1462845142458627]}