{"FilterHL": [0.036995778965368376, 0.019064886541074282, 0.022340504602173496, 0.020534118014423206, 0.006005629404353657, 0.014527940899764717, 0.029054504170462504], "NoiseHL": [0.14523579827996141, 0.13011157531532527, 0.1311932949584589, 0.11204027824955225, 0.1387606010566023, 0.11114494452081052, 0.126828047876737]}