{"FilterHL": [0.04760655745444181, 0.041755148005816665, 0.022544966287351694, 0.06647625089471687, 0.05594812938411318, 0.06062013470903332, 0.05894658329532835], "NoiseHL": [0.07247008197412634, 0.13985552263753517, 0.07487579032502073, 0.1288501603945331, 0.07512510462318911, 0.11796116167238309, 0.09736207209344508]}