{"FilterHL": [0.0, 0.0, 3.7721530032700137e-06, 8.832423731544527e-05, 0.0013863255028836116, 0.0, 0.00012358535971703798], "NoiseHL": [0.34398982727819466, 0.3527635782183037, 0.3399474501591288, 0.3621602913026009, 0.32508767843708475, 0.35591531537694115, 0.33668782285012294]}