{"FilterHL": [0.01591455750437422, 0.041575184060799214, 0.01328820465745159, 0.02320682719591712, 0.012485593100453236, 0.05144934661951918, 0.027625269461319112], "NoiseHL": [0.1712827532025077, 0.30107114707462207, 0.15252647638069958, 0.2779877740998822, 0.19572960514263446, 0.18908918284689225, 0.20150364366132223]}