{"FilterHL": [0.008469996981938711, 0.025505020830027314, 0.015905676775221977, 0.005279406081870597, 0.003390336021554312, 0.014921138239640343, 0.018392854746300473], "NoiseHL": [0.16651960915337374, 0.22149521217412851, 0.17969624351940253, 0.24693080130246522, 0.17977940630510786, 0.20156341682225185, 0.21223269268839004]}