{"FilterHL": [0.025201499802244454, 0.011587653013318476, 0.03827869415536133, 0.0409813432990284, 0.021968765991150767, 0.03957910550723967, 0.014120014954478944], "NoiseHL": [0.12540490925896647, 0.17286643292224257, 0.1451501551915906, 0.16792000281874384, 0.12300986995165512, 0.16544886891235858, 0.16571506834647726]}