{"FilterHL": [0.04047659135104587, 0.06590421495515913, 0.043998706371171516, 0.03665739482529526, 0.06100062464704616, 0.05135953682485126, 0.04550130725278989], "NoiseHL": [0.22183164911603176, 0.21301897002443324, 0.19717613890383442, 0.20147035307553504, 0.2338162423093744, 0.2127130133707475, 0.2022021171092031]}