{"FilterHL": [0.04141699112092425, 0.05389909183870042, 0.04577665970098295, 0.04150851773879865, 0.124368088359805, 0.12550275334220537, 0.08494727609206866], "NoiseHL": [0.1990190298641442, 0.19636771964206706, 0.23291849788139288, 0.21459842192967482, 0.19543186057695866, 0.1983429329108987, 0.2537692683013061]}