{"FilterHL": [0.028530927225818428, 0.006013231270747659, 0.010546937707293204, 0.005022849595058401, 0.07125478232469934, 0.09496378255738357, 0.06536895651899001], "NoiseHL": [0.17755335178164028, 0.13106675030346965, 0.21033257232747082, 0.17526272471900606, 0.1717707557867084, 0.10251451890446231, 0.20554433596598623]}