{"FilterHL": [0.08107891126488827, 0.08741783291061996, 0.015478022981181819, 0.026635514736425083, 0.05115628750669308, 0.046906274779423406, 0.052224100640356194], "NoiseHL": [0.12130475527804531, 0.13029540650166696, 0.22772699708215652, 0.21845517844003817, 0.15097873231819342, 0.1547798276215363, 0.14942215236445308]}