{"FilterHL": [0.020910322167948706, 0.023727703704814966, 0.014779416642600844, 0.017455864955449065, 0.01532016194260261, 0.019568069908395, 0.06648585077656205], "NoiseHL": [0.17501174618686594, 0.1551466384703841, 0.17852949742591473, 0.17214753049785642, 0.18971934278780514, 0.14452982358193978, 0.19342932711379907]}