{"FilterHL": [1.7069494249665324e-06, 1.7280229004069937e-06, 9.061578236044129e-07, 6.53276453690628e-07, 0.00038971286026443457, 0.0, 3.7996404801584803e-05], "NoiseHL": [0.24046654761092345, 0.30618621784789724, 0.25516228884138725, 0.3284335526765462, 0.28351157719282805, 0.31488735035330745, 0.294571808286785]}