{"FilterHL": [0.0200828958869133, 0.02030108419373122, 0.010710191866119479, 0.02677836510781935, 0.003919854481679819, 0.007833197258408487, 0.031140358168101415], "NoiseHL": [0.16149360828541498, 0.15834684263484305, 0.16434146088624094, 0.17846021680197152, 0.16382861096618953, 0.16066216451871704, 0.18683399273480308]}