{"FilterHL": [0.03573179512413325, 0.00562292913792705, 0.01371185429711252, 0.01329191233806231, 0.27126222863730715, 0.30084300590691726, 0.29363911070455084], "NoiseHL": [0.34801176698517766, 0.38569708988001333, 0.37984799888595944, 0.39175918243202074, 0.3648850641198197, 0.3724029409912081, 0.3738913337642923]}