{"FilterHL": [0.013855314314199745, 0.007615389154430801, 0.004921069518440103, 0.006929801056935399, 0.004910238957817659, 0.005201079697483917, 0.005735210240125607], "NoiseHL": [0.3691067097222157, 0.3612528293493131, 0.4433940657846102, 0.43568222795242806, 0.41691372339325733, 0.4025206556858154, 0.46243587976435074]}