{"FilterHL": [0.08356621899548107, 0.09804204799302951, 0.13172990219284902, 0.11243492146144185, 0.13669140567928448, 0.11225567398181163, 0.17801514437172875], "NoiseHL": [0.1110400085019585, 0.11604720507317869, 0.335732599055853, 0.3285220911126671, 0.07117366052150553, 0.09730002952878263, 0.42912826324970504]}