{"FilterHL": [0.060350800744800696, 0.03859739543085903, 0.010373783839527388, 0.008306153678403962, 0.027017831109468066, 0.15098144921790316, 0.003755789851817407], "NoiseHL": [0.24933246264780146, 0.2699804096020213, 0.24381830834141754, 0.26099355971069643, 0.24793708257881622, 0.2681366088735168, 0.2625962391435172]}