{"FilterHL": [0.004273964664722822, 0.0125697087248788, 0.004277040352998609, 0.0019006991138851344, 0.008621014471745061, 0.007540287456132135, 0.031188239653347175], "NoiseHL": [0.3910127852341502, 0.4070302184680275, 0.4145790303330122, 0.4169752051926608, 0.2717084015401925, 0.25915440048933813, 0.3075110785987891]}