{"FilterHL": [0.05188709335097882, 0.05526474886183799, 0.0445021396374854, 0.05939052455364532, 0.019884325103530564, 0.030183296920278057, 0.030503741917375718], "NoiseHL": [0.11030724567929372, 0.11960685135505011, 0.13947334455901628, 0.14788545565797537, 0.12758241070792878, 0.10408176487769635, 0.153867231361323]}