{"FilterHL": [0.004260018189381879, 0.012156261545254045, 0.010826305393059845, 0.003613139644951713, 0.006072769335711814, 0.009509370066405797, 0.019678450882181408], "NoiseHL": [0.10431743686390685, 0.09654596722344885, 0.0828639180046012, 0.10162261517094674, 0.10153650263910337, 0.11306019795157032, 0.11654132304862057]}