{"FilterHL": [0.03363580846455284, 0.06407409713958788, 0.031780261932837846, 0.06595916252416831, 0.10389275722580674, 0.11149144080644396, 0.09505085495960833], "NoiseHL": [0.04177642952451705, 0.0882091479908302, 0.03854720468942889, 0.060004352264990894, 0.13470265978228715, 0.13761100632089868, 0.12450724999246306]}