{"FilterHL": [0.0005610918007502693, 0.030269611236283217, 0.004482574967065, 0.031317750862389124, 0.0016800938079472299, 0.01860870732031091, 0.01906000137423108], "NoiseHL": [0.2582168997340125, 0.2983014668416602, 0.3157471010468728, 0.31540062481496783, 0.3053053667491258, 0.3244905844995175, 0.3455970555063574]}