{"FilterHL": [0.06159529784062043, 0.03747516600926351, 0.02518519964874754, 0.022397653771018735, 0.051645687008356894, 0.012287919710783171, 0.01929784878681934], "NoiseHL": [0.12030572554205253, 0.16869456606250055, 0.1432022379701226, 0.18268696700147047, 0.13293433917626074, 0.1870406478342589, 0.16634776633159987]}