{"FilterHL": [0.008208591173446257, 0.0184361012811408, 0.015176788935640555, 0.0077449613255344855, 0.01241820072406666, 0.01798510416111207, 0.011930442983312776], "NoiseHL": [0.17246024701937276, 0.157387243647211, 0.16351470257652426, 0.16813473294403114, 0.131302267453837, 0.1178512379659569, 0.1440056628964979]}