{"FilterHL": [0.03931680869197911, 0.05313746140180582, 0.015436017789143025, 0.035792648714784915, 0.016536698141519555, 0.013620833606509378, 0.043613823627167154], "NoiseHL": [0.07920119355790349, 0.06000513412329656, 0.07804905611975996, 0.09115663094773853, 0.06522830039103722, 0.11391991581963647, 0.09149935341919775]}