{"FilterHL": [0.18416710453406845, 0.1964017708222756, 0.12375013299217082, 0.27757190414229804, 0.18238806587907055, 0.1994611426331392, 0.3848358737405249], "NoiseHL": [0.5489490332791949, 0.5511060995540534, 0.5914447703673568, 0.5700554418448769, 0.5513029480488757, 0.5508344351176937, 0.5782630024936132]}