{"FilterHL": [0.01989980775785893, 0.02139807665217082, 0.038026342379908026, 0.032523432900520406, 0.03716801843821093, 0.026254027897587483, 0.05842261682081618], "NoiseHL": [0.12136828568366195, 0.11370018084949447, 0.11376125103460907, 0.12596244968290005, 0.16644669784978036, 0.17919017448023017, 0.1597586581754478]}