{"FilterHL": [0.002055451631472079, 0.036466922406063924, 0.01164424532866186, 0.0034801000990916193, 0.017285945640360033, 0.011126407854137032, 0.020221811024199243], "NoiseHL": [0.1349264505074956, 0.17332549717173945, 0.1519074827749508, 0.17937102573729588, 0.1488565944945526, 0.15832345660063818, 0.14154936115149877]}