{"FilterHL": [0.02362631003935458, 0.019515547340664276, 0.010942873138321211, 0.02257785859822971, 0.006964348544537813, 0.016545072844349595, 0.029869371775934128], "NoiseHL": [0.1031063908048444, 0.10497549949763513, 0.28177566403715876, 0.2853646951110746, 0.10408542532870618, 0.08603258035537036, 0.29594943294107934]}