{"FilterHL": [0.038740402915913484, 0.06496493717484891, 0.016786112187045454, 0.07393544509632015, 0.043018645578260635, 0.06262870638929224, 0.047137811719905394], "NoiseHL": [0.0348691965054139, 0.06151387361101937, 0.03458081638221923, 0.07967739272995954, 0.04524328016929643, 0.04575646786631729, 0.04729390573806926]}