{"FilterHL": [0.12579001395006217, 0.04241565623228249, 0.07609579071778275, 0.07327575277892585, 0.08519689658380114, 0.14405223355447985, 0.06608302328595266], "NoiseHL": [0.3620744291041623, 0.3788882292390021, 0.366018831024819, 0.3767706660808608, 0.39856957652930874, 0.4097545324429165, 0.3992994949306932]}