{"FilterHL": [0.013820074828530872, 0.018371881375335904, 0.007011046661094806, 0.03917047115514933, 0.0160769626949936, 0.014015950715068077, 0.030841533235886145], "NoiseHL": [0.0739704213445455, 0.12859670296410047, 0.10163955716692297, 0.12717127968519576, 0.1377321337529581, 0.1646646128128044, 0.14967792146042183]}