{"FilterHL": [9.386726199607242e-05, 0.0, 0.0, 0.00010895799806304552, 0.0, 0.019851875825309118, 0.0], "NoiseHL": [0.27879713016662017, 0.29908168989284245, 0.2806907803767703, 0.30176153952158696, 0.28444670306439407, 0.34879530865580777, 0.29183887160721417]}