{"FilterHL": [0.018065500806823377, 0.02461874947048028, 0.01266138563798975, 0.01812207498728356, 0.02051428292871505, 0.05091029979606248, 0.032025865654755084], "NoiseHL": [0.14340535182024827, 0.35912473229405256, 0.30840478049858133, 0.3436795743532112, 0.1513072195007347, 0.34963289871076425, 0.3008096291939534]}