{"FilterHL": [0.04307461317809851, 0.03786238385029844, 0.04023980621411567, 0.04993400638018301, 0.46609165240074546, 0.36434456149414357, 0.6009576420568167], "NoiseHL": [0.522181416725157, 0.5485535980083371, 0.5369117586070358, 0.5768505336591464, 0.6195858927636989, 0.5672163458742004, 0.632277130258065]}