{"FilterHL": [0.026185438474847954, 0.03758767475480922, 0.011943930699442424, 0.022952420471214686, 0.04063795759473413, 0.04039360559842511, 0.033658146592905405], "NoiseHL": [0.1220911148315633, 0.11817654660210472, 0.1217842248306761, 0.11091171314431034, 0.21312972014473647, 0.22724840851694492, 0.20902102709919107]}