{"FilterHL": [0.0235673728364911, 0.019793488440013315, 0.015433252617243591, 0.014550372385128785, 0.010273087598307444, 0.013985377613982376, 0.019376118218593884], "NoiseHL": [0.09698288459294786, 0.07345807252711282, 0.10410297782627374, 0.09661488320883523, 0.11106591276171218, 0.13528439885336077, 0.10648747060654537]}