{"FilterHL": [0.0025280051747380945, 0.020862288305819137, 0.015550736137685936, 0.008723938469000098, 0.005376618311727405, 0.01337798967149594, 0.023420684575109537], "NoiseHL": [0.1015707867416387, 0.08304491078847305, 0.12150576890445763, 0.12353062934860089, 0.14408828773561064, 0.15402039607570686, 0.16500472855697834]}