{"FilterHL": [0.012337322635146995, 0.012889154818449109, 0.024503284302270528, 0.033172079739835394, 0.013700495329936922, 0.023444078540639377, 0.015839833135345885], "NoiseHL": [0.15765958306918354, 0.15508602674365052, 0.16556656414779342, 0.21248763439093168, 0.2036579022661099, 0.22028108348371472, 0.18976027535590076]}