{"FilterHL": [0.005052995083243946, 0.013701773962592976, 0.007768507326686322, 0.004528319969056065, 0.006211128749080375, 0.007654851900865965, 0.01540010085985287], "NoiseHL": [0.16415808365346835, 0.22272906956253566, 0.22952923662327063, 0.2652769373503639, 0.18408193270595055, 0.19861166536780947, 0.24046838530757644]}