{"FilterHL": [0.0714396302692998, 0.08840479581876351, 0.16242201098466433, 0.14328817311702652, 0.09533065291008748, 0.04713971766552723, 0.15556137864272743], "NoiseHL": [0.11013121550702336, 0.16049096859948223, 0.22658443116399787, 0.22839540764913316, 0.14363057907718985, 0.14986565945887656, 0.21241863876231348]}