{"FilterHL": [0.0228317128201491, 0.05489932505007701, 0.01825030794344801, 0.029630970109111553, 0.02205246163098699, 0.03097528214600033, 0.027156031977475334], "NoiseHL": [0.09135224993461626, 0.1089204362139052, 0.09261346436837908, 0.12360570741507883, 0.10136047766381288, 0.06919113103610312, 0.12618525684442897]}