{"FilterHL": [0.011003414006155092, 0.02289180612147162, 0.012596432150804754, 0.01110128123963355, 0.028396787174076503, 0.03373641343086307, 0.024962214340130427], "NoiseHL": [0.24523741568886157, 0.23121715394776848, 0.1504290999404179, 0.17507220436807475, 0.23040476457738993, 0.24799043560291573, 0.16632489114393664]}