{"FilterHL": [0.03495894797664148, 0.04454391310400562, 0.033252001717216, 0.04685683125672302, 0.03047990967574448, 0.033393802621621865, 0.043170862562878436], "NoiseHL": [0.06418945009606401, 0.05405162488642408, 0.06786148764618671, 0.06127667855034336, 0.06195481469482654, 0.05839606456364927, 0.07361730663387786]}