{"FilterHL": [0.016905200893522505, 0.08279705716462459, 0.008609369613184554, 0.047948321138768006, 0.08982991044042726, 0.17284069801138482, 0.07774867298254802], "NoiseHL": [0.38351448516387543, 0.30618209850267003, 0.3965966091733, 0.2980463933643149, 0.32574197619908773, 0.16980499495953116, 0.3287584376035649]}