{"FilterHL": [0.018465687369517605, 0.03128174203364405, 0.036672099837523245, 0.04076284804801236, 0.04067045247586952, 0.02749473954022953, 0.045626263543474564], "NoiseHL": [0.08757028151803353, 0.11279386415817137, 0.03694051435184049, 0.038889862616269484, 0.10157579031493488, 0.07492992596165163, 0.04333968245311836]}