{"FilterHL": [0.02944659193519392, 0.02088760266071478, 0.05818632882458126, 0.006047350454811423, 0.07322320315914155, 0.008956535618837837, 0.06119803664188998], "NoiseHL": [0.3005268997591058, 0.4191689548468758, 0.3059694286263178, 0.41900908208956233, 0.3088871000834172, 0.4225743659707962, 0.3101623587356863]}