{"FilterHL": [0.03863468101687245, 0.09632736821468145, 0.03984869823768084, 0.06284706869223892, 0.09538807259658234, 0.09937285068018333, 0.09653305091612331], "NoiseHL": [0.3601499062519325, 0.3188609749105865, 0.3633097184206556, 0.3220918241830956, 0.2932793899311396, 0.3159918918042586, 0.3141258146649496]}