{"FilterHL": [0.028622501554128033, 0.05222343843787014, 0.009272280815674461, 0.0012559918636516011, 0.017428561970892435, 0.004020939528189157, 0.04228409315167904], "NoiseHL": [0.30776949046493335, 0.2937325789979962, 0.3353706678450145, 0.36033689210000047, 0.328544657917186, 0.34027026417838896, 0.34446005958289383]}