{"FilterHL": [0.0003735197312159777, 0.0, 0.0014616038551594638, 0.0, 0.00114369457255177, 0.005622765538854181, 0.007786959669491331], "NoiseHL": [0.3383205474006166, 0.37367265939453903, 0.4343993708453108, 0.4119063716742538, 0.3886613478333254, 0.4460937669105919, 0.45018393309200055]}