{"FilterHL": [0.011067849706904442, 0.033146549670638056, 0.02230156874357594, 0.03515852617774767, 0.017294890881935848, 0.010277971522318338, 0.017876997713595546], "NoiseHL": [0.06680222433010392, 0.09031748358780922, 0.07016331755212261, 0.08522020190071158, 0.06808568127693264, 0.06294830886042821, 0.0714972054862953]}