{"FilterHL": [0.2993116128499241, 0.36012941720474423, 0.2673915375002176, 0.0008776416433665511, 0.7071067811865475, 0.31342783358396803, 0.3458742211536473], "NoiseHL": [0.7881077882144727, 0.7955473720089141, 0.7889263674926638, 0.801453306066166, 0.7732677789985682, 0.7565898646818894, 0.7588804998624143]}