{"FilterHL": [0.00023627255994348512, 0.0064739739297411305, 0.0028149010668798197, 0.001954183703130591, 0.015684022580778532, 0.007281650699901874, 0.0018907910780042848], "NoiseHL": [0.0585135031947893, 0.13129518424232384, 0.15562474979979976, 0.18920084887799915, 0.10392551679435674, 0.12745679692125245, 0.16801938030584954]}