{"FilterHL": [0.012623446278481661, 0.01048437018079676, 0.012589519581591616, 0.0077846747826964815, 0.004429586917279799, 0.04339142859699627, 0.020534493411724634], "NoiseHL": [0.1457002361070188, 0.1943371508073413, 0.18096843292777304, 0.2441444365072387, 0.15622338747289977, 0.18984292112328124, 0.19317950978662518]}