{"FilterHL": [0.025373706367098854, 0.01741655378141189, 0.015854056331464424, 0.017853960105186747, 0.015381480846155112, 0.00016900798669005368, 0.01695673462648958], "NoiseHL": [0.10869083749568698, 0.09164229565466554, 0.11532578609579981, 0.10043512434611451, 0.10085105871480643, 0.12745679692125245, 0.10800264113615267]}