{"FilterHL": [0.019966897410295982, 0.014557166946646348, 0.009359336578642363, 0.027151654156547324, 0.00618810453584769, 0.009693636060555877, 0.026135383061944076], "NoiseHL": [0.04124871286239325, 0.11525885631696817, 0.06999611007660873, 0.12227948448520719, 0.06656151926194648, 0.11340835144713375, 0.06292287900160305]}