{"FilterHL": [0.031370806723370684, 0.02533535815152573, 0.008835252927128825, 0.03138197625618672, 0.013983619723956139, 0.036393161416042104, 0.05085088953281117], "NoiseHL": [0.24083888611474466, 0.2210533408980092, 0.21375232147832185, 0.22859298730844857, 0.1866517094795011, 0.16229352291447274, 0.19229511823599896]}