{"FilterHL": [0.05499734755658435, 0.05953454213148929, 0.03521194729370365, 0.026359192120559156, 0.05965841450103878, 0.03638966064340741, 0.013067113368783148], "NoiseHL": [0.13660391453726972, 0.21948064121850921, 0.1629212158259436, 0.23076343087379136, 0.1393882615360167, 0.19555730011053912, 0.17162966139375208]}