{"FilterHL": [0.036119167388822815, 0.05266977791583208, 0.029586082436637462, 0.04608059218869228, 0.04184514295629826, 0.02706086949129286, 0.041948442538477806], "NoiseHL": [0.04479322563491058, 0.05886614605575646, 0.05121815619292441, 0.05123310383794902, 0.03976134373624905, 0.036823092329673957, 0.05148306037442519]}