{"FilterHL": [0.009442259467031847, 0.06278593140562094, 0.02283684725766119, 0.04206281527086747, 0.04904336124397163, 0.032099641569616755, 0.03142505723459357], "NoiseHL": [0.26458205689616726, 0.3019889488907249, 0.26423541331471906, 0.29576959894214333, 0.24708569744161302, 0.3205016729778359, 0.2627651679928339]}