{"FilterHL": [4.2146849766967993e-08, 0.0, 1.8966084373452096e-07, 2.107342739563193e-07, 0.0, 0.0, 0.0], "NoiseHL": [0.14737794897420034, 0.19707921959999697, 0.1753456551944575, 0.23502440593598806, 0.1796067636529137, 0.21323045788224296, 0.19964163272329738]}