{"FilterHL": [0.009265306717214577, 0.004036239593586794, 0.002546382692473846, 0.006992501026338261, 0.003230692353650448, 0.003151306065438558, 0.008899187418994677], "NoiseHL": [0.11093786353976831, 0.15562481579804027, 0.13876397920694733, 0.17110535186774886, 0.14743706748675378, 0.14737820059690826, 0.17246407691327026]}