{"FilterHL": [0.015547622080824242, 0.01569299005914672, 0.011425738627840454, 0.029938103607494885, 0.005885107128371674, 0.009975999913760015, 0.008996103742876802], "NoiseHL": [0.21348596762688368, 0.2633476195876878, 0.2536170021885415, 0.2342861112132484, 0.22984141585129494, 0.2584180937388967, 0.26202031682072274]}