{"FilterHL": [0.03786293184618744, 0.06264697216641918, 0.039663523102451, 0.04838484956569691, 0.05197211893251437, 0.08259649408366285, 0.04781435496979577], "NoiseHL": [0.2509812557874906, 0.2117489077942879, 0.2592845457301396, 0.18084351536394283, 0.18420829844652123, 0.30019555976348006, 0.19390884654398388]}