{"FilterHL": [0.20398049007691982, 0.1460827016740914, 0.20101620572584555, 0.18607547926934667, 0.20218440495174514, 0.1619505779373355, 0.1831060227333091], "NoiseHL": [0.5296573858705592, 0.5818818893845724, 0.5278664768268388, 0.5833717528676592, 0.5351350272164979, 0.5995013417839979, 0.5475666511482686]}