{"FilterHL": [0.024129763222297887, 0.031314232394619015, 0.037552523160610994, 0.01895745381023204, 0.024099394320145146, 0.03465460314365576, 0.033993333688583593], "NoiseHL": [0.1677831326370897, 0.1845035254168622, 0.16084019967323535, 0.18204287216931073, 0.21066376725307895, 0.20091932422493353, 0.2208761102511946]}