{"FilterHL": [0.00551778390059207, 0.006484620173603407, 0.022466153307711626, 0.007547079548312387, 0.012196089709311709, 0.0035316309490428617, 0.009353458637938466], "NoiseHL": [0.08303986528003493, 0.10845059040062653, 0.13752152674466311, 0.14209433828961285, 0.15571162491731474, 0.15489190064527858, 0.1856376625046849]}