{"FilterHL": [0.0435881864804735, 0.05090323567448357, 0.04412013129547804, 0.019313360995232228, 0.019948175039451763, 0.025614590006727365, 0.05048871286366967], "NoiseHL": [0.24677313738283618, 0.23526002612031133, 0.2721554617721638, 0.26842425727528896, 0.2574791249869122, 0.2727595008943016, 0.2718121569699024]}