{"FilterHL": [0.02282905487399069, 0.022588925160267614, 0.007901661940121596, 0.03016370612510704, 0.010974586953197871, 0.015491711111617942, 0.030870672811773272], "NoiseHL": [0.06184762743132969, 0.06405482632104996, 0.11732766864380617, 0.11913537339028143, 0.07120373386558548, 0.06679968583862765, 0.1361253942352098]}