{"FilterHL": [0.005262505639698747, 0.013068124683585479, 0.009751192530409418, 0.016929576549134833, 0.007320742927103078, 0.029829885599105342, 0.020593804207542508], "NoiseHL": [0.08917589141431735, 0.10152351265711711, 0.15761316676608034, 0.1456984255037694, 0.14972286542978877, 0.157589234370471, 0.18383071505070273]}