{"FilterHL": [0.9185802605573775, 0.030059857999766258, 0.028338315792372067, 0.009752552676387789, 0.034258009272910825, 0.025179307345331022, 0.042211227119623745], "NoiseHL": [0.3626412749557287, 0.3832945723283156, 0.4002890166314415, 0.4160159395017188, 0.345809483128485, 0.36544294125455934, 0.3719731632101869]}