{"FilterHL": [0.01340103220453029, 0.01691347260498924, 0.006290338254615018, 0.010990557951721606, 0.019263359731516588, 0.01685178305487312, 0.021619349341061057], "NoiseHL": [0.37799678499366496, 0.34541566529640894, 0.3668228632601941, 0.31638647215109234, 0.4137423835392327, 0.39108545184384047, 0.41358983018163437]}