{"FilterHL": [0.00045122061315798983, 0.0, 0.0, 0.0008862925374835161, 0.00018443758946944648, 0.0, 0.0], "NoiseHL": [0.2701392032139025, 0.3495915558558892, 0.3105607534363284, 0.37896325629565314, 0.329265981228787, 0.36909729737857966, 0.35118014081935767]}