{"FilterHL": [0.029551315253372266, 0.052672222519997314, 0.03521303726041867, 0.03497478440089368, 0.03221907263073835, 0.030655726569939364, 0.055420102186174824], "NoiseHL": [0.040108918936398286, 0.060224742776873334, 0.042381930108423754, 0.05266259614588605, 0.03550067590457533, 0.016203477972960886, 0.049680614221390834]}