{"FilterHL": [0.03866143482944138, 0.042426411492771994, 0.030051365840524664, 0.05664341003853034, 0.03059890773685675, 0.034059775419259974, 0.052828541984319854], "NoiseHL": [0.028287336853924275, 0.03976714546176258, 0.035343202806893084, 0.05471425752989468, 0.02027124428996025, 0.046299603429437224, 0.05017471686860462]}