{"FilterHL": [0.013182667193062925, 0.04349263961736165, 0.020230782627161856, 0.04748699286931521, 0.02254162922181664, 0.04194302015366196, 0.057838033858555744], "NoiseHL": [0.09135464232855828, 0.1370799106310309, 0.042138302762477965, 0.036688851010420784, 0.11461197434537444, 0.11182760427417271, 0.05656906075566552]}