{"FilterHL": [0.03017593830016511, 0.049378736571232366, 0.01922846640731811, 0.060184591346473984, 0.04703090181294018, 0.04020443764312498, 0.04537631243740619], "NoiseHL": [0.03215733503856787, 0.03785811604554157, 0.03259843381218914, 0.06552472797404821, 0.03930600556354804, 0.030846373736650026, 0.02349371647456744]}