{"FilterHL": [0.027914964856932643, 0.03258585038518761, 0.023599556038687356, 0.04078012163656976, 0.052369055721557735, 0.07337840042425925, 0.019830018617081554], "NoiseHL": [0.23617184313054734, 0.278220392508093, 0.2410720159491625, 0.28527796790836224, 0.22867718246924437, 0.27159939209091827, 0.24892306776387116]}