{"FilterHL": [0.0322094583382042, 0.03699652400384, 0.010299807656428621, 0.03332113821307116, 0.019091060871213025, 0.039136747830520964, 0.03264528726302676], "NoiseHL": [0.032869064345281654, 0.027602051520346813, 0.02052911634423787, 0.023027845917363315, 0.0269345558740917, 0.04268624055023501, 0.03739855181196625]}