{"FilterHL": [0.02655539738754795, 0.04985664756639376, 0.02583190651918891, 0.040448309071379286, 0.023011429128239856, 0.022893323727562895, 0.04424784992725028], "NoiseHL": [0.036767244404910394, 0.05110073605083285, 0.013859960173897455, 0.036972667264758216, 0.030117423978778146, 0.017290706480394057, 0.03756026119022935]}