{"FilterHL": [0.005756897933972678, 0.005756897933972678, 0.02207489932905342, 0.008786359650142971, 0.11377256109350946, 0.010504874618003401, 0.0960477548860354], "NoiseHL": [0.25156627028595163, 0.2515662702859517, 0.25747151034877913, 0.26618182379814975, 0.16550442025881604, 0.21028070086397221, 0.20193264491110063]}