{"FilterHL": [0.03246647875179117, 0.062078936715427545, 0.02036718284335849, 0.03933836072192022, 0.09924195476398147, 0.14239405853073805, 0.10587366032729358], "NoiseHL": [0.20850565737288856, 0.2034840442431228, 0.20809445521741973, 0.21067908617042097, 0.3550867071495888, 0.35949851900915214, 0.3716368793883302]}