{"FilterHL": [0.04986640418908565, 0.08388048800779087, 0.04636596913739362, 0.04381397565024967, 0.15267934393254848, 0.13756786940450774, 0.0684110226431804], "NoiseHL": [0.10179954660757026, 0.09843883563203452, 0.07399618285416759, 0.0835418296828804, 0.09907132910755176, 0.09260546959447592, 0.08300475237550681]}