{"FilterHL": [0.029499879001535997, 0.014080890764046224, 0.03546293901343553, 0.015501061230603016, 0.043192021061288485, 0.032041637601413236, 0.040864444435091], "NoiseHL": [0.0922807940057579, 0.08330933301399643, 0.09689513050155187, 0.09302315739463192, 0.10605885553370802, 0.12916585315876158, 0.1150528525855693]}