{"FilterHL": [0.00353864735017231, 0.030606859875168868, 0.004959918725420731, 0.011302032625046646, 0.00900248758872238, 0.00941789411036714, 0.04354048874930954], "NoiseHL": [0.21298637423135633, 0.2101149122026802, 0.1339367754040512, 0.14616617547896127, 0.18105456592809197, 0.2056546214033396, 0.24964829621903342]}