{"FilterHL": [0.056135174519062365, 0.034192438242664325, 0.05047750977782916, 0.038228002929886935, 0.06245920360053044, 0.08113874483383314, 0.0663752483920783], "NoiseHL": [0.22121253684240136, 0.26042439942187634, 0.19155865024791272, 0.25153482695868795, 0.20339090238232116, 0.21299365067929985, 0.1980505555078265]}