{"FilterHL": [0.040020473934739925, 0.032585202599986596, 0.042306144896404385, 0.04536862225283846, 0.031076367096133206, 0.03376059307715367, 0.043168034333815414], "NoiseHL": [0.09838401587323278, 0.20575131807064595, 0.10409915829723514, 0.20788167947566719, 0.09228250191279072, 0.18795221076883187, 0.10888213571688163]}