{"FilterHL": [0.05140692190936854, 0.03506010201118103, 0.023281900506096385, 0.06055065692135262, 0.009128247263329082, 0.0015251672467979864, 0.06380692307912539], "NoiseHL": [0.20926713691495138, 0.25004139896903144, 0.3440039601799781, 0.3505454736384772, 0.21414664391132898, 0.22932925191880668, 0.3363078033325725]}