{"FilterHL": [0.06384647721090653, 0.06367093635833004, 0.049068423565032666, 0.05886138238564213, 0.03538073918571898, 0.04424394841895351, 0.07656886826137536], "NoiseHL": [0.0636177729216356, 0.06393710735276319, 0.08523888216400118, 0.07815983944445345, 0.04803627168412128, 0.06530697973729631, 0.07745280101026107]}