{"FilterHL": [0.0323407058916878, 0.04487445285506367, 0.05450990272573015, 0.04328096080009715, 0.032357931548266196, 0.03772779430031319, 0.05466147202752349], "NoiseHL": [0.04617368803916191, 0.0537739830409213, 0.05688110980604282, 0.054598007713255486, 0.047132193050169746, 0.04067779702878632, 0.05077777618427327]}