{"FilterHL": [0.011176451577162419, 0.034026906355328665, 0.021923325712636152, 0.013842254028947126, 0.01889366902836991, 0.01910464448563821, 0.027256800562911507], "NoiseHL": [0.21441639560495657, 0.2100638180230093, 0.19781442323825124, 0.1958060422970025, 0.19838936566826332, 0.22982470777757624, 0.22118688351638954]}