{"FilterHL": [0.0233709930055476, 0.028155643072117206, 0.02454389943013356, 0.04092923080421868, 0.02629130805497048, 0.0655023975446318, 0.03339326556825383], "NoiseHL": [0.03238032257744377, 0.042338684102320015, 0.03764111944946951, 0.04598648905469352, 0.03276458990927205, 0.0499631739626385, 0.030831049002158536]}