{"FilterHL": [0.007612779195968158, 0.03422716337297455, 0.023414252832079083, 0.016311179521689544, 0.013395128909754934, 0.024464584424247673, 0.015567664863196901], "NoiseHL": [0.17099887219713636, 0.17556971724258755, 0.18100710325028754, 0.19336236751906374, 0.20841325287627996, 0.2093175212392146, 0.2168021674919425]}