{"FilterHL": [0.05405275977702456, 0.05232588857487476, 0.024028874831697487, 0.039695000789098454, 0.039747441318117964, 0.0386841425956695, 0.06976050871259465], "NoiseHL": [0.13455167745721536, 0.17661675165963275, 0.21016416328499624, 0.20642715398287667, 0.13205415221143013, 0.12648143883514412, 0.18413987185687944]}