{"FilterHL": [0.011943962493380629, 0.05305691057914093, 0.02050873307655839, 0.036609051623291124, 0.017026066289285116, 0.02405409857483839, 0.016863308588543773], "NoiseHL": [0.26894888611633566, 0.26114618671352635, 0.29639131512412403, 0.2990188742421858, 0.2697982597288947, 0.2633813224995739, 0.2776243842914885]}