{"FilterHL": [0.01918683802930248, 0.03888116960638747, 0.004004226495782133, 0.03922400463623347, 0.022841548767769712, 0.026922309542258296, 0.035693360364797776], "NoiseHL": [0.05874343125664749, 0.13363436281905014, 0.06637121244255496, 0.13514560555440594, 0.05536137210708501, 0.13016930745969077, 0.06800405198333512]}