{"FilterHL": [0.0, 0.0, 0.00022419355493660768, 0.0007164379022794048, 0.030004279360366676, 0.018631483941897124, 0.024799583012584843], "NoiseHL": [0.2825738991468142, 0.31660503303722437, 0.2797452855106961, 0.3350491837643214, 0.2439842580982701, 0.28841737995006755, 0.24686156505541762]}