{"FilterHL": [0.008960373906936906, 0.010594214613973241, 0.023820202235519415, 0.016770634962240558, 0.10015836532196311, 0.054696061789066754, 0.10054493115448287], "NoiseHL": [0.11372883105438027, 0.12719315922019586, 0.10979087781742031, 0.13873600335371306, 0.09499358902676774, 0.10911488059318981, 0.12125980176883608]}