{"FilterHL": [0.023951370107054958, 0.030223665059781055, 0.043254377677794845, 0.0424687950597194, 0.028558697085874447, 0.042782253648829094, 0.06889106780401608], "NoiseHL": [0.13360994777339227, 0.1350198470260581, 0.07344011109346772, 0.061985622430719874, 0.13546205293124117, 0.15994930164034282, 0.15612995853170114]}