{"FilterHL": [0.0, 0.0, 1.6858759501541081e-06, 4.231670212335043e-05, 7.118961072429033e-05, 0.0, 2.5920786930204003e-05], "NoiseHL": [0.2806907803767703, 0.3114298399318968, 0.26423520936170475, 0.3284335526765462, 0.2740154435715323, 0.302650597456391, 0.27879713016662017]}