{"FilterHL": [0.03552877421627764, 0.055419866676419446, 0.011726459860627161, 0.036664393992269916, 0.040494437313208176, 0.03542511151657182, 0.023356462819813652], "NoiseHL": [0.03386252102842278, 0.07659236140340758, 0.03788697901754955, 0.06927973009820437, 0.08793745450717722, 0.06794121075758601, 0.05167322031075729]}