{"FilterHL": [0.030144359967143885, 0.10935135663291734, 0.2042488429874831, 0.09702126897094382, 0.07379046392883155, 0.15500700679546217, 0.045207748376013664], "NoiseHL": [0.41530290298381095, 0.3743737258608888, 0.4327869439299111, 0.39086155752153284, 0.4684950079964565, 0.43532935941876827, 0.4835980438735605]}