{"FilterHL": [0.10756592993210592, 0.113929731982774, 0.10887029208004753, 0.13457055449071018, 0.11483232624152465, 0.12782874274101905, 0.12309661840697328], "NoiseHL": [0.19117809352487275, 0.1616384705799721, 0.18746780585697284, 0.21622827885913873, 0.18961717476632936, 0.1771256613265875, 0.19019059768226698]}