{"FilterHL": [0.08466861613231833, 0.003670718077636391, 0.06376388644135031, 0.015347340179354234, 0.03264138533529606, 0.04298555923821932, 0.017599442699840505], "NoiseHL": [0.3299333812928041, 0.295076967790999, 0.3191452140596136, 0.29097894714701744, 0.3137788541743564, 0.3232341898355728, 0.31081677458592166]}