{"FilterHL": [0.11843254685754312, 0.17013190167414916, 0.28192396994806107, 0.1984271676404662, 0.34099189869689367, 0.4091636317386951, 0.2621448116223007], "NoiseHL": [0.546784523304296, 0.5491692525998292, 0.601009252289872, 0.6062853961805793, 0.40308707231817636, 0.38978577875018317, 0.6019278455811058]}