{"FilterHL": [0.013745316927312613, 0.0425489176900711, 0.023783650492145637, 0.029778224057391778, 0.3209042335336291, 0.05543552325909147, 0.2764684310251704], "NoiseHL": [0.21810972170841122, 0.2309524400549942, 0.22452912594133637, 0.22795156186013735, 0.3217537991422646, 0.300091041513541, 0.34193559760866576]}