{"FilterHL": [0.0, 0.001610114745085231, 0.006757694154330975, 0.006848774988151403, 0.01855174320280424, 0.017508929010878384, 0.009011785867153734], "NoiseHL": [0.31488735035330745, 0.33257992735227315, 0.23743713917312947, 0.29371264722982776, 0.35118014081935767, 0.35038649663459137, 0.24564935949458755]}