{"FilterHL": [0.019667302667232277, 0.0505392641887239, 0.02708258981217834, 0.047013009882324576, 0.021240997422220666, 0.025853260225635256, 0.03523138603461668], "NoiseHL": [0.03968278033439263, 0.05732291316391948, 0.03906057045540632, 0.048197443785758964, 0.03267431565900655, 0.042251747414463206, 0.038406819562582996]}