{"FilterHL": [0.03384823511740495, 0.02843241667051942, 0.03234084634584401, 0.026467339096925193, 0.03419945230261818, 0.013328563744733022, 0.025801121690374948], "NoiseHL": [0.10392623427626964, 0.16819402856475466, 0.11734795760537005, 0.160632605060781, 0.12148002258761385, 0.17253329048990138, 0.13892844787278139]}