{"FilterHL": [0.03829585514593223, 0.07964952440697033, 0.05010884908222995, 0.07604245471203443, 0.06662821570673112, 0.10191369075482218, 0.06261341243841059], "NoiseHL": [0.07793656900986563, 0.0945148584942237, 0.09105789011443513, 0.08302928502208536, 0.10066406182272988, 0.09387835616678737, 0.0852899022247472]}