{"FilterHL": [0.04904326052988318, 0.04843768779953597, 0.04303476178514799, 0.03708096171553004, 0.08368271340009426, 0.06833339111813193, 0.03133595616762804], "NoiseHL": [0.04954983273826903, 0.04296988989279195, 0.06081410206732031, 0.06729782977920332, 0.07804661365911418, 0.05589033366033466, 0.06834480595598731]}