{"FilterHL": [0.02265493232799917, 0.030390006925351286, 0.006115406434653609, 0.04092509838440614, 0.008889150245770056, 0.02507594047111125, 0.028047128473905], "NoiseHL": [0.28956571594076086, 0.24721304817054018, 0.2847382237332074, 0.2575386299960356, 0.31238077275475273, 0.28189642267588716, 0.2936727102936665]}