{"FilterHL": [0.0, 9.277129929685132e-05, 0.00010693464045046872, 5.268358026477327e-07, 0.03554107196407607, 0.046489019066172074, 0.03472232698457662], "NoiseHL": [0.21323045788224296, 0.1996416327232974, 0.2339226017491985, 0.21915374002515098, 0.23970376682200797, 0.2567195729542863, 0.24281860545736977]}