{"FilterHL": [0.013761330074119428, 0.024848950598895175, 0.036871752493330294, 0.02549558656975015, 0.021910158835583157, 0.016011704078662835, 0.054351650271654214], "NoiseHL": [0.16391416616370205, 0.24189158847339867, 0.11192791639890647, 0.2179074666932154, 0.1527978847447158, 0.24318001370581002, 0.12468660261922425]}