{"FilterHL": [0.0051088434821695795, 0.023529406263130766, 0.017381325425424886, 0.011212835350187498, 0.006770562512759581, 0.01780469346577513, 0.03105450839747759], "NoiseHL": [0.10393419991565643, 0.1313832603049385, 0.13505746764204377, 0.13506973918533963, 0.15408414522621913, 0.15563218074901622, 0.15883598070678834]}