{"FilterHL": [0.004749848394190646, 0.001939669802500263, 0.0030089335142293653, 0.0095036099404225, 0.003107675505394782, 0.007241551157554668, 0.01880580326993892], "NoiseHL": [0.2483028790047136, 0.2824515858080576, 0.27322307469109236, 0.2853860452996562, 0.25720789053159493, 0.2788100589765678, 0.2806912500863619]}