{"FilterHL": [0.015434699298688098, 0.028107457368539843, 0.009650402039325478, 0.02907149994325961, 0.02447949480521107, 0.016773603512555642, 0.025082046283505334], "NoiseHL": [0.07647582856663522, 0.10000628550750061, 0.13158439292787802, 0.13918041148115445, 0.07877662187338422, 0.07100471414584812, 0.1514585945839266]}