{"FilterHL": [0.03021947880138102, 0.03259892448020501, 0.03392162895246225, 0.02689895972230619, 0.02985090836284993, 0.03797946100617166, 0.02715806677089858], "NoiseHL": [0.04206281851348236, 0.034637084015505325, 0.037965489125694224, 0.03876519260703756, 0.023308464002577505, 0.04107493789542319, 0.047086561812145405]}