{"FilterHL": [0.025809693449976454, 0.05720380930115526, 0.06217186518798837, 0.04889315766993537, 0.034005358373523864, 0.040981799598832594, 0.0701823849699862], "NoiseHL": [0.07763595583072132, 0.04567143606558082, 0.09338808770520231, 0.09065893258374594, 0.06337110086895399, 0.05943751758706412, 0.10939957199200605]}