{"FilterHL": [0.023088052252908352, 0.04876366634213411, 0.03325812208446119, 0.04038269409442665, 0.026449410715406383, 0.029588097875576598, 0.0349964800942625], "NoiseHL": [0.02928775098701636, 0.04313236866055494, 0.04801492456683536, 0.05302251233540325, 0.0324890568123901, 0.0400176380044312, 0.04208411079945742]}