{"FilterHL": [0.003743660149144544, 0.015635216212855223, 0.0086448203433241, 0.002580008668330304, 0.007479050596337051, 0.09027506912776136, 0.026106318453743144], "NoiseHL": [0.22324886091129667, 0.24689126799586605, 0.23306099482318823, 0.2447631523851217, 0.27391814008393306, 0.24056597606155972, 0.2858307982698681]}