{"FilterHL": [0.016345890516590716, 0.04261645971704074, 0.030881594088612793, 0.04367896616398909, 0.025075922070443023, 0.01521590941395183, 0.013202490103505046], "NoiseHL": [0.1574729577083215, 0.16441556566315066, 0.17762162521421923, 0.19676864862284613, 0.1708347276506823, 0.15722979839767595, 0.16962115304919015]}