{"FilterHL": [0.03090441640371758, 0.05647228429256542, 0.030707998467185055, 0.04578799135406713, 0.026499150710800667, 0.03411782127043706, 0.032597269774628825], "NoiseHL": [0.02953347415207737, 0.04884608495900745, 0.0498865244043092, 0.051015136515602126, 0.03640377774596241, 0.055655214662464966, 0.029575599745398834]}