{"FilterHL": [0.028636733459286606, 0.05005691228011784, 0.03028588213947814, 0.025209686981493624, 0.022519269409094992, 0.027774434241441298, 0.04665470020451098], "NoiseHL": [0.05605553833411289, 0.04548475349836394, 0.04240696346413998, 0.048501017228687784, 0.03509008723599434, 0.035642416023311974, 0.02703668913889597]}