{"FilterHL": [0.06147278944883136, 0.04846184318191784, 0.02601071205318763, 0.03730091301523095, 0.04782883972866776, 0.06575635729564544, 0.046571958766455195], "NoiseHL": [0.5368575098319899, 0.5255326692197845, 0.45797425236139133, 0.49369823018823905, 0.5369420445188373, 0.5531053471738153, 0.4902157717862675]}