{"FilterHL": [0.0004899160978985406, 0.0, 0.06279794415046548, 0.06071001004452393, 0.0018696614692423525, 0.004036439445721339, 0.009128644582520627], "NoiseHL": [0.333404535312594, 0.34879530865580777, 0.4046862060159438, 0.4579272182857759, 0.4218303540845904, 0.4274417481787708, 0.34648713198452435]}