{"FilterHL": [0.020834895797092353, 0.01859855067797653, 0.013754137182567221, 0.009807753307685555, 0.006303659031531147, 0.010548618218780984, 0.022653575308151985], "NoiseHL": [0.12402294483941281, 0.11077790946185728, 0.11959394769488264, 0.1178388054393751, 0.10721291267035682, 0.1327246329751792, 0.11128381029123557]}