{"FilterHL": [0.029323069721979865, 0.017269160860422048, 0.02776592354294106, 0.03355777416011767, 0.007563346824029535, 0.02827532989873202, 0.019621048600543187], "NoiseHL": [0.09120212113254557, 0.15558697818156159, 0.10008166515378669, 0.1529513941900712, 0.1004299916490859, 0.14284863848945262, 0.10835311621686278]}