{"FilterHL": [0.038393903340060334, 0.0018552015506964818, 0.022204476156906197, 0.002666070145880454, 0.02846828575958507, 0.0031763458105121137, 0.01248022501968486], "NoiseHL": [0.16636365566616387, 0.2817156744643994, 0.20123009595728153, 0.26668414229559606, 0.1774684286488703, 0.2552050378173328, 0.21595445007715391]}