{"FilterHL": [0.2518644990319895, 0.2323930351581259, 0.24938979765576563, 0.2663813786238059, 0.24916300672423608, 0.23630547345721148, 0.2238290453715997], "NoiseHL": [0.6050157317105461, 0.5972794442654756, 0.6080598568548239, 0.6073263761470118, 0.6109449667846885, 0.5940013521827984, 0.5869466064725096]}