{"FilterHL": [0.0005628844665711877, 0.0, 0.0, 0.0013213159628791575, 0.0, 0.0, 0.0], "NoiseHL": [0.2806907803767703, 0.3527635782183037, 0.31488735035330745, 0.3698625321544197, 0.3008703820942616, 0.35355339059327373, 0.32843355267654617]}