{"FilterHL": [0.022723693235880523, 0.023806865505146033, 0.024091566211128033, 0.007387817189557961, 0.018230532682398843, 0.003820544613229862, 0.01803911761005157], "NoiseHL": [0.38567306005277685, 0.46148225499697376, 0.4378989556598496, 0.48350955842560916, 0.41454004153113744, 0.4393025545477622, 0.4708518829473352]}