{"FilterHL": [0.013839958892287195, 0.007240481987890124, 0.010013061962869023, 0.010929948989256876, 0.0016772470654262549, 0.01615207338302665, 0.004129660588706203], "NoiseHL": [0.0979033760775139, 0.1497366407650705, 0.12004718481482378, 0.14284277661060174, 0.1242500397124272, 0.1859057799521717, 0.15730964888751198]}