{"FilterHL": [0.018500710662033362, 0.025725072947202828, 0.020647500599046794, 0.019826200827039776, 0.03493768226016753, 0.052907434525060075, 0.02958573429086274], "NoiseHL": [0.10067591855192752, 0.19124782818121192, 0.10167906001349011, 0.08626344379720326, 0.169294687435068, 0.2567542253549937, 0.1602256503375995]}