{"FilterHL": [0.027159855968409696, 0.04574301670566642, 0.01385132530267106, 0.004123505044427309, 0.017927435905941848, 0.021065725880308, 0.013251847425227562], "NoiseHL": [0.19104693773726517, 0.2052768541236343, 0.23123134220978842, 0.23650217140665902, 0.217675023149422, 0.22878585879155383, 0.24677288523484925]}