{"FilterHL": [0.0021100485604230415, 0.019378654211615158, 0.015222165702839028, 0.013072528633210127, 0.0025729927413219843, 0.020386900415398753, 0.03584912528012884], "NoiseHL": [0.14741822274890454, 0.16980119162701376, 0.16662203828997127, 0.17538861612156523, 0.14748148854470625, 0.12939371577388428, 0.16500509185449666]}