{"FilterHL": [0.0, 0.0014954131000466395, 0.013489568711524316, 0.006308864418312919, 0.013718393603070573, 0.006047188411552826, 0.03918931704043716], "NoiseHL": [0.2393868301256415, 0.2740154435715323, 0.21921095362061727, 0.2767858013594301, 0.3008703820942616, 0.28444670306439407, 0.25866370859135174]}