{"FilterHL": [0.017591972657924605, 0.01683639364389621, 0.010894224436359684, 0.024845094939186206, 0.0068719689753338475, 0.01104679769610564, 0.031112404835987695], "NoiseHL": [0.055933527732890155, 0.11141684552349672, 0.07138018895700843, 0.09115437548142008, 0.06712698622057421, 0.10864185229590284, 0.08959213467771847]}