{"FilterHL": [0.01783935247863754, 0.05105876133620138, 0.007450447709062556, 0.058634913963055306, 0.019627015049223796, 0.012357730578929796, 0.04398990757634002], "NoiseHL": [0.11164175109122623, 0.11466789405754237, 0.11126995321660627, 0.13206065410926687, 0.11465181582910253, 0.09217042519831048, 0.14574296638835]}