{"FilterHL": [0.02161179363075713, 0.049647167193230424, 0.022601660486030045, 0.04138561557219089, 0.01770614016663075, 0.029812620777452222, 0.018038138772151113], "NoiseHL": [0.06540571704526058, 0.05531488494050262, 0.0807245722403937, 0.06901401046595645, 0.13712061818806662, 0.13901758257444535, 0.13878939152294334]}