{"FilterHL": [0.22409810021372142, 0.19815903624851328, 0.18163990595755644, 0.22946060569217766, 0.154044908580263, 0.1609154629759008, 0.20793334179599], "NoiseHL": [0.23696018004690866, 0.206969896004574, 0.21082026509195412, 0.21953053689801486, 0.1947210115066187, 0.15492516386581845, 0.22159886094609388]}