{"FilterHL": [0.024419482005142937, 0.03151938709916157, 0.0157692679703274, 0.0038777859384679764, 0.022379478407778017, 0.03944166503634818, 0.017626924837029878], "NoiseHL": [0.1492468759059189, 0.18194541191623217, 0.13082969201379005, 0.1666938764221412, 0.14277546072173286, 0.13361844974238507, 0.1257663324604439]}