{"FilterHL": [0.21236259872370192, 0.13245701519445188, 0.41540491279527575, 0.4450742441132085, 0.24176707049702495, 0.17636095776487246, 0.438008733286853], "NoiseHL": [0.3953607170495684, 0.42633093782610193, 0.4920367525146885, 0.5507394351479072, 0.41979982420159734, 0.46116907497568466, 0.4621177996424741]}