{"FilterHL": [0.03749278898134642, 0.04102012097965291, 0.0297514669443136, 0.037059402016639056, 0.025598669255121973, 0.08259975168677701, 0.032812994753776255], "NoiseHL": [0.06466594648368645, 0.11803550700396702, 0.10199316820411974, 0.12182509074795685, 0.09155041108519436, 0.12976553571407, 0.10714707718213005]}