{"FilterHL": [0.02669216900316539, 0.007937549874526238, 0.01366104757306977, 0.047186950961825264, 0.014969892045658158, 0.022295889517535698, 0.018651206174820238], "NoiseHL": [0.1568299467609571, 0.09300281753811183, 0.21168695982101884, 0.15862545423399385, 0.17053512592511258, 0.07936992542896262, 0.2427807995814653]}