{"FilterHL": [0.022599944194135246, 0.04393149803754875, 0.013368495831563116, 0.03554129792591877, 0.03307030745615947, 0.019299275048959834, 0.024522370467709255], "NoiseHL": [0.05490222430384851, 0.06733167958341386, 0.10825247144717454, 0.12101526247541852, 0.09005528946865564, 0.07036457345548978, 0.13230434781972064]}