{"FilterHL": [0.008428574494666875, 0.0013075158707584386, 0.016769450577225124, 0.012468440194350006, 0.053552796926632354, 0.0826656229040861, 0.056637140108545266], "NoiseHL": [0.21670925164233742, 0.2338308132505059, 0.21535893905294748, 0.25677852902876414, 0.19965506518621828, 0.18967520101275465, 0.22615608214401903]}