{"FilterHL": [0.15762280739884757, 0.15636345096599885, 0.2921679766992071, 0.2825458287313925, 0.3628086843826534, 0.5700770918013898, 0.2605031550853923], "NoiseHL": [0.5537126923748358, 0.5980971872366743, 0.5627180786555024, 0.5766333105207057, 0.5855159438534611, 0.5870957481432543, 0.5833136892535451]}