{"FilterHL": [0.00013437692139088808, 0.0, 0.00013437692139088808, 0.0003089617512855933, 0.00013437692139088808, 0.00033894189559203396, 0.0015698160379228798], "NoiseHL": [0.298184114986734, 0.2816336424931959, 0.298184114986734, 0.26916281322186875, 0.298184114986734, 0.29908168989284245, 0.3053053667491258]}