{"FilterHL": [0.008251501006304982, 0.011620157803298625, 0.008366982962045914, 0.014391660019821494, 0.005670820387565205, 0.006563752091789767, 0.008420572157933662], "NoiseHL": [0.1408003397397598, 0.11521087310884019, 0.15402715412777676, 0.13870156786854035, 0.14770391608940045, 0.09910941332521231, 0.160417866598313]}