{"FilterHL": [1.9598311717025075e-06, 0.0, 0.0046532550504980496, 0.008659983779155358, 0.012590990615576881, 0.00744880384550836, 0.000333038531746881], "NoiseHL": [0.24790907888765304, 0.2701392032139025, 0.22541984412462238, 0.23898661009281819, 0.21263985341594394, 0.22291997641892214, 0.27497733341256503]}