{"FilterHL": [0.03277023055173078, 0.042119857027560756, 0.023408083752048392, 0.0390955267911547, 0.017976254331613022, 0.031478136806316726, 0.03220266426615814], "NoiseHL": [0.0419860813830735, 0.05003936812537698, 0.011123903742783154, 0.03668497815015793, 0.03054983043471674, 0.0182599464411121, 0.0370534103653983]}