{"FilterHL": [0.0032441792719521793, 0.041995056263033875, 0.023878799131810513, 0.005036506899498299, 0.010688761090008457, 0.046372028116615234, 0.012302461036798445], "NoiseHL": [0.0798474341640372, 0.13324170273151004, 0.1089858875893898, 0.15883389308890988, 0.08691723244238464, 0.12684959527168893, 0.12822001308882572]}