{"FilterHL": [0.002868431956078948, 0.0008333549452698402, 0.0, 0.0, 0.0, 0.0044842291826913145, 0.0], "NoiseHL": [0.333404535312594, 0.48032972886528874, 0.3399474501591288, 0.47702154731807744, 0.35434194469879454, 0.4842875750835001, 0.34879530865580777]}