{"FilterHL": [0.0, 0.0, 0.0, 0.0, 0.0, 0.0, 0.0031695714287446474], "NoiseHL": [0.13317431117202394, 0.19448580951758207, 0.16950843122097695, 0.22721260617900388, 0.17677669529663687, 0.2120278888000165, 0.24261333094355136]}