{"FilterHL": [0.0347740497572977, 0.02526301922864934, 0.017556367790681458, 0.03523795742438489, 0.01348885982879799, 0.027474167932494735, 0.038400842603968074], "NoiseHL": [0.08399708385409231, 0.1974991993753772, 0.08585092993255075, 0.17767774713553008, 0.0801163001825775, 0.18600298564515058, 0.09745897659574791]}