{"FilterHL": [0.009134715361381274, 0.048970229656142915, 0.004336188898046224, 0.023611966252780475, 0.02067652777349711, 0.022236047385622442, 0.009516645248356761], "NoiseHL": [0.2672572456278717, 0.3026888377226112, 0.19716532400176692, 0.2400743381505361, 0.2515452004319829, 0.31129878239675207, 0.20394723429075715]}