{"FilterHL": [0.12033034429703335, 0.1657652759852652, 0.06352305754216905, 0.09030798927769398, 0.14414064400377527, 0.16540832127348876, 0.18781956925835386], "NoiseHL": [0.3798574972719371, 0.3799926281130112, 0.3255730516554314, 0.3380553892749828, 0.3622863030648725, 0.36443062944891824, 0.3327621262040529]}