{"FilterHL": [0.0, 0.017991499753554754, 0.0, 0.01027296248949317, 0.003392085536878501, 0.04463905821990296, 0.0011458897626445605], "NoiseHL": [0.2203211650582041, 0.2350245641385843, 0.20467814417459612, 0.21531919613150227, 0.2612408472229728, 0.27427572505426623, 0.2531082856368079]}