{"FilterHL": [0.05044939233190279, 0.05758181282447593, 0.02245024932434788, 0.03354604548261772, 0.030525254771565712, 0.05743384743096318, 0.020749803384139634], "NoiseHL": [0.08385990510292496, 0.2029186959031564, 0.1399070274791484, 0.19196627097567243, 0.10530088621481398, 0.20514056285363552, 0.15203755326380905]}