{"FilterHL": [0.0070918036645801754, 0.02850585925938155, 0.010030923665365428, 0.01024076466850287, 0.005394479928673803, 0.020224492443022286, 0.020465978586170008], "NoiseHL": [0.1857705810337806, 0.17741724420905225, 0.2053787046869673, 0.1818649953881606, 0.19321318927254308, 0.14637525662017215, 0.2083872202475948]}