{"FilterHL": [0.0, 0.0, 0.0, 3.997741590625628e-05, 0.14395320073022042, 0.13129518424232384, 0.11924643565512494], "NoiseHL": [0.40183890856608057, 0.45357847810916113, 0.4610041236018019, 0.5245585343444046, 0.4884980239572808, 0.46703100699970923, 0.46198850240882494]}