{"FilterHL": [0.011192550113955872, 0.022005374939671182, 0.04598623868411312, 0.03556836438747399, 0.02802305462019974, 0.0389063709070108, 0.030829130817956293], "NoiseHL": [0.1907344426625336, 0.21608930859152348, 0.18127337375911146, 0.18529151091069399, 0.24846795001666913, 0.2593113196704169, 0.23620915007653281]}