{"FilterHL": [0.01864848653697258, 0.03881588121748164, 0.04119596255940969, 0.021226901681876232, 0.035670011747943, 0.031190127551069962, 0.0491851638913271], "NoiseHL": [0.19790853393077673, 0.24825387800253004, 0.186087054337605, 0.2525514221083291, 0.19990900981955095, 0.24650071395533638, 0.18516681191669626]}