{"FilterHL": [0.005398169927389031, 0.005217222950762007, 0.007467288066540986, 0.0069500183085704015, 0.0074884735843469925, 0.01364785694141911, 0.0037452537699233634], "NoiseHL": [0.11742406336111126, 0.110869523736389, 0.09915490235342375, 0.09396838757086819, 0.14753473288585348, 0.1783069887939401, 0.14395706569248612]}