{"FilterHL": [0.06343900514813713, 0.0476797814618818, 0.04381289464236284, 0.06194648498651606, 0.22021019032192815, 0.12056351385976108, 0.24822738281759923], "NoiseHL": [0.2777440103610519, 0.09819158948592985, 0.29816275560457933, 0.12616163798008617, 0.33730941048772894, 0.20412537039778905, 0.35445771887071625]}