{"FilterHL": [0.014209815717797527, 0.018684281989362252, 0.01644266204829164, 0.03089405870466982, 0.01857791614016419, 0.014936098511214729, 0.029640035202098416], "NoiseHL": [0.11316362440299486, 0.1408606621746218, 0.11789428352890398, 0.13919316722329436, 0.12372732742927814, 0.13148102684984977, 0.13515024846184426]}