{"FilterHL": [0.0035609852638668095, 0.01629768607360116, 0.009476533719976213, 0.0049534941511180704, 0.004708128463747785, 0.01159960229430497, 0.01952419726988622], "NoiseHL": [0.08190320958155686, 0.169512291318828, 0.1353458147188425, 0.17820665882899386, 0.1047662684736972, 0.14946506314496763, 0.13209853905964677]}