{"FilterHL": [0.02789070029082654, 0.01958692547787949, 0.011856297508566675, 0.025560825738762, 0.007235543854014985, 0.01886742912657404, 0.027105653348812517], "NoiseHL": [0.36530828750063227, 0.3632670282249765, 0.44099004918592183, 0.4657419425393448, 0.36462684496835607, 0.34530435211112587, 0.45429765583904497]}