{"FilterHL": [0.018372420461477978, 0.02273062817836443, 0.00942024681106709, 0.005502450191116771, 0.027603991502810166, 0.009685042444896612, 0.008781852636240128], "NoiseHL": [0.2284208162813197, 0.21436615504547296, 0.24263182655515464, 0.246101406130844, 0.22902254440045902, 0.26624441406048005, 0.2249416620964528]}