{"FilterHL": [0.017335718311961852, 0.026388298226147116, 0.04120241244163401, 0.04085280093493452, 0.006283274847690154, 0.018463563298207652, 0.023643020040139625], "NoiseHL": [0.1413816996429948, 0.168747047724107, 0.14556970908561767, 0.1678248895379504, 0.2037814294428164, 0.20846245317569487, 0.2050929231149056]}