{"FilterHL": [0.01692460505273017, 1.2854800480450756e-06, 0.007771693770135414, 0.00034735427426845823, 0.01750855335145751, 0.006404092035107543, 0.015550413007130085], "NoiseHL": [0.1116370281925483, 0.14567520307051546, 0.11948472470828299, 0.1572246532975914, 0.11239122019982545, 0.1439539451715816, 0.13158282881355124]}