{"FilterHL": [0.03586994586530108, 0.028090562865400223, 0.04092800884569592, 0.06128939866969538, 0.01609382585588456, 0.0035979034492595098, 0.03762634905276555], "NoiseHL": [0.0597226572858433, 0.06747905836291787, 0.09578224662986788, 0.1109931111971343, 0.06571454186594103, 0.09356231389117159, 0.08884820784015832]}