{"FilterHL": [0.0, 0.0, 0.00020530603062354235, 0.0, 0.0013512124288586034, 0.0, 0.0], "NoiseHL": [0.1507282797138842, 0.2071544063142342, 0.1996416327232974, 0.27111262876644165, 0.19186013665193044, 0.2317051022141721, 0.24685785366827007]}