{"FilterHL": [0.04355012240354233, 0.053604920704733564, 0.032371752662421586, 0.03790989785388509, 0.06670391139490149, 0.13500635814540207, 0.13599438828991264], "NoiseHL": [0.1623717094051273, 0.16227826937026624, 0.1401614690966735, 0.16105813681426945, 0.18479041786771566, 0.186599517950285, 0.16278593149989756]}