{"FilterHL": [0.007162038922270003, 0.01749844210723403, 0.0060210757708662015, 0.021417850193708197, 0.019736164228594397, 0.027956973371195, 0.04285768354502723], "NoiseHL": [0.21566016445682543, 0.2177957311773285, 0.17231278985066964, 0.19557977531385476, 0.23407473972022905, 0.2647397856734322, 0.23120472524572022]}