{"FilterHL": [0.015396312182666582, 0.0, 0.006243457676343042, 0.0004214887374560136, 0.017042097655429453, 0.010367113446788478, 0.017822651874519833], "NoiseHL": [0.16133230419284833, 0.21798069666140013, 0.1916400485754556, 0.22493644505680488, 0.15463244753291638, 0.18785983066984852, 0.18804070536060805]}