{"FilterHL": [0.006821080882698098, 0.016601866866326843, 0.004996259977007955, 0.0080822974212292, 0.07738191802228503, 0.05019748490935298, 0.0568955898565066], "NoiseHL": [0.14247113719867474, 0.21811817669126074, 0.14396190620267094, 0.2219994078778306, 0.18178308497456533, 0.1769412173192018, 0.17693969959958766]}