{"FilterHL": [0.012122933699406967, 0.05482151587189858, 0.03525425483044653, 0.7562916169998347, 0.6927936964696663, 0.058658225394971175, 0.012890063974287777], "NoiseHL": [0.12661279290044045, 0.11150148747409902, 0.11413921006126339, 0.1580778552319843, 0.12627711559374277, 0.10914471799877841, 0.13072968692874035]}