{"FilterHL": [0.02837032270926811, 0.02928752233625441, 0.020089974298453526, 0.020395218097977643, 0.01581311442584371, 0.02688110541384722, 0.02642877905199857], "NoiseHL": [0.21203490317819662, 0.19930051123343356, 0.13588840822687565, 0.1371822139915187, 0.200115847101155, 0.22270353186950517, 0.15310513219721725]}