{"FilterHL": [0.018954309336264744, 0.009457902976546504, 0.0052789237558085594, 0.01607531216294739, 0.0973137249230067, 0.11447700620691931, 0.08699912719766692], "NoiseHL": [0.21506336976505097, 0.1665395148544793, 0.24533208510992846, 0.19491300925581817, 0.21217530183642677, 0.12748230280318465, 0.2192424453760306]}