{"FilterHL": [0.011011097780863571, 0.060101449914101525, 0.0017685795659781493, 0.04335246623164336, 0.019540213779773958, 0.03174398917723529, 0.01560188265363167], "NoiseHL": [0.26337237661666807, 0.2921049342954123, 0.2642352908086225, 0.29525512647118807, 0.32932169424511015, 0.2741059081024861, 0.3183607146671567]}