{"FilterHL": [0.021574079486440648, 0.018462704089132517, 0.005672339939339621, 0.0027768399455396424, 0.01893355521247261, 0.014403457715748141, 0.007771182065377145], "NoiseHL": [0.11457581837947745, 0.1935059556557066, 0.13031278537510185, 0.18008855989817374, 0.203186444083784, 0.1846456059432781, 0.17204196766151988]}