{"FilterHL": [0.014335535156593594, 0.07954286564162068, 0.035344987439245606, 0.11511769845356598, 0.06871147825780251, 0.14704498614288147, 0.08157797876322609], "NoiseHL": [0.28930244120757753, 0.18874551272953116, 0.25277118378732305, 0.18207817111696054, 0.20864176330546305, 0.26284865710845223, 0.18809501291028233]}