{"FilterHL": [0.002744605279585565, 0.009203008967688829, 0.02587756519347327, 0.00940092324744693, 0.013752256172889806, 0.02105302118707159, 0.006837309570715457], "NoiseHL": [0.2934364625108537, 0.2813782068162251, 0.29283261464511234, 0.31257135673146813, 0.32952712591307115, 0.3171537351749504, 0.3170870362476714]}