{"FilterHL": [0.03310070426407774, 0.018722026507228533, 0.03892208859803961, 0.004593216511394659, 0.0439604592789742, 0.013225394296257641, 0.052263866389205126], "NoiseHL": [0.14458300464962706, 0.16980394321640763, 0.1297810264483631, 0.16777716944637153, 0.14011254469764556, 0.17808861862647546, 0.12771851888358907]}