{"FilterHL": [0.02969435330466269, 0.02263117113491362, 0.0380646230147158, 0.034816813249697355, 0.03577696113363918, 0.04375652754586158, 0.04822856360653127], "NoiseHL": [0.0827671141111114, 0.07177848561761936, 0.0544350761037727, 0.09340778468583177, 0.08340468403084264, 0.05411593387300896, 0.052769356502264504]}