{"FilterHL": [0.008437166406591942, 0.01118783643440669, 0.01745843283158946, 0.03866327117098596, 0.01031740057477551, 0.014665090939097562, 0.1077769793054973], "NoiseHL": [0.19719739675139256, 0.26723961615410585, 0.16436127941683412, 0.23623046698008465, 0.27411913305665836, 0.2965964279297501, 0.18157052613682434]}