{"FilterHL": [0.0, 0.0005282762748238458, 0.0011722747930385529, 0.0, 0.0, 0.0033271024512815726, 0.0], "NoiseHL": [0.2806907803767703, 0.339134720787118, 0.2701392032139025, 0.3350491837643214, 0.3035375752754972, 0.3479977451053712, 0.3114298399318968]}