{"FilterHL": [0.02841215924685279, 0.03621623156749387, 0.03154591761427446, 0.03915560130394017, 0.02605724176788636, 0.04583111339975918, 0.03406100124498242], "NoiseHL": [0.0947046472900357, 0.103430200441107, 0.11045566263534061, 0.07984025365960945, 0.09533583389532305, 0.12901784551692147, 0.09047666142597253]}