{"FilterHL": [0.039139082414847294, 0.05194411740477063, 0.016978685798164198, 0.05842356481528656, 0.12526392518860674, 0.15257581185391575, 0.06998785432240072], "NoiseHL": [0.11436589638806507, 0.12725524046065653, 0.12672509521353686, 0.1789697329604843, 0.1441558452029878, 0.14237669260002833, 0.14449537460356263]}