{"FilterHL": [0.015119421690595228, 0.028438033869242853, 0.03837578768619452, 0.039341577648404784, 0.020828160775056424, 0.016123386925573826, 0.06132799191023423], "NoiseHL": [0.17180814434940514, 0.19073103258060442, 0.12058705822936966, 0.13734867836735498, 0.18844689345787702, 0.1606039192742501, 0.09337651477368902]}