{"FilterHL": [6.322027559250747e-08, 8.429370204608392e-08, 1.0536712912769736e-07, 1.4751398517503518e-07, 0.0, 0.016692546890557634, 0.0], "NoiseHL": [0.18920084887799915, 0.2214830616120933, 0.1368579400081564, 0.18514569594605018, 0.21323045788224296, 0.2768927248622021, 0.19186013665193044]}