{"FilterHL": [0.03128709755146317, 0.044623238675870654, 0.016102709286007846, 0.03668885398674433, 0.21070150601900464, 0.21212522199527534, 0.21004147889897054], "NoiseHL": [0.03892116823188314, 0.068160875113753, 0.031618360368160195, 0.052505424785428745, 0.06510445764336355, 0.04292657976281141, 0.043371611584369724]}