{"FilterHL": [0.05723374778195454, 0.04324408921095063, 0.05161420699583812, 0.05075836545401676, 0.04696816708252273, 0.026899881409859102, 0.04153033145515198], "NoiseHL": [0.16348830264577993, 0.17613476253325785, 0.16203069281341412, 0.19729931840388618, 0.17572654770649293, 0.19419032975286582, 0.18842631035012367]}