{"FilterHL": [0.017316493416631055, 0.0201131539421558, 0.021595213838513094, 0.02473362707398563, 0.010326520012011087, 0.023581245078569926, 0.02663445225231566], "NoiseHL": [0.20798050980734195, 0.07503993528984289, 0.21085113471597897, 0.10536997064654244, 0.19737249697852136, 0.2430791543711478, 0.21317638372641745]}