{"FilterHL": [0.0, 0.0, 0.0004354478027477924, 0.0002948576084866739, 0.0, 0.0, 0.0], "NoiseHL": [0.21680194274139555, 0.2730507170196538, 0.20838248111736035, 0.2963824050818444, 0.2489564445084177, 0.29092325922431744, 0.2632403118070741]}