{"FilterHL": [0.03557081340429835, 0.035887324001115106, 0.031878843395212485, 0.044227531539966204, 0.044199031414801415, 0.042849383878148184, 0.028475065685056672], "NoiseHL": [0.09867639964485707, 0.26555115975051846, 0.13915748415832005, 0.27780298123694913, 0.11881649738173981, 0.1520651967850516, 0.16017212247043738]}