{"FilterHL": [0.030334027343952085, 0.03024974665319131, 0.02306198905723096, 0.024164486542082076, 0.015445069267260456, 0.035373605778244076, 0.02135960287757275], "NoiseHL": [0.1000258812781791, 0.10652700850868765, 0.14990929668450936, 0.170936838137651, 0.12719939647268474, 0.06624219445906622, 0.1605287658203075]}