{"FilterHL": [0.03134089943473847, 0.017996903196534433, 0.025169860638526876, 0.03636783860612713, 0.039208576442626875, 0.031242918979858092, 0.05758179751660499], "NoiseHL": [0.08812945409899155, 0.12241289294634962, 0.12536097158556475, 0.1420529252442022, 0.10058574086522339, 0.10205540076465985, 0.13674281825218892]}