{"FilterHL": [0.03559297483172323, 0.04745228993402107, 0.02207814356632455, 0.032767148007295584, 0.0221184889592425, 0.09370578665003886, 0.06186320706545739], "NoiseHL": [0.24813738648382083, 0.24375089576380632, 0.2355054330227875, 0.24302069476352817, 0.26309979274443795, 0.27522160267070894, 0.297590067971677]}