{"FilterHL": [0.03627333876263356, 0.06957874897042587, 0.027080403401416528, 0.03736129668742382, 0.03305897115813896, 0.02670934150133672, 0.03768913874002417], "NoiseHL": [0.06660806699253657, 0.07309992543489376, 0.042727731340280135, 0.04947060685861655, 0.06309222061799906, 0.05969802141298188, 0.07417495090088005]}