{"FilterHL": [0.07481509105188323, 0.08992559228076757, 0.06479654047796787, 0.09205933051642944, 0.050489804511372194, 0.08426720119147924, 0.0689687472782209], "NoiseHL": [0.12387949902276375, 0.2448905770185409, 0.11318672434251933, 0.2386387906040753, 0.15980719537349833, 0.21121923383473784, 0.09617129694672735]}