{"FilterHL": [0.004073009758395252, 0.00806206607798478, 0.015489774126510437, 0.0027657860861261454, 0.010400078281079094, 0.006525032347597764, 0.006163926651892024], "NoiseHL": [0.06637476908149026, 0.07369026401457485, 0.10875445267751613, 0.10410309591050625, 0.08861644070806698, 0.08676201496099599, 0.11308604989924964]}