{"FilterHL": [0.01722247831269652, 0.04125239353952306, 0.03059746062532485, 0.05588945210525353, 0.03008974140271281, 0.020160857143912875, 0.02707965092173949], "NoiseHL": [0.03619348553782864, 0.046953680477553786, 0.04292842476779808, 0.053593174341950225, 0.0424434898278469, 0.022137257866045174, 0.03935390840459012]}