{"FilterHL": [0.03559093771737445, 0.04956642447645403, 0.021330376106914517, 0.04699079796134396, 0.03404509697289302, 0.051168477852466324, 0.030869284272964793], "NoiseHL": [0.09623825911517528, 0.07863216893993907, 0.06745902360268136, 0.12972495886808336, 0.08101576230710031, 0.12858122662852797, 0.10028035403583015]}