{"FilterHL": [0.09784674104826468, 0.08767656604117113, 0.041243816088716016, 0.04583531379204569, 0.07200786250651177, 0.04881810973914855, 0.03734386147793843], "NoiseHL": [0.12037213868038413, 0.2331875570210762, 0.1770171066490534, 0.23229245712593244, 0.13995032945509991, 0.21944014539439502, 0.17218281546655037]}