{"FilterHL": [0.00041668114738438884, 0.00033919489800163146, 0.023273945882271555, 0.0122524158934387, 0.005491372735804094, 0.010203272467160303, 0.016129146759807138], "NoiseHL": [0.11082626344894847, 0.1214797384251674, 0.10430907119657463, 0.11520367403232368, 0.13129518424232384, 0.13866442710839363, 0.1275234553452886]}