{"FilterHL": [0.022468105560470384, 0.046796531075463464, 0.023038878159092054, 0.017862961900932155, 0.060242915092408277, 0.07907031521481499, 0.06190303169466401], "NoiseHL": [0.27417749488389215, 0.28042166385630435, 0.2787618731882642, 0.2676779634272821, 0.32762401708390493, 0.3664346100817133, 0.341096521935254]}