{"FilterHL": [0.01484196509111234, 0.00978778811414209, 0.025786405077541732, 0.005199621242297233, 0.05287146156429073, 0.06344906435753087, 0.021557040411432797], "NoiseHL": [0.3067842813761194, 0.23269524968456223, 0.3518099743563793, 0.3811207043934441, 0.2995185220556361, 0.2247016641817171, 0.34689089960968167]}