{"FilterHL": [0.0005098867492673586, 0.0, 0.0, 0.0012605557203899435, 0.0, 0.01791969890000302, 0.0], "NoiseHL": [0.26621552038262797, 0.3267638742314115, 0.2972843603127713, 0.3415686218479229, 0.27111262876644165, 0.16500333021764654, 0.27111262876644165]}