{"FilterHL": [0.0064704376747100195, 0.026338332827531945, 0.019948648746336353, 0.009188653934911467, 0.00775449503398321, 0.01524557849996424, 0.025360932951707712], "NoiseHL": [0.1998125156737272, 0.22865804372605344, 0.19112978128957966, 0.22987661142613391, 0.19419520996461964, 0.22492167408335814, 0.2073895650251349]}