{"FilterHL": [0.009683868487065551, 0.013006773362159503, 0.010348556278302553, 0.00884103983857632, 0.00894514955527144, 0.0066232126225456685, 0.017868862812754488], "NoiseHL": [0.36297191582475447, 0.38097989656472314, 0.39047540219683413, 0.35936438901921103, 0.3626664745804439, 0.3675637669566569, 0.4022007128546548]}