{"FilterHL": [0.19457375604347488, 0.1699753670897671, 0.06385262627492563, 0.06994757232587263, 0.18418765160734704, 0.17588414946308492, 0.049942004678451016], "NoiseHL": [0.28842363083462996, 0.2918398471589553, 0.13342488374389694, 0.17496196684898746, 0.27727149642254845, 0.30518054044624426, 0.13442815023400273]}