{"FilterHL": [0.03702973652937316, 0.05260428601976102, 0.025986647432628775, 0.0363718448692383, 0.03920266587668322, 0.02589999043830987, 0.041618292970205216], "NoiseHL": [0.013510639099720051, 0.017600525862400344, 0.016933843478287938, 0.017111114266790767, 0.02081195217793151, 0.024449610742189206, 0.018065007438232285]}