{"FilterHL": [2.9502800112388256e-07, 3.371748684758861e-07, 0.0, 1.8966084373452096e-07, 0.005628012416185174, 0.0014111780849638145, 0.0], "NoiseHL": [0.11303511652045509, 0.1572246532975914, 0.18100629468644155, 0.20838248111736035, 0.1368579400081564, 0.15237707995139405, 0.1796067636529137]}