{"FilterHL": [0.04124879734177832, 0.04182104048828853, 0.03241433390865675, 0.031813641192692664, 0.038434958133867894, 0.04543378025850062, 0.02917949597712741], "NoiseHL": [0.02783314663782339, 0.03437630848850436, 0.04140134056263146, 0.04409677757701952, 0.036825605463679245, 0.05790546692258767, 0.030669408219296725]}