{"FilterHL": [0.031031882637362798, 0.023279072432980708, 0.019240206899373925, 0.06717516810236544, 0.02113620041584073, 0.03646868272763471, 0.011204657071344316], "NoiseHL": [0.14321808275749984, 0.15421219466548045, 0.16277502425585283, 0.19996465211984407, 0.15250592357710524, 0.19014465698058045, 0.17441383572186128]}