{"FilterHL": [0.0, 0.12405063681821475, 0.02854333206579599, 0.016859748502376586, 0.04209052883876602, 0.49530929639887505, 0.08192179574485563], "NoiseHL": [0.5526608710679614, 0.5714771430283736, 0.6947808701929234, 0.6934233977647569, 0.5609224489774268, 0.5985824428438186, 0.6839822191145029]}