{"FilterHL": [0.0, 0.2920786154001346, 0.029944016332519516, 0.30663006493361156, 0.06571434695148037, 0.26508662304681535, 0.09462614400063775], "NoiseHL": [0.4569608229123584, 0.6693391859547067, 0.5051995096114884, 0.6766334039544264, 0.5303300858899106, 0.6548934340195866, 0.5501160785341865]}