{"FilterHL": [0.0724677240361051, 0.07287014541689597, 0.04782355062788123, 0.09216096074042443, 0.0827253675132097, 0.05386306620175565, 0.08334258639512268], "NoiseHL": [0.21142196358819396, 0.26126610636286296, 0.3591793650333256, 0.3881634802656507, 0.20697471361005265, 0.23523882442185842, 0.3298988788405633]}