{"FilterHL": [0.020617831194020077, 0.046978482932883765, 0.007106282740678792, 0.015547044274827237, 0.031799326871634045, 0.016083780082105037, 0.015506080363406255], "NoiseHL": [0.09923754170281164, 0.10415540881313881, 0.15587265942299205, 0.17720252131220995, 0.09665225140899528, 0.08105129853048089, 0.17018768957205738]}