{"FilterHL": [0.007175861123759328, 0.02020080974056585, 0.010760622091613416, 0.01250257399169877, 0.011793399226313787, 0.019257256754264773, 0.020806812802961008], "NoiseHL": [0.2320371161130625, 0.33101870709564685, 0.2306059193131825, 0.28908906304804044, 0.2489570088545324, 0.30490797102997036, 0.24368066365002472]}