{"FilterHL": [0.04474403245589093, 0.06785018364537113, 0.05807825165000904, 0.06926822216648282, 0.3618829949897445, 0.2934282875895302, 0.24908559994275448], "NoiseHL": [0.17232755779554335, 0.1845334756801922, 0.17635358661240638, 0.1722609860803109, 0.28614574924646213, 0.27703956952076936, 0.25239678884335187]}