{"FilterHL": [0.02697473852891289, 0.003652944112938516, 0.003358401212268301, 0.020638675909013304, 0.009656814594684524, 0.007450368946781133, 0.012035462654902296], "NoiseHL": [0.3820615544681109, 0.4011972493696313, 0.41807748850647514, 0.4044694993433424, 0.4358564458195303, 0.4431107660194521, 0.46468253601705484]}