{"FilterHL": [0.006528323912396885, 0.013930298228682868, 0.029001115701753157, 0.030499855339439143, 0.1697169686194058, 0.08909205966335632, 0.0889698989567403], "NoiseHL": [0.2645724472547492, 0.30797139834742626, 0.2979096277383994, 0.3269150594724802, 0.2822845273582762, 0.3155603785513761, 0.30112915517408684]}