{"FilterHL": [0.03834878785405051, 0.047872737268088446, 0.025038936258037933, 0.02921974699423625, 0.0409815783518784, 0.049719407728883745, 0.05167934108224606], "NoiseHL": [0.06121276967592425, 0.05358612211114622, 0.053538800986598765, 0.0448155723653221, 0.06791762489482518, 0.09271940328650023, 0.08005056215850848]}