{"FilterHL": [0.11710416421514613, 0.019681322564419266, 0.10026703305769599, 0.10242817570417843, 0.0792227162092065, 0.0351176837551226, 0.1002178662061739], "NoiseHL": [0.2230717047044369, 0.2116186827919986, 0.2792801908146418, 0.28236634137785355, 0.2510699052223633, 0.2347560229840621, 0.26967846424022013]}