{"FilterHL": [0.024944874931818167, 0.028419867089536175, 0.012529084471184622, 0.0063814713133852315, 0.015648285394453815, 0.015301137297444634, 0.04417469127415392], "NoiseHL": [0.18868816802126867, 0.298635848820153, 0.1778596991403202, 0.3331358842546367, 0.15799758740083494, 0.3271313867131225, 0.16219477532297807]}