{"FilterHL": [0.0029330095652282655, 0.014321248682188394, 0.003477077637575445, 0.006217724150505114, 0.00713251221986284, 0.006050020489328492, 0.010047735822925551], "NoiseHL": [0.23085723399581864, 0.17038503975853647, 0.18532811905880986, 0.1790795526278457, 0.23287282186200134, 0.1492702727358575, 0.1752540798948494]}