{"FilterHL": [0.0, 0.0, 0.0, 0.0016602378900409543, 0.0, 0.0034760070800678392, 0.0], "NoiseHL": [0.3613838209539516, 0.36060618173820735, 0.35118014081935767, 0.37138976963783255, 0.34639862872051724, 0.3774567248364172, 0.35355339059327373]}