{"FilterHL": [0.0, 0.0, 5.416077455612826e-05, 0.0002057908603162139, 0.0006747558123405395, 0.000422332177682943, 0.0012954320512156454], "NoiseHL": [0.2881621992123956, 0.3157471010468728, 0.2863094019622411, 0.322560925753623, 0.32424710260113027, 0.323404856382213, 0.3259265977491048]}