{"FilterHL": [0.021351763160915284, 0.0332875172940139, 0.024678411511526884, 0.013647192095892961, 0.01849538257442438, 0.04005645461356956, 0.03517698073375041], "NoiseHL": [0.14892229588852743, 0.13850601310861171, 0.10031145539765322, 0.10426428289916469, 0.14160288910691377, 0.16864665217673333, 0.09426811777630907]}