{"FilterHL": [0.05667365477520228, 0.09668488848355572, 0.06824925778091942, 0.05836094385202788, 0.0913435753727351, 0.06279877014518628, 0.07984448273809615], "NoiseHL": [0.06413096453044169, 0.12104220890551805, 0.0870311284542319, 0.10880778016651194, 0.07153591386100548, 0.08709912901657552, 0.08428942085401224]}