{"FilterHL": [0.005402113583075624, 0.0438371310275836, 0.08135087635627582, 0.0, 0.008201865794583426, 0.055068118654571535, 0.05670716004371971], "NoiseHL": [0.30618621784789724, 0.2728344272017631, 0.2512248620545587, 0.2305892712780783, 0.31746116200074787, 0.28669651791825274, 0.2935646984747052]}