{"FilterHL": [0.009365006788372748, 0.005826854467659504, 0.008569751689018893, 0.014050521199576572, 0.00861325602362558, 0.007984542517034322, 0.009207357858501651], "NoiseHL": [0.18514757109431315, 0.23058928552397676, 0.1958842558365178, 0.2541417360194823, 0.18925608723045298, 0.21444265531599427, 0.21089429882138902]}