{"FilterHL": [0.04405296751209413, 0.04099441245632384, 0.04533387488242951, 0.049184328440839524, 0.12591293512820864, 0.1133942741136915, 0.10434429871951698], "NoiseHL": [0.144014962520167, 0.09996567270924203, 0.11282836540950748, 0.16325881016916302, 0.16378022986470786, 0.165142677238574, 0.1587350222831269]}