{"FilterHL": [0.03181870992747974, 0.01576823088793178, 0.025827876539558335, 0.010720839084060825, 0.023772125825161576, 0.03437528286899132, 0.009933050195046606], "NoiseHL": [0.11097529681826442, 0.11091287545785196, 0.11994942489972062, 0.12021201833727813, 0.09992459062420839, 0.10400241386711949, 0.12043156938615981]}