{"FilterHL": [0.017858963425029666, 0.0448347562343003, 0.011721834417705912, 0.023206057293417334, 0.015103086477219817, 0.023378258458248695, 0.03722123951201511], "NoiseHL": [0.08174796743130144, 0.10478730710234677, 0.09187284497511394, 0.09044120088681218, 0.1670798606608172, 0.16649096832675087, 0.16497527422290215]}