{"FilterHL": [0.8755883233605884, 0.12057616490297889, 0.05811895427737624, 0.0910815801158828, 0.053268060247905064, 0.11122625057825967, 0.196155310535411], "NoiseHL": [0.16189983604232816, 0.19897161318507597, 0.15199713716265612, 0.2207282780433942, 0.17121558589764643, 0.17450911024845242, 0.17099257808827878]}