{"FilterHL": [0.11490037549070142, 0.08998927301730725, 0.043229586462824925, 0.7615237070294495, 0.15155464401318988, 0.02641718725041155, 0.06753714233160873], "NoiseHL": [0.27532609107163714, 0.265542184303232, 0.26927894326981, 0.20602670018867453, 0.2769909432637523, 0.28159645811484035, 0.27511933301075064]}