{"FilterHL": [0.03137813588253497, 0.06909496321940178, 0.04525379165848872, 0.022759987825311592, 0.08582305948833586, 0.1085307096922081, 0.033301847797694475], "NoiseHL": [0.24622299818306542, 0.18768704977631506, 0.1491377986288522, 0.14167844472262806, 0.2170050024206337, 0.23010119133306875, 0.13575366559449936]}