{"FilterHL": [0.0, 0.0, 2.2317108463438175e-05, 2.3455110205560276e-05, 0.0, 0.0, 0.0], "NoiseHL": [0.173903592332271, 0.2059196678858405, 0.18785815120172258, 0.22834309600589234, 0.11942301505899512, 0.17245022900462764, 0.15237707995139405]}