{"FilterHL": [0.015949470959839195, 0.012179687058258625, 0.023407961778294614, 0.021568406651420683, 0.010749082999505844, 0.0034361706236315957, 0.03175380090721982], "NoiseHL": [0.1108426870682194, 0.12175265364763169, 0.10765854661520595, 0.12171739170580859, 0.13158660649386653, 0.13432124633849335, 0.09585267254772172]}