{"FilterHL": [0.04349513295798927, 0.025061978681800098, 0.046818639190083576, 0.04507521107090466, 0.03087808196441307, 0.02546946511742345, 0.06705807752473303], "NoiseHL": [0.14316328576552295, 0.31924325888923943, 0.1326004573293574, 0.31627202683945227, 0.14855798066536452, 0.24341204114651863, 0.14304244566447394]}