{"FilterHL": [0.0212596743700038, 0.019179589148443345, 0.01909896250841476, 0.04029566371007, 0.01761059878154104, 0.030617286546455194, 0.03795567145630723], "NoiseHL": [0.3696165955066082, 0.3635645432205527, 0.3504938128094961, 0.36900663246897314, 0.3628170585579243, 0.37748564688096453, 0.36648206275467116]}