{"FilterHL": [5.139994990324445e-05, 4.400267897078612e-05, 0.0, 5.734311253062331e-05, 0.00011943318162817462, 0.0, 0.0], "NoiseHL": [0.16801938030584954, 0.25720215815045966, 0.2825738991468142, 0.32508767843708475, 0.2622422036792348, 0.3259265977491048, 0.2954782282049058]}