{"FilterHL": [0.08000821653446262, 0.0924991626704347, 0.15888277632101813, 0.11556316408400287, 0.0509985525113906, 0.058576539652148554, 0.12579602636029563], "NoiseHL": [0.3093224819553304, 0.2784609055792302, 0.3462553297670684, 0.3216306993751147, 0.3199164362385712, 0.3352059881563234, 0.33437549079379875]}