{"FilterHL": [0.018351604344004555, 0.035191680009247626, 0.013508149969863876, 0.0084504766430902, 0.02035132669021115, 0.021211715656050803, 0.013985328013075166], "NoiseHL": [0.08374720001434675, 0.12150228541863561, 0.08889929760862388, 0.10942513520491762, 0.10183422991501484, 0.12121883734320461, 0.11326015296589775]}