{"FilterHL": [2.9502800112388256e-07, 7.586436801640578e-07, 0.0, 2.1073424569465507e-08, 0.05140755539756273, 0.06633938317115942, 0.07406176975607902], "NoiseHL": [0.2520758735267398, 0.2740154435715323, 0.2009115892650161, 0.2214830616120933, 0.22950420148251577, 0.2538365911938746, 0.2340451240555348]}