{"FilterHL": [0.0032303132514675567, 0.01386094110519192, 0.00439175402596021, 0.02433036920292202, 0.008836348725369907, 0.009997418576417777, 0.00834081789145506], "NoiseHL": [0.14288776425753574, 0.2203172389134426, 0.1658897875374869, 0.22616929206423697, 0.13697982704140219, 0.20062263354972032, 0.1924964854529271]}