{"FilterHL": [0.0, 0.0, 0.0048134521743973405, 0.0045128929956268935, 0.0, 0.012249043234785328, 0.03307077481386604], "NoiseHL": [0.17245022900462764, 0.2305892712780783, 0.17063649931017175, 0.24441781508597127, 0.2120278888000165, 0.24685785366827007, 0.23173678631823272]}