{"FilterHL": [0.007392622853003298, 0.012591117356888313, 0.008039325164984694, 0.012139053285793438, 0.011100519583619949, 0.022122610047441184, 0.022570238987964984], "NoiseHL": [0.11052811197848691, 0.17639104046552195, 0.15136963410383905, 0.1861759686256335, 0.14053262442962608, 0.17407776485499935, 0.18412129272517908]}