{"FilterHL": [0.025961415613488026, 0.04254928558275543, 0.023399775636402404, 0.04502260336394574, 0.024565355622500486, 0.029769430144504457, 0.037327793240573684], "NoiseHL": [0.033243708589443775, 0.052444504085849164, 0.01713981230799179, 0.035606271573388894, 0.027817670528388308, 0.018352549597266322, 0.03842098128965116]}