{"FilterHL": [0.03022223200722661, 0.06321169061120757, 0.04608333747025826, 0.0298393757783349, 0.02598339768414678, 0.027459860330373422, 0.03498891762750469], "NoiseHL": [0.03490460466561801, 0.04160390909685575, 0.021842244428583506, 0.039286629210538056, 0.07228344120264821, 0.046030606324715284, 0.04594379128830643]}