{"FilterHL": [0.022356049567203416, 0.025406298144748363, 0.017205550107963447, 0.05358765358346548, 0.17902949623624298, 0.17688482124923763, 0.1765080145015432], "NoiseHL": [0.017151536281934096, 0.026130403885919425, 0.016649107034574187, 0.07233250652033883, 0.0660307396334108, 0.053189187637672886, 0.04145686839119307]}