{"FilterHL": [0.02410448726837633, 0.0493799869996902, 0.01958713140980209, 0.022070744971742665, 0.038619597505568586, 0.02432474518120554, 0.011417118910851834], "NoiseHL": [0.10537141940799319, 0.10326424121378255, 0.1113170522895567, 0.11429455290398048, 0.1038968828818917, 0.10843029894054089, 0.12819854657255547]}