{"FilterHL": [0.017139235420111816, 0.02742371096134806, 0.017209519158254118, 0.04015769947239083, 0.010667127562246666, 0.04846973107891324, 0.020490769717875584], "NoiseHL": [0.11519488926366574, 0.12815890692422874, 0.14437402423662002, 0.15614739319414553, 0.13228854118045394, 0.10493110740830167, 0.15764508990461948]}