{"FilterHL": [0.03482317950303236, 0.061002657503559966, 0.051900179589314796, 0.06467961936387219, 0.04349356247687556, 0.08701674549589623, 0.22912858455675278], "NoiseHL": [0.47412308217766463, 0.4384107703427218, 0.44217971789054444, 0.5048934961240885, 0.4771944025589812, 0.45827523175576046, 0.46359558830019204]}