{"FilterHL": [0.023485835125402848, 0.03916656702275426, 0.011770380852096233, 0.03782382742771674, 0.0583386081820703, 0.06695541067923098, 0.03878022519690435], "NoiseHL": [0.12242287199753887, 0.14074665718835522, 0.10185681067956186, 0.17012666404606033, 0.15480949095031288, 0.15222978618442976, 0.13299149825699372]}