{"FilterHL": [0.025421605306997313, 0.016388126835900994, 0.02247229484581298, 0.057160275933411574, 0.02047991962839631, 0.02117076973523192, 0.028300471968778648], "NoiseHL": [0.17905671733259873, 0.13928905823561927, 0.16936487828459537, 0.15220606007502815, 0.17419012355975716, 0.16101776385388977, 0.15899571438189397]}