{"FilterHL": [0.03188053958098458, 0.1587023678940053, 0.0653095427397225, 0.024923540485911576, 0.15711157974162013, 0.1152577911706885, 0.08055237705745136], "NoiseHL": [0.24476281930709118, 0.24398460046195905, 0.43509554261508454, 0.3695806080533937, 0.2786872455024264, 0.2500155891194721, 0.40442385896971145]}