{"FilterHL": [0.014639513642142091, 0.07665117415798027, 0.022132658498019753, 0.09355748729301314, 0.012551421333054298, 0.07768764182302934, 0.012195387160074013], "NoiseHL": [0.1430885211229472, 0.15443468068635538, 0.19701911415818613, 0.21751316919130628, 0.1722421076827429, 0.1775487172517283, 0.18699313328133915]}