{"FilterHL": [0.02014293941999279, 0.029339681727993814, 0.012748598583547056, 0.03000949187126363, 0.01959323457173226, 0.018546294819078355, 0.029861521802216667], "NoiseHL": [0.03876600874205391, 0.08624647587285064, 0.058877472523818565, 0.08125342411172055, 0.051005442865756055, 0.09916654339263027, 0.06276417526511328]}