{"FilterHL": [0.028544330421787605, 0.04683826323628233, 0.012986121713412332, 0.02305944943915896, 0.02953359669694277, 0.028991760689366174, 0.0395055640501921], "NoiseHL": [0.18032714425736132, 0.1648278448282053, 0.1279827616018989, 0.11232572787822112, 0.16491781158073732, 0.1880942994841783, 0.09681415415302401]}