{"FilterHL": [0.0050574263804464515, 0.04437541994033927, 0.026168685517489444, 0.024431839497857495, 0.019117903039935755, 0.02705065684781677, 0.0802480169509786], "NoiseHL": [0.28123881244168447, 0.24685203862924981, 0.325244744885122, 0.3362030762929325, 0.3671057082007524, 0.40446098266532127, 0.3967482139974396]}