{"FilterHL": [0.04831360026845853, 0.04363316494293549, 0.04702495833800992, 0.05141857637467515, 0.06857404295814266, 0.05297866693377651, 0.06971979713354819], "NoiseHL": [0.056467433578785795, 0.05414961557515245, 0.05201114766962701, 0.048368726816216887, 0.0985151795948885, 0.08329369787144933, 0.09096722671627616]}