{"FilterHL": [0.0356005695635405, 0.02632107077698135, 0.019793147733807134, 0.04390767346408933, 0.012144534640565184, 0.026846800706173984, 0.01760362259357436], "NoiseHL": [0.0391230017695493, 0.10170355313400822, 0.05591716300150178, 0.1013559303637826, 0.05017723443768149, 0.11782354722097774, 0.0650440932977514]}