{"FilterHL": [0.008838900976829463, 0.03271288039513453, 0.019721516801716323, 0.006169167886203163, 0.006834276285890652, 0.021768094245054926, 0.019242593182428512], "NoiseHL": [0.14397520968786412, 0.1824008448617593, 0.15746237877518113, 0.19840144655749753, 0.16199082245809415, 0.1575333937958096, 0.18668009885736148]}