{"FilterHL": [0.0, 0.0, 0.0, 0.0, 0.0021806687102800073, 0.0, 0.0], "NoiseHL": [0.3431841512317855, 0.39234978250592256, 0.3938189753398941, 0.41971520653413996, 0.33092608230775955, 0.3652546522751244, 0.35826616493699964]}