{"FilterHL": [0.005992000008478989, 0.004501719894400946, 0.005245432689281365, 0.011059560735063768, 0.007219371275987838, 0.0031040836569200757, 0.01255230559974959], "NoiseHL": [0.12361968859998634, 0.1333756708944313, 0.11945714240383298, 0.14484857410085925, 0.12582198429098823, 0.1492357761974553, 0.12428215954347835]}