{"FilterHL": [0.02473560736213324, 0.036286588945375536, 0.025349733057302152, 0.03153541530728922, 0.020167787286113098, 0.0344693336837035, 0.026946855244130482], "NoiseHL": [0.07004238051048028, 0.07121947634294401, 0.08450877134692, 0.08659674003536716, 0.1275067423739293, 0.1359730543260205, 0.12985323525678438]}