{"FilterHL": [0.01544248682442446, 0.027180548580393413, 0.03304557345219858, 0.03736701656042157, 0.010920681272248201, 0.010461674165594187, 0.03427997986528769], "NoiseHL": [0.14279334981765865, 0.13431136731289114, 0.13717224998929395, 0.14823613724258627, 0.17491852405950423, 0.13677393358451453, 0.16936977006196763]}