{"FilterHL": [0.02107632391354619, 0.041489355223604564, 0.03877552389977669, 0.029812625413409066, 0.048390542989885654, 0.019377234673400898, 0.05888221769246132], "NoiseHL": [0.21667258482036456, 0.35142467733513, 0.2278553288355489, 0.27138388263068575, 0.20130866695444988, 0.2307483837590291, 0.20332650701502378]}