{"FilterHL": [0.046821931468139476, 0.01573573643232933, 0.025850520211481688, 0.04954325088879958, 0.06095852698506641, 0.04689540122553035, 0.05483469368810386], "NoiseHL": [0.2895938012060635, 0.2821566501340168, 0.14819942904510686, 0.16714824434872866, 0.2991134012876816, 0.2892842894072176, 0.2873178673575784]}