{"FilterHL": [0.01425399083007678, 0.02161336049537543, 0.015459705331576291, 0.023652568090640733, 0.009635037038934662, 0.02260135942528132, 0.004174492562329705], "NoiseHL": [0.09657179433677171, 0.11955518636427352, 0.12443204067782943, 0.13316725977558946, 0.1525588629139612, 0.15732249778738377, 0.16747995628270562]}