{"FilterHL": [0.013201971766567793, 0.0378915143177768, 0.01714886318563721, 0.015499943699439167, 0.014089662152435843, 0.018727704852263063, 0.022823706361408687], "NoiseHL": [0.15488599201046957, 0.1736538497305077, 0.1412337306824711, 0.15201200052564012, 0.17331442653567378, 0.17123637598334696, 0.1667674700627234]}