{"FilterHL": [0.0024648204113139694, 0.017731261991999463, 0.004790363076577079, 0.024167705936002898, 0.04490979132865033, 0.025696637792639324, 0.06709268404775862], "NoiseHL": [0.07056780512206266, 0.14470756974992183, 0.18299538512635477, 0.24245773885862637, 0.1872327757751812, 0.21245631175390225, 0.11031278483542989]}