{"FilterHL": [0.042973440566990394, 0.079442603163807, 0.03413626996500218, 0.0528139231204947, 0.0407511108239508, 0.1395905378921176, 0.03145022123475612], "NoiseHL": [0.2408084820588119, 0.19709111292068593, 0.22430245575521154, 0.2540031326227552, 0.234656338953228, 0.2111532802461069, 0.23813396368723247]}