{"FilterHL": [4.615230528180497e-05, 0.0, 0.009470628737419075, 0.005085119286719645, 0.0, 0.0, 0.02093052732316679], "NoiseHL": [0.33586924850133365, 0.13129518424232384, 0.34076966789125257, 0.09906455918373398, 0.2120278888000165, 0.3140257650798779, 0.18252946169775275]}