{"FilterHL": [5.1505324692068204e-05, 0.0005685366662323694, 0.0, 0.0, 0.0, 0.012015311588633344, 0.013186689737228087], "NoiseHL": [0.2034297098849552, 0.24154202878078954, 0.23612166756010977, 0.23612166756010983, 0.2372144506373005, 0.2672010060207921, 0.26916281322186875]}