{"FilterHL": [0.0018522337677246222, 0.016381572661430678, 0.012904272114449321, 0.005359040352504326, 0.0034422877262719233, 0.009834681704845104, 0.022183372311169566], "NoiseHL": [0.11960653034098964, 0.16950944137983315, 0.14046064274944484, 0.17677781609621285, 0.13339402464612582, 0.18522355374130348, 0.16505889162797038]}