{"FilterHL": [0.0, 9.344573767996724e-05, 0.0, 0.0, 0.0, 0.0, 0.0], "NoiseHL": [0.19053478273184227, 0.2520758735267398, 0.2972843603127713, 0.3399474501591288, 0.22493644505680488, 0.26423520936170475, 0.2853793027819435]}