{"FilterHL": [0.025473350551220506, 0.028365296582801694, 0.0029999747700003073, 0.025277591069439186, 0.009562608322591726, 0.045949533019043955, 0.023630504291274987], "NoiseHL": [0.33022982309970156, 0.30564857464511447, 0.33940395696879316, 0.32229754152215623, 0.3260727497897417, 0.28422753290940866, 0.33334164949358913]}