{"FilterHL": [0.07009339596460344, 0.06164919177790397, 0.019580706632194876, 0.022131289098635824, 0.06162152448900863, 0.0751253395101276, 0.03712631187844047], "NoiseHL": [0.13178427466801598, 0.22527113432955476, 0.11490172017681848, 0.21712130732201118, 0.14339579157939567, 0.21318264107725754, 0.15327883247439422]}