{"FilterHL": [0.11356305940542805, 0.16647167932557785, 0.34314514591385886, 0.10915979225700362, 0.39883862886788884, 0.3095706416949607, 0.623090293009674], "NoiseHL": [0.7217291485950668, 0.6759687962486645, 0.6995514570261036, 0.6903814258288635, 0.7182973668103636, 0.691394654541802, 0.7286556653179471]}