{"FilterHL": [0.0433273095408228, 0.032233322495903965, 0.035464949504529206, 0.05842893298622086, 0.045926369771106534, 0.020615824794136862, 0.04718744313960254], "NoiseHL": [0.14563219861452426, 0.1381499411128445, 0.13389924270768827, 0.14710408397322366, 0.1968224142100249, 0.20607558391729425, 0.22137316497604334]}