{"FilterHL": [0.007863581498887573, 0.02972948817297688, 0.010364207752830035, 0.010593696459558892, 0.017988009431952983, 0.013168301430299076, 0.035823109806888576], "NoiseHL": [0.21774045599731778, 0.26241292947982037, 0.22442605577949185, 0.2252787086366289, 0.23332773156550743, 0.23126858836166947, 0.24518607964667813]}