{"FilterHL": [0.022465068804439835, 0.020807575189573324, 0.008253372874519698, 0.041259733159426555, 0.0193264346227149, 0.050132976352397475, 0.03702399399327827], "NoiseHL": [0.11753628618697434, 0.18616207418860048, 0.10860555016017558, 0.19600559471846565, 0.10801453968033625, 0.175158417612413, 0.10927052012977614]}