{"FilterHL": [0.029779294939701186, 0.0799911399187747, 0.04854743477566497, 0.04608247114885116, 0.0339359244633731, 0.023863044751380336, 0.041308032716943256], "NoiseHL": [0.04735033014156953, 0.0940887886045535, 0.06354189230882883, 0.05818905142454618, 0.04833560410193561, 0.0657751974273175, 0.06155813091291298]}