{"FilterHL": [0.032393870334542496, 0.044490743781048905, 0.04210498840547147, 0.03269247417040169, 0.03737996332388855, 0.022220123783808464, 0.018721796661602806], "NoiseHL": [0.06946340031720707, 0.06764854832002724, 0.10904299051273546, 0.09017765352296413, 0.16086149254986198, 0.16446297899383636, 0.15761497134741245]}