{"FilterHL": [0.04415719603401812, 0.0523982745733502, 0.04820271822918057, 0.057682067081948625, 0.04896153139188756, 0.030145050539816566, 0.035817485637534056], "NoiseHL": [0.04682700591159415, 0.06653335385794103, 0.045505163778690426, 0.067853389782799, 0.035282837652735974, 0.022919863535746463, 0.060751604357882044]}