{"FilterHL": [0.041546580742634454, 0.036007478101639685, 0.025782950805927973, 0.03330460856715455, 0.03300250459874004, 0.04084463440957554, 0.052061097853294186], "NoiseHL": [0.04210772933793515, 0.048734856570247204, 0.14103569245382758, 0.13480173943692622, 0.03494258807116326, 0.04486056508902132, 0.12654168050699852]}