{"FilterHL": [0.03081311273630507, 0.02195710242166636, 0.011818363084606546, 0.017405847352203508, 0.017337742298878182, 0.03769324022137044, 0.008929298296532545], "NoiseHL": [0.3653739180431911, 0.34195473340792465, 0.3360245746277581, 0.3727987701014225, 0.36869771122136064, 0.3408477785951083, 0.3490231705276746]}