{"FilterHL": [0.0, 0.0, 0.0004732145715437048, 0.0, 0.0, 0.0, 0.005604858475721221], "NoiseHL": [0.22493644505680482, 0.2768927248622021, 0.30706506372943193, 0.2954782282049058, 0.23830281775681836, 0.2582168997340125, 0.32424710260113027]}