{"FilterHL": [0.04674042729063534, 0.0422097781617576, 0.01892105137230382, 0.04577099534635302, 0.05840729438806692, 0.01256326115946192, 0.03430812229094875], "NoiseHL": [0.26114683408859635, 0.3027955908582312, 0.26939041314775125, 0.320708149856157, 0.2658186215268943, 0.31236939653593654, 0.3007891692460332]}