{"FilterHL": [0.0223217906366004, 0.019243686123897038, 0.010703791594018231, 0.023184962632892298, 0.006829742998358039, 0.014477176731992631, 0.029591940632671315], "NoiseHL": [0.0907897233249599, 0.0922476019355336, 0.19970984314766008, 0.1917654776006735, 0.08922257997831563, 0.08096702416479587, 0.20106424106161577]}