{"FilterHL": [0.011541940796811504, 0.03264005381074327, 0.015758825406243033, 0.01589990648180648, 0.016836991712938516, 0.017192890410035775, 0.031363587247847526], "NoiseHL": [0.10569708414584304, 0.0826771179091578, 0.10132037550927826, 0.11124013230306319, 0.10614440117367208, 0.11883548689703455, 0.11263962626317194]}