{"FilterHL": [0.027134713106494783, 0.02234812048752155, 0.03452837057375203, 0.021335770507546394, 0.04068941206721918, 0.05484378821844735, 0.0240141403037619], "NoiseHL": [0.2053519707724486, 0.22573575605299037, 0.19429622142901878, 0.1888239435926248, 0.227947420030509, 0.20631934133194035, 0.20533411217166903]}