{"FilterHL": [0.0006100015731975172, 0.0, 0.0, 0.0005784281244436854, 0.0, 0.0, 0.0], "NoiseHL": [0.34559705550635744, 0.3729127483443755, 0.35434194469879454, 0.3952847075210474, 0.3613838209539516, 0.3886613478333254, 0.37443152810313624]}