{"FilterHL": [0.023712352987872373, 0.033698242637683035, 0.026695142353111757, 0.03702378233129945, 0.023619051814532444, 0.036848857370950894, 0.0282413084113734], "NoiseHL": [0.0805326828519703, 0.07513961291971973, 0.09012017558494578, 0.09024749553344524, 0.13391595070723347, 0.16255355312121114, 0.14002689684161626]}