{"FilterHL": [0.009892850075190052, 0.012388979312997228, 0.012371044552961863, 0.015466004701109634, 0.0066379921544849506, 0.007028529066783516, 0.016912646361891562], "NoiseHL": [0.054296282490674, 0.05433124733722142, 0.06273269498280039, 0.07340910485393043, 0.07374857211541322, 0.09915231992784186, 0.08592639827921018]}