{"FilterHL": [0.02724180110676199, 0.05908941222230829, 0.0387920823919425, 0.04083450442268305, 0.024652972972747354, 0.029233976348379112, 0.03440133643944818], "NoiseHL": [0.051639827066153554, 0.07054155904709258, 0.045686889179469975, 0.07204665033103629, 0.03666290592371638, 0.03697431592078473, 0.06659747322641653]}