{"FilterHL": [0.0013914141931236843, 0.0, 0.0, 0.002041019718215498, 0.14366616528636528, 0.13129518424232384, 0.12130815709508042], "NoiseHL": [0.2825738991468142, 0.34075874679429075, 0.3035375752754972, 0.3675635571657941, 0.3189371660220658, 0.28069353526159213, 0.3219801632225007]}