{"FilterHL": [0.026692252083580188, 0.040324772336031885, 0.02870593093653087, 0.0704548262980649, 0.08892102868379945, 0.0932106147538912, 0.06867374795664075], "NoiseHL": [0.19803955681299928, 0.23550104217558746, 0.26202415867142637, 0.2759727118170201, 0.18990726714717146, 0.192671526481353, 0.21334623991573073]}