{"FilterHL": [0.1355847079827637, 0.11416701212130434, 0.09347015406959751, 0.08783948548741898, 0.17332037228624478, 0.13182915939665735, 0.13988274493031266], "NoiseHL": [0.19204311495457638, 0.15174865532980336, 0.17465609385667105, 0.1573198848111855, 0.13996700414740065, 0.164678702243681, 0.13775167957172071]}