{"FilterHL": [0.00010231887756903151, 0.0, 0.0, 0.0003465741747906297, 0.0, 0.0, 8.566865913934725e-05], "NoiseHL": [0.2863094019622411, 0.2963824050818444, 0.2909232592243174, 0.3053053667491258, 0.2963824050818444, 0.29092325922431733, 0.30176153952158696]}