{"FilterHL": [0.03563729275299352, 0.06380604741092964, 0.04090013205562186, 0.03302495549302276, 0.03900028938635411, 0.09716603808355222, 0.03258937985204563], "NoiseHL": [0.07876184851953989, 0.08830133768100892, 0.07894931741094995, 0.06356700726479461, 0.06608228615426431, 0.09152117798837758, 0.06833080862355817]}