{"FilterHL": [0.012597279050272888, 0.02569883643236477, 0.01652988226656275, 0.01552156257027577, 0.032075935372869464, 0.03101346100813339, 0.02919839620968531], "NoiseHL": [0.2215954328806709, 0.20203788506301126, 0.21313690974065688, 0.2124989277455341, 0.20902658437051078, 0.1997856008381151, 0.19740362778290846]}