{"FilterHL": [0.03217672099471409, 0.044819570114451784, 0.02482707717738809, 0.026896251416620002, 0.04810309001987391, 0.07016129576346203, 0.032042551958121765], "NoiseHL": [0.03875312056720807, 0.04265441445654052, 0.044446121913522124, 0.030007892880817125, 0.050922278977151327, 0.06930075156106338, 0.04036743441405326]}