{"FilterHL": [0.014154337118216065, 0.019065596248400533, 0.0236298025386945, 0.009483493436760877, 0.3372274121077678, 0.3150178250980658, 0.3208673343389276], "NoiseHL": [0.33529514976663843, 0.4032674614004414, 0.3411187769675083, 0.44972876681270835, 0.31951871369264595, 0.4025942472148179, 0.35063831171336046]}