{"FilterHL": [0.00347377148332085, 0.015244949692641598, 0.01010781983949369, 0.004596155257989258, 0.004679537825746492, 0.009246434562642765, 0.0171792391755269], "NoiseHL": [0.29908172548730416, 0.29190851393787326, 0.31151929079995083, 0.31058572526597145, 0.31147232497808297, 0.3236038841389034, 0.31237029965792684]}