{"FilterHL": [0.0, 0.007450160061872694, 0.0, 0.042707349379000864, 0.6648761754951008, 0.31889716199706386, 0.0], "NoiseHL": [0.4097615956493523, 0.41475585442735385, 0.6155635904815249, 0.6066365155470808, 0.5907445869409306, 0.596460179724716, 0.6496816044968938]}