{"FilterHL": [0.03082925439651297, 0.04897171196876745, 0.0059318834250305305, 0.05089404005353304, 0.01711552867494554, 0.04958245469465653, 0.21794000273418032], "NoiseHL": [0.46762702013566365, 0.4396652737509956, 0.29385509351583566, 0.30578217391740087, 0.4497811120711726, 0.47528506834118683, 0.29294542286785286]}