{"FilterHL": [0.02494803568059691, 0.02524510404072385, 0.011034847049545863, 0.032923575635589376, 0.028969647490000167, 0.03191799602850832, 0.03803177913330937], "NoiseHL": [0.11348440678095319, 0.12263927618421248, 0.1457212513413844, 0.14379728433256528, 0.1566225795905911, 0.19140601686715858, 0.16324200933865324]}