{"FilterHL": [0.1070858157338413, 0.13632121555947788, 0.12754750868735254, 0.1013937935036341, 0.15377173630682459, 0.11456444347639501, 0.11629392063998827], "NoiseHL": [0.21466275755383915, 0.29692232945911584, 0.3623635921309055, 0.25591000801459796, 0.2569421224676974, 0.319559606574835, 0.3696432077861245]}