{"FilterHL": [0.031178864494460456, 0.05669413951219439, 0.026759042800978922, 0.04072809917842626, 0.019876405766962472, 0.020286340217057497, 0.049421814894646], "NoiseHL": [0.022365140218712474, 0.018620630274095357, 0.018725808235722636, 0.011593998314473372, 0.015276727805057708, 0.012444657852192143, 0.015350137697579572]}