{"FilterHL": [0.03724046099527585, 0.020714679704646657, 0.03936360350942023, 0.02551769812430409, 0.21889038016146323, 0.2581933640193416, 0.2157561698954653], "NoiseHL": [0.353821505223298, 0.3509990633756954, 0.3852863445599561, 0.35368161985388025, 0.5144573657922694, 0.5202288555928639, 0.5133962913137313]}