{"FilterHL": [0.01114450801241494, 0.005530607165737757, 0.008665415327221393, 0.028204170049240928, 0.010113205914943418, 0.007773798952528806, 0.026277136581939264], "NoiseHL": [0.0811854074199312, 0.09132739464514333, 0.10177397552564484, 0.1273005575777987, 0.08659134851539196, 0.08588881437562419, 0.11045659760761539]}