{"FilterHL": [0.0004034604433239667, 0.0009537098431636912, 0.01347230023317403, 0.017684464894505997, 0.0, 0.0, 0.025109823394597844], "NoiseHL": [0.12745679692125242, 0.1837755367050545, 0.1717438825798845, 0.2503957850382202, 0.19317708832355046, 0.22834309600589234, 0.1851936520327017]}