{"FilterHL": [0.006045274257171864, 0.0019791049268644205, 0.020892566060843044, 0.01306645859547701, 0.016168852963653377, 0.0025314963959654187, 0.0039539287092954], "NoiseHL": [0.08872286927436493, 0.14412823647763537, 0.20003396735672846, 0.21244763740386868, 0.14318070738575728, 0.18954239636902293, 0.2205189513135825]}