{"FilterHL": [0.041314307246626034, 0.05396991376148362, 0.04164435590929748, 0.03520491301331681, 0.037591504966986634, 0.043214721948128, 0.028872958217479757], "NoiseHL": [0.06058839431931519, 0.0822963143485162, 0.06412034036172526, 0.060337366554450815, 0.06531058166750728, 0.07795383795018893, 0.08179963024444872]}