{"FilterHL": [0.00364051217878719, 0.0030714319240199434, 0.0, 0.005788605231848309, 0.010202502717115937, 0.008969571471822996, 0.011393596253600712], "NoiseHL": [0.2749773334125651, 0.19707971028506177, 0.2652269334169895, 0.18651009284278738, 0.2853793027819435, 0.17678454743971064, 0.28723702582719046]}