{"FilterHL": [0.03532518877049533, 0.020662678664738053, 0.02166548057493193, 0.049358600977860004, 0.03006940359293587, 0.056082699656256355, 0.06159816737376029], "NoiseHL": [0.07227823914293055, 0.06670880458941227, 0.06617700671091917, 0.0705259965090247, 0.0842128974364469, 0.11154835071277973, 0.0960900019669516]}