{"FilterHL": [0.025516244575603992, 0.045807986491538256, 0.029153736507844707, 0.0327654536169258, 0.024674894602190526, 0.026638478673626637, 0.010631363740311648], "NoiseHL": [0.3456435088058805, 0.3449548597491184, 0.32244238810378073, 0.2996408650391958, 0.3468008302795982, 0.3379016895756913, 0.31518293969005884]}