{"FilterHL": [0.007683317666159491, 0.04312344276565057, 0.018882213151714705, 0.052638547219636275, 0.033827558940592736, 0.017854446709888654, 0.019575825333485043], "NoiseHL": [0.1032163358703721, 0.07117022114893262, 0.10509771014148386, 0.11227749388528731, 0.12546742096071403, 0.1512163706324163, 0.15219583323051894]}