{"FilterHL": [0.0, 0.048567583440425804, 0.0, 0.004161363250477458, 0.0001614619374645745, 0.04027212123514769, 0.013143528567915579], "NoiseHL": [0.2214830616120933, 0.26397971745790083, 0.2740154435715323, 0.3160826482526488, 0.2749773334125651, 0.2623781602224633, 0.322560925753623]}