{"FilterHL": [0.025974985971494568, 0.055754163223613235, 0.03544985587659068, 0.029747112779469242, 0.032221588518161495, 0.032197262621385454, 0.02035948938679407], "NoiseHL": [0.08487191525801079, 0.11421268301360796, 0.11572417790527359, 0.12161314569156378, 0.1067428463307995, 0.09985755330497494, 0.12790401249460903]}