{"FilterHL": [0.02581763093174566, 0.043895510084713346, 0.014301746261910057, 0.07281760679233593, 0.09550050216718528, 0.1333168667833358, 0.08932668827375267], "NoiseHL": [0.042492847938133814, 0.08850917652642765, 0.037935717044092356, 0.09049479547754753, 0.10329512929775395, 0.12033123846409696, 0.08880436864500887]}