{"FilterHL": [0.020902615931571517, 0.013258758600605039, 0.011097542862805645, 0.023337100055334705, 0.025728879125034642, 0.015373663178533408, 0.038386605712408844], "NoiseHL": [0.1374053189041399, 0.1404903880937181, 0.13173137605437196, 0.1303771014897218, 0.14554847031636042, 0.1464571378315978, 0.13940385208520328]}