{"FilterHL": [0.00967856476038934, 0.044603227832306636, 0.009069136336505601, 0.035643072600344355, 0.29833328147444976, 0.30231700051695837, 0.29440622142323314], "NoiseHL": [0.29638743303509896, 0.33094938719099515, 0.2802534681689176, 0.35286393012585066, 0.17550980214992842, 0.2567606085570063, 0.18946066776818518]}