{"FilterHL": [0.008253448011314385, 0.01627421044897763, 0.004208530153586936, 0.013590810832915785, 0.19734582140760756, 0.20459160946390942, 0.31411980342967266], "NoiseHL": [0.45505243896370134, 0.34768264433402135, 0.5008830938520038, 0.42517509855541175, 0.41804061411022736, 0.3132337343662883, 0.48198328747961916]}