{"FilterHL": [0.1469601441739625, 0.19408636536274013, 0.269123834381891, 0.1174375353690606, 0.3253895964366875, 0.3190852989337816, 0.40660090324683384], "NoiseHL": [0.5258493870411955, 0.5386858502946399, 0.5702089622466378, 0.5193754457901241, 0.583567736762588, 0.5774827378436536, 0.6161897006485102]}