{"FilterHL": [0.03422327117869219, 0.030767176719606968, 0.026049463875620744, 0.0381790791878361, 0.010509644880429266, 0.054457798594847465, 0.009520134316321758], "NoiseHL": [0.1438561955930805, 0.17859135295791423, 0.19354062871554958, 0.19073478729597726, 0.18825407017083196, 0.21728938490304317, 0.22532545366899825]}