{"FilterHL": [0.031206120785628105, 0.04987647423154337, 0.029554845714394495, 0.06669424157914865, 0.04951471269880159, 0.10572622924461442, 0.0669492832559127], "NoiseHL": [0.21158376555000427, 0.1575126869234238, 0.16343421935759292, 0.13855262288811665, 0.20303221332805751, 0.1828098749405747, 0.14649377364052518]}