{"FilterHL": [0.011310705969990979, 0.016351784469481732, 0.003893961605466729, 0.007120788017531245, 0.009768968592155414, 0.003173129857485756, 0.013718251208337551], "NoiseHL": [0.07566368308618254, 0.10523221838464909, 0.1368962609053638, 0.1667677666292609, 0.08659710504503053, 0.10925417019836828, 0.11747423412760011]}