{"FilterHL": [0.047910496068207555, 0.042911278083992706, 0.03820938991500188, 0.0255045047809243, 0.052861359549129766, 0.05717791931320077, 0.05338046640925325], "NoiseHL": [0.10433227511758636, 0.10874210302856294, 0.07999447146725083, 0.1083695617127999, 0.09778205151118596, 0.09983005267016629, 0.09772863811869002]}