{"FilterHL": [0.020458848412228812, 0.0, 0.00922567749283131, 0.015488531955285588, 0.0, 0.001277972558809549, 0.007628002946951209], "NoiseHL": [0.16032218327974912, 0.2520758735267398, 0.17126517235639005, 0.23940690226632053, 0.20467814417459612, 0.25516228884138725, 0.20130010840855023]}