{"FilterHL": [0.01828568113522278, 0.02598569109374342, 0.018033639840063103, 0.027594126788793714, 0.012381660723668352, 0.044125911327210735, 0.02559158584008194], "NoiseHL": [0.3048704781516982, 0.3660535330981341, 0.29861830364777714, 0.36771285193237563, 0.33934362649091043, 0.39316649545774407, 0.34086141241018514]}