{"FilterHL": [0.00014034185917721222, 0.0001934805049993121, 0.0, 0.0, 0.0007845773843777492, 0.005838748406056446, 0.006567730192623073], "NoiseHL": [0.1665177944500141, 0.2144269219230429, 0.18100629468644155, 0.2120278888000165, 0.21798069666140013, 0.2372144506373005, 0.24154202878078954]}