{"FilterHL": [0.023238357861896007, 0.05201541835923458, 0.004979122428320687, 0.04013634297768541, 0.015790617386912, 0.04775645455904688, 0.009288278470541499], "NoiseHL": [0.34795398953407564, 0.42444385221647096, 0.4157257518485977, 0.3706016743991064, 0.3243594862170945, 0.34237520089394546, 0.38620548184898784]}