{"FilterHL": [0.008793975491019276, 0.022653747314772668, 0.028458184783826855, 0.03150086925614588, 0.015606940816617083, 0.02456528938843759, 0.01947323360906866], "NoiseHL": [0.15461224282935812, 0.16814130281250417, 0.1309582072015184, 0.14936197519522532, 0.07674628252176473, 0.07480632813952928, 0.09956083260499231]}