{"FilterHL": [0.03899226303646431, 0.06359777419405467, 0.0381261121475003, 0.0286260326931911, 0.05468616674144694, 0.052824260867821674, 0.05845693389162284], "NoiseHL": [0.18855484139904136, 0.17638459699891096, 0.16187249085375918, 0.15173601808738998, 0.17148641342512688, 0.16514428208592066, 0.1891897058756378]}