{"FilterHL": [0.03234998525360814, 0.02878550658811487, 0.021541731922289788, 0.028611232669149535, 0.0479402446553018, 0.03612583245364138, 0.032501716342346776], "NoiseHL": [0.1126795775901918, 0.16962926640023962, 0.1560785492221442, 0.2130830475607348, 0.10619199781780914, 0.15516968136395307, 0.14612746761507545]}