{"FilterHL": [0.019551632077762806, 0.016381464084827685, 0.023043460226588937, 0.02082013548174252, 0.03029412321227927, 0.018479908954262242, 0.020845203483461767], "NoiseHL": [0.18345954018663804, 0.20764691160937326, 0.1778462753321503, 0.19066068686227625, 0.20531393941230347, 0.20418415607209717, 0.2163791221516545]}