{"FilterHL": [0.0036983177450645344, 0.014585013280042873, 0.010295758820477664, 0.004159113214267307, 0.00611836619448837, 0.00744937131528337, 0.019216159450369984], "NoiseHL": [0.16170742868939167, 0.12623884559810775, 0.17495123507889063, 0.15401397492014426, 0.19205919238621322, 0.20937936755302344, 0.21233635853202001]}