{"FilterHL": [0.031196145598664453, 0.01677555895176286, 0.029098702951095932, 0.040909166273809264, 0.027976880193591947, 0.032274987067659605, 0.02833819335878824], "NoiseHL": [0.12210190874402496, 0.10564279212051682, 0.09972746828626612, 0.09957530950239092, 0.16131655572335352, 0.1971777694202795, 0.1645428578931561]}