{"FilterHL": [0.016135821621911184, 0.0193828003045179, 0.009941608657077751, 0.023168180606294834, 0.01891373850918741, 0.01309191634976476, 0.038411163394519485], "NoiseHL": [0.045338899276985166, 0.07578752747465392, 0.11779742841939007, 0.1269698111415005, 0.0768233386046693, 0.05971182923423587, 0.14337027645443473]}