{"FilterHL": [9.182287140921817e-05, 0.00017195897756991672, 7.121068627068274e-05, 0.0, 0.006747386764723425, 0.00017195897756991672, 0.0], "NoiseHL": [0.329265981228787, 0.29183887160721417, 0.3309260823077595, 0.2954782282049058, 0.35355339059327373, 0.29183887160721417, 0.32508767843708475]}