{"FilterHL": [0.014685409323242166, 0.0034462548495993676, 0.01705963597874217, 0.009777981690566592, 0.011263807821172698, 0.025951861211327934, 0.014022391565723205], "NoiseHL": [0.227475461294804, 0.25620345401632144, 0.23019978058910945, 0.28268011333414705, 0.2552088427725776, 0.3088172444496366, 0.27173923679832973]}