{"FilterHL": [0.024244648620539745, 0.03397530773404813, 0.019317594723588016, 0.017202247173520497, 0.03969165348476645, 0.028706088626733784, 0.020938801424717164], "NoiseHL": [0.23089656156922, 0.26729948457570113, 0.22972309965212118, 0.2844604408222515, 0.24364711665633781, 0.263954553573956, 0.2284716101581221]}