{"FilterHL": [0.0010382693502510505, 0.031557061916899824, 0.025076088849432816, 0.005204434373447945, 0.006198036967938298, 0.03898549231655865, 0.016468109205046544], "NoiseHL": [0.3184374545955359, 0.34480878738280163, 0.3307914191457265, 0.34538654294236093, 0.37307997677398835, 0.3545180814930607, 0.3601593741454499]}