{"FilterHL": [0.002930732741644219, 0.018364176825549094, 0.007935518939752542, 0.03971776404740821, 0.20880806525984358, 0.08196353517102521, 0.230506120343411], "NoiseHL": [0.3026657786268659, 0.2545795363817195, 0.31056395803243775, 0.2717800593738221, 0.18317558775137024, 0.16339312569866832, 0.17520927618831797]}