{"FilterHL": [8.077904922303299e-05, 1.8755372460752573e-06, 0.0031669609509400384, 0.0070993066301792635, 0.021090982680349528, 0.026152157469699427, 0.005677594158284036], "NoiseHL": [0.13502822103059414, 0.15880924869119284, 0.1564685718688402, 0.16466166540755334, 0.1823976236205261, 0.2009579121422361, 0.1796067636529137]}