{"FilterHL": [0.01274802040799297, 0.014520573484833214, 0.008196498249218366, 0.02359837518228428, 0.030909418005102277, 0.007422443269997533, 0.018497469720387162], "NoiseHL": [0.18699199731516158, 0.1722793285263681, 0.17985955856726976, 0.1367979292216688, 0.24149470555053043, 0.20502979460545462, 0.2231568509440209]}