{"FilterHL": [0.01793249652892002, 0.030255296636049953, 0.020832532500393682, 0.02132553529912538, 0.01567555596444498, 0.015172182706760184, 0.013058859460018444], "NoiseHL": [0.07017051456915993, 0.0828972714275902, 0.07380965163433315, 0.0891518942147226, 0.03850791428310946, 0.05097861063489714, 0.03889690424520647]}