{"FilterHL": [0.06744638272309239, 0.06563890937679624, 0.024589498353563076, 0.03779769493304556, 0.03324401540673445, 0.047889755394063906, 0.05706485727268892], "NoiseHL": [0.1936173416586535, 0.1284487452230981, 0.13450802356815564, 0.1739207180550593, 0.21814340270206417, 0.24869647744072768, 0.23763127094914874]}