{"FilterHL": [0.028221653412889947, 0.019989914658618897, 0.013745260032828535, 0.03417894886824726, 0.011065239102059048, 0.02407119662986988, 0.03450870335558185], "NoiseHL": [0.2341319259047071, 0.2957234491734675, 0.2165069555436852, 0.280416800800289, 0.22127314598016642, 0.2992293047762298, 0.22614348308001866]}