{"FilterHL": [0.02762218220621826, 0.037168481216166956, 0.023334754889018643, 0.03278352004152194, 0.016505365240803416, 0.02926236787627439, 0.034968923377170356], "NoiseHL": [0.029282119573211095, 0.05560286947960748, 0.03498457258144097, 0.04420098103433322, 0.011524351159689247, 0.03590290430504578, 0.04222859499917961]}