{"FilterHL": [0.0008221096465047264, 0.0, 0.00876143385352775, 0.005906089344209631, 0.0, 0.15341455905810078, 0.10873133590170614], "NoiseHL": [0.3683309749787435, 0.45086383864879576, 0.37947605135408646, 0.48823293576466004, 0.4047307623393257, 0.37596472834356437, 0.3937951624144382]}