{"FilterHL": [0.004674110194219727, 0.011107528438489833, 0.00886033836643306, 0.003815972107723756, 0.006173365003064052, 0.008003421342903548, 0.01760658262250247], "NoiseHL": [0.0941635358532994, 0.0965561268524035, 0.1865076679070543, 0.17104408243428926, 0.0767350736037371, 0.09927869896096456, 0.09147218434719603]}