{"FilterHL": [0.03493151590036687, 0.06011364323669358, 0.055843276527671806, 0.05216460015991004, 0.056528421194718015, 0.050445399307884706, 0.06689654613539217], "NoiseHL": [0.06131363620163054, 0.07200143061089714, 0.0753560039564941, 0.08121846214687513, 0.0678338467282211, 0.05529176233997849, 0.06290386976108778]}