{"FilterHL": [0.034493857076276, 0.031271467441403085, 0.0327439210576184, 0.034187874502444315, 0.030172354205951886, 0.033707621502917895, 0.04066014331788646], "NoiseHL": [0.2990996117682137, 0.2946643119948933, 0.2969359210803128, 0.28455520893842456, 0.2947262625917421, 0.3020631275301786, 0.3083074567310504]}