{"FilterHL": [0.009464759892373152, 0.02085363156303162, 0.006418010508156442, 0.0159890828390888, 0.010701996499453529, 0.029817949456301486, 0.04398880743259236], "NoiseHL": [0.17827714283478716, 0.2022740627584421, 0.1825360207152509, 0.18682618133836446, 0.19975434748758755, 0.1931787900373459, 0.20471537432044096]}