{"FilterHL": [0.029105694482269268, 0.047781950254679684, 0.042885185237889846, 0.05990313237031459, 0.06632756390955198, 0.09758029153715461, 0.06823796038958595], "NoiseHL": [0.21871176896104497, 0.23176541835711345, 0.2553180851720957, 0.27441945479545166, 0.22113328149977274, 0.22552275589288534, 0.2522847341923231]}