{"FilterHL": [0.011518770017658225, 0.0056025316649350974, 0.004042803353362976, 0.006462607599455613, 0.0042347664477568395, 0.009809841143982874, 0.020209865396392735], "NoiseHL": [0.12904443341918856, 0.19503206842867857, 0.1579281880720784, 0.23357349639977507, 0.13623423540903457, 0.1787515991466489, 0.16960617177315215]}