{"FilterHL": [0.06451177404221496, 0.06350700543122677, 0.21586301962437948, 0.13628896804431595, 0.11441114585734212, 0.20764869693939658, 0.03591614115535597], "NoiseHL": [0.5407306408471096, 0.5459244747162313, 0.5955777633030904, 0.5829347172250814, 0.5864226836140223, 0.5850954638025475, 0.524912734341917]}