{"FilterHL": [0.0042050188003569106, 0.04315886405594703, 0.09605209239217262, 0.002002260243604013, 0.7071067811865475, 0.6602724325823885, 0.6396792976917842], "NoiseHL": [0.6555463467860544, 0.6277368317612655, 0.5952363835244944, 0.5640970597647783, 0.7147448005560592, 0.7172659137677173, 0.7261514846780578]}