{"FilterHL": [0.028569813483785293, 0.05079790655734083, 0.02434075217304491, 0.027253673957002945, 0.025498926658946423, 0.03927341288451716, 0.014774140692992151], "NoiseHL": [0.16205180288915055, 0.1743191860106632, 0.21185635469351283, 0.22556619560710817, 0.1660174713258626, 0.14210785116983862, 0.2169497936978244]}