{"FilterHL": [0.03306554351322406, 0.03300519136520434, 0.03878797463428035, 0.022362342312991793, 0.04964452664851776, 0.013948478915041692, 0.05661247567311673], "NoiseHL": [0.20279675694317378, 0.16979777684545935, 0.17049030046951297, 0.17042753639554947, 0.1890331456624312, 0.2090017882524184, 0.16474789121840258]}