{"FilterHL": [0.02926153747101353, 0.04025285691353855, 0.021903512940358704, 0.031790342352838424, 0.024814480816119363, 0.031987244341177334, 0.013919206649005578], "NoiseHL": [0.049711611220250196, 0.03891453801591026, 0.06206494929061232, 0.05052867184803422, 0.12082626123510663, 0.13323436384636167, 0.1225691023614094]}