{"FilterHL": [0.07267067368002261, 0.07036740245489236, 0.05217072265317567, 0.06417965953805861, 0.0755185511624122, 0.07926379069957963, 0.05688041941295167], "NoiseHL": [0.09189595151758018, 0.07001752278594375, 0.07100948372879387, 0.05749438012867337, 0.08609587339241727, 0.07503106540186895, 0.07474912717237213]}