{"FilterHL": [0.0339394613693191, 0.04052987085152384, 0.0447750445418248, 0.04635091187038261, 0.03479788310076668, 0.01983985475321426, 0.024158435106632896], "NoiseHL": [0.035229075561046895, 0.05944803407991844, 0.045623930380920684, 0.05956952290153439, 0.03919746901379869, 0.03148477568128411, 0.03349474627508455]}