{"FilterHL": [0.007963588852176386, 0.034658022444244194, 0.1066517305555916, 0.021173849538227933, 0.017867532158324612, 0.03125588571894166, 0.07213563299644243], "NoiseHL": [0.19599880594442112, 0.2875718044356955, 0.22820526794386334, 0.2684040592572106, 0.26144792843089415, 0.33085910971726284, 0.26194759834193976]}