{"FilterHL": [0.05036317901289071, 0.063897510004315, 0.0337777463759114, 0.051366231061387276, 0.06640922491443081, 0.07480913372639444, 0.05001676833708554], "NoiseHL": [0.13004654076290223, 0.15057388521368106, 0.08903522319932765, 0.12258696253420749, 0.1356026728391465, 0.15921202292571665, 0.10330746873863146]}