{"FilterHL": [0.004450777260789365, 0.04834790077003271, 0.027921414611964804, 0.0006849287854390068, 0.02315308312760013, 0.030974322578374083, 0.010183313599184667], "NoiseHL": [0.09168168039320337, 0.1363395876335896, 0.13614193649389436, 0.12097317285651665, 0.15308120797665367, 0.1769313511493242, 0.14780519652898008]}