{"FilterHL": [0.029821933537578914, 0.030696536571566912, 0.011342430220700648, 0.04544036676593398, 0.04423884690507786, 0.03579072714437153, 0.04184889718319293], "NoiseHL": [0.30354141687664576, 0.34266545510958, 0.3112576139027303, 0.46570136335842177, 0.3290034175317359, 0.3230164655497697, 0.44550111135754267]}