{"FilterHL": [0.004918184576867239, 0.0071554043489431875, 0.014604045289434538, 0.0070370164761912, 0.0034197144721614925, 0.012865071669540195, 0.016972058002232792], "NoiseHL": [0.1650398383513258, 0.17031037786647663, 0.20546534929414004, 0.20045222290697132, 0.16114137453765115, 0.12816077895703754, 0.19708986299021616]}