{"FilterHL": [0.022848124880777147, 0.03463207488429567, 0.017688594447448608, 0.020346288889639335, 0.011081773261116337, 0.015393929064461265, 0.02462399639612762], "NoiseHL": [0.21267280293669194, 0.2027795022957756, 0.26245239299557155, 0.25593194669288616, 0.22135087484301735, 0.2020722303504054, 0.26372628396574405]}