{"FilterHL": [0.020866713724879138, 0.03569798112700123, 0.018063977845066574, 0.023899263250324942, 0.019231484292038466, 0.037403108104397065, 0.039271848028379915], "NoiseHL": [0.22093332307757618, 0.2159996492984763, 0.22284250625241453, 0.2190921984573239, 0.22893140262411685, 0.2058880531404166, 0.228991903540732]}