{"FilterHL": [0.01149520754360353, 0.0011909348818648332, 0.007648770133426074, 0.014579821048088762, 0.021982370076950093, 0.0532250541793657, 0.11460539470939406], "NoiseHL": [0.15242146641986018, 0.2632403118070741, 0.30485817121489944, 0.34318861857029903, 0.31660503303722437, 0.37594616768610584, 0.22329537242808498]}