{"FilterHL": [0.028524257449802217, 0.04681825646023779, 0.0042730028450918105, 0.036362469293820754, 0.00802365525894449, 0.03991293930438955, 0.010747560675131962], "NoiseHL": [0.08272681393500295, 0.0991946976513833, 0.09440906112400382, 0.07652651325888535, 0.11585846330115582, 0.13841252614861024, 0.11800388600450017]}