{"FilterHL": [0.0013405034824722827, 0.028457980910663195, 0.016538167506180642, 0.0030723081998291256, 0.004967468103389444, 0.010285989748059648, 0.007866494469932192], "NoiseHL": [0.09410554169359168, 0.14526495320347896, 0.11502409820033911, 0.1336030746401292, 0.11742887113620741, 0.16939422673998553, 0.12758296545715966]}