{"FilterHL": [0.01947951850757056, 0.023766996526383363, 0.03620769078144984, 0.02004855098847669, 0.02651779001265387, 0.06912030228773583, 0.020727702251603537], "NoiseHL": [0.18599313759601488, 0.19975746817727405, 0.19355888042436767, 0.20844435826823007, 0.23772394781955639, 0.24684169824674873, 0.2673607824345804]}