{"FilterHL": [0.0021191791631295456, 0.0, 0.0, 0.0035336546757742493, 0.0, 0.0, 0.0], "NoiseHL": [0.5418340062084677, 0.5742492220954891, 0.5774207465179327, 0.6047266135881041, 0.5520248108869579, 0.5660012375502276, 0.5640970597647783]}