{"FilterHL": [0.03497642749315565, 0.04858313297565169, 0.014354884074926261, 0.03715931009210408, 0.02077770020851472, 0.034410241297416565, 0.04425827493659421], "NoiseHL": [0.09924604612900191, 0.109381546173119, 0.10064633713537587, 0.12457906464092586, 0.10822450118063734, 0.136996004296368, 0.12375925058361378]}