{"FilterHL": [0.011733049924637702, 0.020946147865187066, 0.012003598724684632, 0.01761070141437391, 0.009103766358070187, 0.001412295765455422, 0.021862824146003903], "NoiseHL": [0.3909010556023551, 0.40984710046522893, 0.4885646298499057, 0.497120416072725, 0.3500611837684385, 0.3909015151364681, 0.4176778327704652]}