{"FilterHL": [0.010135254066561072, 0.017994308018411415, 0.0018886658698149556, 0.03899006645596504, 0.012641352409826506, 0.011321710791340204, 0.02298341265602742], "NoiseHL": [0.0704107920517691, 0.13754456279854993, 0.11734693228859339, 0.12940028373094387, 0.09966784589936167, 0.13880813285536486, 0.11383523748872876]}