{"FilterHL": [0.031783992329165955, 0.05570953990818415, 0.036026142718596006, 0.044453245263899606, 0.03716673315175533, 0.03695173967769084, 0.03641341388485316], "NoiseHL": [0.05139264373347144, 0.05776372193275382, 0.06770583075858037, 0.07918292947542187, 0.063781106249488, 0.07560184705544669, 0.05960533509580346]}