{"FilterHL": [0.21420625657469708, 0.14741136228068494, 0.1641808130294599, 0.15822059715557718, 0.1859200636017625, 0.18040713405575032, 0.2325789208241495], "NoiseHL": [0.5296573858705592, 0.5818818893845724, 0.5278664768268388, 0.5833717528676592, 0.5351350272164979, 0.5995013417839979, 0.5475666511482686]}