{"FilterHL": [0.012586648372356088, 0.023057532058546566, 0.002354633305705888, 0.0089518280009267, 0.013619596726243239, 0.011999162990241032, 0.00966790659573186], "NoiseHL": [0.13401019643442755, 0.17163377394411888, 0.13563960431715724, 0.1851472527247871, 0.11140033359366981, 0.15827320400072786, 0.12144865060519035]}