{"FilterHL": [0.0, 0.03639607308211155, 0.00046222805038626994, 0.00874748256176156, 0.0, 0.03975049481927316, 0.02498530230451621], "NoiseHL": [0.33257992735227315, 0.3040942621760278, 0.3698625321544197, 0.32086935542521255, 0.36370975920756327, 0.3579519644415479, 0.4076101029073054]}