{"FilterHL": [0.014894286485037132, 0.029522408968843835, 0.015424081400095595, 0.029999801980644704, 0.024333044983813695, 0.04103664053800359, 0.04310519282103087], "NoiseHL": [0.4941546900760545, 0.5411094953932006, 0.4810417266722919, 0.5660021555773131, 0.5245694453893831, 0.5577481973131371, 0.5386493303455063]}