{"FilterHL": [0.037023667958450635, 0.03557690276519034, 0.03491693245660595, 0.042393044258821656, 0.029646515861872263, 0.05436961010428162, 0.045230459392280875], "NoiseHL": [0.0692861653488689, 0.06553713863954977, 0.08375925448457265, 0.06685657330321362, 0.06752555045735835, 0.11270957755433605, 0.06989710860591557]}