{"FilterHL": [0.04887075307616875, 0.2628349600837318, 0.13855275307165263, 0.09603580326798383, 0.13483818528232625, 0.10331429278849442, 0.1065118005440111], "NoiseHL": [0.558537803422482, 0.527192614557521, 0.5623543927788979, 0.5351668945279229, 0.504786618479978, 0.47819998281648424, 0.5562345471190772]}