{"FilterHL": [0.02313081600398664, 0.03631417444551262, 0.024064319266373858, 0.021042640315783418, 0.01362665721337396, 0.026828898177871825, 0.018388986116013258], "NoiseHL": [0.16480666514169676, 0.176260744911359, 0.19976019319119667, 0.21464633852296194, 0.17830558963082777, 0.15780297909926003, 0.18501867458764762]}