{"FilterHL": [4.7184971225680365e-05, 0.0005255346867573958, 0.0, 0.00011770487103281801, 0.0, 0.0024381206295532943, 0.005277959667012102], "NoiseHL": [0.30176153952158696, 0.35512924987693184, 0.33586924850133365, 0.3527635782183037, 0.3431841512317855, 0.3621602913026009, 0.3690972973785796]}