{"FilterHL": [0.01552979342457067, 0.013977034332522887, 0.003669455720960138, 0.02175325803883096, 0.039941258192003615, 0.02017550479166852, 0.03364181734968815], "NoiseHL": [0.2598079452488419, 0.34237735818479165, 0.36979348479333785, 0.42814256216423047, 0.2730979875315519, 0.3227813839603468, 0.36885730616222706]}