{"FilterHL": [0.012426234746954253, 0.014216430565930308, 0.014730188113077239, 0.005226374752522342, 0.017053781172494637, 0.004198599675266485, 0.020959926701845707], "NoiseHL": [0.202188060816906, 0.24061464037934202, 0.22289578885722752, 0.2226429714166726, 0.23431747384086649, 0.23071289705128387, 0.24210205195616702]}