{"FilterHL": [0.06585889923798628, 0.07497194478032945, 0.13220208058545768, 0.2019616238227434, 0.2605018213187868, 0.37022210854284227, 0.06288747204411135], "NoiseHL": [0.35283415821480874, 0.3915944853898189, 0.521517166771473, 0.5186513480217381, 0.5316670766519088, 0.5285308395642894, 0.41129968788156807]}