{"FilterHL": [0.0028946601434165025, 0.03541747272828567, 0.001530054413396858, 0.005108687985094266, 0.015794468811900855, 0.0014492486585349063, 0.038425812262404366], "NoiseHL": [0.09878242899382882, 0.11110891716514824, 0.12536073765442213, 0.1374660534601442, 0.1882812255910286, 0.19959841689187333, 0.16565186391032488]}