{"FilterHL": [0.010561728252393586, 0.04940499942583974, 0.013738217836698523, 0.033458995948035294, 0.011010113157354336, 0.019953831240838098, 0.021659892496373748], "NoiseHL": [0.09794710980007776, 0.1629589852379797, 0.12396013733398902, 0.18458883130294082, 0.17538861612156523, 0.17369326667282672, 0.18923667848656978]}