{"FilterHL": [0.0025749084858573724, 0.013705942588573473, 0.011291760379332815, 0.006204701549538982, 0.00429279672071341, 0.006400697639342355, 0.019705516154932035], "NoiseHL": [0.2703105381547288, 0.34081437779970764, 0.2720995882661503, 0.3737619556941246, 0.3480149979683209, 0.3813725080269821, 0.3191880194311876]}