{"FilterHL": [0.03711350917018951, 0.05747484474289393, 0.009291759297317573, 0.026658920126693523, 0.02988999649932712, 0.03169871638658326, 0.011505990618960066], "NoiseHL": [0.01850988313218897, 0.028079512270377596, 0.21421074474844823, 0.22246546793248656, 0.03430995325032306, 0.023776467320851497, 0.20893864875448073]}