{"FilterHL": [0.07834663471260715, 0.05652549334385324, 0.05303439379568498, 0.07406734950599363, 0.07262903196238969, 0.05732751755015958, 0.07600435931403639], "NoiseHL": [0.22747259163323091, 0.257875210964364, 0.23122561495364927, 0.2623529974761779, 0.2433564296037665, 0.3085800798532009, 0.2530103834713975]}