{"FilterHL": [0.001193824489584621, 0.0029731265926341986, 0.004784349636326588, 0.005782517146587129, 0.0021315543955943254, 0.00444624421195147, 0.011756238991552367], "NoiseHL": [0.13547590107606275, 0.12005155802180333, 0.1494416761765794, 0.14403169135291735, 0.1632451463397273, 0.17744205871037005, 0.1878581539362062]}