{"FilterHL": [0.04084643131892198, 0.060759929165901304, 0.049526115163429155, 0.027222759431470376, 0.019344223540848426, 0.029888037330282575, 0.046361064734965776], "NoiseHL": [0.05014656100800833, 0.06821861404478609, 0.10202708563838965, 0.09382312635470798, 0.057513618401410144, 0.04298933196185485, 0.09270739986505776]}