{"FilterHL": [0.006535514025344036, 0.023939163537186944, 0.015955993778670182, 0.009757889546353536, 0.005387512466375978, 0.014870652667066156, 0.03175941944000153], "NoiseHL": [0.05853979559873536, 0.08283727853914695, 0.07344879349225622, 0.07345539853058781, 0.0626214791143799, 0.08282386700451974, 0.08857881664415593]}