{"FilterHL": [0.01766833164937678, 0.016867864479203475, 0.05780127759066535, 0.03343225763159651, 0.0279178370086869, 0.0030136361562993048, 0.03254633266412552], "NoiseHL": [0.23692038893478196, 0.2765189806817512, 0.2757292422170379, 0.3000184378649817, 0.2536420908298216, 0.2891688520399048, 0.29925475349500125]}