{"FilterHL": [0.014225174657596215, 0.00843883980564108, 0.003331259654596213, 0.019342005803708342, 0.01115120213406321, 0.015704046492359302, 0.009518932464955231], "NoiseHL": [0.26861250492441, 0.2882522029029354, 0.2681857404910922, 0.3217243043705097, 0.2552031975222375, 0.26752887238311257, 0.27121474722416594]}