{"FilterHL": [0.010682603319445028, 0.008963473091170833, 0.028563198869521682, 0.00860001652981525, 0.02033353806174001, 0.00954543589145145, 0.02777796568423552], "NoiseHL": [0.15751905735617713, 0.19920896421819134, 0.17122420780776174, 0.22306389317102981, 0.19881983129844977, 0.2609900968391585, 0.19772003550736714]}