{"FilterHL": [0.03959569269419064, 0.051293815842007, 0.03269388526854, 0.029897349585653904, 0.03905773744992869, 0.027899431110670073, 0.05816458298417186], "NoiseHL": [0.03263844666534197, 0.05874274749922577, 0.03175239816490884, 0.03937690837134067, 0.04050497637342216, 0.03475078070866111, 0.05739000311144544]}