{"FilterHL": [0.0, 0.0, 0.00014740289298496045, 0.00017042024507418654, 0.0017799944533524467, 0.00017042024507418654, 0.0], "NoiseHL": [0.11082626344894847, 0.17245022900462764, 0.12549508256710148, 0.18100629468644155, 0.14395320073022042, 0.18100629468644155, 0.16950843122097695]}