{"FilterHL": [0.00020568546252867583, 0.0, 0.0, 0.022131560334402046, 0.0, 0.0, 0.025293655309406166], "NoiseHL": [0.32424710260113027, 0.41261982749319664, 0.43647495296203576, 0.4422750237115779, 0.37062668702463764, 0.40832802178721894, 0.4625995950787845]}