{"FilterHL": [0.030475291547418862, 0.03948973193044069, 0.0450056377464554, 0.03182932788120139, 0.04401667759832379, 0.0487251829507987, 0.044730705359890724], "NoiseHL": [0.0766844481617311, 0.07096792347663601, 0.06670704609520163, 0.08700858076142523, 0.08767154942149843, 0.08300786381954979, 0.08320635554798705]}