{"FilterHL": [0.004818951166624822, 0.01451409517931839, 0.006533733034554266, 0.005071493799928242, 0.006185329714828296, 0.00496742318791929, 0.01939305146725235], "NoiseHL": [0.09803003945946659, 0.15449029961127747, 0.20974198664398452, 0.22956507736319026, 0.11647250796914303, 0.14246523175191422, 0.171584374733708]}