{"FilterHL": [0.0285091971321954, 0.0, 0.028006359537738456, 0.012214558238748157, 0.018637628982386058, 0.027184295624057234, 0.018122103561692384], "NoiseHL": [0.30825165126730003, 0.4232371131703468, 0.33473998677542355, 0.4296612309460732, 0.3023561133865748, 0.4519176118624543, 0.30559730948523445]}