{"FilterHL": [0.015808716811445352, 0.02413224032845507, 0.019638262299908255, 0.028324634528935258, 0.012842341723266645, 0.023360111031700354, 0.03176424565355705], "NoiseHL": [0.1697424525595151, 0.1735628109960919, 0.16250884440920532, 0.16234302448013246, 0.18665254315215896, 0.14702147536768476, 0.1775114339835384]}