{"FilterHL": [0.03098059100837632, 0.023940944686739997, 0.01433675103628518, 0.03707114713952484, 0.014844529335602286, 0.027199543764877248, 0.017410924047949135], "NoiseHL": [0.099140444849234, 0.19915830693379669, 0.10797836925579862, 0.17534882814635275, 0.11715421975823559, 0.2029791255453482, 0.14449950319844856]}