{"FilterHL": [0.0039270492106365336, 0.015406346193486459, 0.011865065301435367, 0.005878536304021149, 0.005256295262107855, 0.007982472160764715, 0.02082534279021142], "NoiseHL": [0.21563920981137993, 0.2350641433574027, 0.19318507112308544, 0.2144816890786165, 0.22265868351749912, 0.23632177460111709, 0.22148927480141628]}