{"FilterHL": [0.034198449261176045, 0.046965378748489044, 0.026285451398686287, 0.02291480558248884, 0.019150444504361073, 0.03361267263460141, 0.02971102147989985], "NoiseHL": [0.19439110554688052, 0.22893277304393606, 0.17184720392989666, 0.1990331766155183, 0.19628167749463227, 0.23383645699658462, 0.18609731537219773]}