{"FilterHL": [0.00578810796598697, 0.010116623099343884, 0.0, 4.0925774250647704e-05, 0.014702921576541413, 0.007665135530988855, 0.0009403313745447187], "NoiseHL": [0.19192275780409176, 0.1840822957648216, 0.20591966788584048, 0.2305892712780783, 0.2110722445693676, 0.19453481825485053, 0.23612166756010977]}