{"FilterHL": [0.0, 0.0, 0.00023810656304560908, 0.0006303341868951142, 0.0, 0.004244238957133004, 0.001928952755632677], "NoiseHL": [0.2612408472229728, 0.272083122635683, 0.2458027183570052, 0.27879713016662017, 0.2672010060207921, 0.2900052920042101, 0.28444670306439407]}