{"FilterHL": [0.027368743918571265, 0.03595830062791994, 0.033642201727572214, 0.03490920756754866, 0.03672318358901996, 0.04019483042291395, 0.03627043235139324], "NoiseHL": [0.026831491367011504, 0.05002906720799044, 0.043081703525115436, 0.035613659162141494, 0.046939215753978296, 0.05590287992154409, 0.0418324087863077]}