{"FilterHL": [0.025917371833880546, 0.03476081659666569, 0.022617056739929867, 0.016212228993631596, 0.05708924363573664, 0.06969559283438326, 0.05803643229410008], "NoiseHL": [0.2831723985925135, 0.25809315439787284, 0.270343959146153, 0.2638203753960261, 0.33069404918409034, 0.33096181926603974, 0.3207616196936166]}