{"FilterHL": [0.012614291497998312, 0.022777366559614362, 0.00524490522048483, 0.00941821582577045, 0.011959776615182185, 0.007010750092906731, 0.015912427991230195], "NoiseHL": [0.0677147625345856, 0.17394006119412747, 0.08888346027197801, 0.16685197204958904, 0.11982058926884685, 0.19869101407179454, 0.14190035612741328]}