{"FilterHL": [0.0005649372829348243, 0.01863770418581874, 0.008113740564802232, 0.0006331653380166896, 0.001949331076506209, 0.0027495114241383616, 0.006315543675102869], "NoiseHL": [0.1178716047680154, 0.14243870202096598, 0.11842897579547165, 0.147532800782194, 0.12844190581480178, 0.1586838510454545, 0.1493800390159996]}