{"FilterHL": [0.021910179026729315, 0.03958912951717638, 0.02505279522922909, 0.02748488837467328, 0.019704658373278734, 0.0355713227608802, 0.05939548619096105], "NoiseHL": [0.028047704960398073, 0.12801802872903728, 0.04286076733261733, 0.12247619567210918, 0.04225172895862528, 0.09354538039831564, 0.06531067070696203]}