{"FilterHL": [0.00011536533537199476, 0.0016283006072742824, 0.0, 0.00017691245423993542, 0.00011536533537199476, 0.013858051981265242, 0.00022311847025311592], "NoiseHL": [0.32508767843708475, 0.3399474501591288, 0.3105607534363284, 0.32843355267654617, 0.32508767843708475, 0.3751893617838597, 0.3259265977491048]}