{"FilterHL": [0.055968966671863976, 0.05713351864717654, 0.07083697009684854, 0.08481550750005516, 0.06065689598065158, 0.07623649498580426, 0.0750188318836471], "NoiseHL": [0.07699711670866576, 0.11047871226066935, 0.09331737876378406, 0.14026148199248345, 0.05278542362981172, 0.10408505773359049, 0.08210232708597216]}