{"FilterHL": [0.011090985855151815, 0.03171135195267874, 0.013161018625647976, 0.020395547483568432, 0.2897893009812981, 0.24087848274242318, 0.22163116861063234], "NoiseHL": [0.23274447045558952, 0.28306505477675176, 0.40055748863300983, 0.4224787007943717, 0.4836288173711282, 0.5213456028795196, 0.5456588605116458]}