{"FilterHL": [0.0054436289027580435, 0.01520066053808602, 0.006162857232882185, 0.005601899370203468, 0.0056895859637716446, 0.0032446033501506853, 0.014927417654668783], "NoiseHL": [0.10947179113675463, 0.13607631719324767, 0.12755270744673086, 0.17828265771482346, 0.12587466600303726, 0.10917794322193367, 0.15242204945379215]}