{"FilterHL": [0.0, 0.0, 1.0600011851171993e-05, 5.879509811018646e-06, 0.0, 0.0019748086658289083, 0.007766205909627881], "NoiseHL": [0.2730507170196537, 0.2797452855106961, 0.2681834254622317, 0.2881621992123956, 0.28444670306439407, 0.298184114986734, 0.3114298399318968]}