{"FilterHL": [0.015992872661368836, 0.019181555011108072, 0.004324987738060995, 0.0038601402937997248, 0.016939640851658402, 0.02682621437516964, 0.014515767006502719], "NoiseHL": [0.09808808751998747, 0.11265693866844326, 0.1109147306313879, 0.10402500931836813, 0.10290243566824818, 0.10763165891333154, 0.12996287954119878]}