{"FilterHL": [0.024846466936856524, 0.01834766876668174, 0.01218772747700828, 0.028574251799618755, 0.010275896038907745, 0.011238328866093114, 0.03340295708236722], "NoiseHL": [0.03574870510778529, 0.10876612559727372, 0.03705732551683359, 0.11137501958140873, 0.038889909219363604, 0.10449680794504212, 0.050414649643385816]}