{"FilterHL": [0.07431094911413681, 0.06336705485999294, 0.06010543517192345, 0.029139598296287313, 0.12252691152879826, 0.11650874048907403, 0.128217354046281], "NoiseHL": [0.28621439031973306, 0.28022357344306487, 0.2750901176206141, 0.26460784056346526, 0.21309283213740451, 0.19886490869382228, 0.20409484227202995]}