{"FilterHL": [0.032958217088535614, 0.018330326709421033, 0.028305849795033856, 0.031986382962821525, 0.02143031782099459, 0.031965752878241584, 0.01285723936001314], "NoiseHL": [0.25570935361976327, 0.3317554542420957, 0.24333198338022644, 0.3482710666401366, 0.3100735485691183, 0.34351902672581214, 0.3000541415305171]}