{"FilterHL": [0.08234368418528122, 0.08573235882030224, 0.1330377053500074, 0.11257120737254535, 0.12382358399934648, 0.10211890343713947, 0.20522168279615616], "NoiseHL": [0.4341276917763397, 0.38655017640020173, 0.44301012814986795, 0.3928599127547819, 0.4310224006714406, 0.4117342954435267, 0.4462010791198584]}