{"FilterHL": [0.0, 0.05571662317399089, 0.001736960869518559, 0.019262120298806532, 0.001736960869518559, 0.018399290152864876, 0.01702826463711386], "NoiseHL": [0.2797452855106961, 0.24985515642936557, 0.3140257650798779, 0.2928695925111162, 0.3140257650798779, 0.24703024829422213, 0.35434194469879454]}