{"FilterHL": [0.018681091444936758, 0.008268858379169653, 0.0410964701745499, 0.04433836688790663, 0.03824637306777872, 0.01668603556632157, 0.04307566131483104], "NoiseHL": [0.18761453915827395, 0.19520783443495623, 0.30279816424873296, 0.2953985370834085, 0.24114465425461698, 0.2791191388032391, 0.3576782362659231]}