{"FilterHL": [0.002831661028412001, 0.0014899166220801476, 0.018712683623303306, 0.03892841883436599, 0.00379599520749426, 0.013270389492136892, 0.02252371009835689], "NoiseHL": [0.12071340693009236, 0.1355191034955662, 0.14930174302310784, 0.15110105993164422, 0.12342053732831693, 0.15052646142450377, 0.11977119373422926]}