{"FilterHL": [0.04361883879822711, 0.04758909146086478, 0.030754525239229422, 0.040912625314104445, 0.03054634151676759, 0.052226353536434796, 0.05329140988120258], "NoiseHL": [0.05379792928678977, 0.07521031088852931, 0.03754627728031943, 0.06862299728037957, 0.021587044346829433, 0.07482402851683828, 0.042698672036043696]}