{"FilterHL": [0.002361331369019267, 0.006281970762099989, 0.006552032151021858, 0.0068591816571700924, 0.005900291501846859, 0.0006109579216858142, 0.009335126412441708], "NoiseHL": [0.14051232664550695, 0.11953348060794686, 0.12958039808602045, 0.0992540537079257, 0.13333664923062014, 0.11945926689278874, 0.13354361823297056]}