{"FilterHL": [0.01042954685019679, 0.041168198622988254, 0.0008447246484456902, 0.03238803264870833, 0.26631614140285403, 0.24925490209512258, 0.08498930996663132], "NoiseHL": [0.23854114163763465, 0.28264063287386704, 0.24198411161620334, 0.2509303837711131, 0.08318749839407794, 0.13379369543200478, 0.10211752788826592]}