{"FilterHL": [0.0, 0.000138824273058906, 0.0003974721994240118, 0.0, 0.003764737218452905, 0.0, 0.005406636793067666], "NoiseHL": [0.21680194274139555, 0.19448580951758207, 0.24261333094355136, 0.22607708161584836, 0.26023620398396025, 0.22607708161584836, 0.2662155203826279]}