{"FilterHL": [1.2644055683734778e-07, 1.4751398517503518e-07, 0.0, 8.429370204608392e-08, 0.0002701286024591502, 0.00023667308895041788, 0.0], "NoiseHL": [0.2317051022141721, 0.31746116200074787, 0.33175378050802384, 0.3797150298555193, 0.32001888456532224, 0.33009682013546676, 0.3706266870246375]}