{"FilterHL": [0.0, 0.0058863318854578935, 0.0, 0.005426942937896554, 0.0022189729200569317, 9.632650673473702e-05, 0.007281437773010835], "NoiseHL": [0.11733130495004837, 0.13175960003971465, 0.14567520307051546, 0.1206948414068998, 0.1490620996510314, 0.13166451074172825, 0.1572246532975914]}