{"FilterHL": [0.02121985942715961, 0.010329429493336921, 0.02487340932303525, 0.009350203728266336, 0.03018306311616534, 0.013043501342784813, 0.05185138163574433], "NoiseHL": [0.10021812158900108, 0.12468023664831683, 0.1211847702672075, 0.14757773982698386, 0.13124211390954313, 0.1691744323397348, 0.17959585918561682]}