{"FilterHL": [0.010402904016143032, 0.021295762885953418, 0.01167598541685959, 0.016332510757009214, 0.02506824485018457, 0.028558994416960005, 0.029645299052015125], "NoiseHL": [0.08835156176400209, 0.1655983441581828, 0.10130760583258276, 0.1651981354482727, 0.08170145006471939, 0.16091515698714767, 0.09779134454946196]}