{"FilterHL": [0.06405550592732331, 0.05881731507411373, 0.04901754538682216, 0.05643889088924522, 0.08569875948656969, 0.09862132670816899, 0.08196040194438035], "NoiseHL": [0.07711494699408768, 0.09461885216636215, 0.07293714061195745, 0.08617592799245323, 0.07476735416989581, 0.08325299473036307, 0.0686855615606268]}