{"FilterHL": [0.0, 0.0, 0.0002965441877279505, 0.003237927221115201, 0.027149784597787743, 0.12071809991448648, 0.0287448217747111], "NoiseHL": [0.5006509008105223, 0.5640970597647783, 0.49869734808728755, 0.5863019699779286, 0.5970955670479495, 0.6225974335830541, 0.5977310274800882]}