{"FilterHL": [0.02423930082894817, 0.021571818830886456, 0.01400422233394365, 0.031655974620303486, 0.008326076068094913, 0.017998537176274726, 0.018567289838166866], "NoiseHL": [0.04123837389065002, 0.06645330919645252, 0.06003120226206062, 0.07083843810472534, 0.04953622268270464, 0.07692596408644203, 0.06716316984010544]}