{"FilterHL": [0.018947834390318188, 0.006372235787121387, 0.017431931183514764, 0.021441596337097885, 0.013996829823688035, 0.021175942682871454, 0.056839901244360426], "NoiseHL": [0.3088899531457042, 0.27510725497125366, 0.33206759817296033, 0.2983207221892514, 0.25133220162289116, 0.224005553302318, 0.24665161871740654]}