{"FilterHL": [0.04867060723317678, 0.03912002709962811, 0.012291656787007199, 0.030744515956552258, 0.024122230190469808, 0.028778129300034143, 0.027097314419005637], "NoiseHL": [0.12395050386348624, 0.18185624640985593, 0.15038983763642982, 0.17685609192765606, 0.11851314530286311, 0.17501469871375178, 0.1491313114580526]}