{"FilterHL": [0.16101835118528662, 0.32602384692195735, 0.065304930813963, 0.36913960513461774, 0.33555188119568424, 0.3749981377680325, 0.1738858544951891], "NoiseHL": [0.33464710642391743, 0.4875462536397176, 0.4781491359427021, 0.5595799830022681, 0.38795133848643865, 0.48894328479292704, 0.5038048139154931]}