{"FilterHL": [0.002844291694985037, 0.014293747050027509, 0.011055597813433644, 0.0040921422792157105, 0.004371971563126504, 0.00607354879185794, 0.019746668917922337], "NoiseHL": [0.14055941161887003, 0.22403250960248683, 0.13503537968866688, 0.23282991364724526, 0.21086543447691922, 0.2526650156232837, 0.19989644184595223]}