{"FilterHL": [0.00015781541181709302, 0.00018667195877051333, 0.0, 0.0, 0.0, 0.006401580899036505, 0.0], "NoiseHL": [0.23612166756010977, 0.28908494657548534, 0.25, 0.2881621992123956, 0.2701392032139025, 0.30618621784789724, 0.2730507170196538]}