{"FilterHL": [0.06054032279937479, 0.04498607937524407, 0.07183336413415946, 0.042940553834427984, 0.07014816727083933, 0.07456760789823476, 0.06504044688549457], "NoiseHL": [0.0895581852767244, 0.05909118162749418, 0.08087900463450211, 0.06746616586601192, 0.07600332176178322, 0.08490112252362553, 0.06794238528888916]}