{"FilterHL": [0.025438567637047424, 0.04379271153161793, 0.023140048969045465, 0.042271694949284844, 0.02564156674866769, 0.027659832055235437, 0.04780870403907136], "NoiseHL": [0.03248911982105878, 0.06041238701680699, 0.028762895444536092, 0.045147098538881464, 0.03935700662795179, 0.04414032848516263, 0.05079051374211633]}