{"FilterHL": [0.023037864385620513, 0.07383401969093605, 0.02412849963528894, 0.03422340254375518, 0.04033571118940776, 0.04119083447574563, 0.043729373891344306], "NoiseHL": [0.08715850233453312, 0.04545433174584786, 0.07478742964170194, 0.08898227497570613, 0.09200493864526793, 0.04094365600601207, 0.07783008352627324]}