{"FilterHL": [0.05538709918083051, 0.04504943331829557, 0.038474072438838956, 0.038626461667323975, 0.03903152536403739, 0.04746192239163709, 0.04484851188341443], "NoiseHL": [0.21436264241940955, 0.25127469091792864, 0.12697061632270118, 0.13869478014933306, 0.1028265906283787, 0.08022088310345526, 0.08603336877959128]}