{"FilterHL": [0.007478352136207059, 0.004961255819640501, 0.007049317690400859, 0.0023220708278193537, 0.006236994071993766, 0.00798246131495365, 0.015620743681025884], "NoiseHL": [0.24381882411217187, 0.252094446898163, 0.23622799198732206, 0.2215143554038943, 0.2531279423562271, 0.23830324285110055, 0.24266688620696997]}