{"FilterHL": [0.027728625807731076, 0.03281652021967085, 0.06674985993550886, 0.09814582508003648, 0.040153173617745494, 0.04948428386560239, 0.03183962107681329], "NoiseHL": [0.07312780741183021, 0.07953396067634637, 0.225264266091698, 0.21143510046635297, 0.10636756052284457, 0.11235397610903194, 0.12026728735244108]}