{"FilterHL": [0.025303374728130087, 0.014827647667568698, 0.012141729738492282, 0.025201358972210215, 0.008408241011362607, 0.01297963296623187, 0.02924548086582614], "NoiseHL": [0.19474167016021118, 0.24475950651857187, 0.18871992764488066, 0.24933581206234, 0.20102446081101588, 0.2340743015250844, 0.22083982758256512]}