{"FilterHL": [0.061667961925440724, 0.11751519981685277, 0.08574789649618822, 0.04444735467358623, 0.10700298300785704, 0.0927473544275411, 0.10659042242268962], "NoiseHL": [0.07194148185046151, 0.11926660140467592, 0.0871938152124779, 0.05345981034624576, 0.10805482190839742, 0.0888153272293806, 0.10056213401802895]}