{"FilterHL": [0.042526690913987114, 0.07038130807469913, 0.04458819696167938, 0.03844949689003315, 0.04071699580636719, 0.05943285006583887, 0.06806922836060904], "NoiseHL": [0.062341309039938946, 0.08956402405138934, 0.053993760972014956, 0.0598085283136393, 0.10465494902368996, 0.09287757440361206, 0.08623826768908519]}