{"FilterHL": [0.45752259034788434, 0.4410117026563476, 0.45993191281321466, 0.2933642546767857, 0.49503702957521023, 0.5696065393379284, 0.5883446885583321], "NoiseHL": [0.483722348705035, 0.4633027650542531, 0.4322289822417492, 0.43484514248448997, 0.5139603887672174, 0.4934321264782448, 0.47878943431673543]}