{"FilterHL": [0.0, 0.0, 0.0, 0.0, 0.0, 0.0026555808238835667, 0.00032996036872881817], "NoiseHL": [0.11942301505899512, 0.17245022900462764, 0.13866442710839363, 0.18920084887799915, 0.16801938030584954, 0.20467814417459612, 0.19186013665193044]}