{"FilterHL": [0.03570521781001829, 0.06298612771663223, 0.02780434441850992, 0.05630300829566401, 0.02692839259837113, 0.04553912490725746, 0.0332772272726584], "NoiseHL": [0.04260735742722494, 0.07491816245650187, 0.04357803456813969, 0.04782871942851411, 0.04062806464608401, 0.05936117668098918, 0.03683029449713451]}