{"FilterHL": [0.0, 8.960987795231151e-05, 0.0, 0.00017016730306659546, 0.0, 1.5299471524676296e-05, 0.0], "NoiseHL": [0.29275215217742273, 0.3183155034171673, 0.3383205474006166, 0.35904736240794594, 0.30176153952158696, 0.33257992735227315, 0.33586924850133365]}