{"FilterHL": [0.0945821901144368, 0.09991008949557104, 0.04882059895670313, 0.09234413261865829, 0.12456556888578099, 0.13041188571748227, 0.1247624725008106], "NoiseHL": [0.17825800045497225, 0.2102976857642395, 0.1900574533644249, 0.21800530406670476, 0.24204859384337785, 0.1990389273827685, 0.23908936720368015]}