{"FilterHL": [0.019529711799748824, 0.0205713496517549, 0.014312717657301372, 0.02632272564297358, 0.02988399921971964, 0.01386397087876137, 0.03544675041146552], "NoiseHL": [0.16500350489463714, 0.1526286330408663, 0.15255847185633875, 0.15508909235943272, 0.14453709640398543, 0.16505970123729646, 0.13846531311491253]}