{"FilterHL": [0.035036437748980236, 0.03133144946406046, 0.03075663798345333, 0.07225119139140528, 0.04790342003077545, 0.07918549965786671, 0.06339350114178774], "NoiseHL": [0.18477272942558648, 0.1630504560906515, 0.18393406149083635, 0.16750531551239004, 0.13251947733416525, 0.12231955872723387, 0.13599509789754033]}