{"FilterHL": [0.054081691694035164, 0.07991170601959408, 0.0278611650274225, 0.04311286047444718, 0.06496599573275678, 0.10762417537301829, 0.056516911540174575], "NoiseHL": [0.144574825448089, 0.1561387851552147, 0.11326415939832402, 0.13470408692614708, 0.14106328652552663, 0.17001020297822886, 0.1156234976862628]}