{"FilterHL": [0.1989920710260484, 0.29834619667608714, 0.12289279460083827, 0.18697518760648627, 0.3080511252661909, 0.24738340436037962, 0.4780592909414166], "NoiseHL": [0.6490315097933387, 0.6819722600520564, 0.5844857425053829, 0.6137257100892352, 0.7744706160729707, 0.6653815986868219, 0.602641477567907]}