{"FilterHL": [2.1073424569465507e-08, 0.0, 0.0, 0.0, 0.0, 0.0034245899180451716, 0.0011637681515226403], "NoiseHL": [0.11520270074770814, 0.1422112410749228, 0.13129518424232384, 0.13866442710839363, 0.16950843122097695, 0.18920084887799915, 0.1781969793463003]}