{"FilterHL": [0.014971728297608726, 0.005472281673715691, 0.04406492912749427, 0.017944010958944295, 0.024772328043955162, 0.012160249294654103, 0.06060243427035084], "NoiseHL": [0.2009131088689828, 0.5399253861130037, 0.46907681539774804, 0.5482588330041667, 0.19965806355927943, 0.5482344687424224, 0.46441188552447016]}