{"FilterHL": [0.023374195644822186, 0.06487395034291352, 0.0318853121881721, 0.031692140678793584, 0.08078177666779242, 0.10020904870043258, 0.0836614111419464], "NoiseHL": [0.18543425946474582, 0.22109560617571, 0.16981153860218487, 0.18838735622500125, 0.16417460627759692, 0.14956650597359133, 0.1412142012920195]}