{"FilterHL": [0.014550176590497415, 0.02520600546058029, 0.0094698599736146, 0.008221226703217954, 0.033642227241205115, 0.04448989833727664, 0.024501729010982923], "NoiseHL": [0.3456625437186718, 0.3753447291650213, 0.3154651968507361, 0.33007050528450665, 0.34933264291931815, 0.3634503035237887, 0.31537171277999076]}