{"FilterHL": [0.0056994424659914875, 0.025409641167072623, 0.005131767590370472, 0.006212083734081682, 0.005588384732198446, 0.005084306801953547, 0.021885293577497644], "NoiseHL": [0.08866344512349354, 0.21447458565592276, 0.10608335165417737, 0.16503031150639955, 0.2161530737769971, 0.22436420366023352, 0.21953805053853157]}