{"FilterHL": [0.0017533416437098283, 0.02293520979491663, 0.026248955044581367, 0.001445130715889912, 0.014057830491498976, 0.012433069366558011, 0.015719295128593477], "NoiseHL": [0.08778084961351303, 0.1815184113700273, 0.11121470757073963, 0.17268362554094369, 0.1518990128736102, 0.21523786069751621, 0.15583428768714444]}