{"FilterHL": [0.010391072112379222, 0.03284503888171913, 0.024603729342449275, 0.011798058901814509, 0.01437946294716118, 0.014606492988152617, 0.016673864175879318], "NoiseHL": [0.06385170934961507, 0.05915625040694976, 0.07398559810621412, 0.06681773128076333, 0.10988053521665239, 0.10982038241004397, 0.1049062716393525]}