{"FilterHL": [0.03365099949342299, 0.05420297334511105, 0.04008485055689305, 0.059610723374629984, 0.02642121591395606, 0.06625568878245211, 0.06093022426223528], "NoiseHL": [0.18673536409611138, 0.18632739482299093, 0.18548966586781418, 0.170427877933766, 0.1665696427369734, 0.20293649643089925, 0.15518910285800872]}