{"FilterHL": [0.06042524845858158, 0.08700334758485405, 0.06314811315704305, 0.07756408976066397, 0.08320321552914733, 0.08428209182169341, 0.11036388694529312], "NoiseHL": [0.18172840912365204, 0.1856857953851198, 0.1918250642563227, 0.23020971801294637, 0.253028585352442, 0.16234768621370527, 0.18981983651739046]}