{"FilterHL": [0.022895750498419673, 0.017258663977257123, 0.03171429849612762, 0.012490964120221354, 0.05211837817929411, 0.011719164231579537, 0.03179458009541654], "NoiseHL": [0.29797315494318966, 0.30763995261808913, 0.29132343654120657, 0.31536390659944175, 0.28330810120955685, 0.33525973119462094, 0.31443376256618244]}