{"FilterHL": [0.029921755847083172, 0.10227087997089471, 0.03301169807097656, 0.047518920051858836, 0.1640530622329434, 0.3153724933853862, 0.07055444913227558], "NoiseHL": [0.5557950371846686, 0.3019759594888838, 0.3441578926866557, 0.3413607724660926, 0.5359953257698638, 0.29993281271131056, 0.34312992449948737]}