{"FilterHL": [0.010715883561928798, 0.06924386333815412, 0.01056342081004795, 0.03053847524730512, 0.07104365481982092, 0.05404672299344888, 0.020372805960184582], "NoiseHL": [0.2974883250642345, 0.16486404952507183, 0.31451211432179405, 0.30143958561361045, 0.137300110585771, 0.10726430598231629, 0.1865485877866357]}