{"FilterHL": [0.24684240501539684, 0.09887111647373216, 0.1285250221836154, 0.43587680376248583, 0.85935322623458, 0.8239512647400131, 0.8339065584650209], "NoiseHL": [0.5156391907309665, 0.5223108456609291, 0.579203409665113, 0.5567325007273564, 0.35157637463990543, 0.31728438131768316, 0.3575599276277052]}