{"FilterHL": [0.0, 0.003944644715848191, 0.0, 0.006396552680836366, 0.0, 0.011029529448672097, 0.0], "NoiseHL": [0.13317431117202394, 0.16950848641280167, 0.17245022900462764, 0.172538752336417, 0.15562474979979976, 0.15576206983970306, 0.1837755367050545]}