{"FilterHL": [0.2662651301758499, 0.21833020392527683, 0.28214313612204006, 0.38024315619010396, 0.4299769917444318, 0.25604354107899224, 0.6937560602876314], "NoiseHL": [0.562957876659351, 0.5225079610604301, 0.4472662450924346, 0.4320229454271689, 0.5480255194819231, 0.5361126696666937, 0.4438741927124575]}