{"FilterHL": [0.04235297285545117, 0.056834392196212453, 0.06368352298453497, 0.032634407486731444, 0.05034457653131193, 0.046310012998633326, 0.054529171740980376], "NoiseHL": [0.2523937975430518, 0.26599028423770427, 0.25239906897946035, 0.28819990326533984, 0.3067451164144271, 0.335859418203076, 0.32760793559670864]}