{"FilterHL": [0.005964225705358739, 0.011719168191570243, 0.01703453253056855, 0.044476257154505754, 0.007819994284058262, 0.016490709101881457, 0.1081044570838723], "NoiseHL": [0.2372577254939575, 0.27317861381449954, 0.21273592362603633, 0.26093387986462413, 0.2769854015735442, 0.3090351822126347, 0.17985324837574898]}