{"FilterHL": [0.11462538601763896, 0.09551782657668988, 0.14972633856562653, 0.1203374803860049, 0.11846371079249396, 0.20811313163796455, 0.18529714177786027], "NoiseHL": [0.35899007104816666, 0.3201838063796096, 0.4609576352588713, 0.5399960947531208, 0.38242272208741385, 0.3257721454945901, 0.4716988515212765]}