{"FilterHL": [0.023285059870752554, 0.036018698944454225, 0.012692191433857974, 0.03582540959473584, 0.019898587899618375, 0.013665202125135573, 0.041242385532219525], "NoiseHL": [0.11653173575202184, 0.12754878721164173, 0.09155646156050982, 0.09798047879436296, 0.09536058664488781, 0.10326939806703499, 0.11923296800179571]}