{"FilterHL": [0.014920114504924788, 0.011195292089475796, 0.0037961965036714678, 0.014594044473797002, 0.01359390441524348, 0.0703983704248111, 0.006854220532888221], "NoiseHL": [0.2500651907313206, 0.22451526022783258, 0.305970534148835, 0.28385023427517025, 0.24383679279452158, 0.1645676720032277, 0.280565671708185]}