{"FilterHL": [0.010645892012885358, 0.014462825535320738, 0.016692846254648622, 0.02176861435754315, 0.008705408551814306, 0.011967282300993436, 0.019882651269739177], "NoiseHL": [0.12217082551769483, 0.14109914683171104, 0.1450025639201137, 0.15583426739915707, 0.13906213714811097, 0.16997620822756865, 0.14257546852800243]}