{"FilterHL": [0.04120520109652859, 0.011959224144572969, 0.026831584356124427, 0.00403224034977563, 0.0713664349812291, 0.02643152577574457, 0.08829741554474486], "NoiseHL": [0.3917721584960917, 0.43979578928339924, 0.41328858926424955, 0.4474819841644191, 0.3780752852979889, 0.420394437501263, 0.35115428349898076]}