{"FilterHL": [0.012018111843759859, 0.023917015763087048, 0.004576953107636973, 0.015520774992509413, 0.00733381102936762, 0.021681837090764607, 0.018255578360815206], "NoiseHL": [0.1473979152249184, 0.18654192199318362, 0.15882062658538273, 0.1983767201750142, 0.1650406587111692, 0.17824271643958658, 0.19186290677775894]}