{"FilterHL": [0.023429629096461558, 0.03848699810782889, 0.04584991396500832, 0.017290831907255798, 0.0793663900267333, 0.04953616543875928, 0.07409598896365198], "NoiseHL": [0.22742344802784648, 0.22137657765180604, 0.18325190429719557, 0.20913499479057437, 0.16223509364591548, 0.18121814156378227, 0.12263811034154778]}