{"FilterHL": [5.64770025468096e-06, 0.004281380971507104, 7.4600315383620765e-06, 0.014024225410806673, 0.06411879195660619, 0.025389953943568216, 0.0972338595204894], "NoiseHL": [0.30706506372943193, 0.3345543781771779, 0.29366312361983693, 0.324596567553151, 0.3532423964589596, 0.39674702561008857, 0.32595800708239103]}