{"FilterHL": [0.019160403467362683, 0.013192232552337783, 0.026569957990808104, 0.0098555626859646, 0.03115906367041271, 0.021882770827992965, 0.018050145323200043], "NoiseHL": [0.20667602521696504, 0.21331872889159761, 0.32329949610977876, 0.3528386164633741, 0.2002085519439286, 0.1676912275227338, 0.32742249203601326]}