{"FilterHL": [5.6668708584973324e-05, 0.0001130047306601731, 0.0, 0.0, 0.00012963451560082454, 0.0, 0.00040179469432804235], "NoiseHL": [0.14737794897420034, 0.16193431328727034, 0.17098527586296225, 0.20217423592924638, 0.1781969793463003, 0.1957864663624126, 0.2071544063142342]}