{"FilterHL": [0.00015037487158683818, 0.0, 0.0, 0.00021186179940205842, 0.0, 0.0, 0.0], "NoiseHL": [0.2458027183570052, 0.2672010060207921, 0.24790907888765304, 0.2853793027819435, 0.25, 0.2730507170196538, 0.2561839685989771]}