{"FilterHL": [0.03367948425990761, 0.05914636167415608, 0.0194054932899163, 0.041611466753394916, 0.007531863100318875, 0.142025434385403, 0.03760812548496008], "NoiseHL": [0.4640488185169028, 0.20123336291712535, 0.4809933492668461, 0.19635846612741267, 0.4717091494427962, 0.18949858455207957, 0.4772639635369204]}