{"FilterHL": [0.0010876374244432143, 0.017016470999560326, 0.021299505561817932, 0.021457996467764456, 0.01554867833615635, 0.034559700468523184, 0.009116693519562645], "NoiseHL": [0.165729903010315, 0.20025152102308075, 0.13771537043701526, 0.1838674894936511, 0.15397943500281205, 0.20598029991350583, 0.16092292205813333]}