{"FilterHL": [0.037089598543724886, 0.025332538444363454, 0.02817786971944321, 0.0380301029736536, 0.0474903928412605, 0.03768355533389494, 0.05508280174980683], "NoiseHL": [0.08023787834141247, 0.07117697147118318, 0.09471543490631835, 0.07208926644494412, 0.08169971710552311, 0.11390921987308401, 0.08529793368902999]}