{"FilterHL": [0.016025462665952044, 0.029367498128838924, 0.021615998390814666, 0.03573878550828422, 0.03407993255139878, 0.13861374674910948, 0.023084720077263688], "NoiseHL": [0.18346430654535412, 0.2099581142935318, 0.16075037640521325, 0.24428796041051376, 0.33140162237577236, 0.39484318241515115, 0.3253705090290276]}