{"FilterHL": [2.107342739563193e-07, 4.2146849766967993e-08, 0.0, 1.2644055683734778e-07, 0.0, 0.0, 0.00896182988775972], "NoiseHL": [0.2582168997340125, 0.29183887160721417, 0.31660503303722437, 0.35038649663459137, 0.33586924850133365, 0.28351157719282805, 0.3751893617838597]}