{"FilterHL": [0.019442206216618, 0.020413236012200055, 0.018829940179943227, 0.020414487549835426, 0.02591103097320778, 0.023107063537901106, 0.0382532582042865], "NoiseHL": [0.12799969311296114, 0.18028734339840508, 0.10003318719279931, 0.17140014866867262, 0.13030699537019938, 0.1840101526450896, 0.11409308063640407]}