{"FilterHL": [0.015608307853693949, 0.006822940004059326, 0.011783301278164486, 0.0096987746658868, 0.016317198530178788, 0.006285392035243084, 0.01399548999329303], "NoiseHL": [0.2650762970967554, 0.3191980472241127, 0.26599061981153493, 0.31021985702182137, 0.27980955614346475, 0.3080060401961325, 0.28434040311484426]}