{"FilterHL": [0.008441728669842271, 0.026746341118197677, 0.019874656468560747, 0.012046207956410655, 0.031166809303605048, 0.026869082690083305, 0.02919326577977068], "NoiseHL": [0.215676300966497, 0.2239000836477583, 0.22613330837302453, 0.2110934733816681, 0.09238483469074671, 0.11344356548671632, 0.1075517466358581]}