{"FilterHL": [0.046901003490731015, 0.06369109902117033, 0.05422219666720772, 0.09097983942781515, 0.05980530787006838, 0.10624161144180075, 0.19986320780722872], "NoiseHL": [0.19135626860671429, 0.264691221941045, 0.1400652467216453, 0.27189430275900184, 0.19731091408575394, 0.28437397470342396, 0.1489623168953614]}