{"FilterHL": [3.7279870236920136e-05, 0.00010379423229099653, 0.07001713940406148, 0.06583931358640756, 0.029950844121741246, 0.04139354325061445, 0.04506417868706067], "NoiseHL": [0.2226395172490795, 0.19317708832355046, 0.2687307373093976, 0.22264193979785474, 0.23565278066320838, 0.1944475369963283, 0.1823274720335226]}