{"FilterHL": [0.010097027498192584, 0.009864401380785407, 0.009414829402170545, 0.010676175289101435, 0.018073343072708997, 0.024118212397046486, 0.011991743575091598], "NoiseHL": [0.27407330900774046, 0.25522649905580436, 0.28069467174660345, 0.2394231374743455, 0.30479817249657387, 0.3023902392973446, 0.2864212659305907]}