{"FilterHL": [0.0003380471152826244, 0.016531396900312353, 0.02339139665280473, 0.023383504947878636, 0.019934395040193106, 0.039470109451062635, 0.014192316629895292], "NoiseHL": [0.22563364693669086, 0.26014017598068057, 0.18892685310985274, 0.24181288495002248, 0.23835067379375147, 0.2807826665334826, 0.2268261194741867]}