{"FilterHL": [0.030420849416505698, 0.051218967738255725, 0.030045937019589516, 0.025707599053520387, 0.022088515557803542, 0.03039564160106188, 0.0401792806530828], "NoiseHL": [0.06827909906692314, 0.06991840106163182, 0.046768306019000526, 0.07264513798586489, 0.04793205505879502, 0.057709194325967446, 0.050908653281317565]}