{"FilterHL": [0.022086256709834932, 0.04637478804174841, 0.028906126891707587, 0.03503948972791101, 0.019077116521734307, 0.02567844611863746, 0.03688452932319113], "NoiseHL": [0.02228240751835138, 0.043242387028330526, 0.0374065203709076, 0.06470391473571693, 0.021224579302299186, 0.04084113787366996, 0.03303409862670857]}