{"FilterHL": [0.03190417981231966, 0.036196402451681584, 0.041813328043222006, 0.03176159092531831, 0.09404613500841506, 0.12461310109667793, 0.08322821017363319], "NoiseHL": [0.16991629780157552, 0.17464730358346744, 0.17480456038982553, 0.21209650637284602, 0.3489003900920115, 0.3843039330885409, 0.34787506744751034]}