{"FilterHL": [0.015595126679731727, 0.0843213783364283, 0.06355555347937591, 0.03887271061348163, 0.0880991531996502, 0.10232297451152747, 0.03619140862099346], "NoiseHL": [0.2631059370663081, 0.27946867476006154, 0.4272263905728754, 0.39620125375783677, 0.28710497747829616, 0.308964340793201, 0.40636337254387567]}