{"FilterHL": [0.029118777036908863, 0.08450048922397797, 0.02178079575862496, 0.05770144225962547, 0.09685113093333393, 0.051926915211203954, 0.0952649038882477], "NoiseHL": [0.13957527025550778, 0.04510290341561119, 0.1266509342665549, 0.09236137698406179, 0.14782396581049906, 0.041697278389958965, 0.13961207907333287]}