{"FilterHL": [0.00047698925067563995, 0.0, 0.025844587266612012, 0.02966894713501744, 0.030069421480535166, 0.03107790946796405, 0.04247918138777614], "NoiseHL": [0.1957864663624126, 0.18239580959790105, 0.18110635467618788, 0.14472779945495015, 0.20345381683706526, 0.20723028917370093, 0.15899528061572302]}