{"FilterHL": [0.0021058374941305114, 0.013258029914833632, 0.007205745230053851, 0.005767432220041494, 0.0061944575950107226, 0.003930765930226632, 0.0064238524150979776], "NoiseHL": [0.13896192657982737, 0.0976207358978048, 0.13132732315131823, 0.10628509949741244, 0.14073911349986626, 0.10012002066634286, 0.12940196758690364]}