{"FilterHL": [0.006005512558712353, 0.019237758521245974, 0.007060372265147855, 0.022691858412101834, 0.012483990545076937, 0.007943883205225877, 0.0208133938752741], "NoiseHL": [0.09504610513857126, 0.11565480043816152, 0.10112607360462955, 0.11578997880384487, 0.11111645803766865, 0.10735853503813635, 0.11699289065899475]}