{"FilterHL": [0.04599349181548646, 0.0418073197884948, 0.05139269911225952, 0.027511846528642348, 0.03557322781243405, 0.03735658923336022, 0.039371111326948184], "NoiseHL": [0.1664482288408579, 0.16170260555739072, 0.17054387476280902, 0.19004053007984179, 0.20250686540090843, 0.20688665245342794, 0.21411216104557235]}