{"FilterHL": [0.03164554974367135, 0.06783990937815339, 0.035930283693405285, 0.051317197793739326, 0.08787620137914552, 0.04940053912867113, 0.08387577555234361], "NoiseHL": [0.2339395277564742, 0.06739763336272515, 0.21713081640808848, 0.04500297366530875, 0.11091508550673625, 0.040207548716920484, 0.10364489145208737]}