{"FilterHL": [0.0049150415741739855, 0.07903971040838102, 0.010740990482528578, 0.03423981218265546, 0.009307868001971515, 0.03840205994949002, 0.021380104592648403], "NoiseHL": [0.15564660175642808, 0.09734957896401275, 0.16357718369812912, 0.14777934762856945, 0.16846332384471177, 0.11293295956090041, 0.20606141873921968]}