{"FilterHL": [0.0471548422454383, 0.07211924912929861, 0.08079006864519736, 0.0532466961059648, 0.0484689022536233, 0.035616999718993604, 0.05671748245424918], "NoiseHL": [0.03360510623246997, 0.08999099643168901, 0.10449448775946334, 0.03201811534449863, 0.05289603164845936, 0.06826803088842509, 0.0442602502148749]}