{"FilterHL": [0.008470859555467058, 0.02088547925510414, 0.003884983618284254, 0.013358323715964099, 0.006006904714676739, 0.01899543402356071, 0.01575366446661538], "NoiseHL": [0.1417042501400505, 0.18515499011258002, 0.17410858224926723, 0.2086720699968569, 0.14908691125108997, 0.16198799284952903, 0.18922997601311442]}