{"FilterHL": [0.013960965744887264, 0.03002019527738165, 0.013827368957692954, 0.027047464870316444, 0.00723550565618243, 0.03592258595438647, 0.015007076848263811], "NoiseHL": [0.13306874873556737, 0.2188588983225901, 0.16053361825351875, 0.21494069480337083, 0.1404972447162271, 0.19558504513720762, 0.17996385072246004]}