{"FilterHL": [0.022604990163775398, 0.0201437739388737, 0.024582845309718975, 0.02522726940854701, 0.028295188313078076, 0.022785983305396783, 0.04249027542935972], "NoiseHL": [0.13657445457375733, 0.17443770637443987, 0.1221219664082442, 0.18564225149571195, 0.1321799368551188, 0.17228575305417249, 0.13855775017071048]}