{"FilterHL": [0.01687606925823285, 0.03816796663643593, 0.021487826526306222, 0.03225548049065797, 0.06634876432577164, 0.05381226018406088, 0.04796608212772115], "NoiseHL": [0.12139457678810328, 0.11675936144708345, 0.1224379337474312, 0.13144470933396524, 0.10840224891834843, 0.12926043609110832, 0.1347254066109215]}