{"FilterHL": [0.15343213903771127, 0.15196027908153506, 0.12122491538828174, 0.16376792604306073, 0.16652028517723286, 0.1814188495220887, 0.20795115310319992], "NoiseHL": [0.17654563944957213, 0.22007046364833271, 0.1892891600662687, 0.1630434750527096, 0.18278124379152078, 0.2012877142180348, 0.21959386663271108]}