{"FilterHL": [0.18227710320522644, 0.15968364836319354, 0.21567090986519472, 0.19186291679679116, 0.7071067811865474, 0.7071067811865475, 0.46468679757977827], "NoiseHL": [0.4345190309371377, 0.34811346315892705, 0.5273347465032866, 0.46854725522075924, 0.35498779381994183, 0.19129016058377954, 0.4800611768496181]}