{"FilterHL": [0.008956904016012823, 0.014908372282639854, 0.014886327347739517, 0.011393520304352705, 0.01578703858847231, 0.007965329828454564, 0.016171216398249852], "NoiseHL": [0.3042090484741779, 0.33179928582026696, 0.3247045542806624, 0.3310648467221444, 0.3143041181608895, 0.3073665084447939, 0.330996862901995]}