{"FilterHL": [0.0001298031339278877, 0.0, 0.04593417298570779, 0.027094000662457547, 0.003099232648255708, 0.0004933323678294094, 0.023053692261713072], "NoiseHL": [0.21323045788224296, 0.1796067636529137, 0.23584617055191268, 0.2127159076378819, 0.2510397938369346, 0.19836422482717905, 0.23772651096319963]}