{"FilterHL": [0.012120154422056863, 0.02105561861971873, 0.04824717048488317, 0.07585813970176562, 0.021997141615902834, 0.023781236650054636, 0.08652995079914798], "NoiseHL": [0.18282204490897316, 0.2860995286799271, 0.244580090467924, 0.20311893972579914, 0.18786260709044938, 0.2852497280121544, 0.22700740217859414]}