{"FilterHL": [0.015603369619419138, 0.020133717053569915, 0.003058173659359596, 0.002900447475010213, 0.0013029205661548955, 0.006909557684563045, 0.018711239333087194], "NoiseHL": [0.21211108426907702, 0.2679033117554819, 0.196781713029072, 0.28874967545951247, 0.20501641938242166, 0.24795190841898615, 0.21312087653542042]}