{"FilterHL": [0.059903394972652464, 0.13818104321328142, 0.1300590035096521, 0.08331648452659825, 0.17750779701787442, 0.2177713321831397, 0.16109511774200946], "NoiseHL": [0.48529863847772564, 0.499488289921902, 0.5299699576220624, 0.4814074713643058, 0.46593011235930715, 0.4916338713439319, 0.4967928673730285]}