{"FilterHL": [0.023137132965287507, 0.0210621275518726, 0.03339331858066322, 0.024084913142773744, 0.12361160171762575, 0.12360715631531859, 0.09031341411217295], "NoiseHL": [0.2688181546360657, 0.2760590750870326, 0.3146002306763245, 0.3028087745359972, 0.20701628577897388, 0.20244163331172493, 0.21598594691353912]}