{"FilterHL": [0.018515134634316675, 0.023157334773276243, 0.012125711918653023, 0.03699277903670007, 0.005605137159734199, 0.017726759015683522, 0.02793550533495156], "NoiseHL": [0.12923335534353694, 0.18579384792635054, 0.11456666424142055, 0.19329621015744475, 0.12691780017008583, 0.1805979582862186, 0.14176605249260973]}