{"FilterHL": [0.12280985320326702, 0.07824132123445886, 0.11333364693896451, 0.06560601830782407, 0.05299688950973135, 0.05962554938642046, 0.1745026303767754], "NoiseHL": [0.3413163122414092, 0.35399729323322565, 0.33300718909392113, 0.3599029399216475, 0.2917043095669834, 0.19309788150410717, 0.3016438225096784]}