{"FilterHL": [0.025605138748192303, 0.05206613476438105, 0.029217650118025244, 0.02298530097522527, 0.016671870902270857, 0.02201945853907713, 0.034000907594955505], "NoiseHL": [0.07232809330861424, 0.0857379968271744, 0.08540243477620106, 0.09045241863233111, 0.08016171521013248, 0.07451628446804531, 0.10626126554499798]}