{"FilterHL": [0.03215436093778029, 0.042174863195961414, 0.04690218885766727, 0.04319892454949765, 0.05201601202222989, 0.05108257808540061, 0.05478286245212951], "NoiseHL": [0.25654779216488366, 0.24610338700329606, 0.24018968424733553, 0.2478674400431246, 0.21236725523347127, 0.2092242430600013, 0.22639314824643347]}