{"FilterHL": [0.032669403361228484, 0.03279412020560318, 0.04322834217442585, 0.059965581509160246, 0.043284791611042824, 0.5319587762994566, 0.07821665054278176], "NoiseHL": [0.4269878460475562, 0.3406534275476203, 0.3531825446499573, 0.21557459834511442, 0.4100964970813458, 0.6124691081436078, 0.36188761428690974]}