{"FilterHL": [0.27673920303992205, 0.2776042343438836, 0.20003134130035213, 0.23520503661976347, 0.43877783382336427, 0.4677358493647995, 0.41278255325138724], "NoiseHL": [0.500322247563468, 0.5209426145782069, 0.5548148768231955, 0.5541309641024824, 0.46402471246619065, 0.45710834420800167, 0.5045778793862943]}