{"FilterHL": [0.025735562644796418, 0.04678102293883993, 0.021930284540783083, 0.028285789081969093, 0.024894303419503494, 0.0073258375116042225, 0.03037751228435443], "NoiseHL": [0.07082390900766955, 0.12042874140961018, 0.1797329951264034, 0.1855425886495416, 0.08079292276759253, 0.09936588927047822, 0.1320656316251188]}