{"FilterHL": [0.016614738590190768, 0.05429123507694318, 0.0029051511635550596, 0.03801580563476725, 0.0034535019246048977, 0.031351733371273824, 0.012598322835557552], "NoiseHL": [0.2846915726157168, 0.28062097118035123, 0.2788006576667604, 0.29699844196843334, 0.3242687952273917, 0.25532711524803386, 0.3375600184345102]}