{"FilterHL": [0.1793140962022377, 0.03313315383346139, 0.10170655744838353, 0.09893170550732551, 0.28137727440510657, 0.2501638391235981, 0.2516859839012468], "NoiseHL": [0.4708016425383768, 0.4422800277907159, 0.4303351521100616, 0.4445783306016915, 0.4060866096695243, 0.4290225472636156, 0.3873434032485571]}