{"FilterHL": [0.30855958615952717, 0.3421033047077659, 0.3532385669388799, 0.3528902756778484, 0.6941202413544837, 0.6993816329485114, 0.6931122136051596], "NoiseHL": [0.8086331327541045, 0.8091081457122673, 0.8191767879796421, 0.8183352665558797, 0.7028133628879496, 0.6797759051370412, 0.7115979197115029]}