{"FilterHL": [0.02095624536183852, 0.05635604265887891, 0.01631058854578731, 0.008366057480287313, 0.015328516086400823, 0.03739629912876637, 0.03319836737421948], "NoiseHL": [0.25544245405106486, 0.26569178519972625, 0.2515816862378216, 0.23562481023173104, 0.2737260726843101, 0.29559853330902064, 0.2697331359317311]}