{"FilterHL": [0.008948033404139086, 0.04069594857452032, 0.04083341335407661, 0.022329034440772666, 0.03995875489469802, 0.011424262515928298, 0.05503367158384822], "NoiseHL": [0.21544320319698537, 0.18621103632034955, 0.13487680017549533, 0.15284634645152578, 0.19166644814638548, 0.23200751950523826, 0.1644611247444225]}