{"FilterHL": [0.018551183098622828, 0.02932520769995935, 0.0055998560352216445, 0.02312239119990684, 0.38088641516653615, 0.34006700867691886, 0.33737194533955006], "NoiseHL": [0.13426970320872142, 0.14660924283022578, 0.1740330108910316, 0.20206694778628134, 0.24154202878078956, 0.25516228884138725, 0.2561839685989771]}