{"FilterHL": [0.01886559018734252, 0.014694029322472081, 0.010847903088209395, 0.025453631544894707, 0.005767309273645211, 0.011676839345497994, 0.02982249812626743], "NoiseHL": [0.05263932437113057, 0.11314885627645907, 0.06414432469678208, 0.09144333488483684, 0.06655276064959295, 0.10902539644005584, 0.0937306197409613]}