{"FilterHL": [0.0, 0.03924603595107025, 4.6089080885269286e-05, 0.006908295211081526, 0.007831217947670947, 0.011945708514487926, 0.01219530437000842], "NoiseHL": [0.2582168997340125, 0.21718443295210835, 0.2652269334169895, 0.2617580973119284, 0.29366312361983693, 0.21853774398337292, 0.30706506372943193]}