{"FilterHL": [0.04711776223779019, 0.05930459176030051, 0.038158563053746014, 0.0327646202842718, 0.04354644080532004, 0.051276659270548856, 0.0915569361849938], "NoiseHL": [0.31163371501116127, 0.29560812627729177, 0.31117681973823885, 0.3444060007998133, 0.29616919208385334, 0.3128959203435772, 0.2939746824398806]}