{"FilterHL": [0.030066061670039772, 0.03862717818966474, 0.026160359275222866, 0.04131567335706606, 0.0261708960716816, 0.03074532833182608, 0.029192502636125824], "NoiseHL": [0.03690248648485021, 0.07510499390834129, 0.044015688165550335, 0.06166685991849657, 0.03685573850103736, 0.06907579917487912, 0.04362813409038161]}