{"FilterHL": [0.03052765802052365, 0.034333164037002865, 0.015783334326022986, 0.02026196306643062, 0.025347797332982373, 0.016150980321093075, 0.040046361605261045], "NoiseHL": [0.05333363998349244, 0.0933577029936301, 0.12825089213851812, 0.13422438295523423, 0.07742164146633322, 0.08079069529766338, 0.15279778960840518]}