{"FilterHL": [0.003378523482208532, 0.02614194028212836, 0.016924293255628865, 0.011899181393679951, 0.005210831724648756, 0.016682607188134246, 0.03135779436679386], "NoiseHL": [0.10859283893417124, 0.0939624880206118, 0.11521224809796776, 0.10408207703447697, 0.11306756837298676, 0.12551821765155802, 0.12745742706587307]}