{"FilterHL": [0.015397627475778202, 0.04976028087925506, 0.01993218593117168, 0.044549436759970376, 0.05020946967651547, 0.07567146864722532, 0.07907556114266938], "NoiseHL": [0.030309407512355765, 0.06650657674545617, 0.037510198258979915, 0.060970138823283546, 0.03046152160379967, 0.06019401841729638, 0.06759591591208369]}