{"FilterHL": [0.029141658090423444, 0.04781590953648805, 0.03394830027447672, 0.021315666537210086, 0.06477758236460066, 0.07233261538921332, 0.06073952436078409], "NoiseHL": [0.11685777228734812, 0.12235188869677417, 0.13947193900913285, 0.14496053305827797, 0.1602476874635, 0.1592849175633761, 0.18638135826821778]}