{"FilterHL": [0.019173574667935425, 0.031542383853455494, 0.024134163311034976, 0.028774393507493633, 0.013325303296194817, 0.03629592009259813, 0.014270082335869657], "NoiseHL": [0.060118454301109465, 0.17111933038223406, 0.07359745310804718, 0.15996264416725084, 0.06936694588198178, 0.16443643847282952, 0.0908166899009677]}