{"FilterHL": [0.004117509903402942, 0.026266033650605997, 0.02191075772833526, 0.0063286833744385955, 0.017791521304314925, 0.002667691322115818, 0.01283854302178775], "NoiseHL": [0.17691949553565695, 0.17543667307153285, 0.1618713380844034, 0.18746925579240145, 0.17295543162696037, 0.19061790391991823, 0.15935357647615592]}