{"FilterHL": [0.007822709457363072, 0.03164949077626505, 0.023117050460907573, 0.01222434056999061, 0.3930126690147939, 0.31551854108906047, 0.13738693551934136], "NoiseHL": [0.43467905914612714, 0.43890626735483035, 0.3612520038400692, 0.37110669273611563, 0.43789198903309773, 0.44087610349661716, 0.3933780935457706]}