{"FilterHL": [0.019329777787964953, 0.016482413353665706, 0.01567111898030957, 0.02748629074450453, 0.0470152103343573, 0.04116991242904235, 0.023747337137793045], "NoiseHL": [0.4405548547294983, 0.5104897598534314, 0.4229762675137093, 0.48735525869254626, 0.530452822450242, 0.5139881458116377, 0.5388355759419717]}