{"FilterHL": [0.0013371928722072323, 0.009365973195467066, 0.002933829879151997, 0.009279152559821875, 0.014239709080131566, 0.01840219849481629, 0.016723800427361976], "NoiseHL": [0.10895757311130876, 0.11096761731232144, 0.12202199571200627, 0.13240670213393874, 0.29575575085440636, 0.31589836573264507, 0.3009401776558318]}