{"FilterHL": [0.02520096089891313, 0.05844275052293209, 0.030111573284969613, 0.033811158883443465, 0.030539890438653027, 0.051895061353050526, 0.04886405689361187], "NoiseHL": [0.17762254651284734, 0.16927817934741082, 0.1844280686730529, 0.19357543128170132, 0.20561016795106016, 0.2191866105126846, 0.21509484681744578]}