{"FilterHL": [0.0047935066502243625, 0.025545074127231813, 0.0038654662563679366, 0.023526531746679364, 0.014927951814108168, 0.020656784973833876, 0.017164841909216657], "NoiseHL": [0.17427050471121114, 0.2551791730072856, 0.18923266914115944, 0.2632510435783564, 0.18244340211897855, 0.23507994277834107, 0.22051787911908027]}