{"FilterHL": [0.014602883797405998, 0.036608086911217, 0.010815406866135293, 0.028972631635362563, 0.024615450872373254, 0.019212725018011096, 0.03411593076345306], "NoiseHL": [0.07906187984443415, 0.09557444738612243, 0.08247927567834971, 0.09397009552882885, 0.1700133990985585, 0.18669159643144043, 0.17681313358399636]}