{"FilterHL": [0.026506782653223034, 0.09281454902344526, 0.03936205506947607, 0.08737306896917979, 0.09679440077853202, 0.08891927766208, 0.09307313457742891], "NoiseHL": [0.21491089327244461, 0.19594750472970918, 0.21297012197009504, 0.2118750565145534, 0.280929353548791, 0.28654784557016444, 0.2539595328074718]}