{"FilterHL": [0.010044336321306826, 0.012129056335377407, 0.000142895930397798, 0.010547283293323714, 0.009080319331397047, 0.004119568612753535, 0.016500035018140263], "NoiseHL": [0.25219712701332625, 0.15588806281210407, 0.17204989912935062, 0.14055559111206187, 0.13715343066451127, 0.15913856167509846, 0.13336404950370337]}