{"FilterHL": [0.015763182304717193, 0.07417191807418533, 0.02116726561338651, 0.031128116101494505, 0.03768167941700535, 0.03510327569329385, 0.039979037590406954], "NoiseHL": [0.1207670830656544, 0.18368883736511588, 0.03896977873150462, 0.053476927951996746, 0.14277016897430284, 0.14951189063648085, 0.0678777597096637]}