{"FilterHL": [0.04711102701509597, 0.060423849271189, 0.0670655387477586, 0.03771454798706337, 0.06365380571017626, 0.09739778743708227, 0.06936826874275508], "NoiseHL": [0.09411337697539987, 0.10320853668407806, 0.0986548781951588, 0.07207847089908148, 0.1041303326421391, 0.12922173079421811, 0.09806834760830557]}