{"FilterHL": [0.02145780564082348, 0.019196235309067094, 0.01530706378629812, 0.0189912296594259, 0.005555163703502901, 0.028929116932266272, 0.006638652217630887], "NoiseHL": [0.28157613831179673, 0.2983344072612882, 0.27137245594614523, 0.3117749180569044, 0.29801770966211866, 0.29221496019553445, 0.2866131482175318]}