{"FilterHL": [0.00741808059405451, 0.014004445615527928, 0.019986074403305784, 0.013817901675768554, 0.011377504109506883, 0.017416397100242068, 0.01784520313209535], "NoiseHL": [0.18108800003800146, 0.1491280158523318, 0.26819150202060565, 0.24178836026543316, 0.17106963463988953, 0.13130248835701938, 0.25830232230249756]}