{"FilterHL": [0.048406927599395334, 0.03874492305435166, 0.03867471076825713, 0.05412419176395682, 0.039296828672234205, 0.03867211207889305, 0.04071935363455221], "NoiseHL": [0.05701926337037499, 0.10017273575725823, 0.06968348917307117, 0.11570321445927355, 0.08656999915782268, 0.10742601541716001, 0.09121683776043767]}