{"FilterHL": [0.018200819346216736, 0.0244148233112709, 0.019715605679568492, 0.0352533422270561, 0.019947495775772026, 0.0210160360056361, 0.025735198575271515], "NoiseHL": [0.20887127299972416, 0.2341968049751579, 0.20180588791488813, 0.23107241470136614, 0.20302318508425699, 0.23472556155860574, 0.2163261170407783]}