{"FilterHL": [0.0, 0.16563856709464725, 0.05105558427443299, 0.23620449514581252, 0.028179488782138426, 0.19952415405347712, 0.09315198739851333], "NoiseHL": [0.5142590363851288, 0.6213170812780374, 0.5602873593049109, 0.6568531657013362, 0.5469328828794431, 0.6386681620397536, 0.5831297003577207]}