{"FilterHL": [0.0, 6.069172231754032e-06, 0.038702542458601163, 0.016430498439498828, 0.00012086641800948348, 0.0010023302609689522, 0.03146574109588274], "NoiseHL": [0.12350322450529108, 0.14567520307051546, 0.1327469171082399, 0.16708546478174516, 0.13317431117202394, 0.15400905983632326, 0.1364145983888662]}