{"FilterHL": [0.028543488063947586, 0.05544011479140541, 0.02534519878666189, 0.029105874768112855, 0.02787611681141553, 0.03633895229647267, 0.0329706538411377], "NoiseHL": [0.024157578153712837, 0.0605912801353419, 0.03044978209121167, 0.030706835747579986, 0.025382571015775346, 0.05246717135399075, 0.0377238599106515]}