{"FilterHL": [0.010752610898816345, 0.006818852187108822, 0.014954227670630359, 0.029703635392165743, 0.013078985638693759, 0.012249231131056706, 0.005070963561346125], "NoiseHL": [0.1118698781763394, 0.11020391751571722, 0.12887342979091596, 0.11351201620101531, 0.12307415307068754, 0.08665377855125939, 0.1296644140241413]}