{"FilterHL": [0.010603055909482653, 0.024035682893220212, 0.01389152736628023, 0.010690281496589717, 0.01043174978512775, 0.013642738598976582, 0.03216488580096171], "NoiseHL": [0.05881217529766946, 0.1255383642629711, 0.09921173348784554, 0.1276052638453374, 0.11532902020723912, 0.15237845073932077, 0.11521378677107093]}