{"FilterHL": [0.01532233811682146, 0.0065509580554819185, 0.029552622764750014, 0.0, 0.02342753883113244, 0.02252162819551145, 0.032687089150376436], "NoiseHL": [0.5184799304806561, 0.5766919830254884, 0.4185721666275533, 0.5064967143667913, 0.521403413113367, 0.5508109527865022, 0.42076381785557865]}