{"FilterHL": [0.013784412209567186, 0.0027553374824207037, 0.0067919010562719, 0.019749333910069125, 0.012913684959652446, 0.010781381398941971, 0.00593632085399445], "NoiseHL": [0.09690874563134876, 0.16364105558631384, 0.12148747385244338, 0.16407744741460814, 0.0887637710991244, 0.1494956542309036, 0.11738139669281121]}