{"FilterHL": [0.06162399266227797, 0.0, 0.0, 0.0, 0.3790130268613588, 0.5781322531833089, 0.4539242570254201], "NoiseHL": [0.6193978193748945, 0.6548934340195866, 0.6162022486246092, 0.6594708740719447, 0.6412525906035201, 0.6893643896793021, 0.6399598711127522]}