{"FilterHL": [0.018060610512723615, 0.01762178065852486, 0.014492614201065174, 0.029883793128935146, 0.0072444211555730866, 0.013849980621343367, 0.03315432106060549], "NoiseHL": [0.06483432951313116, 0.08579346046556904, 0.0865829638290231, 0.11013794835795955, 0.08294553040020011, 0.09685745690689156, 0.12067423669919275]}