{"FilterHL": [0.019197075848338532, 0.038949536747238556, 0.024175676015023767, 0.03419711448151397, 0.05087299281208806, 0.05800215122672457, 0.05185137412604047], "NoiseHL": [0.09636802336375103, 0.1459050072464866, 0.15923343542202692, 0.16583777986661866, 0.09929471157884802, 0.0980237990135923, 0.11842929765865533]}