{"FilterHL": [0.006830849421488491, 0.00426950271813793, 0.0009577480849956663, 0.009770277876619096, 0.004174690047665915, 0.005857885590740101, 0.0038041275407523106], "NoiseHL": [0.23732377438296115, 0.24895765969868225, 0.2521029480452698, 0.25132669871190844, 0.2372166100588628, 0.2523565189387858, 0.23943313363376612]}