{"FilterHL": [0.012045939158259987, 0.024016042715706547, 0.015523196496730127, 0.027862086724419196, 0.017926298777412045, 0.026250772930290236, 0.012288442733327281], "NoiseHL": [0.05124784343471839, 0.05578057824666027, 0.06438286512351253, 0.06635565805959924, 0.11980634167338096, 0.15027122081544644, 0.13460632532793926]}