{"FilterHL": [0.04423635439913995, 0.006751084079425956, 0.008273651948762012, 0.0063375741068626, 0.0379159464461162, 0.008891320861951386, 0.016816724108493383], "NoiseHL": [0.1108461598068911, 0.17970453517777815, 0.10938852802083814, 0.1572608691095833, 0.1635934571459633, 0.2108761360284733, 0.1773141351456227]}