{"FilterHL": [0.042484430757766825, 0.06526141346078515, 0.030433798599331516, 0.03996532341504302, 0.03427724770362898, 0.03681528073426129, 0.023516905008385946], "NoiseHL": [0.037623284993270195, 0.056443456665241636, 0.036168247853046474, 0.039787258309318854, 0.027782519093757282, 0.04472150541334839, 0.05377210089604911]}