{"FilterHL": [0.009797897990058292, 0.022789271427152306, 0.028277046489442258, 0.029921617856469733, 0.02364233387795611, 0.01250809891350064, 0.024700849041200918], "NoiseHL": [0.09865942833584272, 0.11280149150770241, 0.13580069485897409, 0.12075558357397986, 0.10400292433561895, 0.09792696615328975, 0.13488325605169257]}