{"FilterHL": [0.0028204939786566205, 0.019413808771622302, 0.005831195827581493, 0.00825251603049577, 0.008928356053282847, 0.009232240093267808, 0.019769118381800274], "NoiseHL": [0.07728167693730353, 0.14414613107612662, 0.10393783862935069, 0.15237708428325988, 0.16524846196602114, 0.14738754240207383, 0.157393481654813]}