{"FilterHL": [0.01021723347038731, 0.014773420369029223, 0.00998093999314008, 0.024158666649708355, 0.045951862456459006, 0.030774074924233095, 0.046517665285374155], "NoiseHL": [0.17324550792268226, 0.2206161461976549, 0.21697902103066918, 0.26961033231062154, 0.1963994343675807, 0.21466775402225136, 0.16565187443942564]}