{"FilterHL": [0.03410370266266714, 0.07173722716426711, 0.10001348370089784, 0.09461835754710149, 0.08035776661050535, 0.10150749138555515, 0.10818364820115693], "NoiseHL": [0.11495265011391667, 0.11929187185017863, 0.14342001753179628, 0.13408640088879825, 0.14155563511267655, 0.14366896252006425, 0.14329274948650125]}