{"FilterHL": [0.0783797179117712, 0.02723406357747384, 0.07456196213929406, 0.05184845957837654, 0.009635323660901668, 0.03808024170613958, 0.028735139382974232], "NoiseHL": [0.20828875320879692, 0.23051473367460995, 0.19362543356992412, 0.18701732929988382, 0.11965366023568048, 0.1417651281695376, 0.05146681022452341]}