{"FilterHL": [0.000249637703056815, 0.000137538542924493, 0.005699360154115977, 0.014051494165481262, 0.005862420059358124, 0.0, 0.028945289494023377], "NoiseHL": [0.16950843122097695, 0.2009115892650161, 0.14858131633967386, 0.18187705092201215, 0.2034297098849552, 0.1957864663624126, 0.151189334965229]}