{"FilterHL": [0.022161830937791407, 0.020917211757869304, 0.019014835188101167, 0.025526103209847873, 0.02448958516103774, 0.011447804562710847, 0.00898457398720871], "NoiseHL": [0.12378188173181164, 0.20266538983701188, 0.13000440875385114, 0.1946819679447122, 0.16081434984252632, 0.13821976688926535, 0.1787687870489062]}