{"FilterHL": [0.23315137692287352, 0.10025930765383981, 0.13540109619463958, 0.07062733378859516, 0.13613201107953254, 0.1202744374845203, 0.11081513395916022], "NoiseHL": [0.5619973634730427, 0.5825834241752263, 0.16499878328452883, 0.1956902087240043, 0.574736344230822, 0.5861234626571963, 0.16550982661149097]}