{"FilterHL": [0.02705874230980003, 0.05392824140022581, 0.02035095080362553, 0.045090319029768094, 0.013023162307554945, 0.04493553544804551, 0.028110009261725286], "NoiseHL": [0.03585394889714331, 0.059066538287598856, 0.03769991100252358, 0.04829005419524532, 0.03191647698205979, 0.03846336369066778, 0.05312703270919892]}