{"FilterHL": [0.06870243226139885, 0.05478082927718513, 0.09282419521618925, 0.058901460219261195, 0.06806587885196325, 0.09185953492814246, 0.09633857548502768], "NoiseHL": [0.22462182015662907, 0.2520125324483402, 0.22218549413966113, 0.2747975092905703, 0.23525662951913953, 0.24799846995100974, 0.21207002079915704]}