{"FilterHL": [0.028181928905198283, 0.15116501437663094, 0.22377765874521524, 0.041611290175320274, 0.04091526355707607, 0.15462407672656012, 0.22485138150169154], "NoiseHL": [0.4283087266735138, 0.5292953751725922, 0.6117508955905079, 0.6673831434206738, 0.4184706972122048, 0.5318277776421713, 0.5898815988198358]}