{"FilterHL": [0.0, 0.0, 0.0006481784358182712, 0.0012660023945838652, 0.0, 0.0016280893866718804, 0.0030942162778655417], "NoiseHL": [0.11303511652045509, 0.1572246532975914, 0.17677669529663687, 0.18239580959790105, 0.1556247497997998, 0.18514569594605018, 0.19707921959999697]}