{"FilterHL": [0.01014668337587351, 0.01790114732707265, 0.01758637647746035, 0.029256019728793155, 0.012282589511941066, 0.009762404366020968, 0.00904063384598582], "NoiseHL": [0.07057255626556018, 0.05455253088609218, 0.09691963960386986, 0.11746092672546919, 0.08017925462506828, 0.09265084216502237, 0.08488726216594784]}