{"FilterHL": [0.014460740839044799, 0.04208982913070328, 0.029385497438914214, 0.0422822825524111, 0.18002200220310008, 0.17063831174545838, 0.1399942579030539], "NoiseHL": [0.048223154252227486, 0.06373821844147841, 0.0637918033784638, 0.02809531490067915, 0.10592555329794025, 0.12620710196627655, 0.08283247783494144]}