{"FilterHL": [0.02168615523345699, 0.030335427619372673, 0.010541882386739174, 0.011654908676211275, 0.013758104508447482, 0.02135120673738438, 0.01834020590036594], "NoiseHL": [0.10486601904570272, 0.14349467621774054, 0.1080483125574032, 0.14911758658143776, 0.10423432269382078, 0.159662545595162, 0.10544211777847796]}