{"FilterHL": [0.01348162727238187, 0.01681994225446614, 0.0009871041796951435, 0.007625558109103858, 0.0022964665513088484, 0.004517799706135733, 0.020311513713336813], "NoiseHL": [0.3076474700191556, 0.3072810601967837, 0.2593222614924288, 0.3349941942104098, 0.22562574991184386, 0.298702511639193, 0.23472203762138616]}