{"FilterHL": [0.004385859607082029, 0.0021665000379838843, 0.006372257686797126, 0.007854877186613199, 0.00853192055360485, 0.00836316080563298, 0.005730018572683035], "NoiseHL": [0.1235636919441278, 0.12351585874481041, 0.14051093317256533, 0.13877220851555042, 0.14573905355134006, 0.14573816217296953, 0.14395362820545968]}