{"FilterHL": [0.015412049562083908, 0.019540441483997095, 0.005283889795500516, 0.011931876744078826, 0.004766636379157121, 0.009592335657750176, 0.010317568556556337], "NoiseHL": [0.2993578072376165, 0.30825526039515827, 0.30088702914993654, 0.30892776695957047, 0.3044507131036743, 0.3036508784917799, 0.3054384138064739]}