{"FilterHL": [0.02021123860825177, 0.028404975305706518, 0.03730035755580924, 0.034350877774950495, 0.08241908557568106, 0.0669717030538664, 0.2765491091648291], "NoiseHL": [0.2873830310636848, 0.30698744853477616, 0.31707125516431567, 0.3090982139508663, 0.34057067977592637, 0.34730641114509214, 0.3733840390147204]}