{"FilterHL": [0.03783295054107438, 0.06530505383192602, 0.04346496257821174, 0.03907896315469437, 0.04043960992020797, 0.03260192474457618, 0.020642560184265427], "NoiseHL": [0.027895471451530107, 0.04797688103212526, 0.037033526204342505, 0.05669965365862092, 0.036826752618673186, 0.04847101399656117, 0.043019890198710664]}