{"FilterHL": [0.0033612430028374714, 0.01320776458501153, 0.019147335393044557, 0.015700998032443843, 0.008700500063348071, 0.0021887244121068907, 0.009100000479181037], "NoiseHL": [0.23405562049273085, 0.13875951814735255, 0.2437273363353532, 0.2479365271203505, 0.23178740359082162, 0.3149014412133766, 0.2749851266180875]}