{"FilterHL": [0.0, 0.0, 2.564682242509142e-05, 1.4667255400513e-05, 0.0, 0.0, 0.0], "NoiseHL": [0.2768927248622021, 0.31229702626329436, 0.2972843603127713, 0.3415686218479229, 0.3053053667491258, 0.33422761671951423, 0.3275995214162312]}