{"FilterHL": [0.0, 0.0050118101750568095, 0.0, 0.030215059725595277, 0.0, 0.029259210836224292, 0.009471623833753154], "NoiseHL": [0.3767019529958348, 0.34244798032822277, 0.4076101029073054, 0.3509971906193547, 0.39747691872394614, 0.3403270523148, 0.42464124206469855]}