{"FilterHL": [0.011331426334881147, 0.031621574386962885, 0.006378642647620302, 0.007050862647366721, 0.0332363689783372, 0.042387353114300745, 0.025905331274692345], "NoiseHL": [0.3456625437186718, 0.3753447291650213, 0.3154651968507361, 0.33007050528450665, 0.34933264291931815, 0.3634503035237887, 0.31537171277999076]}