{"FilterHL": [0.00593765195322027, 0.03097879623855791, 0.024038653204291893, 0.023072770476679407, 0.016448287461756375, 0.012341409820231157, 0.017286254699397784], "NoiseHL": [0.05418285196072942, 0.07687424553104602, 0.09406437081319312, 0.10669843722669484, 0.09908180887035023, 0.0834209452947154, 0.10408574087869463]}