{"FilterHL": [0.00039848429342135, 0.0, 0.0, 0.0006082509709549422, 0.0, 0.0005105615857825876, 0.4523743647466495], "NoiseHL": [0.6503319990440607, 0.6813032502242886, 0.6806347212961023, 0.702289231277193, 0.6961406444087231, 0.7016035915745104, 0.7203557211904785]}