{"FilterHL": [0.005815844058348836, 0.011776500847675925, 0.03172005609548591, 0.05738159202220336, 0.035180096878759885, 0.005545985217658743, 0.007589504319258997], "NoiseHL": [0.4202740598394551, 0.46785435173507, 0.43390676818421375, 0.46449418401797327, 0.41594203930506163, 0.46663382986281043, 0.43401094268087126]}