{"FilterHL": [0.0030515075277308132, 0.014665390757300003, 0.009631455478484773, 0.003905082564259006, 0.0046576141920187065, 0.007379074266838507, 0.013965297069148123], "NoiseHL": [0.14263011314494717, 0.14245355402676504, 0.19193000639167188, 0.2120282478290186, 0.20253868776192316, 0.19078707278608534, 0.2261200514544636]}