{"FilterHL": [0.020169744932880356, 0.03710764571259847, 0.008688887798375788, 0.020213354134952635, 0.016866817302709225, 0.01460280423568421, 0.036001933118021745], "NoiseHL": [0.0690977152294797, 0.1279217340736879, 0.11326171586953117, 0.10458494128481231, 0.08437411538559479, 0.09592456513220336, 0.12767124326429677]}