{"FilterHL": [0.0031674837577632072, 0.012329747405765151, 0.0072780885502880584, 0.004529601895790899, 0.002055234244418218, 0.004053226871124248, 0.02554740297591347], "NoiseHL": [0.09402090263764651, 0.1108829306886368, 0.10393737604949121, 0.11102141795371916, 0.11942342477567795, 0.11381980378941967, 0.11774044011592188]}