{"FilterHL": [0.07752156025581299, 0.07009161601785142, 0.03474393851317057, 0.03333559423672367, 0.08085736163215328, 0.09355489366189042, 0.01086634840420548], "NoiseHL": [0.13521113781559713, 0.21082380644348703, 0.11035256446099333, 0.20544123875670137, 0.1217204692141073, 0.21500271834449067, 0.13935384556128974]}