{"FilterHL": [0.02957529704351238, 0.05526702353724458, 0.02149995960775547, 0.028973125877983768, 0.03219076761824705, 0.040592645702357544, 0.03668231606945233], "NoiseHL": [0.04624780248716795, 0.05941684015790147, 0.032807040156575706, 0.04005601420007948, 0.03291991204715804, 0.07305143248515213, 0.043115540933744395]}