{"FilterHL": [0.020281555139729915, 0.19073478536404995, 0.0, 0.0789131161380961, 0.0, 0.010548291338169273, 0.0], "NoiseHL": [0.4225340645960604, 0.5667796518641214, 0.4047307623393257, 0.557791072441265, 0.4111921843624089, 0.5806075247523731, 0.4076101029073054]}