{"FilterHL": [0.037697259263027305, 0.03923064079134451, 0.03726033566450376, 0.009105970813462996, 0.03035374960138027, 0.014158221794195512, 0.03729850842266885], "NoiseHL": [0.22555965721608312, 0.17965895876573387, 0.26809585955286747, 0.20465376196120277, 0.2542264415759275, 0.2663448121330701, 0.2909904085512857]}