{"FilterHL": [0.06547639380259265, 0.05871721734445717, 0.023761472022897023, 0.03447259865784594, 0.06601497256846203, 0.06493452418694456, 0.015718454050306033], "NoiseHL": [0.07513998022592425, 0.20004840889747458, 0.13432397581084743, 0.19489074496993114, 0.07813619916822122, 0.20113262623040368, 0.13814099874085145]}