{"FilterHL": [0.013589396684817867, 0.026263186556030108, 0.015350807876338931, 0.04588741552040471, 0.020703323959523803, 0.01631070386554089, 0.020447040471762344], "NoiseHL": [0.07684291879501255, 0.058161142290823184, 0.07873309051017557, 0.0601807137592226, 0.10987660937074673, 0.12241110667484842, 0.12359452570105883]}