{"FilterHL": [0.003877084438578551, 0.03042249576787006, 0.022510388410173304, 0.01027656903649091, 0.016886207938129578, 0.014647521015722191, 0.004616643603796788], "NoiseHL": [0.2911887401444763, 0.3725566693493828, 0.288934804123837, 0.37594349177533154, 0.2998823532549251, 0.38605557029875565, 0.30969317986137085]}