{"FilterHL": [0.26268167234857714, 0.37011995981045526, 0.2709000078897115, 0.33949437091351997, 0.3214904371429203, 0.33827355905576456, 0.32203647540386454], "NoiseHL": [0.579446606909739, 0.731734481657313, 0.5923986594513708, 0.7147448005560592, 0.6089204061115493, 0.714046848485839, 0.6024582060926774]}