{"FilterHL": [0.011122050465393695, 0.022522233521666456, 0.018561519973444806, 0.027547911476289277, 0.023790998512270043, 0.007988696023233677, 0.01793327185343805], "NoiseHL": [0.2622845281985975, 0.26198257297945227, 0.228590806257613, 0.22602241328444014, 0.24547789843373236, 0.26785400062233083, 0.23278677909546736]}