{"FilterHL": [0.062347027031748645, 0.07523198687441451, 0.04494183599023124, 0.050875307484965805, 0.0411923399053973, 0.13735271810093788, 0.05440918540020697], "NoiseHL": [0.2361095968898786, 0.2153260098649105, 0.2503129155559146, 0.20152654672855094, 0.18423063558208583, 0.29070874835165195, 0.21578746336428964]}