{"FilterHL": [0.010566381964413306, 0.016482400346708514, 0.010476948894939372, 0.003118940292469152, 0.005227226050239257, 0.002524541244973862, 0.012042136649037478], "NoiseHL": [0.12154367244726413, 0.11944141730240973, 0.10165313241434883, 0.0940015362946868, 0.15085332627156425, 0.13889395719409064, 0.12386691895467963]}