{"FilterHL": [0.006766680611542048, 0.015842356862222146, 0.004499433869377606, 0.00655686632163236, 0.00636282737539602, 0.009719618666478904, 0.01621073376622205], "NoiseHL": [0.2582195087636906, 0.2329570670561169, 0.31064062300923356, 0.30987689032856797, 0.2769405904876198, 0.2394362950900582, 0.2946431638155653]}