{"FilterHL": [0.004249588914321819, 0.019711685458766972, 0.003954023480781402, 0.021276409944982238, 0.009661935709975884, 0.05243364580530323, 0.02157809849673387], "NoiseHL": [0.28672710320532546, 0.3971044408653848, 0.399804497081487, 0.4315422986452442, 0.3191832759945528, 0.4865416931201617, 0.3852949927330757]}