{"FilterHL": [0.0, 0.01083714212140298, 0.0, 0.06381753089699077, 0.11322131796171014, 0.020391930087289685, 0.09936291391174931], "NoiseHL": [0.4281402847364999, 0.4379602732113812, 0.47037645864927213, 0.4787515388809003, 0.42212321662658775, 0.5200590393209726, 0.4622526211838685]}