{"FilterHL": [0.00012267904465267755, 0.0, 0.0, 0.0010830551448656168, 0.1432307157478857, 0.12324020027221835, 0.1180191086710539], "NoiseHL": [0.35748376388368475, 0.458984549010429, 0.35826616493699964, 0.4630196344394766, 0.433309905669248, 0.38132081483756874, 0.41587429664614495]}