{"FilterHL": [0.01014694273388997, 0.06133363536068439, 0.012049658069911371, 0.04434320172230418, 0.006047504048959041, 0.090066623514707, 0.022504607489762615], "NoiseHL": [0.18415590743675497, 0.20685295030575138, 0.17734445116398226, 0.21771182317259039, 0.26028827336346705, 0.23173336907102168, 0.27430524095685016]}