{"FilterHL": [0.032351667312980247, 0.045157800489945873, 0.07568375818088409, 0.07830793206149222, 0.03771793378475295, 0.047871731718103244, 0.0833711734821125], "NoiseHL": [0.0491898275771951, 0.03886284136341173, 0.1290347120901233, 0.1228715318356776, 0.04666000439113243, 0.051007020650913365, 0.13789560886378416]}