{"FilterHL": [0.005270024264970958, 0.017400218925928575, 0.014573027241462448, 0.010887993469354512, 0.005222155868128411, 0.020634632328461265, 0.029477486911039075], "NoiseHL": [0.2034360082622342, 0.16686129300663488, 0.18241373220468046, 0.14739629082031128, 0.1905707517653161, 0.16362414854774263, 0.19186014943021631]}