{"FilterHL": [0.01461100079038146, 0.02912862104007588, 0.022702618562490798, 0.036985682835735945, 0.029050067354879697, 0.027326789934365287, 0.053835848464500353], "NoiseHL": [0.20864218571967127, 0.21637203416113063, 0.20642731265899414, 0.21758334403479684, 0.21735903631165288, 0.19251376660428635, 0.19077481982671946]}