{"FilterHL": [0.0, 0.0, 1.930352010431149e-05, 0.0002575852344689642, 0.00016139870275551455, 0.0, 0.0], "NoiseHL": [0.10392551679435674, 0.16950843122097695, 0.13129518424232384, 0.1796067636529137, 0.1214797384251674, 0.16950843122097695, 0.15880924869119287]}