{"FilterHL": [0.06414242743894191, 0.07500609654908419, 0.07335160559906256, 0.06633312677030069, 0.05194547390652887, 0.12242786428924632, 0.22945284052966813], "NoiseHL": [0.25778050550069354, 0.26737594306047924, 0.23146394415052632, 0.32415475512115755, 0.26289108702576625, 0.3037234908834061, 0.25225301970173186]}