{"FilterHL": [0.015505412620555058, 0.013756161691182418, 0.004031282655069702, 0.0025540891650505768, 0.04699071638695805, 0.022019288643214216, 0.025255240632301296], "NoiseHL": [0.20866243976813525, 0.30568539081699136, 0.3047410394463551, 0.3153185923216025, 0.10684803754638077, 0.161408992351325, 0.1862715099750674]}