{"FilterHL": [0.009105193603487752, 0.01980550948216757, 0.004019063170188942, 0.013444893213955575, 0.006658149548076238, 0.017520140539573237, 0.015226376491539292], "NoiseHL": [0.16014856251319734, 0.21445171679398808, 0.1961249752221845, 0.2374462288533397, 0.16684002128216613, 0.19503032542579113, 0.21682210333113278]}