{"FilterHL": [0.021308194325858038, 0.03830761971563244, 0.027848940182204393, 0.03461799457649723, 0.025916934516339023, 0.031912762540642715, 0.029449573322416683], "NoiseHL": [0.17703639758415451, 0.13295859461506698, 0.12929842804247493, 0.16944085144140345, 0.13269156543433647, 0.14236591776490504, 0.15266737613890105]}