{"FilterHL": [0.0667210463710408, 0.059086437537628426, 0.03494601487085998, 0.0438959090137222, 0.06350544519733439, 0.07181284213872811, 0.05259760763380936], "NoiseHL": [0.13141142354787677, 0.10424889673123057, 0.11087005405326371, 0.13178478218298265, 0.113700211121031, 0.11728349158336651, 0.11176929925646024]}