{"FilterHL": [0.0378523971106419, 0.0705851493542362, 0.045343845252720054, 0.037539958095993385, 0.03351651840890708, 0.07038283617461365, 0.029232977242181372], "NoiseHL": [0.17574078629972575, 0.2195071792034147, 0.14824213878213005, 0.22914611444041055, 0.18378620165368764, 0.20139697272612983, 0.15824522519234183]}