{"FilterHL": [0.0040370125119284835, 0.01265450943105492, 0.004386273933365612, 0.011791577757894476, 0.011141299878023201, 0.014627703795721982, 0.009913196686798555], "NoiseHL": [0.22838145748532632, 0.22638944285828824, 0.24049844992395117, 0.2522783605506058, 0.22299636181566246, 0.2575379353826605, 0.2551662000846543]}