{"FilterHL": [0.0, 0.00012714739994751126, 0.0003009714773841385, 0.0, 0.0001233113573657102, 0.0, 0.0], "NoiseHL": [0.30794192249105196, 0.29275215217742273, 0.3183155034171673, 0.3140257650798779, 0.31660503303722437, 0.30881681198870464, 0.302650597456391]}