{"FilterHL": [0.020223754085245647, 0.028891978190472543, 0.010221823783165782, 0.029213712738369382, 0.011452041891641113, 0.027256126806285485, 0.028096155526235494], "NoiseHL": [0.15565662422321605, 0.1473095628226577, 0.1431372739798653, 0.14929427872975412, 0.11555221463335505, 0.09416589701740123, 0.118903068707005]}