{"FilterHL": [0.05964445953817007, 0.015621041842525645, 0.03604763315065531, 0.020639301549116904, 0.12282819275373831, 0.13555557310054422, 0.11865025850428032], "NoiseHL": [0.1938910010947387, 0.15276184876399332, 0.236319251353857, 0.19978947304263112, 0.19217506182236663, 0.22044485032194758, 0.1989098698251675]}