{"FilterHL": [0.18811762601793314, 0.1124761821901956, 0.28172158824848503, 0.3215364987919067, 0.6058416806854885, 0.6230036676476239, 0.4491876561500841], "NoiseHL": [0.6432189024081054, 0.6474498519601295, 0.6377144255671974, 0.6411708774913527, 0.6148891050502944, 0.5910936875851099, 0.6380906398587262]}