{"FilterHL": [0.025895182457667677, 0.04562409908153169, 0.019595376041928538, 0.03200097089180957, 0.026768404333310698, 0.029459708579553632, 0.013704975010215031], "NoiseHL": [0.06509588416281747, 0.08118017664624246, 0.13344456528187315, 0.14129280208359252, 0.08925947685737273, 0.07066880634404969, 0.15313875391419865]}