{"FilterHL": [0.004734568106907997, 0.01621308903209181, 0.005361479120136911, 0.007520852640587622, 0.06607641852659965, 0.06338734050338779, 0.047066906511610745], "NoiseHL": [0.20497740296193884, 0.3136315562315045, 0.2131376909756855, 0.32799930708064623, 0.2527307336439077, 0.24220653275858342, 0.26318829947069156]}