{"FilterHL": [0.008479725100262504, 0.003435640941263503, 0.009655244936497904, 0.026739240759704498, 0.007130404568322488, 0.009971496893073934, 0.023742266848749072], "NoiseHL": [0.0834733651295734, 0.10152509415155396, 0.1043046160157387, 0.13949577120735393, 0.10651922817596958, 0.09169812566383738, 0.12413455964399092]}