{"FilterHL": [0.06572343445760642, 0.09518742431347162, 0.04937177056375854, 0.08025909113990838, 0.1224271461814908, 0.11928928733532602, 0.07424999409236034], "NoiseHL": [0.17526050538102422, 0.32401200009072234, 0.22729880100650127, 0.40478236839329246, 0.31723628889168776, 0.14777869270746521, 0.3552141606797797]}