{"FilterHL": [0.005510712241355186, 0.0019369291939161195, 0.003707116879339233, 0.008177151183477654, 0.015310461665854364, 0.014442762800815386, 0.026591126670062297], "NoiseHL": [0.09131384192504675, 0.11312537532814647, 0.09396143663595735, 0.13130173465706246, 0.12390294051995343, 0.17535316703315598, 0.13495796130415869]}