{"FilterHL": [0.007754879706204167, 0.01772112305217548, 0.004159897010983063, 0.012607461036713931, 0.006995100978976996, 0.014145206975595114, 0.017126972029534695], "NoiseHL": [0.1873265994093696, 0.3431937215004573, 0.2133292656149622, 0.35679041553901186, 0.19969947905279672, 0.33105399763618354, 0.21211196463059778]}