{"FilterHL": [0.021038780036844625, 0.08875579714110067, 0.014674380213672277, 0.045337933282184495, 0.32690300023204716, 0.31889225457377735, 0.24637551132019017], "NoiseHL": [0.4093651727797715, 0.338117614183059, 0.3954987435655646, 0.34974141962640454, 0.47415357700019845, 0.4845636761714417, 0.46133209236584233]}