{"FilterHL": [0.011353586578185576, 0.01617732823182737, 0.005253324475593593, 0.006663626215800378, 0.007401109933096669, 0.008809606004349442, 0.00043833946951386127], "NoiseHL": [0.24507907112007735, 0.23559833037693617, 0.25207695551116904, 0.2500632791980938, 0.2362628113549141, 0.21240370181373136, 0.22953716354613385]}