{"FilterHL": [0.011514062779670634, 0.033387221665786, 0.013585841028108264, 0.03615944736564012, 0.01643154451067219, 0.015695342875887707, 0.011980680987369896], "NoiseHL": [0.09565013678138691, 0.1216392632114972, 0.1251026984934165, 0.11447801082725403, 0.12412391340746429, 0.11233601154959813, 0.13226688026674377]}