{"FilterHL": [0.10539119480298732, 0.05558206867605426, 0.13035630519784155, 0.08483551879827757, 0.0906724111450775, 0.07188472050778771, 0.1016874451080659], "NoiseHL": [0.21244320301093017, 0.0984322948796648, 0.18459894617418943, 0.06265629814482222, 0.15372397874406138, 0.1318013714195118, 0.11712047586975917]}