{"FilterHL": [0.0011039101246115937, 0.00884759735835549, 0.006803952418610419, 0.009170067346394518, 0.0013366076013489692, 0.004225268480586877, 0.021770727026181765], "NoiseHL": [0.12221865166202678, 0.13317852072578015, 0.13144714536878496, 0.11748954148320241, 0.15887667242445017, 0.1814982460252016, 0.16970981241763958]}