{"FilterHL": [0.032401559038814365, 0.06042854604813685, 0.022522245471723185, 0.029085816159367797, 0.03332858508972884, 0.08256648514502664, 0.028385093787058852], "NoiseHL": [0.11248681900525023, 0.087870033369874, 0.09639156328204845, 0.08355824873474225, 0.1397311417898489, 0.102808275259187, 0.13999196595707122]}