{"FilterHL": [0.03571388796221345, 0.0447177060973137, 0.027862092262551947, 0.052115449911929915, 0.03884141023089354, 0.038664241670574744, 0.04753822564004403], "NoiseHL": [0.2076103648880654, 0.23672408132232553, 0.19682061232826495, 0.22658151972879864, 0.2124531740845182, 0.1878177437978724, 0.22919580573920317]}