{"FilterHL": [0.015963766958018627, 0.02511568310260027, 0.007810863101837038, 0.008560544041989483, 0.007382859046340212, 0.0020476712442184454, 0.0028439698252426195], "NoiseHL": [0.19092000425714664, 0.17845376256379034, 0.18913639801165977, 0.18920116491746597, 0.15341359044877245, 0.13505015763415376, 0.17514796477418304]}