{"FilterHL": [0.02767184040532678, 0.05112310864388547, 0.028142146996442147, 0.06837367763089972, 0.07064413513926619, 0.09284606062246598, 0.08734272144940666], "NoiseHL": [0.03145401147962957, 0.06699493344501263, 0.044366999131239065, 0.07189184572539846, 0.05201522671766761, 0.0878260595314257, 0.08328264646159576]}