{"FilterHL": [0.43509822544360316, 0.19653514432562685, 0.3735755067727809, 0.236293481697796, 0.5867174646142865, 0.6075757983098596, 0.6242737959804766], "NoiseHL": [0.5809523036958929, 0.6300478974370913, 0.6040777274498973, 0.6095677738860324, 0.773120121518101, 0.7010780524577526, 0.7936575402926991]}