{"FilterHL": [0.027289307292715673, 0.030252911486228228, 0.011541908201966647, 0.013484852625071842, 0.04560976235346894, 0.027659182609103335, 0.004401937563080771], "NoiseHL": [0.09396079440287701, 0.1796192049264652, 0.11191855470628662, 0.1778005518308422, 0.16196825410490306, 0.12553422958094576, 0.18159746432929905]}