{"FilterHL": [0.035609724630443956, 0.04383115311446182, 0.021139983995431343, 0.04281552193054617, 0.23093124258658113, 0.2341764047161717, 0.22819950895912128], "NoiseHL": [0.07810499430751276, 0.07487500715539254, 0.0390691492788995, 0.08030254966098639, 0.09478389429782115, 0.0472154518912084, 0.07885456636331807]}