{"FilterHL": [0.005829622604839993, 0.011435119283918313, 0.0038352326928750903, 0.0029624706141188066, 0.007525528079169006, 0.006268935239120472, 0.0028979251983677796], "NoiseHL": [0.1695093495614655, 0.1511648559447547, 0.16193514891323044, 0.1331743952347462, 0.16957651284935765, 0.14229916237581833, 0.157225212538281]}