{"FilterHL": [0.002979296636687271, 0.014344844550816657, 0.009185595930484085, 0.004048703429169252, 0.004358230171429783, 0.00820814247330996, 0.019154624147833497], "NoiseHL": [0.060214655476532965, 0.12777973786998256, 0.14243108381569433, 0.17394334579590687, 0.08925690962927617, 0.11976818263787378, 0.14403518327291628]}