{"FilterHL": [0.013409518332806295, 0.019104183175233186, 0.03228336616181671, 0.016926815793980424, 0.06920830012446336, 0.07647454002079448, 0.07835411825734573], "NoiseHL": [0.1739785791987249, 0.14007615180826946, 0.16026181317209975, 0.13872767143162693, 0.19368978867332207, 0.16424858100881307, 0.22268823573799576]}