{"FilterHL": [0.0, 0.0, 0.24310376216561727, 0.20247989127170038, 0.03238643081702291, 0.01823832003093447, 0.29982092595831145], "NoiseHL": [0.5006509008105223, 0.48165043551804065, 0.6516337007974177, 0.6309377870415834, 0.5271254589581033, 0.5174834228105777, 0.6719856589154208]}