{"FilterHL": [0.0, 1.0452495685452551e-05, 5.078713484227758e-06, 0.0, 0.016356299212444126, 0.013704924481991381, 0.0074648488386390025], "NoiseHL": [0.2108191091580861, 0.19186013665193044, 0.23830281775681836, 0.2034297098849552, 0.22303975994968803, 0.1997771096171032, 0.19840186849068703]}