{"FilterHL": [0.026495896930108443, 0.036990880640712855, 0.01837097154944228, 0.022492797641587278, 0.031017271293873865, 0.07271323899567013, 0.043204006081173], "NoiseHL": [0.22757510486331778, 0.22379969157863885, 0.21234802454312912, 0.21321452523855172, 0.2213077747359298, 0.20864322164256183, 0.20521389324574552]}