{"FilterHL": [0.006040046847675605, 0.032739788011782886, 0.02717812621184112, 0.028902214387661843, 0.026806187852575655, 0.021442158449374842, 0.03433718703599895], "NoiseHL": [0.10946309597672169, 0.09234653838645282, 0.11097980771379862, 0.12584842128436252, 0.1387040121555041, 0.13507009980067936, 0.12592124260167353]}