{"FilterHL": [0.025392018721324763, 0.044091241635100545, 0.024769744331863026, 0.038749891334894385, 0.025976078895734847, 0.031213676688013493, 0.024197120526896664], "NoiseHL": [0.049943467991642634, 0.05594262701220287, 0.058061247722172915, 0.061820125441071586, 0.042432621795592075, 0.03735024179263462, 0.04600962095091805]}