{"FilterHL": [0.021787792368602142, 0.04547880742793379, 0.025526426044099246, 0.030852566775054796, 0.027167471730287357, 0.027692433810436783, 0.04515751693567841], "NoiseHL": [0.02108712161519617, 0.013102287061736356, 0.03517879760012042, 0.029248562995549166, 0.019792101005952325, 0.009910093509391217, 0.051559200359727365]}