{"FilterHL": [0.006562922644708834, 0.02625356700349939, 0.013184263839612985, 0.030884733153567503, 0.007745068302277023, 0.02871050009196584, 0.027916464329840112], "NoiseHL": [0.19720832270140687, 0.11534913210664002, 0.2006745706676761, 0.1059395167337487, 0.2131405847748019, 0.1587133946098008, 0.22172363473838785]}