{"FilterHL": [0.013038264067122978, 0.009284539432981668, 0.012900951994560289, 0.01744829337822899, 0.028604129716411634, 0.029577008737820147, 0.032050479791525754], "NoiseHL": [0.2206892101376355, 0.22166310303253503, 0.2531084349612607, 0.26425490525700607, 0.28917248737967466, 0.28744968099810414, 0.29644835260730606]}