{"FilterHL": [0.03177524963937537, 0.05172796419921693, 0.0360115008019896, 0.030791892102822616, 0.02352188938059431, 0.027765095199103782, 0.041288303806604185], "NoiseHL": [0.018303524152449843, 0.02160613311083692, 0.012238956419072187, 0.026051105525363893, 0.013079460278703511, 0.020010931826742868, 0.014325016720064507]}