{"FilterHL": [0.05802687296399709, 0.03304540616390687, 0.02103125501171933, 0.01917002417029583, 0.0535004368126764, 0.044427894204512236, 0.06818232856222371], "NoiseHL": [0.08113893614375473, 0.2650550836770593, 0.0838268983251209, 0.2584606233473207, 0.10052776436397154, 0.16531726044487619, 0.0944429975084713]}