{"FilterHL": [0.030422445253346656, 0.05767480029508258, 0.01607566197531248, 0.027442760174648334, 0.04462642533431506, 0.059704277595935454, 0.04251693422998764], "NoiseHL": [0.02551644019153906, 0.05930629064489349, 0.028968719707983072, 0.03259636490267738, 0.032351610389443654, 0.04458400273494951, 0.04863506333353894]}