{"FilterHL": [0.032337132208732, 0.04576938521149897, 0.011166680138839865, 0.042376022916015374, 0.16528048855759464, 0.1575534739392821, 0.1722249439089118], "NoiseHL": [0.331393349446922, 0.3321566169368818, 0.3710834686812089, 0.3482026842661018, 0.5556502025803901, 0.5495274254218551, 0.563795454601619]}