{"FilterHL": [0.00794028722237611, 0.013421574267400387, 0.0073867096159960155, 0.00779483678428307, 0.04685425584184555, 0.2533303913054538, 0.02984141086293134], "NoiseHL": [0.4338337285608135, 0.44885884784218816, 0.3258071212976505, 0.31746116390796586, 0.4824255624543779, 0.30190901330406716, 0.38495415840467845]}