{"FilterHL": [0.02487023231946602, 0.0378735462335768, 0.029452375768686142, 0.1200290590999066, 0.01701822879122397, 0.02141049647358856, 0.02412405850285143], "NoiseHL": [0.19965884898518055, 0.26130043390044105, 0.26918921934516343, 0.34666905804318887, 0.18254577314908438, 0.28350175065271155, 0.27704190541123674]}