{"FilterHL": [0.016403574842379094, 0.0072089021259042286, 0.004683052879740227, 0.0037284949914031165, 0.01854890922615494, 0.019509538269215632, 0.024781256435745618], "NoiseHL": [0.2176233290229166, 0.2793716866424164, 0.20322931966605154, 0.27594694845188295, 0.3157210464134714, 0.29833392417180216, 0.30911863894403047]}