{"FilterHL": [0.014867339032537718, 0.015689738277033648, 0.014295628021376275, 0.0030930089322007853, 0.008637203485986723, 0.012827553261194552, 0.0207241219333753], "NoiseHL": [0.3124571130659982, 0.2895678893951017, 0.2933194614896266, 0.311834554871261, 0.30089706515617554, 0.318274185346098, 0.2877258641848298]}