{"FilterHL": [0.06608313646546336, 0.0929130806138681, 0.15996641681194892, 0.16741863762984024, 0.08678312828127245, 0.061930640473961115, 0.17364801601173482], "NoiseHL": [0.09301473793757398, 0.1328418970909151, 0.2230613141486939, 0.242063786692937, 0.12330179679895421, 0.1320594302186197, 0.21871213811988885]}