{"FilterHL": [0.030102667950589843, 0.04245487455827778, 0.046067788448024484, 0.04223129491868844, 0.039053222360452736, 0.043299015345488925, 0.05178591145620417], "NoiseHL": [0.04170892323161558, 0.05604612180308941, 0.07539995943336328, 0.06800552745427625, 0.04010783369219539, 0.0668340114108369, 0.056494107212906285]}