{"FilterHL": [0.02154381602374425, 0.059408736710704894, 0.027788257456260033, 0.0387720578282921, 0.02310057339883053, 0.03283055844852435, 0.024712949066383647], "NoiseHL": [0.04656945993338007, 0.04451681052645293, 0.06483018356710656, 0.05079072318033874, 0.08627967438230824, 0.09802309636313841, 0.10130022774072955]}