{"FilterHL": [0.013470414280493398, 0.008763866975394743, 0.02455684888987692, 0.00486135116607662, 0.01443355912202282, 0.016026722762602214, 0.057912957808721584], "NoiseHL": [0.43405440370139925, 0.4454210091913876, 0.3993621851645149, 0.39899772941058553, 0.43370633567201855, 0.42465022961942, 0.40702577147620445]}