{"FilterHL": [0.02510162780630546, 0.023299601046858492, 0.01811734567576089, 0.028044317245911422, 0.008654480182295225, 0.01830332200080771, 0.08249287233989414], "NoiseHL": [0.13164916498664783, 0.16975672998576816, 0.1457874063068223, 0.1665785109640067, 0.16352522516325949, 0.1311994735117568, 0.15387827440377583]}