{"FilterHL": [0.022891954731930272, 0.035498713983123674, 0.03340323954329117, 0.039756484707448046, 0.017064180062119808, 0.03355946621803352, 0.012702986976042673], "NoiseHL": [0.06979438403666031, 0.05158755275882264, 0.075485007123658, 0.06377602563203037, 0.12414532313222185, 0.13518362724895097, 0.12578948267247173]}