{"FilterHL": [0.05048525082757932, 0.07708786665339715, 0.04618939624936351, 0.0605451900489377, 0.07375370843694508, 0.051154358966592865, 0.054730638957595536], "NoiseHL": [0.046117112212260926, 0.0862224765910202, 0.05544674793887339, 0.05112975605141948, 0.055958575819359174, 0.05038427536578275, 0.0426766330316618]}