{"FilterHL": [5.268358026477327e-07, 3.371748684758861e-07, 0.0, 4.0039517421416876e-07, 0.00536397537553865, 0.0, 0.0], "NoiseHL": [0.19448580951758207, 0.1368579400081564, 0.17098527586296225, 0.10627440321039959, 0.2226395172490795, 0.18785815120172258, 0.18514569594605018]}