{"FilterHL": [0.0074566450059143485, 0.03244344996966381, 0.014763027290632868, 0.006037641671751931, 0.008870256665571695, 0.017153210692364335, 0.023323315028071515], "NoiseHL": [0.12393919196594053, 0.13409880876163222, 0.10596999663708248, 0.10183930318314148, 0.12781325744908595, 0.12524447228831626, 0.10157720259622731]}