{"FilterHL": [0.00012704201388424608, 0.0005145473520953348, 0.004501023084691936, 0.009052814884303184, 0.03275886844248055, 0.14716797569062698, 0.034750747069320444], "NoiseHL": [0.3683309749787435, 0.4549328562787095, 0.37005689701013317, 0.31608435039925614, 0.31529169715783883, 0.23799809335271757, 0.41475585442735385]}