{"FilterHL": [0.17883007730780257, 0.15070511430389402, 0.1374930193956283, 0.1334017947012096, 0.23571439899225313, 0.2592145507070316, 0.22719360914898049], "NoiseHL": [0.38301115115472156, 0.396831335478136, 0.4110759191095963, 0.42138576413265694, 0.3689124540089873, 0.36638666826772853, 0.3902174216490863]}