{"FilterHL": [0.006487093023216033, 0.019973291285634846, 0.014233374408697388, 0.007462014025878444, 0.005541709425242919, 0.01196499204720979, 0.027967148240603756], "NoiseHL": [0.11084132885269948, 0.16950944137983315, 0.13505746764204374, 0.176781878986675, 0.12354091959631451, 0.16350508518510548, 0.157225212538281]}