{"FilterHL": [0.022271246100629558, 0.03147684074198134, 0.015728269590325576, 0.011230055067241267, 0.0304223800277011, 0.028707575681333374, 0.03280828810513153], "NoiseHL": [0.08326694103616046, 0.1302342926293563, 0.10417079022217211, 0.14001905529795322, 0.09668610602825137, 0.12970455325663088, 0.1080001703328928]}