{"FilterHL": [0.05170370991822317, 0.05038215055600496, 0.04219591353063552, 0.04984622795434197, 0.026065708682791167, 0.028980357400498244, 0.04357010222621526], "NoiseHL": [0.0581972523473907, 0.04345352747786215, 0.04953945588655393, 0.0388434266393024, 0.05218373060709116, 0.05006179863455725, 0.05753667617259939]}