{"FilterHL": [0.016511714716582058, 0.06093750567106727, 0.02401071747537615, 0.047189220050034904, 0.01791380807645988, 0.040408527547047185, 0.038817821078859296], "NoiseHL": [0.021305576761997503, 0.02817401642966637, 0.02742530995434809, 0.04144778188213123, 0.013739628402792652, 0.03669375242207726, 0.056222705391289894]}