{"FilterHL": [0.0005569581416050516, 0.0, 0.0, 0.0006783628190699871, 0.0, 0.003806009191232607, 0.0], "NoiseHL": [0.31229702626329436, 0.34398982727819466, 0.3797150298555193, 0.4119063716742538, 0.3827123361818522, 0.4211259772110817, 0.38420521071217134]}