{"FilterHL": [0.0, 0.0, 8.61744827847884e-05, 8.7017522998163e-05, 0.0, 0.0, 0.0], "NoiseHL": [0.22607708161584836, 0.2652269334169895, 0.2520758735267398, 0.31316232914598263, 0.26916281322186875, 0.294571808286785, 0.3044224920897379]}