{"FilterHL": [0.025524051485578403, 0.024271953959378843, 0.023572443916852717, 0.029252676657578084, 0.09686185279776659, 0.10332656408335035, 0.11262082233243609], "NoiseHL": [0.3526946982081482, 0.3767971833408306, 0.3378632653720862, 0.3578674815666537, 0.24915261277141024, 0.22870731492135382, 0.21665105296413883]}