{"FilterHL": [0.07204133403513521, 0.024880206042113148, 0.06823797963753811, 0.007997814419094378, 0.031705966077070866, 0.030300149583138595, 0.030617099552132876], "NoiseHL": [0.12415475164139837, 0.12631877211678716, 0.12744330409811663, 0.09410447795535633, 0.17322049604699366, 0.1592867922767174, 0.16005927545737886]}