{"FilterHL": [0.08712152305372925, 0.07881014549451029, 0.08446688423927577, 0.05964780701894027, 0.08985600469454183, 0.09146663609539558, 0.07033492699410163], "NoiseHL": [0.17540133359275095, 0.2023739358770745, 0.16242951967457242, 0.20832084323838168, 0.1830088653478114, 0.17980640146216872, 0.16183999432255336]}