{"FilterHL": [0.004490440878494708, 0.016650080686534216, 0.01025641193918769, 0.006189768008465098, 0.005999974933272429, 0.0059027901723341615, 0.021380354118384567], "NoiseHL": [0.1572375118955221, 0.2035106805438089, 0.22268518850600288, 0.18920131878092752, 0.2071547294411855, 0.24705630166259926, 0.21222830223800562]}