{"FilterHL": [0.0, 0.0, 0.0, 0.0, 1.8333902870298542e-06, 0.0, 0.0], "NoiseHL": [0.1490620996510314, 0.1865064993035597, 0.18100629468644155, 0.22721260617900388, 0.1796067636529137, 0.2120278888000165, 0.2120278888000165]}