{"FilterHL": [0.5116055788759822, 0.4537197843289496, 0.44200544522067514, 0.20559845238672764, 0.46417346912358776, 0.455197068694131, 0.5366980890814943], "NoiseHL": [0.5848871406452114, 0.5785890432641666, 0.6293084673245766, 0.6517257937649736, 0.5729792317872442, 0.5802370001782855, 0.6235766488991834]}