{"FilterHL": [0.0009837806701420107, 0.0, 0.0, 0.005313927431698356, 0.0, 0.010782023023467724, 0.10153400963609605], "NoiseHL": [0.2144269219230429, 0.22946862650151675, 0.3827123361818522, 0.40400898512626815, 0.3886613478333254, 0.41190637167425387, 0.4980455918189139]}