{"FilterHL": [0.21809990617738192, 0.20237807335341096, 0.28770150625889224, 0.2508913328143215, 0.5436890139103253, 0.6112933547742794, 0.4911130734832312], "NoiseHL": [0.42251418502459254, 0.40061634283089587, 0.42180469178867863, 0.38449708486062745, 0.4414114428163696, 0.4263433742986373, 0.4330557385272039]}