{"FilterHL": [0.021951600200582788, 0.03020534026786232, 0.020469070441095506, 0.02648293859859159, 0.01633094578323772, 0.021394638640041867, 0.037142918115270075], "NoiseHL": [0.07688762354277735, 0.1407462753544142, 0.0918996180845848, 0.14333441142886422, 0.09430528497865695, 0.14050662878887438, 0.09927509627001448]}