{"FilterHL": [0.03207455700520904, 0.05245327185826427, 0.034334107870182914, 0.034086326287299205, 0.03790573015565619, 0.050580656307720316, 0.04149899977766567], "NoiseHL": [0.020176348887870673, 0.05862286937424032, 0.034625683575410876, 0.04792393137974523, 0.02032828238300896, 0.04372322280943002, 0.048375043264533256]}