{"FilterHL": [0.04131179147747749, 0.025995257170707636, 0.027496301919934924, 0.0545772709746683, 0.020606935507078594, 0.04488401874899916, 0.04507211684137583], "NoiseHL": [0.11308286386554282, 0.11002009340448043, 0.10219267491360802, 0.13319846539651162, 0.09810181791551456, 0.10486708784535044, 0.10410727911427786]}