{"FilterHL": [0.014425004716333342, 0.03368225178037942, 0.03207659348306039, 0.05762281327146287, 0.02219753217718977, 0.03365361843255111, 0.023451108363241772], "NoiseHL": [0.24598031410299584, 0.21485434851157845, 0.3022764642329586, 0.15644474732903785, 0.18916425710536833, 0.17855910423097116, 0.24260149349931992]}