{"FilterHL": [0.033438043338827696, 0.039445152950817776, 0.02937830861042879, 0.04314663722901397, 0.03615645086298876, 0.05830029484290902, 0.04145802278553155], "NoiseHL": [0.04272658807478951, 0.036244309805657564, 0.043898663580380096, 0.04081168729598582, 0.03088085479224947, 0.052317144482477894, 0.055472584851875506]}