{"FilterHL": [0.002118773032593578, 0.019067478729925987, 0.015218246853032174, 0.007622763962609107, 0.002860731214825437, 0.014367961780372812, 0.024899623173287398], "NoiseHL": [0.06269847193579711, 0.08005881742176471, 0.10393219301238374, 0.11734122680073611, 0.11122366812081552, 0.12761318368513858, 0.1368737465640532]}