{"FilterHL": [0.02189345718687132, 0.026102152772066387, 0.021114317956115798, 0.0327897122651102, 0.020470407108495646, 0.01654465234991329, 0.024816400082544994], "NoiseHL": [0.14595335246255833, 0.135271850426612, 0.13199535973509027, 0.12766220121242544, 0.13554960478225503, 0.15640705852890557, 0.12776960774248244]}