{"FilterHL": [0.012061715573193247, 0.03332302173167908, 0.03492580040652948, 0.04080613307491913, 0.037833340332134376, 0.037272676730724597, 0.03880936922886029], "NoiseHL": [0.03686738043595201, 0.0342162769612892, 0.03901434932344989, 0.05179009504949244, 0.05295411285124304, 0.03936798192125803, 0.03691648547600565]}