{"FilterHL": [0.018345541732255975, 0.01720370471110167, 0.016670383809674245, 0.012235294010891675, 0.06214435746563656, 0.07075533756681797, 0.04401409667916844], "NoiseHL": [0.0809015423928375, 0.1690366448889207, 0.10334523322613237, 0.18985953105247805, 0.06650076591258561, 0.1626230498036838, 0.09172597778009188]}