{"FilterHL": [0.017325165445915957, 0.028659320633321217, 0.012316857529990594, 0.021134138910615097, 0.01940755563904575, 0.02222649762180184, 0.03304958476406694], "NoiseHL": [0.19713414644299457, 0.17108345901228467, 0.1907512632865553, 0.20134443309557157, 0.19509009931265844, 0.17941472782215148, 0.18377154007178614]}