{"FilterHL": [0.010095079818475164, 0.045701835214396386, 0.008376458561693115, 0.01579985960768394, 0.012396928231040416, 0.018268359827354582, 0.027097656466517402], "NoiseHL": [0.2718177167535183, 0.3041938213915963, 0.32939305977087147, 0.2929575520093351, 0.30095800809536694, 0.3028202311523198, 0.3630544296399015]}