{"FilterHL": [0.013695054050798629, 0.009221539212639235, 0.019773890731886515, 0.021506195491398372, 0.007948532377977078, 0.010187737939144632, 0.03137525187988158], "NoiseHL": [0.2697838185153353, 0.25828391952521457, 0.259373110396097, 0.24989900553826813, 0.24690617341107154, 0.2529707828734862, 0.2476883204927738]}