{"FilterHL": [0.038401495926617846, 0.0378519919944246, 0.01922875907540397, 0.04990051114987685, 0.039696602762162456, 0.04921968108980843, 0.030144916640066133], "NoiseHL": [0.07160895517981578, 0.10307886440482515, 0.05902125914605803, 0.1094705833326019, 0.09068137602227506, 0.10813610507587022, 0.07273694433220299]}