{"FilterHL": [7.083132653163044e-05, 0.00013047760763847645, 0.0, 5.35706737244436e-05, 0.00013047760763847645, 0.00027474546117350863, 0.0], "NoiseHL": [0.1490620996510314, 0.1796067636529137, 0.1957864663624126, 0.2034297098849552, 0.1796067636529137, 0.18514569594605018, 0.1957864663624126]}