{"FilterHL": [0.10920555909511256, 0.17494517496725198, 0.1365724976322299, 0.11981371432323576, 0.1352525870668684, 0.1814062515500362, 0.1699645767292755], "NoiseHL": [0.3772035975850974, 0.5967871943608418, 0.45385863979757046, 0.6465680576567988, 0.3984713601753211, 0.6098510514571819, 0.4793923252512111]}