{"FilterHL": [0.02405737877741491, 0.05009609135490409, 0.022659865763050777, 0.03125741693627788, 0.020199900703096296, 0.024893305257440042, 0.04374327547131032], "NoiseHL": [0.014773245175938435, 0.06739375744584959, 0.013089678758734952, 0.03738653949892625, 0.014811641016147046, 0.014389808930586332, 0.012080107326055727]}