{"FilterHL": [0.03369721670932489, 0.03282741992835587, 0.02913383063503207, 0.031410797560428, 0.022253263217023412, 0.028683859681623555, 0.0315042738895191], "NoiseHL": [0.13939268530420035, 0.14596045283541492, 0.16918111600039173, 0.20627015437837798, 0.18819194686194873, 0.1940268476827373, 0.2089594376200659]}