{"FilterHL": [0.035562539350878414, 0.029789930199387384, 0.03263690692883559, 0.03491580297408161, 0.041083436572001815, 0.048996894855394206, 0.25065387708424225], "NoiseHL": [0.24586421115043278, 0.2393401183176538, 0.42974663295107945, 0.3900233715865823, 0.26151826657465516, 0.23968899673635752, 0.40331462749955566]}