{"FilterHL": [0.13272994023130558, 0.1963178014267014, 0.08113464413002282, 0.12446826977103445, 0.1863638366241604, 0.16380967029694007, 0.09680163127626004], "NoiseHL": [0.23688319895564017, 0.21786772796622061, 0.18132345942659017, 0.19044851109246003, 0.21136672605523976, 0.21199821095114696, 0.1861579129168781]}