{"FilterHL": [0.02707377752696064, 0.03940636913256845, 0.039609911663483655, 0.032569922693684195, 0.030031439140325123, 0.03191121434458444, 0.033301769985914116], "NoiseHL": [0.2519092318959015, 0.22504314180870755, 0.2715291444694995, 0.2356821025860613, 0.2449462308437058, 0.2245461441479261, 0.22127537720981627]}