{"FilterHL": [0.0034595767934893808, 0.015507448315664888, 0.007917095319718664, 0.003798837609016525, 0.0033562658347946546, 0.01177748253533519, 0.012377349783576653], "NoiseHL": [0.4617208709572154, 0.5170779738504793, 0.4891668921763584, 0.36693926742416455, 0.36469400048291023, 0.3686488225972844, 0.5084551988902667]}