{"FilterHL": [0.023998435317314902, 0.05678417319390574, 0.04401102805618634, 0.038807543024053336, 0.051936144707900825, 0.012441970472678846, 0.06536043535017251], "NoiseHL": [0.164183920060214, 0.16627158539768686, 0.21682489513729453, 0.2151709862994749, 0.15541030105282472, 0.17176182448097888, 0.22081302942765227]}