{"FilterHL": [0.03270229755610592, 0.04073659282005416, 0.022913481191899582, 0.03972533656337784, 0.10043889498867895, 0.10899102156444701, 0.10958485349365109], "NoiseHL": [0.1685797926531623, 0.19910870578019538, 0.0933490312817022, 0.14920974166845946, 0.1912062806612931, 0.2571820714152485, 0.11172151257693923]}