{"FilterHL": [0.03345740364476637, 0.04282721412835462, 0.024562218819775737, 0.025808907034416108, 0.025537188210774386, 0.025701262281220404, 0.024720354265326264], "NoiseHL": [0.3003505118724012, 0.2950764083426955, 0.30061517389647624, 0.30024388427772725, 0.31490716439346117, 0.2780572806817579, 0.29003776089552663]}