{"FilterHL": [0.0874413703510259, 0.24351606896580377, 0.12340236234952175, 0.2594878781646473, 0.1615289542952184, 0.35655336044139585, 0.2962270489013777], "NoiseHL": [0.5704429982225737, 0.6251602622123704, 0.5831297003577206, 0.6309377870415834, 0.596460179724716, 0.6660402152187195, 0.6438411587108657]}