{"FilterHL": [0.01262722127507464, 0.028863011511795374, 0.02511274393800757, 0.0287792435351557, 0.020535134003370134, 0.012392788321856736, 0.024685686517100118], "NoiseHL": [0.13546382871934404, 0.12992751861724033, 0.10764208302285576, 0.12705206771140343, 0.13528102796343633, 0.14450713308422744, 0.11368558656442167]}