{"FilterHL": [0.006076515268623615, 0.01229813346902181, 0.006245884916027275, 0.004786331534133918, 0.0068309394251810564, 0.0031528221856916916, 0.015216695915155311], "NoiseHL": [0.08650319207955434, 0.11556492165231541, 0.12357570245638415, 0.1313979117569554, 0.10459801636762983, 0.08606316083899988, 0.10641763780455206]}