{"FilterHL": [0.026418587471522783, 0.06399576600229272, 0.020766062548691573, 0.03924058353103293, 0.03061102934885838, 0.08968276006811732, 0.08266760244771855], "NoiseHL": [0.12887786979241259, 0.10245711045732458, 0.11928295653965781, 0.1181125653050135, 0.1490460608728485, 0.16571790982403065, 0.15137537078809205]}