{"FilterHL": [0.023946414752452, 0.03886540970217514, 0.019707628628638608, 0.0342808326908207, 0.09647706291979885, 0.010850762397067974, 0.04755672249798927], "NoiseHL": [0.10878605190448996, 0.17447669601505086, 0.09392383803127824, 0.17139374591170334, 0.14850105894907245, 0.1836727283247252, 0.14086743462198578]}