{"FilterHL": [0.01718965982874134, 0.004335386574294631, 0.015148774968402192, 0.00027596819592962525, 0.014543599514495086, 0.0, 0.028484889133321856], "NoiseHL": [0.21221593394388935, 0.3044224920897379, 0.21116157933752577, 0.2909232592243174, 0.21763055559369265, 0.2863094019622411, 0.23102916661225242]}