{"FilterHL": [0.03158379432047116, 0.021239326448017758, 0.049720277075816305, 0.04014356707223002, 0.050992147880594245, 0.02598126924504781, 0.05352914562811008], "NoiseHL": [0.13211776385603982, 0.1530102557565395, 0.1405648866090762, 0.16541695931243167, 0.18484655539436537, 0.22924321129934014, 0.19072045349267516]}