{"FilterHL": [0.01942454426926557, 0.03014933751084141, 0.024067962294467875, 0.03757050596498741, 0.02560095148674278, 0.03401153226902536, 0.037445855827816364], "NoiseHL": [0.21933427963443586, 0.1876558632052273, 0.17464236990994716, 0.18862137208650923, 0.282941453438029, 0.26073117431050646, 0.2657634931708934]}