{"FilterHL": [0.01779398856906108, 0.0004155425124209165, 0.008643885953807152, 0.0002787509794661374, 0.01779342818093659, 0.9839299446352107, 0.018477056560060837], "NoiseHL": [0.19678252910901298, 0.21561738357673682, 0.1913592413734987, 0.20838248111736035, 0.1954863321545162, 0.20212515393292374, 0.19469277218234815]}