{"FilterHL": [0.0285411170426865, 0.046368148257790516, 0.011957560477284732, 0.014788778832203505, 0.014516207427760176, 0.027260547260368626, 0.030049171329115807], "NoiseHL": [0.2001409738056968, 0.19144868313957064, 0.18147999882539764, 0.19941211229846492, 0.1933900657863888, 0.1908908019353819, 0.17783638387789152]}