{"FilterHL": [0.019867433990460547, 0.045371148448044706, 0.02423128988893177, 0.03358339896753928, 0.03666263815174262, 0.026624523908622754, 0.01607600018595699], "NoiseHL": [0.025202934149701435, 0.051086465362481424, 0.03803780040780171, 0.03570754917734401, 0.032838041886019985, 0.023937876232797393, 0.03188797404286119]}