{"FilterHL": [0.0, 7.586839743598337e-05, 0.0006190499358696395, 0.0, 0.0, 0.0, 0.0], "NoiseHL": [0.20467814417459612, 0.2768927248622021, 0.31316232914598263, 0.3035375752754972, 0.10392551679435674, 0.22379061732305383, 0.28444670306439407]}