{"FilterHL": [0.04269759143663767, 0.04607225148792408, 0.10923272836250615, 0.15104159376551243, 0.026248947539119792, 0.031939803584399455, 0.08509049286778358], "NoiseHL": [0.10532388758124031, 0.08802153173549876, 0.17346425140335567, 0.1966017193703253, 0.09790880473237037, 0.10636893477552826, 0.1767618751263157]}