{"FilterHL": [0.024213787209786338, 0.04276749914070711, 0.014416099315255919, 0.04465186011534615, 0.028707227076998746, 0.03653272284202829, 0.05081704150115038], "NoiseHL": [0.016216893849342554, 0.03849566548090145, 0.018953323769273223, 0.035673038977270234, 0.03333422132050674, 0.041892844095662816, 0.05981111763407206]}