{"FilterHL": [0.01579350654129749, 0.03435706085183021, 0.00864917567900144, 0.03187723319485618, 0.011661164916182652, 0.022063139886305205, 0.012744124494184123], "NoiseHL": [0.15190387550717344, 0.16244197436699384, 0.19064636636639942, 0.19293847741317718, 0.16303819561709482, 0.18532547986422795, 0.193823159364019]}