{"FilterHL": [0.00012506075881860837, 4.946105659079582e-05, 0.0, 8.893040958174263e-06, 0.007117098826596476, 0.012117233878707114, 0.0], "NoiseHL": [0.2730507170196538, 0.2900052920042101, 0.2108191091580861, 0.18920084887799915, 0.31660503303722437, 0.32759952141623117, 0.2531082856368079]}