{"FilterHL": [0.02262929624657508, 0.019332451003883144, 0.010500412851293234, 0.031304491326175375, 0.006950566573498231, 0.013445044588356034, 0.02325955416812021], "NoiseHL": [0.22864473549760897, 0.3146864551923089, 0.24594466538361937, 0.31560457796347985, 0.2460310656306403, 0.3150668768970543, 0.2581989591570294]}