{"FilterHL": [0.030020997089276222, 0.03482133893731919, 0.022405069219003988, 0.036882843859388524, 0.01287020997342548, 0.009318010629888138, 0.006458057748306963], "NoiseHL": [0.219191650835085, 0.2055186635950027, 0.2421524704315576, 0.2271631177771458, 0.22347496576890072, 0.2001962545258336, 0.22813391441514713]}