{"FilterHL": [0.009154359073253116, 0.007782016065968264, 0.016014058566700178, 0.016964577566892382, 0.00931648944930403, 0.008127584062881698, 0.01245728879533048], "NoiseHL": [0.07987027590490633, 0.14912921661211817, 0.10163243245291778, 0.14420738776140254, 0.10152559746424822, 0.1441048172246221, 0.12352599335164252]}