{"FilterHL": [0.07061747350270307, 0.05683463677269572, 0.05653053456218922, 0.03209567772108646, 0.11890226288559574, 0.04163172250736284, 0.10386167099240057], "NoiseHL": [0.2513377610623453, 0.21420228225971413, 0.3027151547190147, 0.26327588779781513, 0.2785837384308583, 0.21133172284826668, 0.3138202399609854]}