{"FilterHL": [0.0022563815302845134, 0.013672572270669633, 0.01289569704919309, 0.006106494650402035, 0.0048923250138457955, 0.016624427070032213, 0.02905420135991358], "NoiseHL": [0.463019934179921, 0.3475726082568212, 0.47276484580512845, 0.34479484159411566, 0.4522462468007925, 0.33842847290086653, 0.4705194370428466]}