{"FilterHL": [0.011297950972446204, 0.01426835128962397, 0.02032523366934457, 0.010924451428426334, 0.02421067910734063, 0.010338322720134017, 0.012685729285890967], "NoiseHL": [0.16792694205947992, 0.19937695487869114, 0.1502283123549568, 0.200957704485949, 0.16470048376644061, 0.1932281543249336, 0.1723777917380803]}