{"FilterHL": [0.05545280782160425, 0.022050708638451526, 0.0604730450380967, 0.05945101858690919, 0.03677164549831307, 0.033523298329095445, 0.03889134303514319], "NoiseHL": [0.1322925224305956, 0.14545743326749971, 0.12762328776553283, 0.13074119397741724, 0.06761099805209474, 0.08727527152322195, 0.024215636449427223]}