{"FilterHL": [2.1073424569465507e-08, 0.0, 6.322027559250747e-08, 8.429370204608392e-08, 0.0033677558783515586, 0.0, 0.0], "NoiseHL": [0.09654419837975824, 0.14395320073022042, 0.13129518424232384, 0.17245022900462764, 0.11082626344894847, 0.1490620996510314, 0.14395320073022042]}