{"FilterHL": [0.00011856902580231722, 0.0, 0.025373123723190484, 0.003109916639048491, 0.013144086854460944, 0.010053465192452541, 0.0515185340553681], "NoiseHL": [0.25, 0.22493644505680488, 0.2555518510288918, 0.24926484178519137, 0.31916807257306506, 0.31229702626329436, 0.30795792854641013]}