{"FilterHL": [0.039668468743706824, 0.036034095708908004, 0.045010730940225493, 0.02722279496981338, 0.03111376889164149, 0.025099945959779168, 0.046179971503552096], "NoiseHL": [0.1641746719370501, 0.1718764408695088, 0.1577575988190252, 0.15332816137515945, 0.26966137180482597, 0.2767741192771358, 0.2438716169456373]}