{"FilterHL": [0.018025297144240573, 0.0368042412177362, 0.028679725473263373, 0.042029302225787726, 0.02218699838587654, 0.014441571842389181, 0.02274436553784889], "NoiseHL": [0.12961133455752835, 0.12314262593697309, 0.12745060505476602, 0.12610213860696393, 0.08678433220251686, 0.06772760149569848, 0.07620026116911102]}