{"FilterHL": [0.0028300605914707636, 0.014760030552972996, 0.011378391958589761, 0.005567951299662714, 0.004878869240507522, 0.01058993644412967, 0.0206192789773908], "NoiseHL": [0.1814640155548383, 0.25242516266694, 0.19063757698975822, 0.24686354586021567, 0.30002832009212466, 0.3106218739568389, 0.2788373236180967]}