{"FilterHL": [0.0397651084489404, 0.05589095672074197, 0.030733266587198257, 0.05109137164044867, 0.019934260594513475, 0.5203414040548221, 0.049252927190025886], "NoiseHL": [0.026560952814525966, 0.04884849590878096, 0.03335215827641596, 0.07022003839639553, 0.03957864493925562, 0.055446714368999214, 0.0199159508020611]}