{"FilterHL": [0.0055076661420073465, 0.024723212185178266, 0.020910200607263996, 0.03257882772073248, 0.03371471898377686, 0.019940192759933566, 0.0015092681642850578], "NoiseHL": [0.16456129906029948, 0.1338169160745071, 0.1699391342814361, 0.10720462798762781, 0.20644084256254897, 0.1720872770981155, 0.17102331696199408]}