{"FilterHL": [0.022595481878075575, 0.018253494535345565, 0.023402804802070524, 0.03250538570563018, 0.01508414291773144, 0.020816795685809544, 0.036079910771035006], "NoiseHL": [0.17219512538205745, 0.17567083086726823, 0.26465676476742844, 0.263332608857796, 0.1437437883839674, 0.14408804561932823, 0.2656035731160027]}