{"FilterHL": [0.043770784634951786, 0.039855934494737816, 0.03757584576620732, 0.04261801760968275, 0.04773229174432538, 0.03908706774447643, 0.04155024280045851], "NoiseHL": [0.03589911891060891, 0.03821155066931357, 0.038555390696673734, 0.044263759979216874, 0.05275260474969734, 0.05941044349269408, 0.054345733316979755]}