{"FilterHL": [0.010392526157949064, 0.01391760722417948, 0.0118275325015624, 0.009394241903503185, 0.017873973524248372, 0.017308198551997337, 0.014271700351696023], "NoiseHL": [0.10460147321285693, 0.1048278537405152, 0.1462491427031731, 0.13348293360255215, 0.16127928623856855, 0.18009896507632875, 0.1725547318785509]}