{"FilterHL": [0.0, 0.026282317882744446, 0.0001154917965611816, 0.006703561337397109, 0.0016555485952648834, 0.021283425199089063, 0.001220002541325599], "NoiseHL": [0.1781969793463003, 0.22159439810242865, 0.22607708161584836, 0.2414499366701897, 0.19707921959999697, 0.19375663486900102, 0.2372144506373005]}