{"FilterHL": [0.0832788518035095, 0.0086653705164484, 0.032910404037635246, 0.09153972867892082, 0.0654589094387739, 0.02859185775757954, 0.056700413958836855], "NoiseHL": [0.1658831781865605, 0.2173813732491407, 0.30299067483515774, 0.3115235155631107, 0.18358178260720562, 0.19759320173309317, 0.3016721034229615]}