{"FilterHL": [0.03659760907275242, 0.04784569328654257, 0.052235037256206075, 0.0520465357693017, 0.06760736849416264, 0.08405293277920854, 0.10528752110888569], "NoiseHL": [0.03286838837011032, 0.0711814844245663, 0.05334355348818559, 0.07238785257801597, 0.04259595596098498, 0.06410960421173025, 0.09490063235865258]}