{"FilterHL": [0.06576460210632223, 0.10917162647038531, 0.14692143978970906, 0.1243282554381452, 0.16617970964683368, 0.15982041195291932, 0.1944110362682976], "NoiseHL": [0.13118664925873075, 0.16075877343356623, 0.1684419555780585, 0.16544384950458535, 0.14709485395202587, 0.1527550027517029, 0.17908678521421525]}