{"FilterHL": [0.0, 0.0, 0.00890734467551214, 0.024443292007381736, 0.0, 0.0, 0.036377617465365476], "NoiseHL": [0.37896325629565314, 0.31316232914598263, 0.2559277647633631, 0.18221584573192934, 0.351972498137622, 0.34719885517251775, 0.20588491170454237]}