{"FilterHL": [0.01282181538061532, 0.007388753403462282, 0.004191667309695159, 0.021818292505511313, 0.1269524580967666, 0.11049206084153025, 0.04993301076960782], "NoiseHL": [0.370167303684379, 0.331241795679324, 0.3414240841434661, 0.29412270235296123, 0.35872561805640185, 0.3266335010667945, 0.3199236129142098]}