{"FilterHL": [0.001255726503752861, 0.04758510299395135, 0.0171422464012619, 0.0377271633607573, 0.01667624486114462, 0.002954352929709888, 0.020182800439414703], "NoiseHL": [0.11303848327825752, 0.08582836242693499, 0.07667285917808969, 0.12791406748155368, 0.1697500287163251, 0.16653189542761646, 0.14795663105463538]}