{"FilterHL": [0.026545077968934717, 0.05381377431558211, 0.04770674669481002, 0.05870391858928597, 0.04422422896024157, 0.06245648763382904, 0.03514090534664625], "NoiseHL": [0.03248207730060811, 0.039944317564302265, 0.0344770190081402, 0.049067531288041887, 0.03399121065493015, 0.053820295019018326, 0.046417427327776116]}