{"FilterHL": [0.07649342904054415, 0.05902761303855939, 0.07010758156504093, 0.09934542255104083, 0.07679833163358249, 0.07994338400085904, 0.06369091657007624], "NoiseHL": [0.2739887369727234, 0.3003888369915941, 0.2512062409424396, 0.36110418749557965, 0.28556586886867924, 0.2930304600755269, 0.26863260648488346]}