{"FilterHL": [0.0, 0.0008238818768264226, 0.0, 0.0, 0.08319742490530826, 0.09103850932468324, 0.029260217200430535], "NoiseHL": [0.3300968201354667, 0.3399474501591288, 0.2404665476109235, 0.2797452855106961, 0.4454102506130822, 0.45290055876146085, 0.3886613478333254]}