{"FilterHL": [0.046918718354327434, 0.0628786164781567, 0.02990406404033284, 0.03645692036867182, 0.04447563400856551, 0.09007178310906531, 0.053101129478118105], "NoiseHL": [0.18716802473146227, 0.266886692945624, 0.18272606918668022, 0.270415703829861, 0.22434116059889697, 0.23138475926273366, 0.23158977123969612]}