{"FilterHL": [0.02708457230528281, 0.03303461464236117, 0.034996890041489224, 0.03607769346554665, 0.009763917865085781, 0.06872049329661684, 0.020103994174937672], "NoiseHL": [0.0937270215747059, 0.06899133708927828, 0.0837048321484247, 0.08700509806934732, 0.13420196769177922, 0.15058907103204092, 0.1335124077495539]}