{"FilterHL": [0.011912261246865886, 0.10404447530572704, 0.031512683848594875, 0.02192142741915046, 0.012899176810267192, 0.017766001282341255, 0.02627504937960694], "NoiseHL": [0.2415601290950853, 0.29655897503042333, 0.27294141873699956, 0.3378441511766724, 0.23077486520022694, 0.29667022311114927, 0.2723532356224339]}