{"FilterHL": [0.009114446478237902, 0.023433312252603894, 0.00874264246883661, 0.01142596497552397, 0.01680142682247733, 0.02493038600193441, 0.02010327757088432], "NoiseHL": [0.27696505107648495, 0.3629441499525723, 0.26538946166869354, 0.3285263155181776, 0.320137909621411, 0.34800235625976195, 0.3123009255994181]}