{"FilterHL": [0.022080345869366174, 0.02990507793849029, 0.03178339983203035, 0.02333845247645021, 0.02277858973788825, 0.046254438932483634, 0.018935688157315382], "NoiseHL": [0.07654291538373816, 0.11067785436845318, 0.0929087150918231, 0.0995238692229054, 0.1535343942480566, 0.18030186261299885, 0.15011206729324109]}