{"FilterHL": [0.05960447101293886, 0.27702807428008996, 0.2122019168005179, 0.03451067712723553, 0.16682430868513043, 0.2895420247973876, 0.405345494378313], "NoiseHL": [0.4652099718077465, 0.5943350186897448, 0.7331067634719131, 0.7423665439789311, 0.44939914074051085, 0.5946977154006088, 0.7051783456866116]}