{"FilterHL": [0.003776101856700807, 0.012567778807859233, 0.008082292863048325, 0.005526112987933527, 0.004323979794847128, 0.006447551778721289, 0.018250258665539715], "NoiseHL": [0.045753897670893634, 0.14222386343607712, 0.0968392938031016, 0.1589778369200021, 0.0701805603679524, 0.12190409585804553, 0.10881623235293666]}