{"FilterHL": [0.00251500480407964, 0.017236448854355057, 0.00881958964614386, 0.005112749969805732, 0.004765505423925676, 0.011600618846901046, 0.0154439052831916], "NoiseHL": [0.11091773861446355, 0.17961854139786118, 0.29731122019363826, 0.30709038016677737, 0.1173384455124287, 0.1604503538202681, 0.2982214137043584]}