{"FilterHL": [0.0, 0.0, 4.659487621597705e-05, 0.00010191842467578493, 0.0038383843844464545, 0.018507964435469648, 0.015844383945494773], "NoiseHL": [0.23502440593598806, 0.277846286164513, 0.28444670306439407, 0.26423520936170475, 0.2954782282049058, 0.322560925753623, 0.3183155034171673]}