{"FilterHL": [0.006425978221098753, 0.018518419330578902, 0.008461296098635367, 0.009466071135923237, 0.01041241684226291, 0.012825042582706375, 0.019060814969188107], "NoiseHL": [0.15459686244072562, 0.2267818177739644, 0.17250259945820556, 0.21451857414454129, 0.21816118127115672, 0.23422741862476087, 0.19364434545670767]}