{"FilterHL": [0.0362122357352854, 0.025038731209493743, 0.01746276625658675, 0.015997848294674443, 0.024125034327552867, 0.019082335570004882, 0.011753657083085626], "NoiseHL": [0.15396167860351673, 0.19963497405295239, 0.16223302992575492, 0.22841169436714787, 0.15487175951529306, 0.22450246188097936, 0.20411080356058642]}