{"FilterHL": [0.014210459453140839, 0.012950548115231456, 0.02834931787441678, 0.03790253827025122, 0.019823446083254422, 0.016776695355538964, 0.014988072012050454], "NoiseHL": [0.03976122889290541, 0.03956496235438757, 0.05881949621887418, 0.044680810583973635, 0.08641435609096064, 0.1074037385031458, 0.08882037246028385]}