{"FilterHL": [0.03446055042485371, 0.027862801034633844, 0.015413936635879946, 0.04044810888120033, 0.015969057656707458, 0.06404865099661186, 0.04756482996169397], "NoiseHL": [0.386729542863484, 0.43224797913389307, 0.36012617456344237, 0.47112732838016264, 0.37902615591179256, 0.4710431510383996, 0.36615812964745453]}