{"FilterHL": [0.052884936082062003, 0.02352923349436352, 0.03204426957285519, 0.03911651403985823, 0.04528631990479515, 0.028214951898553775, 0.036670179306990326], "NoiseHL": [0.07731499766530146, 0.11764814432954274, 0.15895158435664997, 0.16990546915566568, 0.0782607192591251, 0.1087321802333479, 0.1656713908949657]}