{"FilterHL": [0.036369119217741074, 0.10920556851936489, 0.10497446133592818, 0.13366577691602474, 0.0861202033793953, 0.14282578271280608, 0.12555922525227448], "NoiseHL": [0.2865977012763323, 0.2919815831188117, 0.33881865503272335, 0.3289082371330455, 0.35639993847538015, 0.3706083976416429, 0.3728310154329466]}