{"FilterHL": [0.10870461414169222, 0.11925046522928452, 0.04122092594466596, 0.073039430768363, 0.16663052401696843, 0.3123895220375898, 0.0770987104766846], "NoiseHL": [0.24576998618271695, 0.25250647470359194, 0.46893658974737834, 0.4853019079120373, 0.22542350545518658, 0.24335083913871874, 0.3778153669010038]}