{"FilterHL": [0.05325098197803164, 0.02094051347774645, 0.03972187867068918, 0.031900763491021986, 0.03371796113834039, 0.16298307628206687, 0.09278037370624279], "NoiseHL": [0.28852812628374325, 0.33469060766311753, 0.3004978683307922, 0.3681348611274837, 0.45735294569951795, 0.4423333350721451, 0.4869727614246551]}