{"FilterHL": [0.007249920116216082, 0.03949285503652348, 0.017323044488467873, 0.012811673307302995, 0.01411145558329541, 0.012173743625222725, 0.02354590998201874], "NoiseHL": [0.11862925727439877, 0.12292163755926457, 0.09553805446488131, 0.12773708543073664, 0.11381396732587351, 0.09593403414160312, 0.1241985996612081]}