{"FilterHL": [0.09364611704182545, 0.031198369719101293, 0.11023346580512774, 0.08818008875707468, 0.09616217077333868, 0.0317274531279306, 0.12257653198420199], "NoiseHL": [0.3575441068605876, 0.36706805773683776, 0.37927605772109024, 0.3609464395834759, 0.34767457363121307, 0.3352201086136976, 0.3629277819954438]}