{"FilterHL": [0.017303530776575853, 0.010471863426079945, 0.007916021738354626, 0.01665749802900788, 0.05563504820923615, 0.11231951294013874, 0.004478818129651642], "NoiseHL": [0.24060752948291372, 0.16826634651960545, 0.27081230474812046, 0.18679519349100393, 0.24340369131215597, 0.13724358545064333, 0.24793802551603852]}