{"FilterHL": [0.033046827589902766, 0.06345074128740152, 0.05525960054372973, 0.06276129848549243, 0.05018058432382918, 0.061131282085224586, 0.03750544382066072], "NoiseHL": [0.10693825908760012, 0.12118868529447742, 0.1351845322718745, 0.14266411957048275, 0.12178046604191181, 0.10254237180278594, 0.1581043481242451]}