{"FilterHL": [0.01465118004541081, 0.03604896936389703, 0.01765198906040551, 0.0338914085312315, 0.013286411001637348, 0.001189324539809675, 0.009484196128915625], "NoiseHL": [0.0700243055996678, 0.12154126265986012, 0.08602677718080698, 0.12795729884907553, 0.0699930273354075, 0.11883354574437474, 0.10670842627483917]}