{"FilterHL": [0.09084033147216335, 0.3172013788115225, 0.2508953628282414, 0.24345975523259614, 0.07003875140819289, 0.24763080693959466, 0.4189677299668836], "NoiseHL": [0.46020838403680653, 0.6685836877909529, 0.6059354588104394, 0.6577656672141079, 0.502846006438593, 0.6070378273814185, 0.640195451001134]}