{"FilterHL": [0.040499088127563386, 0.039439170243389124, 0.04537763292313915, 0.05883451047609039, 0.04435144965965578, 0.04410210106638047, 0.04166333028886295], "NoiseHL": [0.2819164812396367, 0.2805064214886199, 0.30141593696848135, 0.3011525609959548, 0.3030279269405626, 0.2883673907607467, 0.2837993258135985]}