{"FilterHL": [0.02882428053597127, 0.027939344907484807, 0.02823235945215855, 0.024591708381796428, 0.02054217407737506, 0.041670879284326286, 0.029614116320451727], "NoiseHL": [0.09996935600204253, 0.09961405032807198, 0.1502227301660654, 0.16048876721943556, 0.11086205780006925, 0.07560266472073357, 0.16145353676738036]}