{"FilterHL": [0.04849488664101558, 0.005018439734885949, 0.034856463463629035, 0.0024280659622705667, 0.047884512504854634, 0.01119383963693459, 0.02936354415812777], "NoiseHL": [0.0917003152007021, 0.1474650696758669, 0.11086682466493016, 0.16038753066183364, 0.13331374629755088, 0.18928897618623958, 0.14959594875226936]}