{"FilterHL": [0.02713031778415229, 0.06248189641887203, 0.05483991518284047, 0.03785058103633323, 0.029341726865222677, 0.05039237081128645, 0.04339119315557815], "NoiseHL": [0.05558252107085135, 0.05083953695464317, 0.05820807036281835, 0.03841018794034801, 0.0377902666956573, 0.049619596007755534, 0.04038564295950914]}