{"FilterHL": [0.02034172549458829, 0.03689180655099489, 0.005552399000923217, 0.02817847642830114, 0.02075670251222635, 0.029622033430161038, 0.024542849665576565], "NoiseHL": [0.07887684865348721, 0.13958064116103358, 0.10548820988103275, 0.13578027004032006, 0.08941475409717835, 0.13933215247092118, 0.10739283866625673]}