{"FilterHL": [0.019403442990268353, 0.033389595948445705, 0.01926314803962694, 0.03684695737950268, 0.18492690580231422, 0.18925347543662735, 0.2013910817289142], "NoiseHL": [0.14667949520635679, 0.25214717495932876, 0.14653018097742773, 0.2621310436871368, 0.22830044151752393, 0.30819673934129693, 0.24257292804961356]}