{"FilterHL": [0.06123264744665316, 0.009144880405307435, 0.018215789866393554, 0.026937238690054394, 0.07247433437127519, 0.07305660833191033, 0.014252505500841854], "NoiseHL": [0.20234352086648297, 0.2250117110835346, 0.31032474269131094, 0.3169721529814558, 0.18494179350471002, 0.20530350165165526, 0.2967848573071551]}