{"FilterHL": [0.020521869360391735, 0.04564408119651652, 0.022330228377577678, 0.04118370919437444, 0.013088673741394554, 0.04005584089065127, 0.025095176527081337], "NoiseHL": [0.09057320503407688, 0.05757551045728631, 0.082038606460913, 0.06677066408958104, 0.13826282527212339, 0.13576550397917683, 0.1237783765886657]}