{"FilterHL": [0.028262805358240613, 0.053678206672972156, 0.026711254377509475, 0.029986396987439608, 0.038025797977583736, 0.03850849425111425, 0.04565679551808341], "NoiseHL": [0.09404966328657836, 0.0932910406623839, 0.10681483254937751, 0.10209523588060569, 0.14248448228878224, 0.16010563268515954, 0.11648940239993118]}