{"FilterHL": [0.03346371936491035, 0.07754591718487325, 0.04205524162474505, 0.04536939801064905, 0.028990217627092665, 0.06482946440593404, 0.046259484966516023], "NoiseHL": [0.07936223361617124, 0.06733948925416615, 0.09347535672775241, 0.06591910369453403, 0.07605701034457976, 0.06304373618402294, 0.06962517316993048]}