{"FilterHL": [0.032701333382173604, 0.028240298991183577, 0.04197298116215777, 0.059018688280577686, 0.05688839487338186, 0.05280001095312244, 0.04652624169223494], "NoiseHL": [0.044498720348292206, 0.04269234003192144, 0.08703012339987032, 0.0859159049340712, 0.0467970287363496, 0.06093374442334575, 0.06351551714608426]}