{"FilterHL": [0.03798315407913892, 0.036430015503404016, 0.024043729637492267, 0.035726564843284285, 0.030805224445579007, 0.039843409605019475, 0.04612509214268633], "NoiseHL": [0.20992633701278093, 0.1531410984439868, 0.19614749586711017, 0.15774764179482317, 0.2256552821154648, 0.15469785005092004, 0.21344860680388333]}