{"FilterHL": [0.031140331913225933, 0.04520531283078287, 0.031205658974726377, 0.04513780823473496, 0.09257874082676042, 0.10317972611946483, 0.06983715548609327], "NoiseHL": [0.03526050673752326, 0.06355094238085211, 0.09669179286701646, 0.05430124221098137, 0.045004070756309585, 0.05901732706717308, 0.05089882643679829]}