{"FilterHL": [0.029059439509425494, 0.016638234573423515, 0.009658550051847797, 0.009357677150960472, 0.11642725844572716, 0.17329776218487342, 0.0768971070453364], "NoiseHL": [0.314396275749014, 0.3076854498857749, 0.31950584356318346, 0.3054646022687159, 0.4224995904454454, 0.43604825609313763, 0.40521312861413844]}