{"FilterHL": [0.0031787591384480475, 0.0170351222154164, 0.012017748755943629, 0.007206021592853019, 0.007538633638093551, 0.01157616079911635, 0.02536206912972578], "NoiseHL": [0.15726238577968443, 0.25207607318080777, 0.20093658772038298, 0.2730716770487584, 0.16051816724722487, 0.24049573776495412, 0.21208346842405312]}