{"FilterHL": [0.08547197451059595, 0.07126037983158626, 0.056656151796261774, 0.07486715066768129, 0.04628832199889834, 0.02753299249331625, 0.049329075750104125], "NoiseHL": [0.33457758004471017, 0.336620392935119, 0.34814781858093435, 0.32494746267212216, 0.3406386247667056, 0.3213373180736654, 0.37559480089288194]}