{"FilterHL": [0.03658090426202314, 0.041049328712547906, 0.024644814460143397, 0.03808992809328675, 0.016849681971241943, 0.03841900231450856, 0.042752044520577855], "NoiseHL": [0.18580384436386868, 0.2265753741554574, 0.13687614773148016, 0.18787285984825977, 0.19744008335209265, 0.2608209504285101, 0.17602267828476073]}