{"FilterHL": [2.7901764202837197e-05, 0.0, 2.657408733227939e-05, 0.00046513809118370157, 0.001534144731841781, 0.011983884633421168, 0.0033848860724917853], "NoiseHL": [0.08573936731871223, 0.19707921959999697, 0.12350322450529108, 0.20217423592924638, 0.20960401046104254, 0.2561839685989771, 0.2203211650582041]}