{"FilterHL": [0.002910995334219236, 0.019431362175153587, 0.014509274544333768, 0.006828741260599685, 0.006217651345816561, 0.011343072967013935, 0.02579332689789672], "NoiseHL": [0.15726238577968443, 0.18243386978508305, 0.16956652061494593, 0.17534626064697154, 0.1970880305154593, 0.2158563723544826, 0.18925092044427344]}