{"FilterHL": [0.003117323645443133, 0.024672871877182808, 0.00854966701506743, 0.009029656983667832, 0.008530787103740264, 0.006686619689514655, 0.02328121230916139], "NoiseHL": [0.11795019711047504, 0.17167804155280042, 0.11315297022125669, 0.17569369378999986, 0.2095183294421581, 0.1712185513277208, 0.18135916994892878]}