{"FilterHL": [0.028108359856132893, 0.003490202613968008, 0.0015982084614156121, 0.016039655134062112, 0.009580292016973569, 0.00622064801884636, 0.011254524912136127], "NoiseHL": [0.28340921795466356, 0.27291073377646907, 0.2931306612556885, 0.30310810704738006, 0.3277839547322138, 0.3335527717153154, 0.3577960441260765]}