{"FilterHL": [0.04102566680550769, 0.0685807707135016, 0.05946312528017473, 0.046458294260694116, 0.059064062889595544, 0.06605119662836799, 0.061100551374222226], "NoiseHL": [0.07229290062848173, 0.04238440576999521, 0.07109210517482915, 0.02686942257762161, 0.07310644650263023, 0.05126246573304118, 0.06374102175873941]}