{"FilterHL": [0.039723686810234686, 0.04887882065094261, 0.0382765195933335, 0.061655971653574976, 0.06123190248161124, 0.06955032574139691, 0.06141829926423815], "NoiseHL": [0.09001219740188088, 0.06699486791515231, 0.0641878555722266, 0.09662136916751736, 0.08987999319200109, 0.09637265915281949, 0.08839818037156451]}