{"FilterHL": [0.038753834992628064, 0.024647491826109754, 0.017993975449051146, 0.0287211953582996, 0.02380409715610484, 0.04220627135248097, 0.032824139908029744], "NoiseHL": [0.25716843771308007, 0.2632146010753515, 0.27681868931939013, 0.2695213198347296, 0.25884597302862455, 0.2849328801378086, 0.26335949947352044]}