{"FilterHL": [0.017448413954720084, 0.04966840640247531, 0.013475750576410938, 0.03395391037074146, 0.01947625643917423, 0.03960164417696682, 0.042257716882623156], "NoiseHL": [0.06049578230405079, 0.05528617734706643, 0.11874226743736534, 0.11921365703820759, 0.0593722448025337, 0.05567143554418841, 0.10397011828075996]}