{"FilterHL": [0.010150235333563667, 0.02435758059034618, 0.011700769572886316, 0.008770386672496347, 0.010848242264068747, 0.031050096637264792, 0.05985955465231603], "NoiseHL": [0.23238501543715273, 0.21923632544553337, 0.2996135929019037, 0.28538257587585747, 0.3700599332229728, 0.38668311750762757, 0.41617710842938294]}