{"FilterHL": [0.023862813057199943, 0.03435559315457482, 0.02379879546622481, 0.03487248195334003, 0.027441333176801003, 0.02861233202432157, 0.0269858317616858], "NoiseHL": [0.10898747508033961, 0.14149714593732318, 0.13980066557321638, 0.15604812597394246, 0.12674461264243725, 0.1481021194782942, 0.17439918050915326]}