{"FilterHL": [0.0010960517289540213, 0.00781153039190508, 0.011379672884227005, 0.01841402216565995, 0.005512617309490379, 0.03761635749021651, 0.027739083559653297], "NoiseHL": [0.3393096332270819, 0.4569627592682164, 0.3351375766141239, 0.4745536272439648, 0.3383220212849027, 0.4736451249986742, 0.3487954494801805]}