{"FilterHL": [0.011522200445108627, 0.02107996939988454, 0.020643837909690228, 0.02927333675652845, 0.016413428978424335, 0.014677247624095021, 0.014279291034272532], "NoiseHL": [0.09820610198194266, 0.0770914340352778, 0.08621926478043634, 0.10418198129730273, 0.123211959357144, 0.14770551808509624, 0.11323074846194207]}