{"FilterHL": [0.028277449403709208, 0.056783512472576445, 0.06726736406697922, 0.06478869557626236, 0.03371055471393859, 0.043141869080461144, 0.03629348863394567], "NoiseHL": [0.06261208935920387, 0.06325036804672941, 0.16752132302171854, 0.09928105973066235, 0.04974376171061029, 0.07192059305568846, 0.1393267518701909]}