{"FilterHL": [2.9292120386584136e-06, 4.910124899426061e-06, 2.8407546523523334e-05, 0.0, 4.910124899426061e-06, 0.0011129204146557057, 0.004998900554512052], "NoiseHL": [0.18100629468644155, 0.23502440593598806, 0.27879713016662017, 0.2561839685989771, 0.23502440593598806, 0.2863094019622411, 0.30176153952158696]}