{"FilterHL": [0.06549057651012413, 0.0606168766434931, 0.06135820245753934, 0.0444776362800165, 0.061458129662781386, 0.04798795838008065, 0.051646422414871544], "NoiseHL": [0.2338235806229167, 0.234739118068233, 0.23820514552072963, 0.20640167872179346, 0.25291912831443913, 0.2388089890495223, 0.23830347303655883]}