{"FilterHL": [0.02941881968415423, 0.04964412503474207, 0.02983420115519717, 0.03295384878939583, 0.01732919887162523, 0.02625329131267356, 0.030950214352670168], "NoiseHL": [0.01962493571459451, 0.07002204290767794, 0.015092390964181718, 0.028786204002539555, 0.03725219775007835, 0.011854726434033964, 0.03626317364108774]}