{"FilterHL": [0.0, 0.00037160103868805953, 0.0, 0.0, 0.0, 0.0, 0.003007038738635465], "NoiseHL": [0.24154202878078954, 0.2214830616120933, 0.2701392032139025, 0.2622422036792348, 0.2652269334169895, 0.22493644505680488, 0.28723702582719046]}