{"FilterHL": [0.00028225055613257397, 0.0001350303220154193, 0.0, 0.0, 0.004947859979282022, 0.013486186240248457, 0.0], "NoiseHL": [0.40183890856608057, 0.5322508254350272, 0.6009095111718965, 0.656199589533155, 0.5399198986450076, 0.5539327290830641, 0.6516337007974177]}