{"FilterHL": [0.011220128255584423, 0.014483665430356717, 0.002473106751073633, 0.0020121128583199276, 0.00950674057574514, 0.021289081281915766, 0.004866366238796137], "NoiseHL": [0.13634427526844595, 0.11588891321517618, 0.16273938297436644, 0.15241990513113005, 0.18893049321612662, 0.2146937409681961, 0.21106569144507076]}