{"FilterHL": [0.00044175266734635126, 0.0, 0.0, 0.0037858601996934773, 0.0, 0.0, 0.0], "NoiseHL": [0.13502822103059414, 0.41546643254346316, 0.15880924869119284, 0.42953547942080045, 0.1422112410749228, 0.41333255667942487, 0.16500333021764654]}