{"FilterHL": [0.0643426839999578, 0.10375028660190273, 0.19711346974274827, 0.13819499085347717, 0.12427149298490774, 0.08893366897011135, 0.17335282179609207], "NoiseHL": [0.08261768091209118, 0.12158370942279241, 0.3238325566715527, 0.31830167156390166, 0.03504850300837747, 0.08382885594928867, 0.37751718906678133]}