{"FilterHL": [0.0, 5.099952584874959e-05, 0.03364506641983283, 0.0122776121023264, 0.007272707826259131, 0.03087545858305081, 0.1070335939845318], "NoiseHL": [0.18920084887799915, 0.2652269334169895, 0.23150419044012324, 0.27192214947475224, 0.2816336424931959, 0.329265981228787, 0.29672802393971187]}