{"FilterHL": [0.0023744831348433007, 0.03777475343439142, 0.011733804406648828, 0.002662547673261211, 0.004216623335641352, 0.011488440352933275, 0.021095970964396967], "NoiseHL": [0.15745229386531265, 0.20297678863145566, 0.14914988776566354, 0.20598740410261812, 0.13137097548029725, 0.17693804499953408, 0.12583688277851632]}