{"FilterHL": [0.010660793022962889, 0.01853063034348505, 0.011763461516543547, 0.03562681561759859, 0.027944520973190015, 0.020032418554836576, 0.015562755256211912], "NoiseHL": [0.20968029511522665, 0.10520310094468555, 0.1940839341037945, 0.10940358052709845, 0.33555159331302653, 0.11351041485272825, 0.3259444268139287]}