{"FilterHL": [0.0249082954783111, 0.017091923376431138, 0.01797618226311052, 0.016099392809156912, 0.05276117582589661, 0.051758236544909506, 0.044961837268013526], "NoiseHL": [0.19566873781369876, 0.16990690793140925, 0.17778270520192982, 0.1515201884502706, 0.3329376693545509, 0.3415686218479229, 0.3145142113753658]}