{"FilterHL": [0.02158230793967937, 0.061182188563046615, 0.005480731246154508, 0.04115717725303264, 0.033622658350192285, 0.008766727542939811, 0.042465390222155085], "NoiseHL": [0.4205729677004053, 0.44964199334785154, 0.42609775864070903, 0.4366085278070547, 0.49616577374278237, 0.4072129471485343, 0.505870499507279]}