{"FilterHL": [0.02278928972241131, 0.07868764052164562, 0.030701585300853665, 0.04449823451366792, 0.03533852263290075, 0.03205096040821299, 0.038459588005041186], "NoiseHL": [0.023532577535185742, 0.05198525234152255, 0.03299801704077573, 0.0349502996959129, 0.030250404499899478, 0.03633644714330366, 0.032525029750699784]}