{"FilterHL": [0.02071005298488283, 0.04921705391823571, 0.005060522220429859, 0.038593088863492386, 0.020334880980142116, 0.02160721337894361, 0.005717436607594698], "NoiseHL": [0.1600584275119321, 0.16151837758104948, 0.1588032418570502, 0.16647287606076583, 0.1634794582486572, 0.16835383775332022, 0.17302163291728104]}