{"FilterHL": [0.007678500997440674, 0.0023955754832236773, 0.007323919445942189, 0.022112021769215912, 0.0, 0.01549131484189976, 0.016987645698270524], "NoiseHL": [0.11814566622172257, 0.21680194274139555, 0.17913368847011657, 0.24798851903523, 0.18514569594605018, 0.24685785366827007, 0.15410033121947692]}