{"FilterHL": [0.02724815875533842, 0.04235113865312141, 0.027832949029446327, 0.03549441623428714, 0.03591078394765651, 0.03159622085585142, 0.03779678817243668], "NoiseHL": [0.015877529111005872, 0.012338580146569687, 0.021221133287137706, 0.026077234817623016, 0.04218917848215756, 0.011676700042329215, 0.051789010117727574]}