{"FilterHL": [0.020163229864146322, 0.04886488474252245, 0.03240022220141562, 0.04044172673273555, 0.03639227759486664, 0.021826854411084715, 0.03317190263916978], "NoiseHL": [0.10757569116845546, 0.1505843041484355, 0.1114285122587911, 0.1384071267227078, 0.1250258132116565, 0.14610496685492502, 0.13961478063998012]}