{"FilterHL": [0.0, 0.0, 0.0001824561735446177, 0.0006967989188780665, 0.0014644757830226656, 0.0002311500247609339, 0.0016148882245119482], "NoiseHL": [0.3267638742314115, 0.3267638742314115, 0.30706506372943193, 0.33422761671951423, 0.2972843603127713, 0.30618621784789724, 0.2963824050818444]}