{"FilterHL": [0.02772702328233662, 0.014281192982144005, 0.015243713415189203, 0.009153850893924178, 0.03096133854357206, 0.009936756081847057, 0.052433578033150005], "NoiseHL": [0.304543136608482, 0.19196027544459965, 0.2885665764863128, 0.30973508540645583, 0.3219598515954475, 0.24052531391567053, 0.3499353810278478]}