{"FilterHL": [0.08038634861987214, 0.0939747560577631, 0.06889597791894328, 0.08920478546301716, 0.04805439586891063, 0.18075574209406986, 0.07185180979639438], "NoiseHL": [0.2451892210331479, 0.23551292393883488, 0.42061302686112284, 0.3748100036928417, 0.2659295297076056, 0.23914384644441616, 0.39503252863165045]}