{"FilterHL": [0.01978541925116412, 0.04434560337790193, 0.03917224479251382, 0.060487467517918635, 0.03624075009993226, 0.05753935282472971, 0.029748502323965108], "NoiseHL": [0.052289451475979756, 0.04140162839991655, 0.04810601013336857, 0.035306637918094345, 0.05957341200037356, 0.05150638644086052, 0.04335347632253519]}