{"FilterHL": [0.004531055074026223, 0.020357420962205275, 0.007420584638588709, 0.046269623970779106, 0.05454947052687841, 0.06893683735013753, 0.07111611704876898], "NoiseHL": [0.1742534308718677, 0.1980512397293435, 0.18787588457219462, 0.2003249626644886, 0.17273293344449744, 0.17388187942815458, 0.1603189337952381]}