{"FilterHL": [0.004479148999208102, 0.013675357721885726, 0.008683154492570585, 0.004271084710888916, 0.05241517155306373, 0.05746551922848042, 0.05567968668278591], "NoiseHL": [0.15807280724479014, 0.16202201202747415, 0.179650350695628, 0.17681574636923533, 0.37681066092494825, 0.3886828699648279, 0.3849921967229836]}