{"FilterHL": [0.055548836933435895, 0.04499034837481257, 0.024062077882990234, 0.034147686290999145, 0.02538321063370367, 0.06745586592264968, 0.054963142525872644], "NoiseHL": [0.05419238947236445, 0.07002287082346206, 0.04424008643868457, 0.05839103684662946, 0.039876740943148116, 0.08147579809302159, 0.07402514884093274]}