{"FilterHL": [0.0009062321970509408, 0.0, 0.0, 0.0009062321970509408, 0.005130816774681814, 0.0012284254201337444, 0.0], "NoiseHL": [0.3053053667491258, 0.29997710552629714, 0.298184114986734, 0.3053053667491258, 0.3157471010468728, 0.30706506372943193, 0.3008703820942616]}