{"FilterHL": [0.02321870084635246, 0.04592211771100201, 0.02542829926182644, 0.0395689841070159, 0.037600874543760696, 0.027652239916940997, 0.041150710545464916], "NoiseHL": [0.010976514156435125, 0.013988400524660525, 0.01395933446842275, 0.020277398542168645, 0.036247800131679005, 0.010970999399003941, 0.050836588884945216]}