{"FilterHL": [0.026190092502014366, 0.05847601943028369, 0.05109740313324587, 0.03111584777059058, 0.116929440422862, 0.11497163819357281, 0.18510148443734917], "NoiseHL": [0.19672800061560478, 0.20952666883101564, 0.26512895660077185, 0.27563212275258403, 0.1820463606251691, 0.19685637519136545, 0.11859111405036704]}