{"FilterHL": [0.0, 0.0001803693691603271, 0.039620703690863394, 0.006641937534362372, 0.013459762458581874, 0.01980640986907781, 0.03482371524854602], "NoiseHL": [0.2009115892650161, 0.2339226017491985, 0.29414555436015827, 0.31318864688022646, 0.28908494657548534, 0.30881681198870464, 0.34030446838557604]}