{"FilterHL": [0.022906107663140957, 0.05225524488272349, 0.010955336442618922, 0.03372277848688901, 0.04913595410819717, 0.04041292400296794, 0.025403411385751022], "NoiseHL": [0.1266011641100737, 0.13636276220816615, 0.12448485324777844, 0.16030537062226113, 0.2916484143018846, 0.3123230328576161, 0.29382148200868496]}