{"FilterHL": [0.07488119743118025, 0.06993638894886546, 0.8287471087562462, 0.051015601871279605, 0.07893625691109458, 0.043133759887647595, 0.08903694108563467], "NoiseHL": [0.19393387911441673, 0.18748099921358155, 0.15364566717795888, 0.20276570834870997, 0.1737057949926819, 0.208165724637354, 0.1730774954961462]}