{"FilterHL": [0.030683323143189695, 0.006807056653319989, 0.0038460558183897116, 0.012860086024980134, 0.010086098262414552, 0.012238016506263443, 0.01411647510962599], "NoiseHL": [0.2372942180268148, 0.2152680722283919, 0.2664106983618317, 0.29980816610632643, 0.3045554705136989, 0.31761201194493893, 0.34487270169482137]}