{"FilterHL": [0.005181737603668573, 0.04673711423350459, 0.02687189443245707, 0.03660131559354913, 0.26789200886129627, 0.012403283504855766, 0.294241329370593], "NoiseHL": [0.17662410347909255, 0.21841866396864915, 0.20328148160377085, 0.1976007040865862, 0.29250142649761623, 0.26345226486302725, 0.28760840215886646]}