{"FilterHL": [0.00017982132054540422, 0.0, 0.00017383497103391098, 0.00013481954755447547, 0.0, 0.0012082655645240974, 0.004231031059938689], "NoiseHL": [0.11303511652045509, 0.16950843122097695, 0.1865064993035597, 0.15237707995139405, 0.15722465329759136, 0.1957864663624126, 0.2120278888000165]}