{"FilterHL": [0.02506367720654483, 0.03734178388185717, 0.022004725276396624, 0.029885020163167703, 0.021768203448006777, 0.026184183802772862, 0.04124712751288666], "NoiseHL": [0.23158540566217037, 0.22968664897727858, 0.25447676463363544, 0.25212248098716017, 0.22836161079747472, 0.2204042998910154, 0.23212733618278394]}