{"FilterHL": [0.11195995055266818, 0.08732161793711178, 0.1320423509766301, 0.04943394290179722, 0.13403589318433612, 0.07293328411171392, 0.13288511224095748], "NoiseHL": [0.2269441839076247, 0.10845257149598443, 0.2129920533625473, 0.1017767616543702, 0.19499449463631294, 0.15593852224268576, 0.18187220683518446]}