{"FilterHL": [0.0036924951361596322, 0.011800072568366102, 0.0017832136431225427, 0.012317055699452626, 0.02834255355284189, 0.021668228329236424, 0.016904634168580304], "NoiseHL": [0.15386699963084807, 0.21818107168710799, 0.2072663982851388, 0.22655873610724556, 0.191942120909979, 0.2164566596808963, 0.22382884095849423]}