{"FilterHL": [0.10534041257790441, 0.11043806058867658, 0.19989584997837895, 0.06259671346723658, 0.301769261559483, 0.3828067849162431, 0.45846471592263627], "NoiseHL": [0.5123820068238809, 0.5171618647764353, 0.5264978680493071, 0.5168589598419363, 0.5603458251876946, 0.5715293239330446, 0.5594224168165847]}