{"FilterHL": [0.01250973148072776, 0.023511584872963624, 0.00210706800791688, 0.00853938009071029, 0.014772365270679405, 0.01699297855307199, 0.013173744476031169], "NoiseHL": [0.11955815546550981, 0.11337204898475799, 0.09142658449638713, 0.10414784735243166, 0.13516660465351713, 0.16360978025574874, 0.095729596853821]}