{"FilterHL": [0.049919448731836256, 0.05448907376404955, 0.02719725982838844, 0.05197503753575053, 0.0366062775499877, 0.029794462274239968, 0.07178447452247802], "NoiseHL": [0.218993626359402, 0.2158118015496724, 0.14731547499897407, 0.15148920871344204, 0.20802135353483453, 0.24235796669668622, 0.15092185891886525]}