{"FilterHL": [0.03361038002346221, 0.048235415790535564, 0.020138859684111252, 0.03868554165073852, 0.029552912419715964, 0.022352738855306222, 0.03917416871007434], "NoiseHL": [0.09576042658127712, 0.18636275181841894, 0.10514345136999348, 0.18890104738685395, 0.108439316866361, 0.18383681355236514, 0.1323762857585842]}