{"FilterHL": [0.049956860616059175, 0.07472844947679325, 0.06205816235792428, 0.08672133499253938, 0.05366725069109875, 0.05943669009591158, 0.061196758194177754], "NoiseHL": [0.07885859012407397, 0.08579888966539063, 0.08225154975955529, 0.10426460036382355, 0.10573069309111634, 0.11438546921170556, 0.09959039684295252]}