{"FilterHL": [0.010380333357635696, 0.021020259630682974, 0.01780927520414521, 0.007973325571968993, 0.002177133373201124, 0.01759020118759684, 0.013725085536146138], "NoiseHL": [0.08589238343175665, 0.13698951714059812, 0.11084368941833586, 0.11822375837384694, 0.09432665997560041, 0.1351160979449477, 0.1190874070325895]}