{"FilterHL": [0.006303781207552002, 0.012853665082043136, 0.006372454074189827, 0.027101540702563376, 0.01472760449950805, 0.012402926141781607, 0.03728777415748108], "NoiseHL": [0.15152871349028882, 0.12755113357257647, 0.16268628944854677, 0.16777679857693797, 0.16366729839940197, 0.16358104634767448, 0.2030543582694442]}