{"FilterHL": [0.014561976280393693, 0.04448414811279224, 0.035729021451225036, 0.043426976304602766, 0.1799071485073093, 0.15460094159061555, 0.1798772911547849], "NoiseHL": [0.03959597420410932, 0.08284385147406856, 0.07625069612500922, 0.05177685571480585, 0.08594737506949686, 0.12152209420077177, 0.08805611804701605]}