{"FilterHL": [0.03141923595013542, 0.047282992655951726, 0.03061975388777811, 0.03139770377076361, 0.02063293407217187, 0.0610433578628571, 0.03942454138372024], "NoiseHL": [0.04671216841415066, 0.06814219659730364, 0.03921200056800418, 0.03719082249256387, 0.05056813037646383, 0.06362580682392707, 0.06344503505198935]}