{"FilterHL": [0.1341676030989064, 0.08685370860264727, 0.057761887409955935, 0.07973608972772604, 0.10466686250234804, 0.10742635170813207, 0.11467173288036804], "NoiseHL": [0.51718402008087, 0.5666521811426763, 0.5040589050944224, 0.5668051465156481, 0.5397828992622905, 0.5763549337542166, 0.5406407171194748]}