{"FilterHL": [0.0012963187600565176, 0.0, 0.0, 0.002968543523204002, 0.021311789270620843, 0.0, 0.0], "NoiseHL": [0.5443843857286352, 0.5596522085234076, 0.5818609561002115, 0.5951896147507367, 0.516838986075537, 0.5501160785341865, 0.5596522085234076]}