{"FilterHL": [0.030570401817309047, 0.027811759040068846, 0.0145466461635588, 0.03714845606941888, 0.010485271821097842, 0.024535547723710235, 0.038736537719783595], "NoiseHL": [0.14593053647517193, 0.23189432539493812, 0.15410443515872685, 0.20991719497494268, 0.1650564399606456, 0.20107231059283334, 0.18146752943835764]}