{"FilterHL": [0.0021237037984513187, 0.01459098881752323, 0.011380843700810465, 0.004664222221429676, 0.004361221228224719, 0.00911800120263799, 0.020582681985642698], "NoiseHL": [0.22868051496255923, 0.27149207890845467, 0.25011168886294366, 0.29367608947884044, 0.23722782095144407, 0.2623421482082112, 0.2740526367865136]}