{"FilterHL": [0.023698192282898014, 0.029488613101219547, 0.013351202331520411, 0.01975541185735126, 0.031969683961677174, 0.01350105144389175, 0.002037728818166337], "NoiseHL": [0.1767810470891587, 0.21837748664882192, 0.17126930517902123, 0.2129730595955861, 0.19842622545861202, 0.17627433489570207, 0.21507872701562447]}