{"FilterHL": [0.030142694311703844, 0.03744061587927009, 0.012898233319796757, 0.024277670326854364, 0.016775034332106514, 0.02630236667232849, 0.03966416464473708], "NoiseHL": [0.06727576797076627, 0.12418834073800054, 0.10226385884573937, 0.085691226711277, 0.09221352443124624, 0.10570949366642127, 0.09256133670160119]}