{"FilterHL": [0.004832854798255546, 0.0006648319446442007, 0.008305691962193091, 0.0054657194641297415, 0.0025181654931739324, 0.007160310480863999, 0.004809253233647227], "NoiseHL": [0.16697236408017194, 0.20934670474426614, 0.2238136638494193, 0.2569175476201411, 0.1611026222034457, 0.18432168551010508, 0.21676834782593749]}