{"FilterHL": [0.00040266236711702794, 0.014283111482421442, 0.013804478459421858, 0.012594683439319809, 0.004420709118217557, 0.0009504359707390003, 0.005434406343125176], "NoiseHL": [0.08574576379103002, 0.08572743936719619, 0.11100758951352013, 0.14134191169616733, 0.14221232652229412, 0.14739305706052447, 0.13688322506921233]}