{"FilterHL": [0.09131904921807767, 0.08232060305107236, 0.04230114923390533, 0.05420159588445821, 0.06816437303338521, 0.07495637630138571, 0.060448068093998414], "NoiseHL": [0.18226604744903696, 0.12692392943210767, 0.09792058402660964, 0.11886921017149396, 0.1298185237621671, 0.16364702967236527, 0.09563288504549591]}