{"FilterHL": [0.018497841705936748, 0.06598548188571822, 0.03408631640565642, 0.06373659549065762, 0.0676592154337393, 0.038528655299605995, 0.025168856142064263], "NoiseHL": [0.26198247439843225, 0.25000879862583214, 0.23750966187294525, 0.22359046814605588, 0.2615154668783597, 0.2511259095653832, 0.25793009915739407]}