{"FilterHL": [0.005263694933230882, 0.008564820415682892, 0.002722922553898489, 0.013580730222142031, 0.004189783764735614, 0.011156459019496192, 0.003598230513346029], "NoiseHL": [0.07435564737161242, 0.1541234508988587, 0.14945555923226816, 0.18656518806764016, 0.08857171197715581, 0.14582835111940703, 0.14906992750793324]}