{"FilterHL": [0.027408486526254897, 0.023874520161692652, 0.022971554736040293, 0.035672272835646876, 0.024452007736412096, 0.02465171364213955, 0.029204052603085246], "NoiseHL": [0.10649970193253627, 0.11418928521531219, 0.11378110628100818, 0.1400022606304464, 0.11527493758485946, 0.0991212638397899, 0.15315726506255536]}