{"FilterHL": [0.0593701087581689, 0.04639155277573618, 0.0643637693001983, 0.0320327143038081, 0.06499907978723862, 0.030887726197805686, 0.09569076605673199], "NoiseHL": [0.29706901572340144, 0.32984504469462506, 0.30497573199348105, 0.33951745014464346, 0.2980760104862834, 0.2987325132268972, 0.36023638621654325]}