{"FilterHL": [0.008606201822310502, 0.00478182764731867, 0.01774028588601356, 0.008020269457443783, 0.01198033092600856, 0.0028403941514208325, 0.03430537723421238], "NoiseHL": [0.29398559341358793, 0.2972287464210438, 0.30841123951336585, 0.33258762361672517, 0.3205850529400519, 0.32655671319625335, 0.29299358170929163]}