{"FilterHL": [0.0920909209429568, 0.05107621801078555, 0.04021463658093188, 0.08358378400458875, 0.0814498082523901, 0.07979516894364204, 0.05240884413133525], "NoiseHL": [0.23467455084706432, 0.24604398446775397, 0.33687289464903825, 0.3381754736769065, 0.23372877187583516, 0.2529615064334645, 0.3352762558597634]}