{"FilterHL": [0.018526955877144025, 0.01993200450277826, 0.022652843708836596, 0.045616825400593024, 0.01277137155133464, 0.032796548485316414, 0.026852524401292495], "NoiseHL": [0.1456163924753536, 0.1533646454379807, 0.21805398938341372, 0.22510684172357523, 0.21167971388169604, 0.2173231282625966, 0.1957977351634127]}