{"FilterHL": [0.023273923339448648, 0.011672895311011806, 0.004510844759266318, 0.017011509242287996, 0.0457265512638166, 0.016976100084531216, 0.057433023440916935], "NoiseHL": [0.1989929948044344, 0.30265884122658704, 0.22091279097148553, 0.3259737998721683, 0.21191373006147857, 0.2717704018994327, 0.22252791588620244]}