{"FilterHL": [0.11624653793305628, 0.0898232262509423, 0.04435143225543918, 0.10712873032115172, 0.22842388538201494, 0.11403817476282259, 0.39449519628475926], "NoiseHL": [0.4172258409083798, 0.4219028770499375, 0.6072503643128866, 0.5624077691496262, 0.43236572123930994, 0.4178043513745768, 0.5890388585427235]}