{"FilterHL": [0.09184502387473593, 0.1521832195326918, 0.014941773546560242, 0.16332338101148935, 0.17931656421185846, 0.16509646410221349, 0.1158608010964403], "NoiseHL": [0.4195486996983114, 0.39242652984292914, 0.4341988701250938, 0.44489001129095623, 0.36684440295589377, 0.37390783846542586, 0.44836636557128673]}