{"FilterHL": [0.05026518033426514, 0.049068629007802345, 0.04345878770007565, 0.050748871916601566, 0.04398494374433769, 0.07028975895203994, 0.029842751766530538], "NoiseHL": [0.06284354649623933, 0.11614744249949628, 0.08842497516206502, 0.10263849857012813, 0.11075126172735429, 0.07711175608912187, 0.09368917297661754]}