{"FilterHL": [0.01380141995476071, 0.016215477639231073, 0.019093220585033283, 0.01578131514006221, 0.011451192275074455, 0.012804233248761957, 0.023808779282730532], "NoiseHL": [0.19837336979673423, 0.19781900739097713, 0.2512648688805048, 0.2700894343644171, 0.22513904306940685, 0.24717008698372903, 0.2932217290857816]}