{"FilterHL": [0.1642449902986212, 0.28712157818188283, 0.18046198534813143, 0.16953516275747985, 0.2367430319667302, 0.3024858458804824, 0.2739748212215729], "NoiseHL": [0.5530482448517932, 0.5845041502456036, 0.5649929693324102, 0.6066796324751654, 0.5553008229658647, 0.5770043070816194, 0.5668125219192849]}