{"FilterHL": [0.0006140933592132311, 0.010584062385745704, 0.0005301321250910822, 0.0036532932232505506, 0.0009046918646589428, 0.011703629768471708, 0.0010527901461428073], "NoiseHL": [0.16037899096361255, 0.22628281727204616, 0.20838248111736035, 0.21446621888041698, 0.19707921959999697, 0.21126946474915068, 0.1957864663624126]}