{"FilterHL": [0.011679547705061485, 0.03699296284550046, 0.014687657729258233, 0.018865871232733613, 0.008096732071745908, 0.011900111217592763, 0.02806743100317647], "NoiseHL": [0.2452055967484043, 0.2941542892909202, 0.24007166051637582, 0.3048335789745841, 0.2542458228146663, 0.24949323225549713, 0.26709278897435396]}