{"FilterHL": [0.00399057706761468, 0.002923848746050782, 0.004145025041634255, 0.005494001695501542, 0.003969965721983664, 0.0036948670245799627, 0.029442017232339416], "NoiseHL": [0.1253525621959755, 0.2350245308762456, 0.2447965699968988, 0.2751311781706335, 0.15460278871301122, 0.22458523130713592, 0.25998933743610203]}