{"FilterHL": [0.05648476844429113, 0.05384292345762656, 0.044112418646555365, 0.07064546481408404, 0.051569424847121355, 0.0968319747081239, 0.06360082992475442], "NoiseHL": [0.10439624680252706, 0.08146488318732717, 0.10481229279043852, 0.12103997017669213, 0.1147864606377589, 0.14155509946011866, 0.10955300839372896]}