{"FilterHL": [1.8502708574472338e-05, 5.0346202878243714e-05, 1.4266852147623598e-05, 0.0, 0.0025040368459468584, 0.000622719934183098, 0.0043746564162415735], "NoiseHL": [0.11942301505899512, 0.13129518424232384, 0.15400905983632326, 0.14737794897420034, 0.16801938030584954, 0.15880924869119284, 0.17677669529663687]}