{"FilterHL": [0.05638931655890733, 0.08803888469795905, 0.05481440220903683, 0.09487238126757358, 0.060447734455777315, 0.05802170239141147, 0.058473079230159986], "NoiseHL": [0.2573243590050683, 0.26244197169774447, 0.2640547345735679, 0.2907423457188601, 0.2667368182516255, 0.3029800687481242, 0.2896696182203523]}