{"FilterHL": [0.02008143826520936, 0.015816722151282655, 0.012463418412133918, 0.030284495635870278, 0.008314176810829204, 0.010671381582025775, 0.03500392759917669], "NoiseHL": [0.026548704698301485, 0.03563056439821427, 0.07221608833065145, 0.07544596373300555, 0.027720445460238653, 0.03491140816995643, 0.08466001237442584]}