{"FilterHL": [0.055524055384247074, 0.012641242706523878, 0.04813543895010703, 0.010981481747661616, 0.05370452870861672, 0.17885925004165168, 0.09075190468574199], "NoiseHL": [0.3924555619034628, 0.46262877614320497, 0.4698993172880792, 0.4310286503199495, 0.48108234545032746, 0.5482524038959903, 0.5312432965654122]}