{"FilterHL": [0.02012426254066576, 0.029181181753286517, 0.012555514986434304, 0.01954405254948546, 0.02235780328848342, 0.017723608012567983, 0.03344638717256134], "NoiseHL": [0.11549236908059399, 0.12573571420985766, 0.08309647401450233, 0.10209464857778935, 0.10173283183345347, 0.13774943854389762, 0.07121494189245256]}