{"FilterHL": [0.000124828910184475, 8.918835617441779e-05, 0.0, 0.0, 0.0, 0.0, 0.0], "NoiseHL": [0.24154202878078954, 0.277846286164513, 0.2582168997340125, 0.2768927248622021, 0.2652269334169895, 0.2672010060207921, 0.2681834254622317]}