{"FilterHL": [0.022827507684191718, 0.04123544048668676, 0.04941101772438688, 0.04833652341006725, 0.02038662393914437, 0.040671674717841985, 0.04178952590527202], "NoiseHL": [0.04897200431442601, 0.04924207167821586, 0.053725994418200494, 0.06398451695679828, 0.02494362160882595, 0.05227855538562285, 0.021152762623117133]}