{"FilterHL": [0.04491244336006311, 0.009634384043057448, 0.032204747182747843, 0.02113043177122072, 0.033652851914759106, 0.011224709472789397, 0.056748445606113286], "NoiseHL": [0.1462460984394341, 0.27214404083959304, 0.21729624718607982, 0.32761403257115945, 0.1626958415774679, 0.25329875520490924, 0.21216683922641894]}