{"FilterHL": [0.003018553128764272, 0.01643351071030153, 0.009778634950112042, 0.004693714495363346, 0.004560197117287829, 0.010168611739900585, 0.01958339736397244], "NoiseHL": [0.10697578993146929, 0.18805403179511582, 0.1409445453197861, 0.1958080873133502, 0.12187131031345834, 0.18139021248335618, 0.1458976668801977]}