{"FilterHL": [0.016654477729219803, 0.006775167601287159, 0.004929681836843947, 0.0469803021668713, 0.002676242651406562, 0.02871878863284372, 0.0030302684446569146], "NoiseHL": [0.2488166259802387, 0.2699315728814627, 0.23524863377829477, 0.2712972955571468, 0.26676207829454673, 0.34408729989663367, 0.2824939263206276]}