{"FilterHL": [0.010837046538343166, 0.029386711007446466, 0.03612892160404626, 0.014039132655821497, 0.025412420090916897, 0.012121423189272743, 0.037103409765973115], "NoiseHL": [0.21628875490676905, 0.21830464134986025, 0.22920513633521877, 0.23392325763511676, 0.23892334264773868, 0.21796465173414079, 0.22463736998835668]}