{"FilterHL": [0.006023809333298112, 0.012079492030380402, 0.009597771055047655, 0.027765785582245708, 0.010394758970584601, 0.004577867988087332, 0.014041777082676123], "NoiseHL": [0.18388191585576813, 0.1196746609165542, 0.17267040893262325, 0.1570819327380295, 0.09659188152890516, 0.13699306381916604, 0.11755341486377832]}