{"FilterHL": [0.01477335492680384, 0.036775665145119395, 0.02448378654095203, 0.005363373247922152, 0.013500945997990359, 0.03087181823164169, 0.012745914642754572], "NoiseHL": [0.22030000198965918, 0.2338361573250545, 0.23527314246951198, 0.25923681094314055, 0.2127515178527699, 0.25936860377515325, 0.22781023499188122]}