{"FilterHL": [0.05625124941789343, 0.06292282738641768, 0.04925232477869586, 0.044165218772493936, 0.05657189749543391, 0.020121048072771902, 0.030213627131482037], "NoiseHL": [0.20065865953795342, 0.18346362886702516, 0.21333375226774312, 0.19017609464308716, 0.19536571492085178, 0.14979522648504334, 0.2043906664257935]}