{"FilterHL": [0.0, 0.0, 5.4540125350834845e-05, 0.001299548923111678, 0.0, 0.0, 0.0], "NoiseHL": [0.12938974008971083, 0.2071544063142342, 0.15237707995139405, 0.23612166756010983, 0.11082626344894847, 0.18514569594605024, 0.1572246532975914]}