{"FilterHL": [0.03477051722758859, 0.04266697307461247, 0.03843503131634026, 0.042267469527162316, 0.021467436857614902, 0.022632614263283637, 0.015418067760278842], "NoiseHL": [0.0792784735663133, 0.11181871538023888, 0.12968548035682428, 0.14671925550628925, 0.11023053120467302, 0.11258223660020746, 0.142885461435089]}