{"FilterHL": [0.020429733932676084, 0.024049029992372448, 0.016783855521224876, 0.005683013006423914, 0.010331363682774878, 0.01905621093946161, 0.0057185808289527415], "NoiseHL": [0.16831469822495307, 0.1788925947748547, 0.17221262912786497, 0.18209508133843533, 0.15707596850688502, 0.2045285725120587, 0.14701084483639487]}