{"FilterHL": [0.014309945985526191, 0.03450799173420776, 0.03506020785057595, 0.03263168749190337, 0.018753522030868865, 0.06475000442282265, 0.0371114454983501], "NoiseHL": [0.2777191024106334, 0.22797201421696633, 0.09042058828061714, 0.06034951440122596, 0.23141286097357897, 0.22980069366118844, 0.1037502478968568]}