{"FilterHL": [0.02952615390421537, 0.06893479551936682, 0.019189637413451657, 0.06324795880392667, 0.031082263731463097, 0.06308819505619986, 0.040283451690234916], "NoiseHL": [0.19948836355750135, 0.20190996138944395, 0.19091983931852932, 0.20842854378591918, 0.22878093912590586, 0.2250235469097132, 0.21322488468827291]}