{"FilterHL": [0.019528982733146957, 0.03552260516232581, 0.03223442755499559, 0.021883803029789047, 0.018985582620758674, 0.011511842015184577, 0.031460538267214], "NoiseHL": [0.21146047348005878, 0.23284217950173286, 0.20849686305748624, 0.21101433353147633, 0.24224597935178302, 0.2557875720668611, 0.2417406170263253]}