{"FilterHL": [0.03222041885848094, 0.036558147457880746, 0.03802371444873573, 0.026852900440793852, 0.026858515443156913, 0.055069761249154144, 0.03608534134934659], "NoiseHL": [0.07157175820315839, 0.055641628675261214, 0.05539442344716841, 0.05090093780704727, 0.03854540146814108, 0.0676666137576177, 0.04540536171585322]}