{"FilterHL": [0.008892653352436688, 0.01019427940574244, 0.006028071987188051, 0.017918769173426736, 0.02771268227842062, 0.05328371735335589, 0.011331122838186292], "NoiseHL": [0.14282257462459833, 0.2275740506380182, 0.17167328921166894, 0.23851543750532175, 0.16644657260436044, 0.21092508406934912, 0.20427751761912524]}