{"FilterHL": [0.030506645179377415, 0.06995161910984217, 0.02353473532123065, 0.034531898579920645, 0.04409458242831616, 0.04042995235628883, 0.04962104639687747], "NoiseHL": [0.04359060878488509, 0.07352122159988703, 0.024244251372045174, 0.04349196232330273, 0.047804557241990606, 0.037060351143760835, 0.043833458800327164]}