{"FilterHL": [0.05831297690850416, 0.06657642607276977, 0.04885032016061244, 0.07554889126496589, 0.05262294503952401, 0.0650265516578865, 0.0782165347443597], "NoiseHL": [0.053779582645743874, 0.10959838684100856, 0.12321481452642695, 0.04038834607095894, 0.06836467057993251, 0.055641838398847156, 0.0356139405190875]}