{"FilterHL": [0.01286113527945523, 0.04572232703024904, 0.019240600466226204, 0.017769993649543837, 0.025158470372232008, 0.015678264498271123, 0.037280446871240755], "NoiseHL": [0.0874363734588672, 0.09338583151554752, 0.08400492902087887, 0.07762966669597272, 0.08082484945891538, 0.09995311679017276, 0.08591922282775058]}