{"FilterHL": [0.016801771527451922, 0.0348313154078191, 0.005905659246461928, 0.03560774344935202, 0.008729225903988962, 0.017453484012196, 0.013752724020166859], "NoiseHL": [0.12549972586188263, 0.1333979494212077, 0.14737904201953766, 0.14824658566758608, 0.1636257788518874, 0.1665922948482944, 0.18788813176561853]}