{"FilterHL": [0.019007619372055064, 0.01826649961678448, 0.01674457760785126, 0.028869164790262386, 0.009023843260349912, 0.017958482584104766, 0.023728863320472825], "NoiseHL": [0.2748317111283472, 0.30352694632020377, 0.26153930472287146, 0.267520138262655, 0.34656380162055367, 0.35350303024978924, 0.34268058058602835]}