{"FilterHL": [0.0428232789316976, 0.050410087002341376, 0.05207787379203883, 0.05906216881331151, 0.06076309327347848, 0.06618953496946779, 0.06567437542931881], "NoiseHL": [0.1982607906521718, 0.20848059780348496, 0.2571484746043289, 0.29683402735909203, 0.2629798679032337, 0.26371413178348707, 0.2233487080241979]}