{"FilterHL": [0.030024328452591512, 0.024363946818573155, 0.006269866076500327, 0.037206326908656225, 0.041492061609870026, 0.04727428588515508, 0.045714862539668964], "NoiseHL": [0.16975987703740805, 0.16061758814010618, 0.18572897879072112, 0.17882007363771502, 0.29968404130151066, 0.3170039431658035, 0.2940335207412773]}