{"FilterHL": [0.130834336307944, 0.15323765166543005, 0.22499745167557245, 0.12855417970046445, 0.2900052920042101, 0.30618621784789724, 0.29366312361983693], "NoiseHL": [0.42794701221654163, 0.47185426215549736, 0.41543767013130695, 0.4491946251107571, 0.3788552984672492, 0.41686484065497753, 0.3711162359939432]}