{"FilterHL": [0.020766800154017814, 0.04492947442173979, 0.03313733820336134, 0.045399934935994916, 0.03730625034550543, 0.06406813364096386, 0.06012409273679634], "NoiseHL": [0.0367372519227352, 0.04921153674116756, 0.030816837971372694, 0.056010901061774476, 0.04445803631725897, 0.058406650502333596, 0.06994591033362965]}