{"FilterHL": [0.10326929555468714, 0.13213151237587906, 0.1190550405178398, 0.060909968124021864, 0.09084113892220032, 0.13664367834688107, 0.13759414233243453], "NoiseHL": [0.3597818628192451, 0.2350832208146398, 0.34546840701981074, 0.2245699445354988, 0.33180383819240733, 0.2630867518829396, 0.32516173740164894]}