{"FilterHL": [0.06132512544653278, 0.04616122844559634, 0.03465454927981292, 0.029465454544587343, 0.04730258656691634, 0.04506853734119615, 0.061536765498875934], "NoiseHL": [0.14206844447028405, 0.2059884407172624, 0.15106310556465177, 0.20413923521777294, 0.15958800260880382, 0.19647077045858521, 0.16510641331202486]}