{"FilterHL": [0.008486391380187017, 0.03000031985711357, 0.010635225982435208, 0.011181483528252422, 0.02614254450513071, 0.044947154549429394, 0.018655020304154203], "NoiseHL": [0.23598488785725125, 0.22069907956991908, 0.2657413786311232, 0.2440359348484695, 0.2249369317534092, 0.18869193329303885, 0.28059858597480114]}