{"FilterHL": [0.01981770730364567, 0.03583347528065122, 0.01814729037407372, 0.037658419314628155, 0.21838535214621013, 0.21479751698692326, 0.23366249951700271], "NoiseHL": [0.14847001381954572, 0.25214717495932876, 0.1432587013503287, 0.2650947365631623, 0.2250953232211404, 0.30819673934129693, 0.24393947301091282]}