{"FilterHL": [0.39953980646680404, 0.365143516894196, 0.3571188053529322, 0.5212137687530122, 0.5381134885925907, 0.365143516894196, 0.3868321211857637], "NoiseHL": [0.7666708477593048, 0.7582572430264133, 0.8550890803915798, 0.8418433007760385, 0.7499999999999999, 0.7582572430264133, 0.8475193767582825]}