{"FilterHL": [0.002890820995748694, 0.014188597941442421, 0.009606006032885238, 0.004133733719507401, 0.004364384090182415, 0.0077732701838950525, 0.015503718848863566], "NoiseHL": [0.07673688673823821, 0.07696014550123698, 0.13317473353431217, 0.13130526063049394, 0.1195349576113407, 0.1332531280063492, 0.17535703602214903]}