{"FilterHL": [0.03050178356775841, 0.051460520300734086, 0.024778173027169264, 0.04451709968426669, 0.06071332863102496, 0.07975085319047896, 0.07699579639621858], "NoiseHL": [0.009570676436175018, 0.04635922488495824, 0.06118145314384016, 0.05742084718866654, 0.019908962980217833, 0.02391889891014738, 0.028083921493706802]}