{"FilterHL": [0.027358809519440183, 0.04302446619876537, 0.017892581152973815, 0.03064351765819618, 0.014319496097689394, 0.028369507053370897, 0.02476737220259979], "NoiseHL": [0.03834611631759395, 0.03626061428280456, 0.017307595215228837, 0.05327161407710418, 0.025984285334725535, 0.02388485408801491, 0.0391238267320108]}