{"FilterHL": [0.0182455249427977, 0.007855515821805655, 0.059364021343968065, 0.0433903787897268, 0.010670784210543184, 0.0209739921899138, 0.051332906929247635], "NoiseHL": [0.17215132609365022, 0.19544236225284317, 0.1786335052234124, 0.1914825247687664, 0.17991377941046682, 0.18000258864055782, 0.17652908952221943]}