{"FilterHL": [0.015493684948855764, 0.04237839009632403, 0.022706168285727867, 0.027816181981403704, 0.009830857168984344, 0.019477779317315504, 0.029847021401549566], "NoiseHL": [0.07000215034858089, 0.07567531657003487, 0.07981455067072203, 0.0976745248934006, 0.08001907114608924, 0.06302353082124347, 0.08027370023731288]}