{"FilterHL": [0.17512839285712803, 0.12803553120588348, 0.2977856738847722, 0.0, 0.3299738943805225, 0.3534039905076704, 0.20977662756226853], "NoiseHL": [0.5456588605116458, 0.6021815015432654, 0.5717118147355248, 0.6136484808284991, 0.5780550429927035, 0.5824953188689058, 0.5983665634413057]}