{"FilterHL": [0.0058029608878286875, 0.006405721685232459, 0.005400845007349985, 0.007657085498863059, 0.01997847528644549, 0.028778986330044984, 0.04504892893055298], "NoiseHL": [0.2132307247940755, 0.21680375261738372, 0.21081950917300415, 0.1986928990528057, 0.170206279013705, 0.1703102153258922, 0.16794810327931523]}