{"FilterHL": [0.027640015628729184, 0.03002395682794055, 0.008700059598227373, 0.020288815551730295, 0.01891227623876382, 0.046864759346488684, 0.03515246340863823], "NoiseHL": [0.14413327782419788, 0.19245936988231782, 0.19189499384665287, 0.214887964693993, 0.14712421712680668, 0.18217468333438425, 0.19901323833871667]}