{"FilterHL": [0.0, 0.00033712871430732, 0.00022807230542501488, 0.0, 0.008327690733320922, 0.0, 0.010954012486914971], "NoiseHL": [0.27974528551069605, 0.34398982727819466, 0.2541370758203428, 0.3415686218479229, 0.1996416327232974, 0.28723702582719046, 0.19186013665193044]}