{"FilterHL": [0.011450329364660778, 0.012673614327718873, 0.005233766444471993, 0.020153660669451658, 0.018275931745220034, 0.005660915891886958, 0.027474820379481592], "NoiseHL": [0.21841140650639063, 0.24369513957991742, 0.2521144283390464, 0.2881309130304204, 0.22620293921288484, 0.2483510455622159, 0.26757057943740936]}