{"FilterHL": [0.0305073060053898, 0.04837711405550913, 0.019530235996869358, 0.04275358826587793, 0.024153051759263897, 0.043200773296699205, 0.049087696727924485], "NoiseHL": [0.1225974808348216, 0.1371333310507874, 0.14259206341704103, 0.15832437509256575, 0.11649650639761869, 0.13196364045728437, 0.14638121716515765]}