{"FilterHL": [0.04991911898909584, 0.04297124851604566, 0.044158585671618504, 0.04134173700790939, 0.06117018463036584, 0.07193328999681864, 0.04697196074373252], "NoiseHL": [0.08942646847790368, 0.09678881395474154, 0.06292704741720018, 0.0928507835334262, 0.10861516809140463, 0.11410257177290525, 0.08271123348044626]}