{"FilterHL": [0.02708746339084236, 0.015745924321568853, 0.011235562280175075, 0.026460538311597587, 0.006712370351248033, 0.011915679211898152, 0.02261533242267371], "NoiseHL": [0.06115354695692536, 0.11317567203478306, 0.06850442101299266, 0.10298895249137623, 0.06270968925531735, 0.11958173829443132, 0.08192061892431542]}