{"FilterHL": [0.08302175924154365, 0.04042643986684773, 0.09943339903097886, 0.08183227534148672, 0.06949799973489004, 0.07425474908228558, 0.07082861010112457], "NoiseHL": [0.349021458917787, 0.43619851259628406, 0.3830946730058272, 0.4724233141828658, 0.3887756047833874, 0.459520516617385, 0.40924160913820773]}