{"FilterHL": [0.016668345548179402, 0.05967100571483369, 0.013607477357219205, 0.03206478666562345, 0.021810127251191507, 0.027221629785116896, 0.022565778102935245], "NoiseHL": [0.054459272573879586, 0.050741754293354493, 0.0592088903179253, 0.06166569542225912, 0.11765105285817604, 0.1358275423002621, 0.12304259581854357]}