{"FilterHL": [0.0358705198461503, 0.04788495656219024, 0.056994046178245036, 0.02420605737032146, 0.03437284945536555, 0.03275960340798062, 0.049124870631552665], "NoiseHL": [0.26736880420438475, 0.2716959048577637, 0.2665171212020392, 0.26729478778108706, 0.3254621844876263, 0.3294986620447848, 0.3145500522324453]}