{"FilterHL": [0.03408715304457274, 0.0594372304326433, 0.02731634736551847, 0.05065220553860707, 0.04733886640137793, 0.05886380293973583, 0.052862353104000094], "NoiseHL": [0.05140664749374567, 0.07042545390505132, 0.0415766926390049, 0.0502450374861532, 0.04480827784475082, 0.04930731317411702, 0.028852594025672047]}