{"FilterHL": [0.01806898940592146, 0.035092667964994655, 0.0050820936160619725, 0.03365555319793713, 0.04136887506516798, 0.04533852300105573, 0.02910999383966324], "NoiseHL": [0.11374055454419618, 0.11137141341567255, 0.14467732895169133, 0.15088241785050294, 0.11319533544548327, 0.09179083301351758, 0.15340127097867629]}