{"FilterHL": [0.0004278567360606498, 0.0, 0.0, 0.00034486639245304563, 0.0, 0.0, 0.0012404793889532586], "NoiseHL": [0.24790907888765304, 0.2582168997340125, 0.26423520936170475, 0.28444670306439407, 0.2672010060207921, 0.2730507170196538, 0.2900052920042101]}