{"FilterHL": [0.025086731163486878, 0.030184766043532915, 0.027745958436536343, 0.025486191565382527, 0.023303441112767526, 0.022281647195148586, 0.02433015048835571], "NoiseHL": [0.11099841688034794, 0.12351437003654833, 0.10204732299446724, 0.1398197908743955, 0.1133172302993927, 0.13352715489020173, 0.10219259013110187]}