{"FilterHL": [0.015117479947786727, 0.05630031366833976, 0.034960895253720564, 0.025233220037992322, 0.029626822622155408, 0.027620491080294008, 0.029041931351640727], "NoiseHL": [0.020426667946507125, 0.039168718632881946, 0.03257126309044558, 0.01359591420813786, 0.022360427118974714, 0.041483333350653476, 0.037610502146778635]}