{"FilterHL": [0.009468016444093464, 0.005598478996233589, 0.03347990943453978, 0.06421452879845395, 0.0637969682057798, 0.04190471488532697, 0.07359140290382571], "NoiseHL": [0.1763591611961703, 0.2442427103286517, 0.20485426434740242, 0.18634837016997458, 0.17144886537904147, 0.21619332003042507, 0.19204904575304704]}