{"FilterHL": [0.012319994716119153, 0.021281982183770403, 0.010841457121567718, 0.03833413938428802, 0.007193670371986961, 0.01648660425479052, 0.016792553476295147], "NoiseHL": [0.05172048615931077, 0.09163034913581662, 0.07831933884688246, 0.10012217025679988, 0.07909834335725144, 0.10872517172006592, 0.07350871299026795]}