{"FilterHL": [0.040289587458837324, 0.05031366982673055, 0.025281894442711495, 0.04295408653018808, 0.03476064189710264, 0.05148203681488114, 0.053745123672977194], "NoiseHL": [0.007080319556783632, 0.005825452790178278, 0.016725184232414505, 0.02079822493246168, 0.009313890089595316, 0.01498217974227952, 0.014265810422899056]}