{"FilterHL": [0.00823794914778923, 0.00797432675764341, 0.0064721493206382095, 0.009169375288381186, 0.10211366152131242, 0.08396020876591614, 0.11627211836635037], "NoiseHL": [0.26921425515365444, 0.28631324660697, 0.2702632404348002, 0.2890982861780327, 0.22897959859750117, 0.25214436810083046, 0.25436299762602693]}