{"FilterHL": [0.0, 0.0, 2.4361298087956773e-05, 0.0, 0.0, 0.0, 0.34655263147106813], "NoiseHL": [0.5103822362823259, 0.6098219196453538, 0.6522850146108908, 0.6335109494745331, 0.5932842554025083, 0.6009095111718965, 0.6666992192269132]}