{"FilterHL": [0.04801545131997138, 0.05503411128877813, 0.035537939449255124, 0.03793071193788911, 0.03249906314926771, 0.019409795762576957, 0.02321638088362318], "NoiseHL": [0.23737682781877978, 0.20652540563310964, 0.2411264444441309, 0.22638712997604038, 0.2530287391095243, 0.2040184858630079, 0.23243177560262976]}