{"FilterHL": [0.015313208579805095, 0.042984958581571926, 0.02081271534154637, 0.020987437708756062, 0.025658460525199173, 0.04038038162747941, 0.04055674077432994], "NoiseHL": [0.21336197134795062, 0.20881529336807358, 0.223004304228592, 0.222819068433785, 0.23278600210382377, 0.21040977498432237, 0.21656336363479256]}