{"FilterHL": [0.025676442561798154, 0.03174602495929205, 0.04998765451275987, 0.026769008523861153, 0.017000533432325205, 0.029432879715746017, 0.03774063899102393], "NoiseHL": [0.18522918087308454, 0.17098541469575584, 0.15455699839103487, 0.12949906707816963, 0.1963286362037984, 0.21919087620204059, 0.17039039779094287]}