{"FilterHL": [0.021881363549331838, 0.05911017888460014, 0.06738951669651476, 0.06662091712972971, 0.4355710866893829, 0.4574975216689813, 0.4413539993667897], "NoiseHL": [0.07169427478151837, 0.06163896398614592, 0.05690979173454645, 0.09333613609152587, 0.3874443515570052, 0.4023972381112762, 0.39310156659484835]}