{"FilterHL": [0.00752278767177749, 0.02739058622990731, 0.020096623290378514, 0.03222879945303197, 0.007853404069645386, 0.03161329622483944, 0.01715907093395629], "NoiseHL": [0.06274058629973922, 0.06387251143016637, 0.08873721048413155, 0.07399494841079629, 0.07004777627167334, 0.06135757730264879, 0.08579686610302625]}