{"FilterHL": [0.03058282718360525, 0.01545162792256691, 0.010155385628702896, 0.025005654939311388, 0.007758190993867263, 0.011529412906073237, 0.024472702777130425], "NoiseHL": [0.08698507723294197, 0.09137455581401506, 0.09016781953083286, 0.0845122608921222, 0.0965975504641686, 0.10173961995820217, 0.0969698190016621]}