{"FilterHL": [0.029187394603658722, 0.03135629050428229, 0.025236226462013726, 0.04009688268214903, 0.02372492468795759, 0.023100746531975483, 0.0419723773175807], "NoiseHL": [0.042700788278623274, 0.050753994775820134, 0.051568228356823086, 0.07012365322260947, 0.05210630120673189, 0.05454936544160624, 0.05978579450626247]}