{"FilterHL": [0.017291741067467593, 0.02185000562875277, 0.0029320546113597037, 0.04173715456376894, 0.00251967326710846, 0.022889000265169455, 0.01988806696955197], "NoiseHL": [0.10869273062899454, 0.1490622447376643, 0.11535631953185255, 0.13506949705712468, 0.11083941060964919, 0.1422200435002734, 0.1196666648216551]}