{"FilterHL": [0.00019031863327021782, 0.0, 0.0006526923007079242, 0.00020713995338513425, 0.002123554488213295, 0.0, 0.0006366618831643796], "NoiseHL": [0.30618621784789724, 0.34075874679429075, 0.3527635782183037, 0.28444670306439407, 0.35826616493699964, 0.34639862872051724, 0.27879713016662017]}