{"FilterHL": [0.026840645233190588, 0.04580536116103296, 0.014510008430476683, 0.034279931579172335, 0.019047418107240213, 0.02230526621110065, 0.03538470740470634], "NoiseHL": [0.06120057168580044, 0.0680028953043937, 0.04354359001959868, 0.0671403297675039, 0.0453983484999492, 0.06359671940599888, 0.07414194891571162]}