{"FilterHL": [0.0009276072933438102, 0.0, 0.008502907240625971, 0.008796462804368467, 0.0, 0.00838074826911133, 0.019260764695874472], "NoiseHL": [0.1214797384251674, 0.1837755367050545, 0.1776126562589562, 0.21696115946633285, 0.19707921959999697, 0.24154202878078956, 0.15480855153871714]}