{"FilterHL": [0.0, 0.14935425850439607, 0.028912204326193798, 0.23430400331856402, 0.3393346874772077, 0.13129518424232384, 0.3274472536903779], "NoiseHL": [0.2059196678858405, 0.6213170812780374, 0.5488431078471475, 0.6607818196717822, 0.6151359152240246, 0.46974043192640386, 0.6517198639118427]}