{"FilterHL": [0.0, 0.00014015216073431659, 0.029081986601662075, 0.023378887099912947, 0.0008999020854000312, 0.004878955782467041, 0.013898597000658623], "NoiseHL": [0.4928208701200596, 0.37443152810313624, 0.46448274972501125, 0.33139126178820855, 0.3856943031828902, 0.5039012560565982, 0.3077398165052678]}