{"FilterHL": [0.8530162361086795, 0.07245193803796844, 0.029463219794533282, 0.028653000674121184, 0.040412976264380895, 0.07358061045547151, 0.029652665308990474], "NoiseHL": [0.08053357362723941, 0.09445512225082621, 0.09570742876879759, 0.09674176973840089, 0.13046817157989302, 0.0942463777505205, 0.1333763624881377]}