{"FilterHL": [0.08844608460234026, 0.09020425966250395, 0.049618000413249375, 0.05398601190866113, 0.11809799728970645, 0.10280596609946743, 0.09516362639195562], "NoiseHL": [0.11420645451068069, 0.10232226620509158, 0.11105870865117651, 0.10922680222762907, 0.12902259839538477, 0.15324347304096397, 0.12600805291210573]}