{"FilterHL": [0.04624608178129521, 0.05331410405971295, 0.04216892045868614, 0.05009920524944691, 0.08587596226061266, 0.07068674290209144, 0.09621810342777239], "NoiseHL": [0.06233753114544822, 0.04780637721023203, 0.06540240950509577, 0.06870167751049748, 0.08858379749766265, 0.06742158222271864, 0.09017120833418867]}