{"FilterHL": [0.020107310201998522, 0.02433211174872533, 0.027080229845243636, 0.03892711981322083, 0.04601982812252272, 0.0336636563677731, 0.016941020988993916], "NoiseHL": [0.11378565308194738, 0.18639936413451788, 0.11065329685434641, 0.17832299711613, 0.08843708891578175, 0.17007947298432838, 0.14597458495796892]}