{"FilterHL": [0.04577963403895382, 0.04938309552016609, 0.03705528570527748, 0.039266781795751854, 0.027834893221131505, 0.0202792299766297, 0.061388530480190225], "NoiseHL": [0.08515086722217807, 0.11474918579756929, 0.07991786924758698, 0.10537688003020956, 0.11628998921953168, 0.1489946708847236, 0.14340455180851405]}