{"FilterHL": [0.007791812290621384, 0.0038192122543089587, 0.004957908172969843, 0.0015621438669346853, 0.007566465694613502, 0.0049612096676383294, 0.01618694766280634], "NoiseHL": [0.1812283889613028, 0.20838252333206872, 0.18378574867343647, 0.19449819530787849, 0.1984904904007009, 0.19729073656669158, 0.20848161396281953]}