{"FilterHL": [0.03663972628865638, 0.055687838410176035, 0.03788871302865948, 0.025775922048408572, 0.06102317750745738, 0.046723396275315104, 0.04354285930109431], "NoiseHL": [0.0947064283582991, 0.0769938356193287, 0.05246319022549586, 0.07739495361793068, 0.15021403057200547, 0.13953390737457064, 0.1325644566653261]}