{"FilterHL": [0.3265004571897141, 0.3452088253426512, 0.34444661448716346, 0.3954587528398608, 0.4089710745770214, 0.342684195127955, 0.4404106497203263], "NoiseHL": [0.4564662283928386, 0.395732131448936, 0.4570713935476801, 0.39075689378192746, 0.3876947284322732, 0.5062960495003728, 0.39966950305234766]}