{"FilterHL": [0.045975907483135375, 0.05142875906045886, 0.06102290099123806, 0.037659026970928156, 0.03397319932965003, 0.020252693679705874, 0.0555103269333109], "NoiseHL": [0.08006643869776521, 0.05272147635356935, 0.10592490842250238, 0.046515723078000816, 0.07391620773576944, 0.04719475641380399, 0.10659903546633175]}