{"FilterHL": [0.018509110318953685, 0.03385656450376617, 0.013570038718984274, 0.03443171185603376, 0.01798140242279936, 0.1895274820601521, 0.09336393485495173], "NoiseHL": [0.21895679336612492, 0.2409963724486345, 0.21210970805817975, 0.24368592745299025, 0.2201742885663164, 0.24139308460217365, 0.23521770872441963]}