{"FilterHL": [0.013317928316403934, 0.00928492303446082, 0.012775274350048398, 0.016531246471161862, 0.0112088936174073, 0.020743379297428945, 0.02724263008396124], "NoiseHL": [0.09475726123910691, 0.1445813377684758, 0.1439614719454626, 0.17996620850780815, 0.12014128752520248, 0.16690704623867658, 0.15722500151925242]}