{"FilterHL": [0.004376498743346309, 0.0029777513960883278, 0.0011815207868142899, 0.006020418684426641, 0.003412361235249398, 0.005684373807804317, 0.00042934092925787394], "NoiseHL": [0.06644798328224906, 0.13130621023687897, 0.12148538536425875, 0.14052135893078996, 0.07979946832522694, 0.13868570125244256, 0.10628005393303241]}