{"FilterHL": [2.7522427699740203e-05, 0.0, 0.00013701160502038127, 0.00028492795479924827, 0.0, 0.004811267759215059, 0.0], "NoiseHL": [0.35512924987693184, 0.2730507170196538, 0.298184114986734, 0.26023620398396025, 0.3259265977491048, 0.2214830616120933, 0.2797452855106961]}