{"FilterHL": [0.02720180667933925, 0.05173994795091604, 0.019361323566775442, 0.03313912896656584, 0.015737282371971445, 0.024947024731185638, 0.029155690229157705], "NoiseHL": [0.04081637879683714, 0.04093676114913181, 0.029669365740997416, 0.04955188899042361, 0.033641937092360866, 0.032580286275176576, 0.037970061653754536]}