{"FilterHL": [0.03727907045590133, 0.043304586670838134, 0.026904739562898388, 0.04582709058575545, 0.02964801804751011, 0.030362675563673298, 0.01978705083478858], "NoiseHL": [0.054202785042508965, 0.14742072117271673, 0.073939858138311, 0.1361040588110726, 0.10868911143472865, 0.11101277747142595, 0.12645100017396801]}