{"FilterHL": [0.012235421193531906, 0.04307013633755988, 0.021926343984780435, 0.009085275179998152, 0.030216418952976644, 0.02629934517023833, 0.016321892064414218], "NoiseHL": [0.1527972886823378, 0.2160610692534436, 0.17737793643590297, 0.23708216073160288, 0.15078376918774006, 0.20581699137259712, 0.17879688076409775]}