{"FilterHL": [0.23004573024187683, 0.08593457981767068, 0.21308426507952805, 0.1875665130105492, 0.3536406354534918, 0.23582411870538625, 0.2390851810410635], "NoiseHL": [0.5364358712089221, 0.5288463068061658, 0.5396132455757253, 0.5481719826897697, 0.5229951385394211, 0.5406304673945805, 0.5533307944838894]}