{"FilterHL": [0.033160906426210196, 0.039468227227328026, 0.024561341892806527, 0.03790788549200321, 0.018711896865745585, 0.00833158024739202, 0.03439558347542106], "NoiseHL": [0.1315818686913982, 0.18426051496063617, 0.10667633148754584, 0.16715141689480575, 0.14763697921477206, 0.2098745761240375, 0.11031831671984112]}