{"FilterHL": [0.04333141387428039, 0.09415887669232804, 0.030530720569730326, 0.04525643149800578, 0.04330899740869953, 0.12239038888472611, 0.05581406103578993], "NoiseHL": [0.18867444147446363, 0.20590887166968358, 0.17632471701695948, 0.2399228312175185, 0.2229320299000518, 0.20391909073640027, 0.21061933424802073]}