{"FilterHL": [0.0, 0.0, 0.00021860734842560123, 0.0011325920810704192, 0.14392793889066313, 0.1225520975956167, 0.08969623066867011], "NoiseHL": [0.35038649663459137, 0.4003881833183576, 0.34719885517251775, 0.4119063716742538, 0.3635867680666134, 0.357684915701963, 0.3678180750327085]}