{"FilterHL": [0.005562405072312974, 0.10423130120689211, 0.013204998096419208, 0.07501316108995884, 0.00878238789651941, 0.10023954210786497, 0.02238053004776861], "NoiseHL": [0.21589915750420194, 0.25475622146101873, 0.20965348205827475, 0.24627731383790405, 0.26248879859254887, 0.26525950294368794, 0.2671559443151984]}