{"FilterHL": [0.4353635940827721, 0.23788110156206219, 0.5295513626294488, 0.1560606263338464, 0.2889177692094755, 0.2274949576862268, 0.5426484936355815], "NoiseHL": [0.5320006756047971, 0.5090126061504441, 0.5498882742833463, 0.48553007818364363, 0.5850765547962149, 0.5029779757700641, 0.5807536428229296]}