{"FilterHL": [0.02262001490232741, 0.05165024202714918, 0.03691695103046401, 0.03032894457377323, 0.8224573198689598, 0.08606758710213559, 0.05976240386006443], "NoiseHL": [0.12626101076908364, 0.10216750943964387, 0.11327299360224133, 0.1239023919945979, 0.06618711171839209, 0.07746072542100282, 0.11470761252632095]}