{"FilterHL": [0.021607643476028584, 0.020799713194706842, 0.041678436156475145, 0.031875104652593106, 0.035684868831681926, 0.017131071454704962, 0.011117349380144614], "NoiseHL": [0.10089865274797773, 0.09438228377419212, 0.09972024009119601, 0.11505843643149533, 0.10704285309595503, 0.12789051404188986, 0.10424480860890879]}