{"FilterHL": [8.429872191672463e-05, 0.00016730063330636108, 0.0, 0.00012213104075877668, 0.0, 0.0, 0.0], "NoiseHL": [0.3008703820942616, 0.43231847120657996, 0.3675635571657941, 0.4770215473180774, 0.33009682013546676, 0.4515432424712363, 0.4569608229123584]}