{"FilterHL": [0.006511327546574736, 0.005741898938305756, 0.0066969258698076906, 0.005332668239074271, 0.006224663900190175, 0.012778605944021188, 0.011275894517337522], "NoiseHL": [0.07398607033069617, 0.06702831243069997, 0.11361169531158231, 0.09956053172894061, 0.1404797116491321, 0.16847230339726385, 0.1680200734561935]}