{"FilterHL": [0.0, 0.0, 0.0007195388443071161, 0.0, 0.0, 0.006739557075122678, 0.007089255085901768], "NoiseHL": [0.16193431328727034, 0.20591966788584048, 0.2144269219230429, 0.1996416327232974, 0.2034297098849552, 0.23721445063730046, 0.23830281775681836]}