{"FilterHL": [0.04741772251063681, 0.07098226177988479, 0.0633856470556694, 0.07550272331701982, 0.05420733591763675, 0.06416152047511728, 0.08133876622371683], "NoiseHL": [0.07608379812312055, 0.12134863784502739, 0.08549302222418059, 0.11897579892542821, 0.1331274817118332, 0.11912170431401653, 0.10395201333920932]}