{"FilterHL": [0.051539279496993474, 0.052755115025794684, 0.08281733387100287, 0.11424908766161417, 0.06450850940143242, 0.09413466342503334, 0.11898992032403767], "NoiseHL": [0.3643644741226804, 0.400550039514631, 0.47501672770190045, 0.42888891793358436, 0.37392112735279953, 0.3962547743933374, 0.44489711917826236]}