{"FilterHL": [0.025315613430671135, 0.09032664527162607, 0.05250576828004114, 0.027008814520895433, 0.07009171706540131, 0.08583545249576799, 0.04550640954806671], "NoiseHL": [0.14240377183979147, 0.12561396042846187, 0.11185428091154918, 0.11121789555249953, 0.09953599020445779, 0.13632860547526168, 0.10072090912679373]}