{"FilterHL": [0.02347410132684791, 0.014602875275155377, 0.03378615596337994, 0.008507905464843984, 0.028936826190805988, 0.0055608509651950844, 0.04419511779629739], "NoiseHL": [0.25273052451268263, 0.32317786090919415, 0.3350094838020731, 0.3707112413423425, 0.27301625340707203, 0.32589141846277214, 0.3303558378492222]}