{"FilterHL": [0.004644812677494067, 0.016848241854197924, 0.0, 0.02995876767292985, 0.019683122719259614, 0.3244400128003992, 0.015130199775041714], "NoiseHL": [0.516194331483702, 0.40383097609662855, 0.4895453847323275, 0.41960391814648235, 0.5328907464604259, 0.4891194390326154, 0.52840783286499]}