{"FilterHL": [0.0024784375928992284, 0.015512275283560506, 0.01152888122978667, 0.004971163989017365, 0.004148790811879156, 0.00987627445087636, 0.018511607129592187], "NoiseHL": [0.11780011036313971, 0.1796322284653395, 0.15242232461069005, 0.15562482454354554, 0.13876076120434414, 0.16962569527697466, 0.1796069343410367]}