{"FilterHL": [0.041475355282771575, 0.05428888675749614, 0.02050950416864901, 0.04140233244453917, 0.04147604650959731, 0.05149401551642815, 0.017111564817352955], "NoiseHL": [0.05637303214460763, 0.15654782806489762, 0.09616015146391484, 0.14814585109849274, 0.06265587932682593, 0.14078481041909285, 0.08894681163922978]}