{"FilterHL": [0.0, 0.0, 0.0, 0.00016291633733393944, 0.0, 0.0008164554175857893, 0.011862756231121275], "NoiseHL": [0.4770215473180774, 0.5545685314345643, 0.5685395811938988, 0.6053631417196702, 0.5252005434678936, 0.5660012375502275, 0.6110969221468826]}