{"FilterHL": [0.06075908206401823, 0.0678835267920596, 0.05601083432208493, 0.05053364596471001, 0.05357292061648784, 0.03418694093885586, 0.03377975542252981], "NoiseHL": [0.2030272762197448, 0.1918974706435353, 0.25343877668600756, 0.23234131433878472, 0.20560120404128454, 0.1666235779390991, 0.24460262973003763]}