{"FilterHL": [0.04944081088005149, 0.3233962115381585, 0.34873191897313366, 0.2820333840920757, 0.45412441586807417, 0.4714639773670749, 0.6993455704875482], "NoiseHL": [0.7637749360640212, 0.785664098953357, 0.6185758875588594, 0.611304966258269, 0.6454257705204312, 0.7902897219880323, 0.7064985342448429]}