{"FilterHL": [0.0424878869758319, 0.02536870736761742, 0.01543415298800506, 0.04554327158206933, 0.018066635459102545, 0.02271671614157279, 0.03371782803802203], "NoiseHL": [0.016701673120668652, 0.018414612214504442, 0.02549108558827055, 0.0320353211565421, 0.018085348854052576, 0.02401097733994327, 0.028778665400568407]}