{"FilterHL": [0.022627523784412778, 0.016691877202920032, 0.02529698967326042, 0.026455375804264727, 0.029865628276779497, 0.04030073807770239, 0.02711051037354253], "NoiseHL": [0.15826783960812016, 0.23063176088420687, 0.3318587046761546, 0.25199110662285734, 0.20267487020618974, 0.20243970462647337, 0.24341674855188528]}