{"FilterHL": [0.05438939707366848, 0.1002693521506766, 0.11424535489437775, 0.12028342771769551, 0.41970402079719277, 0.4888086151910635, 0.3100105269060577], "NoiseHL": [0.13307996902583943, 0.11681366719195029, 0.3656106805486489, 0.3666978061994391, 0.3232226279521694, 0.35744999789205084, 0.3215688178111688]}