{"FilterHL": [0.02393123679300683, 0.048384154714471425, 0.03477146368257341, 0.05435662133255937, 0.03425769079806128, 0.03721205623619745, 0.042348977732211475], "NoiseHL": [0.03874950718907386, 0.05773038028998209, 0.03520149082366642, 0.0473029827307749, 0.036569711664382124, 0.03929698814060375, 0.03884533755874004]}