{"FilterHL": [0.11762297121234316, 0.0897447951563728, 0.04092281250384545, 0.0694166066278322, 0.10994700224245745, 0.11692838087417211, 0.12490324671777751], "NoiseHL": [0.16504136144138903, 0.16629071238011903, 0.15713926535293393, 0.14275315633088456, 0.17037676730053805, 0.1488737294905069, 0.17461630376747142]}