{"FilterHL": [0.038746800964007955, 0.05149737139272027, 0.017620563343051423, 0.05093875075754863, 0.03778225741986441, 0.07362491029694204, 0.02044622263627772], "NoiseHL": [0.08115084435101373, 0.04888231567870438, 0.06638485763652607, 0.08261556861305895, 0.09247838404961756, 0.12028756707714383, 0.07497894567826745]}