{"FilterHL": [0.00415868642665648, 0.018266033882436115, 0.013276517991048689, 0.006697507934320013, 0.005460493039525374, 0.01249734613156603, 0.026257349521661928], "NoiseHL": [0.08856218300192335, 0.15238789427539806, 0.11947672224776955, 0.14221664006388177, 0.1108303538367945, 0.1456767928864876, 0.1293978077730535]}