{"FilterHL": [0.012430701826240863, 0.023748697244609776, 0.03265182792241211, 0.022941521924871956, 0.019391123690608043, 0.019924929893220613, 0.010361545753870128], "NoiseHL": [0.29863829975024164, 0.18681242038617032, 0.2918344093463835, 0.18042794071450782, 0.2842934985033561, 0.25272272088065906, 0.3041378429776733]}