{"FilterHL": [0.03325557256099633, 0.049163201780554985, 0.02758782307292247, 0.04784763770263734, 0.019719811820024916, 0.061855771130679596, 0.027442429823507898], "NoiseHL": [0.07745625250368872, 0.07189769287966484, 0.06133042769471386, 0.08306417321697596, 0.07475261399394464, 0.10635818104686015, 0.060305862978579816]}