{"FilterHL": [0.02003382947584296, 0.04449499319701519, 0.014639474793313024, 0.018491594504714253, 0.04164475443742242, 0.01457700548041578, 0.023653211303739374], "NoiseHL": [0.3066241819599636, 0.31300923392997526, 0.22776533483751246, 0.25186649930558724, 0.32076491991218553, 0.2909926884192451, 0.23442057260309607]}