{"FilterHL": [0.0035432731396862417, 0.01567307146827279, 0.006538368547877701, 0.02184394357253916, 0.006328821418530749, 0.0058227396629454645, 0.019977919396191146], "NoiseHL": [0.20013441637461082, 0.28397739847028314, 0.2574732360602877, 0.33223008263232057, 0.20026630242682272, 0.2679859986391517, 0.26367299490501284]}