{"FilterHL": [0.020845820778133444, 0.018218763546091116, 0.010685469210114006, 0.0232171084412301, 0.006431742687867555, 0.014953379425829104, 0.025845279056993745], "NoiseHL": [0.19516330438675036, 0.18796462355537202, 0.2229227173675325, 0.21562907623656916, 0.20096537003590506, 0.18390909137511105, 0.22271752599981062]}