{"FilterHL": [0.018005344084927072, 0.04382136066053133, 0.02606973009778503, 0.025646850260791814, 0.02887354945641569, 0.015764185631323105, 0.05040204428962616], "NoiseHL": [0.0899662460233861, 0.15401381149037738, 0.09649078837752242, 0.1514612827311735, 0.109902015331937, 0.13398093605019679, 0.12435976527009306]}