{"FilterHL": [0.0394982045480858, 0.03506654367374907, 0.028774062023932324, 0.0247744794913073, 0.03711558565676541, 0.03192303463679316, 0.01159652418873861], "NoiseHL": [0.11448491633077361, 0.13492076737794045, 0.2076368809459884, 0.20569650042832652, 0.19086112546302655, 0.19342527947920285, 0.22134515261996482]}