{"FilterHL": [0.022023445278676636, 0.014920708712046983, 0.019140537240353882, 0.013940053596565052, 0.02902672232223155, 0.07387932104411139, 0.014136003250323284], "NoiseHL": [0.3946425181973036, 0.40779652831278357, 0.4744722265076957, 0.49795808010867554, 0.40941593113241326, 0.4078922915509876, 0.4751020483771387]}