{"FilterHL": [0.011344625293894486, 0.01450193645034689, 0.0013950376633391304, 0.01442297220525068, 0.004755153651501544, 0.010181385362256209, 0.012407934237027528], "NoiseHL": [0.3100250336318236, 0.3174633378617332, 0.3114342253033179, 0.33783086273580426, 0.30620510690571906, 0.30367437008530335, 0.3132048355011769]}