{"FilterHL": [0.020934863150530832, 0.05176578530694475, 0.017513095801316, 0.08564527869948223, 0.448697014449949, 0.4247520244172841, 0.43728722189505276], "NoiseHL": [0.43372799347891333, 0.4274799014454013, 0.42138885035524315, 0.41266551312605176, 0.543854074975872, 0.5262392024308022, 0.5355409721014701]}