{"FilterHL": [0.003046855462590035, 0.01475793369823618, 0.007372507914122477, 0.0046491571890504, 0.015508123225987437, 0.023037507839070773, 0.018092798815484628], "NoiseHL": [0.2585253820329993, 0.2682020341706937, 0.3201103485830465, 0.31062567410066194, 0.3563619560585147, 0.3850731549220513, 0.3149543449412206]}