{"FilterHL": [0.0047070368033448684, 0.023645398961525562, 0.023142045929816946, 0.013371583420403196, 0.034728106594031485, 0.049433367343638034, 0.01797335857845399], "NoiseHL": [0.3383870326079361, 0.35192809115954343, 0.35522116725403313, 0.3419320246288661, 0.3874896642634932, 0.4291455447150018, 0.37972728907966075]}