{"FilterHL": [0.02331697111227845, 0.03993616292277187, 0.015903775608684164, 0.019162035527708073, 0.12088648365682864, 0.11869877732792772, 0.1320151954678364], "NoiseHL": [0.2195816815159035, 0.21834830344030118, 0.2674321980407509, 0.2630634767832522, 0.19791120106028548, 0.20629278665081982, 0.1427173847392475]}