{"FilterHL": [0.02161353654954593, 0.01910155686991273, 0.010648687538398764, 0.023137412367432133, 0.006994136861961041, 0.015853729021841137, 0.029926728613256307], "NoiseHL": [0.17175715239543063, 0.16323276207310003, 0.15458469403994896, 0.16484209958576185, 0.10251494098631449, 0.0740685602612181, 0.0944201351429028]}