{"FilterHL": [0.0075294484016736355, 0.023821650073181565, 0.008562760901332695, 0.004863656750093278, 0.04558665497004697, 0.0719191090910958, 0.05132725146731979], "NoiseHL": [0.4470212845364066, 0.4511029496340766, 0.4994562154816326, 0.49609246486277786, 0.5060469859605496, 0.530841130370347, 0.5323364542745911]}