{"FilterHL": [0.008834374369785524, 0.022209929001820353, 0.0022169702955285955, 0.0021734272010773418, 0.019174456352744264, 0.015434127801681054, 0.01923376737392744], "NoiseHL": [0.27758723670464475, 0.24754064388066713, 0.2816369084706631, 0.23731989867389078, 0.32452475038609363, 0.31216336831325275, 0.2938820168983422]}