{"FilterHL": [0.01344752470298734, 0.029099402795087055, 0.011746605261250318, 0.0215446125817586, 0.03157478747184921, 0.03900076933503409, 0.04948790166278939], "NoiseHL": [0.15895769179087613, 0.14501261650706102, 0.10086104721317393, 0.09864281592746227, 0.1414038239640347, 0.16125817541581366, 0.10041471229312408]}