{"9q-square": {"addition": {"FilterTVD": [0.2736163259204046, 1.0666135199612339, 0.9699114792211833, 0.7916170916067149, 0.3821443878480633, 0.6480749998832025, 0.864143622161753, 0.40178698987338624, 0.8324132650439239], "FilterJHN": [0.28095890085578706, 0.6981455646198322, 0.6528012395029525, 0.5776241621033849, 0.41920503581277646, 0.5212247023594695, 0.6072689241419233, 0.4268086617949818, 0.5941730753144928], "FilterHL": [0.4098853272340649, 0.9047876632834639, 0.850012999443532, 0.7611535187142553, 0.5739672546281902, 0.6947694727977907, 0.7960626758220654, 0.5830079832253903, 0.7806312481736235]}, "ghz": {"FilterTVD": [0.27361632592040463, 0.27361632592040475, 0.2736163259204046, 0.27361632592040475], "FilterJHN": [0.25655978065716323, 0.26527543265688164, 0.25428423120140115, 0.25514178906069995], "FilterHL": [0.3795592102921094, 0.39005814609962786, 0.37763869557340884, 0.37738863392680366]}, "phase": {"FilterTVD": [0.8877245848906896, 0.27361632592040463, 0.47255181712531613, 0.677655133678291, 0.47971530572557564, 0.742770280029449, 0.436138998318082, 0.6891706945547718, 0.3565375637731265, 1.2524627545085185, 0.6943810581550313, 0.6656409432816451, 0.3897825569403035, 0.7140618616847464, 0.4297549738950819], "FilterJHN": [0.5668058356235761, 0.2873081370824766, 0.3246590474759853, 0.5597030774705456, 0.30467167118822164, 0.5832471598331992, 0.23146276328520454, 0.5723371544037208, 0.30995918741122486, 0.8105072778544208, 0.5117647098571781, 0.5533961203013377, 0.2940223937580497, 0.5490676256902093, 0.33344169117952743], "FilterHL": [0.697941193217841, 0.4173404527589315, 0.4103739549459956, 0.7375110556289074, 0.3884669051331752, 0.7678686271015019, 0.31265237894089015, 0.7575867470792994, 0.39632838930014197, 1.0621551920266774, 0.6411928981785127, 0.7339733790900785, 0.38269468026744163, 0.7223586747339227, 0.4361150370666873]}, "qft": {"FilterTVD": [0.5277202584289866, 0.690576776699284, 0.6944268125921987, 0.6967368341279476, 0.5003850035892915, 0.6905767766992837, 0.6940418090029072, 0.6967368341279476, 0.6921167910564499, 0.1971218377172391, 0.5361903373933994, 0.6909617802885752, 0.6909617802885751, 0.19712183771723915, 0.5315702943219016, 0.6894217659314095, 0.6921167910564497, 0.47612977746392804, 0.6963518305386561, 0.6909617802885755, 0.6917317874671584, 0.4707397272138472, 0.696351830538656, 0.6913467838778667, 0.6967368341279475, 0.6932718018243244, 0.6955818233600732, 0.5146301363930762, 0.6967368341279476, 0.6894217659314094, 0.6955818233600731], "FilterJHN": [0.5061068903545062, 0.8066964283486322, 0.820168922775053, 0.8302253629294643, 0.46507881513576865, 0.8066964283486322, 0.8187016966724694, 0.8302253629294643, 0.8118141520673737, NaN, 0.5188930164224618, 0.8079496808254231, 0.8079496808254231, NaN, 0.5119113881623113, 0.8030266786659291, 0.8118141520673737, 0.4285592245588265, 0.828297984492456, 0.8079496808254231, 0.8105072778544208, 0.4203768259917527, 0.828297984492456, 0.809219570918512, 0.8302253629294643, 0.8158667890863717, 0.824839269872504, 0.48643681712924314, 0.8302253629294643, 0.8030266786659291, 0.824839269872504], "FilterHL": [0.534357190107496, 0.7849969976523758, 0.8032485333432927, 0.8231040817439115, 0.503558910764567, 0.7849969976523758, 0.8010142516320311, 0.8231040817439115, 0.7914388689709102, 0.443984051196931, 0.5440212790964308, 0.7865340452785453, 0.7865340452785451, 0.443984051196931, 0.5387407362457087, 0.7806226904251151, 0.7914388689709102, 0.47647026295372663, 0.8181520852001971, 0.7865340452785453, 0.7897498820010111, 0.47045249148508583, 0.8181520852001972, 0.7881167824080064, 0.8231040817439113, 0.796914788578182, 0.811097294441139, 0.5195491924997896, 0.8231040817439113, 0.7806226904251148, 0.811097294441139]}, "similarity": {"FilterTVD": [0.8340171659734015, 0.7880006042180236, 0.5130754050736919, 0.5320941760899709, 0.542792234786628, 0.49167928768037794, 0.5261508101473837, 0.8387718587274712, 0.8185644145226747, 0.717527193498692, 0.7127725007446223, 0.687810363785756, 0.7056404616135177, 0.6866216905972385, 1.031336915267297, 1.01588416381657, 0.9350543869973842, 0.9528844848251458, 0.9921107000462215, 1.0087521246854654, 0.9980540659888086, 1.0551103790376457, 1.0408463007754365, 0.9968653928002911, 0.9612051971447679, 1.0562990522261633, 1.0622424181687504, 1.0479783399065412, 0.6664142463924421, 0.6747349587120641, 1.0729404768654076, 1.074129150053925, 0.8078663558260177, 0.8161870681456398, 0.7020744420479653, 0.6818669978431686, 0.6652255732039246, 1.0872045551276168, 1.082449862373547, 0.8661113420633724, 0.8554132833667154, 0.7115838275561048, 1.0658084377343027, 1.0586763986031982, 1.028959568890262, 1.039657627586919, 1.0515443594720937, 1.0586763986031982, 0.7686401406049421], "FilterJHN": [0.680593684499954, 0.6440579349340743, 0.4708515056977949, 0.48008597890473703, 0.4852818490297271, 0.46045848302906867, 0.4772000854235501, 0.6761428020760147, 0.6706918939422444, 0.5715666081929907, 0.5691533775116332, 0.556567840943956, 0.565543499705102, 0.5559718109262711, 0.7569128868994168, 0.7453750270348212, 0.7128164023513311, 0.7292332436360186, 0.7285545189167276, 0.7402212826503923, 0.7326673956897619, 0.7759112620395543, 0.7643061575062376, 0.7422581477408172, 0.7238480955706068, 0.7769107474194261, 0.7819944911260257, 0.7700237243598272, 0.5458802278345987, 0.5500265182227659, 0.7915637860535639, 0.7926658135982851, 0.6623779968440358, 0.6639553917281829, 0.5637428976727615, 0.5535904660040275, 0.5452888826215262, 0.8054587750086357, 0.8006471157223335, 0.6894244395022009, 0.6758111812312658, 0.568550911218441, 0.7851196658680061, 0.7789265280869728, 0.7551016674343075, 0.7633682749310226, 0.7729447941431401, 0.7789265280869728, 0.5981961376810628], "FilterHL": [0.8226670838999586, 0.775627275930125, 0.5804290105514681, 0.5910333523419422, 0.5969910225876006, 0.5684692080851086, 0.5877215695848333, 0.8165924759640183, 0.8098789586623523, 0.6951560919853783, 0.692424656491941, 0.6781719198088602, 0.6883379999021253, 0.677496552974346, 0.9113929354139703, 0.8967200320755062, 0.8612829076652906, 0.8841728308800764, 0.8759534227398202, 0.8902878546518056, 0.8809739918366651, 0.9366541441823323, 0.9210341866994639, 0.8967293793154727, 0.8743315842312807, 0.938032620701762, 0.9451407311573528, 0.9286466734851908, 0.6660553100639066, 0.6707576582051019, 0.9590420215437042, 0.9606953685110332, 0.7993473659644912, 0.8012879132284839, 0.6862991892268715, 0.6747978345169388, 0.6653844735900502, 0.9809824438877983, 0.9730819859124858, 0.8334366045780711, 0.815745139675612, 0.6917426871647779, 0.9495987742221733, 0.94083115785998, 0.9090616691681775, 0.9197992152018889, 0.9325963967363712, 0.94083115785998, 0.7252778029643338]}, "simon": {"FilterTVD": [0.14324298137485494, 0.12184686398154099, 0.6010885408161342, 0.14324298137485497, 0.5987111944390994, 0.10860067252093075, 0.5760366840882271], "FilterJHN": [0.08696258807169405, 0.07430007988279388, 0.5473699159366575, 0.08326960161524691, 0.5633269115959946, 0.0489679124720109, 0.523765040529028], "FilterHL": [0.11704189421769287, 0.10694266111234547, 0.6623317768232102, 0.11402389436413674, 0.6833686837954086, 0.08932689409197399, 0.6342883860558384]}}}