,Avg Noise HL,Avg Filter HL,Improv HL
ghz,0.24675869239598622,0.0011480059912292449,99.53
simon,0.08053077878700664,0.021808457093271682,72.92
qft,0.6586668200765657,0.0832305140054017,87.36
addition,0.5699113425053671,0.10542285771209978,81.5
similarity,0.6697085356320965,0.17040403192078146,74.56
phase,0.2691143838644939,0.21807174522656445,18.97
