,Avg Noise HL,Avg Filter HL,Improv HL
addition,0.5736542900252204,0.5933734522099493,-3.44
ghz,0.2998757795641279,0.3738491380603538,-24.67
phase,0.3130916124143364,0.3796752628549624,-21.27
qft,0.6648946550753123,0.7689901348726556,-15.66
similarity,0.67291366007019,0.7108294696327893,-5.63
simon,0.15282800983310751,0.24929531886499257,-63.12
