,Avg Noise HL,Avg Filter HL,Improv HL
addition,0.5736542900252204,0.13869752706005758,75.82
ghz,0.2998757795641279,0.0022820377963271477,99.24
phase,0.3130916124143364,0.2453313740126319,21.64
qft,0.6648946550753123,0.14283935321118374,78.52
similarity,0.67291366007019,0.21920278180528488,67.42
simon,0.15282800983310751,0.0551500374562232,63.91
