{"FilterHL": [0.0030957009894153668, 0.02738080149628358, 0.024671787575536876, 0.0019926638714234416, 0.012171091817335618, 0.0038779829359643935, 0.018825205016998622], "NoiseHL": [0.18240286946592252, 0.1787463838419358, 0.18104955715161633, 0.17311061571239592, 0.19449058239996797, 0.20575143288967693, 0.22032734320805847]}