{"FilterHL": [0.010151230738236195, 0.02260012554347972, 0.0035021013875523657, 0.015007546462604809, 0.006264051880311226, 0.020117334169347235, 0.017276820245175146], "NoiseHL": [0.11097481055055551, 0.16951258708012268, 0.1572679494632636, 0.20219042586478186, 0.12754567859507157, 0.16804286224544715, 0.17247110361783685]}