{"FilterHL": [0.01634200145652045, 0.055536439656362076, 0.0312604904580737, 0.027503312508227868, 0.022016289202238363, 0.053406793659387566, 0.08123301378149335], "NoiseHL": [0.10799875401284767, 0.12996905630104094, 0.0917522280010404, 0.06330742008231557, 0.11865679322168411, 0.12691291043155242, 0.0963311407410121]}