{"FilterHL": [0.023809432724334993, 0.04174301605279335, 0.01844679090099903, 0.03859222401786294, 0.1435919171456564, 0.14780267786813794, 0.14160006891606464], "NoiseHL": [0.07241359636295366, 0.08111798382503435, 0.08106283013506242, 0.06980792025915236, 0.10701454013471935, 0.12135271517494743, 0.10830468460278596]}