{"FilterHL": [0.008385330919497894, 0.021688033689026318, 0.009090734241808054, 0.01670736761615281, 0.014662774969298648, 0.06132044336079952, 0.012612153982049169], "NoiseHL": [0.11911567277666252, 0.12745943666528364, 0.14398871329362367, 0.1440171615420471, 0.1703223359103918, 0.17098931958477234, 0.16901261956178623]}