{"FilterHL": [0.014019888513081533, 0.007288757732890129, 0.0017068277858737861, 0.010828116935705095, 0.021563337283844918, 0.0043418340509029495, 0.010090463402374149], "NoiseHL": [0.09821600945302618, 0.18124221619133143, 0.11494618172334502, 0.17928405990388227, 0.19468382121869943, 0.16728966549291643, 0.18325998426561654]}