{"FilterHL": [0.006070268980244085, 0.028744897255238343, 0.01484715084645921, 0.014167088163384295, 0.009128906100890913, 0.030683223658064192, 0.01337894445399904], "NoiseHL": [0.09906558924441314, 0.16912399794557584, 0.11772368741054998, 0.17658959838634802, 0.11739466616046575, 0.15174297820139915, 0.1475082812727401]}