{"FilterHL": [0.08529867382037938, 0.06178421664286333, 0.05598974723478747, 0.031854892790151364, 0.06990454158101718, 0.055622420568001395, 0.060137265909163594], "NoiseHL": [0.24564379755552462, 0.24435872373863454, 0.2170231323112193, 0.1940619609036003, 0.22839675899114972, 0.19888513702768143, 0.21346620696232899]}