{"FilterHL": [0.00288187452825002, 0.012570768385143833, 0.010186063084586548, 0.00443412348430284, 0.003999022996851027, 0.007292411805399551, 0.018417469744381337], "NoiseHL": [0.26424199914942625, 0.29457839037688277, 0.2711902258413162, 0.3035882071381277, 0.27013923026446457, 0.2873458496534702, 0.2844564279053124]}