{"FilterHL": [0.0036413894442308098, 0.012345915302869616, 0.009559034978674169, 0.00464029704468409, 0.00480562524641632, 0.007512884858982863, 0.017356838297786274], "NoiseHL": [0.07374680553363228, 0.18922964868920164, 0.10400193605388543, 0.14412089485182875, 0.12577280731403923, 0.21717797220489055, 0.15729567603238712]}