{"FilterHL": [0.03797918179137584, 0.050280654020049546, 0.027229177126557154, 0.051981232319029014, 0.1037473386009036, 0.08966396917357734, 0.09636791329246419], "NoiseHL": [0.06384108158372885, 0.06322194250485104, 0.08029044196899075, 0.08761102620585022, 0.04456045331479306, 0.0868534008166099, 0.046288268312559465]}