{"FilterHL": [0.05564401417444549, 0.0759234942813431, 0.08530747744526873, 0.0627537064676472, 0.11132866888897819, 0.21180498507893675, 0.14295503483365538], "NoiseHL": [0.2149395479651838, 0.22535094005344122, 0.35238491968028873, 0.33103756270363255, 0.473981623565015, 0.49549628512832167, 0.48917400269897926]}