{"FilterHL": [0.024083677763680825, 0.01956035188143333, 0.015376604383539319, 0.02922035565986087, 0.01928977085664044, 0.04269521052861682, 0.026439236867223475], "NoiseHL": [0.03470201242199723, 0.0541036533215721, 0.08484465402513187, 0.0995136438665096, 0.04982977058060794, 0.07795227860578026, 0.11541740924127775]}