{"FilterHL": [0.017516408974994253, 0.015409344118164, 0.0009668631889225738, 0.006693528055297657, 0.009759666807899588, 0.020861762207087478, 0.005062883283894556], "NoiseHL": [0.18064847449116375, 0.16996760870119246, 0.20672134977496504, 0.2008831608397499, 0.21879932536757574, 0.232993567108249, 0.2458135017593263]}