{"FilterHL": [0.08108612154278676, 0.08193341300198925, 0.4132260218145652, 0.38402471820789447, 0.05978543204865383, 0.17536707249379316, 0.46789028909105046], "NoiseHL": [0.17535401952679033, 0.1512889861632402, 0.4924691103462039, 0.4632116722569187, 0.1613663236315249, 0.1847594330525818, 0.48040338325099197]}