{"FilterHL": [1.6858759501541081e-06, 0.0, 1.1485109492052719e-05, 8.935188338004446e-06, 0.08183547204673364, 0.00864788848708836, 0.0], "NoiseHL": [0.35826616493699964, 0.42953547942080045, 0.4790075674025181, 0.4783459339710993, 0.25, 0.3399474501591288, 0.3621602913026009]}