{"FilterHL": [0.1635606469365093, 0.1638203557373598, 0.1132180779094485, 0.11339130972057183, 0.1564934883344479, 0.14222208248798776, 0.13014079334986245], "NoiseHL": [0.2720175217081823, 0.30207009666735635, 0.23421231923135255, 0.2843595544444517, 0.25438858228558614, 0.3054956705272372, 0.25305234452970016]}