{"FilterHL": [0.000995715255112678, 0.05106317876017069, 0.013488377910998182, 0.04127853406164373, 0.0044791411719053926, 0.05024764122194063, 0.025201540569881463], "NoiseHL": [0.14234490114780385, 0.18554807665013537, 0.14087114507788312, 0.18108879234798692, 0.19328765811408447, 0.1873800844647452, 0.20088731026701998]}