{"FilterHL": [0.025045768964499365, 0.01993490649849304, 0.014568281018474094, 0.016652274005815024, 0.04399707024449726, 0.0695712646545315, 0.02086728000060976], "NoiseHL": [0.3347780560224793, 0.3901487857443402, 0.32676696020667023, 0.3842183302845401, 0.40941547741733375, 0.4569927398022872, 0.3902023609700716]}