{"FilterHL": [0.010672798982432329, 0.012605586648556419, 0.012645559969660304, 0.006535165994587222, 0.02298595847303846, 0.027815650970989366, 0.011238302952584493], "NoiseHL": [0.07183402982886584, 0.11370426177799019, 0.08775968845530596, 0.11538844062224167, 0.0872991024020721, 0.06866326621249952, 0.09012808418032642]}