{"FilterHL": [0.24299645878718767, 0.35792412418416925, 0.5019673590005466, 0.44198011248312036, 0.8261016762592327, 0.5401224234213191, 0.5192413660587236], "NoiseHL": [0.7499741553404556, 0.7448194653577341, 0.8470148869736245, 0.7568945685373055, 0.7749723341614985, 0.8470295222694677, 0.8537433997290401]}