{"FilterHL": [0.028400873463366522, 0.0237856630428329, 0.02537258745860994, 0.026066380553542497, 0.3616104549525699, 0.3955734479596181, 0.41476806979654335], "NoiseHL": [0.28040171636519484, 0.2829188340841767, 0.34704365787299546, 0.3654608825567539, 0.6661315062102668, 0.6821381945969489, 0.687572936251961]}