{"FilterHL": [0.01682365921992914, 0.024647077034930905, 0.013570830141460773, 0.037284513778218994, 0.0925531127927155, 0.23558897234467324, 0.18115455774636063], "NoiseHL": [0.20020417992913492, 0.2111306250622734, 0.2841266522421233, 0.30431402523218476, 0.19190847134811084, 0.18242359382099865, 0.2775527919258497]}