{"FilterHL": [0.006214089414509473, 0.013201073407987395, 0.009645341607037061, 0.005151354094234571, 0.0070437345611173065, 0.0044815315208144935, 0.016351052363205082], "NoiseHL": [0.21370126659777194, 0.25626327639672014, 0.2036125687485996, 0.24154215008401098, 0.2473616245619561, 0.2903370886237744, 0.25000257139890236]}