{"FilterHL": [0.08332502916344074, 0.024985357821251112, 0.07283095630161446, 0.05850606873956628, 0.036259343892597114, 0.06127796840289142, 0.02694810973613366], "NoiseHL": [0.20663048041826834, 0.2164488245052683, 0.1844935127776346, 0.17910656089671687, 0.12043994039981722, 0.14184731957552374, 0.046048378036335595]}