{"FilterHL": [0.009603473634285785, 0.033915756699007295, 0.01761728560805635, 0.022697181284498588, 0.02656030887787521, 0.07632467037864496, 0.030015067988357583], "NoiseHL": [0.20085773191895986, 0.25688241308368936, 0.1692087727230526, 0.26922262379456974, 0.1690661911332536, 0.2753502796026016, 0.14242186097862558]}