{"FilterHL": [0.014606970356963338, 0.017694664607050117, 0.02953728353435449, 0.03928526424591722, 0.03168558821313242, 0.01781802307850175, 0.02168606341971427], "NoiseHL": [0.1374520481430515, 0.21623023621212406, 0.14372893745447046, 0.21856019240947977, 0.13594531923444336, 0.21101889444395255, 0.1854687760267579]}