{"FilterHL": [0.03704171346936279, 0.04627424613956724, 0.048450155956646805, 0.05880246230368948, 0.05779616050633601, 0.07015193908314478, 0.06341180225936274], "NoiseHL": [0.027505382044653064, 0.03950183952868812, 0.03914961921740479, 0.05029564815105433, 0.05526175620263387, 0.05583208960369949, 0.06617524092275763]}