{"FilterHL": [0.014721318334753972, 0.03401661004395623, 0.015753661938223168, 0.016030797605790605, 0.040243062314045695, 0.03267786978448198, 0.040580131533671314], "NoiseHL": [0.13011328091706514, 0.13277631392541006, 0.10296110651709778, 0.11562347282127154, 0.12689536407074123, 0.14467634598068768, 0.09272602346262]}