{"FilterHL": [0.026311883134941563, 0.02022387900004802, 0.031618850762968435, 0.016897021376271713, 0.019722935198768523, 0.012227064550812364, 0.012579805348186035], "NoiseHL": [0.19175678200213186, 0.18439441719072422, 0.16413178632539502, 0.16153893057494578, 0.1602539932482924, 0.2061845381425816, 0.1659811536957898]}