{"FilterHL": [0.015467164758401541, 0.02319894404411906, 0.02291264816892624, 0.058456495815418896, 0.05151940158564989, 0.023990523858172467, 0.031890760616181166], "NoiseHL": [0.12799731888434276, 0.13042829355408425, 0.17742599567222433, 0.1987584465629736, 0.19039993391267604, 0.17474790285705896, 0.16274103613235075]}