{"FilterHL": [0.03551543777192695, 0.03857709845642244, 0.015481097579179655, 0.01960960005743778, 0.037440799439389716, 0.014875955317536315, 0.0450838156556328], "NoiseHL": [0.2880532484471748, 0.3502837749556501, 0.290868618984763, 0.30118751759246554, 0.32651719237235166, 0.3496435036761404, 0.3171340818909963]}