{"FilterHL": [0.0, 0.0, 0.008907307256520156, 0.001870105184518787, 0.0, 0.03200415032622737, 0.036565123363732785], "NoiseHL": [0.3690972973785796, 0.4211259772110817, 0.39986686521773546, 0.4371656504157788, 0.3938189753398941, 0.4054705303524803, 0.4047483875249276]}