{"FilterHL": [0.02199896732348037, 0.035221304813598704, 0.03730169708507079, 0.010149271214806547, 0.025297752369416587, 0.01275928963344791, 0.045697537631504304], "NoiseHL": [0.3737859135951001, 0.36758612485096, 0.39425389937534877, 0.3820065373460642, 0.38050722149229105, 0.36532572779678824, 0.3787046242465842]}