{"FilterHL": [0.029345909541088837, 0.04339494980203387, 0.027907827518722787, 0.020998039804557965, 0.016417831277388783, 0.03276390413162449, 0.02709466484958372], "NoiseHL": [0.14004507075274236, 0.16106688272042372, 0.1763315269285123, 0.17494407980644663, 0.14202886799278394, 0.11795254975728539, 0.18142221272181477]}