{"FilterHL": [0.02451623243859738, 0.033664597239286005, 0.03744400544066284, 0.04044907007367024, 0.036134306412627354, 0.027315086139229002, 0.0567946433766786], "NoiseHL": [0.11993038287812506, 0.1491627643943801, 0.10783587214688022, 0.10450099117773722, 0.17076829858828943, 0.17555789751385859, 0.16569839893226992]}