{"FilterHL": [0.03502888414684131, 0.05946508227588416, 0.024211804570051097, 0.049529444549230736, 0.043604905393971854, 0.05330132393607287, 0.035855647595450714], "NoiseHL": [0.04627374343993265, 0.06547649774596112, 0.026078772068947573, 0.04596250421667471, 0.03796229168226839, 0.05041494289612697, 0.040247140836649424]}