{"FilterHL": [0.005272237338797462, 0.013151824546259435, 0.008129293238431317, 0.0038398623699638893, 0.005619702029946616, 0.00442758852750878, 0.0161062040707413], "NoiseHL": [0.09446192645919159, 0.18111520026811626, 0.16199719364225365, 0.20092388061841732, 0.10879459185790658, 0.17304162416172864, 0.16951258708012268]}