{"FilterHL": [0.009308910744650538, 0.014642904546210667, 0.010671681001056805, 0.008942826734898476, 0.19998655159246467, 0.17911574143845968, 0.15983090452988957], "NoiseHL": [0.32026082388364663, 0.37029952634696167, 0.3817451010411623, 0.4449918134270856, 0.3583396853821495, 0.40314917686126067, 0.41692652527614427]}