{"FilterHL": [0.023997423644097123, 0.055270347392648404, 0.03224865156862351, 0.04110244829735989, 0.09390891033539836, 0.1169475749906849, 0.1335459561102483], "NoiseHL": [0.18977699648357038, 0.14380680393862924, 0.15430735512338414, 0.10334013880803854, 0.1835712001657746, 0.19333645531512308, 0.19029197290533387]}