{"FilterHL": [0.0031559574776796944, 0.015662016423165826, 0.011425889075409604, 0.004325372794444108, 0.004199938408698778, 0.009552368909276084, 0.01966600849427424], "NoiseHL": [0.04953823568721787, 0.06286190024568014, 0.11309864788153758, 0.12747827946318202, 0.11740343123445672, 0.12362926249362698, 0.13876431344385154]}