{"FilterHL": [0.03235971015831, 0.04824418348154217, 0.023994096396133934, 0.03113076675054794, 0.011556894320465343, 0.07739672221969136, 0.048595060512814967], "NoiseHL": [0.12177251668282622, 0.1399252269652904, 0.18546151983788892, 0.1846131994820243, 0.14167007237312615, 0.13047236148309185, 0.19260907895601248]}