{"FilterHL": [0.07499862488538532, 0.0854964904026638, 0.04656254613021882, 0.11800753393847453, 0.0493834893825965, 0.09542914403807096, 0.09166618576420246], "NoiseHL": [0.1012444403675099, 0.11089833154351704, 0.0887570276153364, 0.12598974182467773, 0.058984363912018695, 0.08976777844134111, 0.09984187912108308]}