{"FilterHL": [0.03470265016591105, 0.028723818318838464, 0.01883797454106823, 0.024126792657960885, 0.15054325231575386, 0.27930861231443077, 0.0667622486936641], "NoiseHL": [0.2033277220281121, 0.3180587970530405, 0.09340614414474704, 0.2701531038567198, 0.18573351593352538, 0.3249988372783379, 0.07825782941899034]}