{"FilterHL": [0.009049526668914626, 0.032374350208520905, 0.046279756200175416, 0.018515734745682393, 0.07299451721350597, 0.07223757248560284, 0.06957230170897057], "NoiseHL": [0.1030493265710044, 0.09974895965475702, 0.09866679206940764, 0.12238305738412514, 0.0286764196650075, 0.05342824340219571, 0.033176453775199434]}