{"FilterHL": [3.388687818800651e-05, 5.093630101871139e-05, 0.0, 0.0, 0.06111003752079797, 0.05773167708599641, 0.05836482403979567], "NoiseHL": [0.12549508256710148, 0.14567520307051546, 0.13866442710839363, 0.15400905983632326, 0.1423639992834526, 0.12939010147562008, 0.13129564737162863]}