{"FilterHL": [0.03231105815841414, 0.06746620953532499, 0.047009076877094, 0.044099711091452734, 0.05101669517679935, 0.05298376332883818, 0.04750228924763294], "NoiseHL": [0.036044960185959006, 0.053112378779265265, 0.040459084500667965, 0.04907428244730743, 0.03883113077975071, 0.03950463316054568, 0.04775453714279535]}