{"FilterHL": [0.01542580432634007, 0.09300488418183081, 0.012200580317069186, 0.0469899833575082, 0.01760950297637448, 0.064197463267475, 0.06864056618315979], "NoiseHL": [0.30881344504814073, 0.31423334244410617, 0.30390674416151725, 0.333761044968017, 0.3388001631714346, 0.31401178129444374, 0.33450368739278946]}