{"FilterHL": [0.03357064392513041, 0.07246047185263153, 0.0353935002989742, 0.05669797607242573, 0.0744953426277037, 0.07105307520751052, 0.04581323083714797], "NoiseHL": [0.11523368741238181, 0.09684875903136422, 0.02301067226296982, 0.03258981698971196, 0.05625279592499346, 0.07321228837094117, 0.03217961221815525]}