{"FilterHL": [0.0, 0.0, 0.0, 0.0014990665382945776, 0.0, 0.005753545568007984, 0.0027645053472906567], "NoiseHL": [0.15880924869119287, 0.20467814417459612, 0.18100629468644155, 0.22721260617900388, 0.2071544063142342, 0.2531082856368079, 0.23612166756010977]}