{"FilterHL": [0.021010657193829538, 0.04463537216473933, 0.020679062010433236, 0.06466491998867763, 0.024551912197207454, 0.036531954225667844, 0.041916537003536855], "NoiseHL": [0.1973040111285891, 0.21425676034498908, 0.20275058586101535, 0.2116491988210901, 0.2846431347427783, 0.28360282136194515, 0.2918099736901261]}