{"FilterHL": [0.014585509066534455, 0.011437913593610436, 0.019260872394227923, 0.026033148677584272, 0.01128018440768319, 0.02042868134940232, 0.01019884120730577], "NoiseHL": [0.16935929077438416, 0.18189992759392715, 0.1909766017091526, 0.20958826616034387, 0.20676140001706522, 0.2149920053072243, 0.201852233708056]}