{"FilterHL": [0.014147547848544263, 0.03859693629251471, 0.02111541674477759, 0.0307085058436605, 0.03120841183473535, 0.031146708696977245, 0.033220718596990544], "NoiseHL": [0.19986770043517024, 0.13628459776219706, 0.13686260600822978, 0.2023217596000033, 0.24046723925302935, 0.21330504552833426, 0.20116284970638862]}