{"FilterHL": [0.005482683077402426, 0.017340525069846503, 0.012422210118734305, 0.0060293610787832365, 0.006955018485656702, 0.023168550895835777, 0.020302326612002618], "NoiseHL": [0.42629370565779967, 0.4439075281375294, 0.26722425877874295, 0.31688156840348514, 0.41443420461083214, 0.4512323748512991, 0.2981886684635219]}