{"FilterHL": [0.03211390363384476, 0.032197273057768, 0.026857692076415387, 0.06278789369906262, 0.02837453052831513, 0.0751764227526219, 0.040993155073870045], "NoiseHL": [0.15746043057171236, 0.21037908898732308, 0.10766892989387557, 0.17612649872897276, 0.15033794897202524, 0.18749589189978494, 0.1561238890770865]}