{"FilterHL": [0.005921035945048161, 0.028479139167629935, 0.02067890099442342, 0.008570289955772964, 0.01428798162814948, 0.0005883357209993609, 0.00905671336709876], "NoiseHL": [0.11823968495673437, 0.14486454975569865, 0.11532104030004159, 0.13932655674401465, 0.14888468333017785, 0.17614948362081753, 0.14065264738242084]}