{"FilterHL": [0.050535776814431006, 0.026819023312863156, 0.035189411937744594, 0.0416769302793482, 0.09765562271409342, 0.09503990312350961, 0.12353606496889137], "NoiseHL": [0.13842654073618488, 0.10903539302915598, 0.10158380305443991, 0.1402596518487595, 0.1348234269586283, 0.14642571843072943, 0.14789641711338125]}