{"FilterHL": [0.0029624341255408953, 0.0162036881537539, 0.007223093045196282, 0.017794896600702274, 0.00483445419351586, 0.023785153155920613, 0.01505656868224673], "NoiseHL": [0.06702921145603911, 0.13908254835793935, 0.09356840446048975, 0.1490979164640613, 0.07190168525050149, 0.142939379769313, 0.1008011294380868]}