{"FilterHL": [0.027302308285723918, 0.04255879999163838, 0.037316147228009175, 0.049482931889472434, 0.026970120327481188, 0.03725978493924054, 0.054635016467244224], "NoiseHL": [0.04691496574744366, 0.032787436592765326, 0.03881797357174715, 0.044754341767790064, 0.04990120436623192, 0.05884293613756047, 0.0604887347478693]}