{"FilterHL": [0.0857665262666813, 0.08209898944791898, 0.07724910120240958, 0.10018098645431918, 0.06453672818005264, 0.04252091194162979, 0.05753251920983049], "NoiseHL": [0.29606275728915155, 0.29469448915222385, 0.313865628777658, 0.2989477628131846, 0.29942150985351745, 0.30918408982417356, 0.3306671926985879]}