{"FilterHL": [0.04404434018566737, 0.042969919120373734, 0.024606996617276736, 0.034759228345684075, 0.03160785419721584, 0.14690370074288614, 0.04597442863590066], "NoiseHL": [0.243619597101172, 0.18419088392027538, 0.15479946909800135, 0.13128634390612265, 0.2276425732030174, 0.21815649093289702, 0.1428449959587451]}