{"FilterHL": [0.0004931003983608034, 0.0, 0.0, 0.0007936490805904268, 0.022365318384804992, 0.044731600354943044, 0.02678548050695515], "NoiseHL": [0.24685785366827007, 0.2909232592243174, 0.2561839685989771, 0.30618621784789724, 0.23281780805880042, 0.2750712707239251, 0.24047170270298454]}