{"FilterHL": [0.026720837487702025, 0.02659659798278855, 0.03757126141343419, 0.028883871311359974, 0.018478143197147762, 0.03995193510801886, 0.04246872526822854], "NoiseHL": [0.12821808580592764, 0.13159783646958279, 0.12194958933243458, 0.12198296679017406, 0.14749606615080785, 0.1477589069970897, 0.15398213238189276]}