{"FilterHL": [0.004687191287657342, 0.014193790390418199, 0.011456718661348508, 0.004976579646633007, 0.00578935881196497, 0.00933205633643337, 0.021312506852947468], "NoiseHL": [0.11082706094995098, 0.20344892498989647, 0.13504455770280135, 0.20220153630562884, 0.1152036341510589, 0.18786630889713618, 0.14051076212861963]}