{"FilterHL": [0.07963740559333836, 0.09324228976406548, 0.16833924031252534, 0.043217761125769166, 0.1629095303811377, 0.07302527959292335, 0.14081041175112247], "NoiseHL": [0.30341508318137483, 0.20692745546743121, 0.2947405508790406, 0.21416728719391928, 0.2900045513556274, 0.224341448970167, 0.28581331127916393]}