{"FilterHL": [0.008652130515340101, 0.00597055069614847, 0.0052768677700645045, 0.010882352585884368, 0.004661807119474356, 0.0056119566028825256, 0.007796658685808182], "NoiseHL": [0.05855073963509288, 0.15722484400093925, 0.0885643865443441, 0.16814303539773853, 0.12158761552040304, 0.13522104982102645, 0.13880135621582784]}