{"FilterHL": [0.00027308001551183236, 0.03413505604872256, 0.0, 0.020364285214327694, 0.0, 0.014818146491019805, 0.005941324258117153], "NoiseHL": [0.1781969793463003, 0.22635753421115368, 0.21561738357673682, 0.2623544156892221, 0.2120278888000165, 0.20653017935332751, 0.2561839685989771]}