{"FilterHL": [0.013749300589711149, 0.03946251887963529, 0.043907735024735245, 0.04905542355043063, 0.022604057242469378, 0.018200068505923216, 0.014788695886958102], "NoiseHL": [0.05739617437672399, 0.05711135311937438, 0.08667514690595486, 0.07389322847172726, 0.07103181472100406, 0.08743176222426666, 0.12545245352495474]}