{"FilterHL": [0.2559404296964304, 0.20739263736968053, 0.355926423814931, 0.1762074283171727, 0.3702813010426556, 0.3752989007473956, 0.6293758632725827], "NoiseHL": [0.5947284944482273, 0.7203557211904785, 0.5901317430256264, 0.7189483458118638, 0.6076266755864599, 0.6961406444087231, 0.6260006013347876]}