{"FilterHL": [2.389766693330028e-05, 0.0003575799821774462, 0.0, 0.0, 0.0030151232129113003, 0.009032097661434653, 0.004947626538189228], "NoiseHL": [0.10392551679435674, 0.12938974008971083, 0.12350322450529108, 0.1214797384251674, 0.1368579400081564, 0.15400905983632326, 0.1422112410749228]}