{"FilterHL": [0.00908415266364786, 0.05476167802150978, 0.02487730381507896, 0.01782050021278019, 0.011185918082999614, 0.009612895898708885, 0.023828733237722582], "NoiseHL": [0.10026832028539528, 0.08989439525610128, 0.09436371969562009, 0.11347601169689325, 0.10584250711873051, 0.12862469405466065, 0.11985911091525052]}