{"FilterHL": [0.10873622509832244, 0.20292114526872715, 0.19428195888796493, 0.20944675873334673, 0.19640235413599103, 0.4839050086754259, 0.748094218933828], "NoiseHL": [0.5882877465821792, 0.6216514618519701, 0.59582183350668, 0.6331872795139533, 0.6046550844706149, 0.6208134827089442, 0.636495768929841]}