{"FilterHL": [0.00021732147317727685, 0.04108853684039133, 0.0, 0.020040548220929582, 0.0, 0.021634949265789925, 0.004452354405530025], "NoiseHL": [0.2120278888000165, 0.26720100604238245, 0.2458027183570052, 0.2985475199849752, 0.2393868301256415, 0.2537119802298118, 0.2909232592243174]}