{"FilterHL": [0.011672648827236865, 0.027676943701166565, 0.022560510343641583, 0.0438476598789889, 0.12210442562891959, 0.07148811822314166, 0.08564253424713661], "NoiseHL": [0.17335615071091323, 0.1740442986258515, 0.20133483210659978, 0.20071988401968127, 0.16044432637050035, 0.1681757166715397, 0.19352985398445666]}