{"FilterHL": [0.011351553727940143, 0.018032329096147055, 0.005121169097904594, 0.01191483520346089, 0.007007900337376787, 0.014651181722590402, 0.00875605868290801], "NoiseHL": [0.1739136941395148, 0.19054333790773173, 0.19964468095448362, 0.20718707006539758, 0.18242817677803883, 0.1892113329376561, 0.20602085550967197]}