{"FilterHL": [0.08634989450523187, 0.21081445554916337, 0.21183982301456916, 0.07353996096859687, 0.40700790747613874, 0.6950992211901835, 0.24666950088820952], "NoiseHL": [0.33045813026415494, 0.44380120727069383, 0.546921423157128, 0.4942175028015157, 0.5648593486947414, 0.6672477585134876, 0.5748209869120801]}