{"FilterHL": [0.0376950816799039, 0.04129880764057078, 0.017704405435275926, 0.02090493736894278, 0.03608050784058542, 0.03576490328793647, 0.016696092168987518], "NoiseHL": [0.13660067700094375, 0.1625045147095126, 0.2027398771114453, 0.20635920398100205, 0.1948321476149326, 0.22922016052828106, 0.2225466605779179]}