{"FilterHL": [0.015946413149516985, 0.022739858098513185, 0.010376725335235142, 0.008999182398423318, 0.009017984899984474, 0.0014616576516907234, 0.0005008844010424668], "NoiseHL": [0.25458715748720445, 0.224588776640883, 0.24870933002451776, 0.25423699531436955, 0.2226083669065905, 0.17163030488252182, 0.22465062035513547]}