{"FilterHL": [3.032530777614262e-05, 5.333884853249717e-05, 1.6648201145375608e-05, 0.0, 0.000209016040213813, 0.002256179884871369, 0.0], "NoiseHL": [0.07979932033519868, 0.13317431117202394, 0.11733130495004837, 0.10857362109362227, 0.10627440321039956, 0.1490620996510314, 0.12938974008971083]}