{"FilterHL": [0.029265980705718463, 0.0473307532584617, 0.031163862385928102, 0.03644847351146182, 0.02758408298955932, 0.03215045598567803, 0.041315393929712944], "NoiseHL": [0.02243718377580345, 0.024052946102425345, 0.02317917536745519, 0.018437852225263264, 0.01765079867350001, 0.03756356605722245, 0.02324553751351291]}