{"FilterHL": [0.017658774567017806, 0.03325364887719479, 0.027802370852555793, 0.0045702901835080285, 0.036464560500845115, 0.037162557009381245, 0.026209832196157756], "NoiseHL": [0.13920196257098524, 0.19098264469205808, 0.16500105161562065, 0.2216221024431843, 0.30872761264759085, 0.343301242023316, 0.3303924377278222]}