{"FilterHL": [0.0030635654035881974, 0.015092566971280204, 0.011985444335052303, 0.004561150483706475, 0.005038622448522553, 0.008409559876707346, 0.023229167709729135], "NoiseHL": [0.16040216345159364, 0.2653311845981397, 0.1603839847552331, 0.2561840333830813, 0.14906219522434802, 0.26044873601744767, 0.16199195148913675]}