{"FilterHL": [0.020822368664078578, 0.016458000782211008, 0.020561869694445855, 0.029224508772065103, 0.014798402250778558, 0.014722004521761697, 0.019557004768724708], "NoiseHL": [0.2711013597860326, 0.18012852863651987, 0.24708783940586473, 0.17921648338582008, 0.24859342661346076, 0.1705631262509615, 0.27662156672395666]}