{"FilterHL": [0.02143560208548956, 0.015103399497588838, 0.010357742169833133, 0.027972731042820824, 0.007087102058183247, 0.016616086631854928, 0.012980978267664296], "NoiseHL": [0.22706810593440924, 0.3437915593991465, 0.23578138274954355, 0.3382020870384663, 0.31441736473242227, 0.33176452790547495, 0.32196784172274934]}