{"FilterHL": [0.012631145468822689, 0.010606143158232256, 0.004986921232700425, 0.007582815159491264, 0.0017396948900642241, 0.005396872880169868, 0.012936827841535554], "NoiseHL": [0.11694855247979388, 0.1320981214002103, 0.11689118695866664, 0.16274364563446594, 0.10976957400106048, 0.10167498163906445, 0.11589316172123898]}