{"FilterHL": [0.07019250048432923, 0.06574528951868192, 0.04330889485700116, 0.0633740889040366, 0.06556127897549269, 0.14463603750668555, 0.10707967675162255], "NoiseHL": [0.20533409981171996, 0.2095064367308943, 0.13615942052675686, 0.15529288059681334, 0.19949403213884334, 0.22415577279930238, 0.134809087246965]}