{"FilterHL": [0.000898931473297343, 0.00039243283630478124, 0.014754156035025182, 0.027727703949124022, 0.0007223022803060614, 0.000898931473297343, 0.02024585037004957], "NoiseHL": [0.18785815120172258, 0.2226395172490795, 0.17122762412651973, 0.18589151966304793, 0.18920084887799915, 0.18785815120172258, 0.22838308814486696]}