{"FilterHL": [0.0038943771310818174, 0.014332068901966638, 0.006393601513495569, 0.007295447306975914, 0.006362988480330426, 0.020252067189451366, 0.01848128613170224], "NoiseHL": [0.29296141282144705, 0.2769007779037788, 0.4495520559578097, 0.40846535870888456, 0.2702635166454442, 0.24584476959001114, 0.40114927805787765]}