{"FilterHL": [0.043449271290475266, 0.06554838109848171, 0.04873725268916476, 0.0538985159307295, 0.1783898899296581, 0.20625340343244733, 0.1921876351857704], "NoiseHL": [0.1714604791762426, 0.13589424153295765, 0.13245404224460314, 0.15865474151054718, 0.18186413918092212, 0.21230915436771067, 0.1863180217523875]}