{"FilterHL": [0.16844200593900524, 0.11737513962831003, 0.06481167393349846, 0.04832120872713644, 0.14574304446963954, 0.08731113222297118, 0.16630421721667465], "NoiseHL": [0.35774473782672295, 0.35446802418456447, 0.3079803258638557, 0.31195931636776597, 0.33024956448526765, 0.2898648044845101, 0.36726837613796354]}