{"FilterHL": [0.06696050029318515, 0.07325950028446977, 0.05550203404185095, 0.06559889831558048, 0.05344388322633224, 0.06689469722597888, 0.028667131598818976], "NoiseHL": [0.3904729306535256, 0.3784936614182637, 0.27671976293369155, 0.28788032907743705, 0.37782004198195, 0.3811070377155849, 0.3061985013202017]}