{"FilterHL": [2.7395456838993626e-07, 2.107342739563193e-07, 2.107342739563193e-07, 2.9502800112388256e-07, 0.0015142295651064171, 0.0004471086834698587, 0.0], "NoiseHL": [0.19053478273184227, 0.15237707995139405, 0.16500333021764654, 0.12549508256710148, 0.2009115892650161, 0.19448580951758207, 0.1796067636529137]}