{"FilterHL": [0.052617605253942976, 0.07375069161239055, 0.025360244990721616, 0.04334629279016316, 0.07901987219974438, 0.06815110366601591, 0.08660079905075023], "NoiseHL": [0.10441797007593828, 0.11607386379234927, 0.1150865830226638, 0.12420684944734216, 0.1095825352769338, 0.08485300819492472, 0.10398108584321242]}