{"FilterHL": [0.08255980123184074, 0.07209696791333958, 0.07640490936556867, 0.08178499452267009, 0.07171780195786852, 0.07516755445374121, 0.058563286012982586], "NoiseHL": [0.19285830167138884, 0.19726905604158185, 0.23144213510212194, 0.21458874994840602, 0.2001681763147345, 0.21582411293230283, 0.2507353147415463]}