{"FilterHL": [0.04488314949153126, 0.04839735261320868, 0.039129524423972314, 0.02450468174629211, 0.05610679422493376, 0.048122622480053855, 0.041913009381831116], "NoiseHL": [0.176746677034202, 0.18152835183071175, 0.22425243502445064, 0.22734013634852956, 0.18407534850069257, 0.17310445703751523, 0.23166370044298082]}