{"FilterHL": [0.018658614859040572, 0.024810842260253107, 0.03282426272675104, 0.029829124887045068, 0.03238382125469074, 0.07981491964496211, 0.036136054954029405], "NoiseHL": [0.1708465422685645, 0.1742035016438664, 0.15178388825371897, 0.16458243791245705, 0.18926384090669057, 0.21505122621757802, 0.19426428803173423]}