{"FilterHL": [0.0305204230351951, 0.04150099616000586, 0.01988646392169309, 0.048691385778050385, 0.20110392883316558, 0.19755099895261555, 0.19897890411565514], "NoiseHL": [0.03976608659631183, 0.05862191216964458, 0.032090813322552744, 0.07691289224429386, 0.07918563156666916, 0.03272235924971086, 0.0613500916582717]}