{"FilterHL": [0.17448597891357598, 0.037425868760001486, 0.35374259063645697, 0.432103349828929, 0.18184239417209386, 0.19010885684137208, 0.3495919423538415], "NoiseHL": [0.47745698710555423, 0.4425036503358365, 0.5505001070863226, 0.5320392779847504, 0.48975844409408864, 0.48062467780120216, 0.5642242695031569]}