{"FilterHL": [0.0054831426506840655, 0.012868807215602827, 0.020106872884077826, 0.020156335953423473, 0.011320579625037842, 0.003055319160416227, 0.016408745678507464], "NoiseHL": [0.0734837714694492, 0.13691766148657722, 0.09931441376226138, 0.14611384194739716, 0.09938356769732373, 0.14962749279855272, 0.11520272844876069]}