{"FilterHL": [0.00589191881459045, 0.007169475885429538, 0.009922398415342404, 0.024945071870291956, 0.01222689683745593, 0.011327781356025945, 0.013583733147806799], "NoiseHL": [0.22835833363879576, 0.23314025345118355, 0.21798949689412214, 0.2278243291609956, 0.24017556456224082, 0.2579419978233888, 0.2614536425049008]}