{"FilterHL": [0.09725846134555731, 0.15042570229815058, 0.16237425597656394, 0.22098810708583708, 0.12746508335382906, 0.1269761219623804, 0.1929595564424515], "NoiseHL": [0.42460070987732573, 0.43477465189340747, 0.4563047739641154, 0.46817177078542566, 0.39780710579978984, 0.427395423241609, 0.41045537983014746]}