{"FilterHL": [0.02621871634269593, 0.04885410481093308, 0.024534174106186482, 0.0319551641840111, 0.020665207197704333, 0.025797534993062407, 0.0438212669094769], "NoiseHL": [0.018958383171280818, 0.060192624618299495, 0.012276872481169938, 0.02271034197565622, 0.019481709084686022, 0.019092675287924344, 0.03633273051285863]}