{"FilterHL": [0.03177003658709312, 0.05523826299685742, 0.023499641886936564, 0.041745728780675104, 0.01873313854221551, 0.021343583840351257, 0.048666035044215086], "NoiseHL": [0.009321190665864326, 0.013444765506646413, 0.013306857359640272, 0.01298101403387222, 0.011099585877670397, 0.008733634251200398, 0.011571126851916512]}