{"FilterHL": [0.06594186027593948, 0.057893746891897836, 0.035989104640150295, 0.029830029268410455, 0.050122342508392606, 0.07942481210665782, 0.04561336531883573], "NoiseHL": [0.09529331363413142, 0.11492683873843683, 0.10513124886371683, 0.10013905262161961, 0.10182818558343135, 0.13569480871712886, 0.10556787846367678]}