{"FilterHL": [0.026724528018687608, 0.05103488482166351, 0.03590435035038523, 0.03718262006264816, 0.021015126975245175, 0.02567288211226049, 0.006952665562213693], "NoiseHL": [0.06950382570815815, 0.06412948177248445, 0.08717924939707275, 0.0722779374943554, 0.12531091433268612, 0.12298171724942679, 0.13403392345152734]}