{"FilterHL": [0.032212484513772434, 0.058749695905599114, 0.03824837745140952, 0.040115070880707225, 0.020878514228432614, 0.038867675823983525, 0.03308803006428205], "NoiseHL": [0.04255177368186533, 0.05080621335391323, 0.029009138761349428, 0.058418919111161566, 0.03500282441580699, 0.052231698558044666, 0.06281920286431637]}