{"FilterHL": [0.02284725684801757, 0.020188906095023888, 0.01061443987614485, 0.021560491029834945, 0.008479153664384042, 0.01133157049894703, 0.02952152434455396], "NoiseHL": [0.08955690077611611, 0.196464107506762, 0.09416967977602494, 0.17518412412804135, 0.08803375570633408, 0.17275438294016807, 0.11176605579135238]}