{"FilterHL": [0.019712252624391406, 0.048069624377186364, 0.03404018390938735, 0.03290394250589051, 0.005549690125523877, 0.07357151982058718, 0.015949454102599334], "NoiseHL": [0.203457087818, 0.17411275703778978, 0.19904840792169037, 0.18390472186889242, 0.2298465018575546, 0.20179236870860084, 0.2241545494173244]}