{"FilterHL": [0.031616827732154094, 0.0229372711407279, 0.021404940415491437, 0.010135291713466242, 0.03723685851752236, 0.03275431974174338, 0.03150973216548704], "NoiseHL": [0.14299097647394315, 0.13722267985349823, 0.14728604290223413, 0.15865066347442358, 0.20525733230141407, 0.23279600102125084, 0.21717658878061563]}