{"FilterHL": [0.01965162954877021, 0.015178714011951006, 0.004886333022368097, 0.018016697626711542, 0.014024439469312266, 0.016115688453215128, 0.021784428930750405], "NoiseHL": [0.08136093499622331, 0.1573007610793787, 0.12350351605872731, 0.1625808198475619, 0.10891696574175491, 0.1542309132373381, 0.13821660660624271]}