{"FilterHL": [0.052508937660095574, 0.04428885021218126, 0.046839080194744004, 0.03388437334647856, 0.047618568210981385, 0.03858175888609463, 0.019084768391459006], "NoiseHL": [0.15076114390464304, 0.2081393102052633, 0.15120884979916618, 0.21404401465798242, 0.1698822298049842, 0.19510921315822974, 0.1854799071534034]}