{"FilterHL": [0.03657361085656252, 0.011166663100328116, 0.022270174344327175, 0.03211259346881698, 0.017573574032887153, 0.05240486592334668, 0.011708010307341034], "NoiseHL": [0.20429580062436437, 0.2128991829638141, 0.2366036910829938, 0.22725674025846787, 0.2899164961336695, 0.31096080601776727, 0.27933079796506793]}