{"FilterHL": [0.022015576606690488, 0.04251676720438453, 0.014961810637611489, 0.029962177443237082, 0.01899048094314156, 0.03169946889486967, 0.024291148694325318], "NoiseHL": [0.04944868472445916, 0.05575346446867564, 0.05495533937909951, 0.05412891185840625, 0.12952519859990388, 0.139349829255102, 0.12350064977403813]}