{"FilterHL": [0.06373070007056582, 0.07882068028363075, 0.05986746057819509, 0.04925951551513303, 0.04560869061389323, 0.06788147616696721, 0.05592833618368077], "NoiseHL": [0.11409860771961969, 0.11723291111020469, 0.23606687160348191, 0.25362379081771863, 0.11739728982879105, 0.09484394667351653, 0.2398831162662433]}