{"FilterHL": [0.02190771749956036, 0.02885739617171797, 0.012012693350269077, 0.019956475102422738, 0.06415637281847143, 0.09280958356057799, 0.06762182780073554], "NoiseHL": [0.13496311193228444, 0.13869593443207298, 0.17080253678263224, 0.18511296962659166, 0.11658807287656944, 0.14006076212537197, 0.08368205637820386]}