{"FilterHL": [0.03201675498606875, 0.025433860043437576, 0.03126732256089388, 0.03134241505754616, 0.017143621299280192, 0.026506079931358298, 0.0441539130930012], "NoiseHL": [0.2887463696834408, 0.2852468406361867, 0.25925077530007284, 0.2546718708049618, 0.23312755467167232, 0.2015084616551725, 0.20435804870212215]}