{"FilterHL": [0.027811280062091423, 0.03506514178415171, 0.01818862195814702, 0.031010641373356653, 0.012623312337424426, 0.012017568311186402, 0.03021934882192033], "NoiseHL": [0.19388080182231676, 0.1808057315965595, 0.2228097851869209, 0.213198017457694, 0.1972748678810474, 0.1589638720993338, 0.22551818085399128]}