{"FilterHL": [0.017920794280577947, 0.06980422642407483, 0.03442309006968988, 0.05803765493880029, 0.008438980347042187, 0.01805961048306738, 0.00509560067804241], "NoiseHL": [0.21085545346623333, 0.3114480217978851, 0.29204880069501993, 0.3699718159262191, 0.25128836629422013, 0.32865395568488937, 0.32750354207470145]}