{"FilterHL": [0.027665805807596488, 0.04805160349595747, 0.020250130809145818, 0.028998338486848407, 0.033649076179889846, 0.04062450575350514, 0.017170422454457785], "NoiseHL": [0.026940304431778264, 0.0628653018732773, 0.02574312654837536, 0.03626444397597176, 0.03694036724644151, 0.04101013205453012, 0.028144518086227373]}