{"FilterHL": [0.0, 0.0031463713431118985, 0.02127812782727439, 0.008810235872835413, 0.011613063819752939, 0.00028054292920910034, 0.03212917562291091], "NoiseHL": [0.31229702626329436, 0.32508767843708475, 0.2831220631555625, 0.30534858046524344, 0.3423770863549488, 0.3183155034171673, 0.29383211727687136]}