{"FilterHL": [0.0113026137227081, 0.036046848905972755, 0.020880307761583044, 0.01156187176811593, 0.024405344401876715, 0.013535833735108799, 0.04778431858272971], "NoiseHL": [0.10768215496794732, 0.10809154325350472, 0.1934831572937834, 0.18141486072600488, 0.1483966621012808, 0.1125607173593486, 0.21213127898320722]}