{"FilterHL": [0.17960231291816303, 0.25406812483978247, 0.2027388719936286, 0.24272172162037842, 0.23638569481611024, 0.3639581238460832, 0.2173666366043665], "NoiseHL": [0.5458437791125312, 0.6946415939377593, 0.5522847729123465, 0.6914903856005374, 0.5795020692011562, 0.697242729131201, 0.5761908090980599]}