{"FilterHL": [0.018869379207135297, 0.020244342396754284, 0.00874771357055615, 0.03766381735966323, 0.006699057153159473, 0.025802742933782475, 0.0015702742547607142], "NoiseHL": [0.17117235027203814, 0.1553932406426079, 0.2548387551876072, 0.1582825272456469, 0.17836922635753355, 0.15153791366534497, 0.24673006352629584]}