{"FilterHL": [0.0036895878504721443, 0.016863981927368252, 0.011936602556665005, 0.00453046834944189, 0.004679894315844473, 0.010556710047725163, 0.018990842465002777], "NoiseHL": [0.09396876435648815, 0.0768036973020929, 0.09655674332316462, 0.10630068886068039, 0.11521451481767375, 0.09654436858801939, 0.1274800561294133]}