{"FilterHL": [2.1073424569465507e-08, 0.0, 8.429370204608392e-08, 2.1073424569465507e-08, 0.0, 0.0003469325987680717, 0.00044097246366062273], "NoiseHL": [0.1015235126358928, 0.16801938030584954, 0.1490620996510314, 0.18239580959790105, 0.15400905983632326, 0.1865064993035597, 0.18785815120172258]}