{"FilterHL": [0.03990475459944156, 0.032911665548578835, 0.02575968473650622, 0.025942637236674657, 0.035937651035174156, 0.03342692685416622, 0.015338933600932518], "NoiseHL": [0.06498756924517692, 0.06994258805753682, 0.0776585498762328, 0.06857830137739432, 0.1277391816658275, 0.14072583696172564, 0.12917388057052506]}