{"FilterHL": [0.0, 0.0, 0.0, 0.00012133011275492567, 0.0, 0.002681303177429339, 0.0], "NoiseHL": [0.2108191091580861, 0.2749773334125651, 0.22834309600589234, 0.2963824050818444, 0.23830281775681836, 0.30618621784789724, 0.2652269334169895]}