{"FilterHL": [0.04565996760950455, 0.08262391704982562, 0.02579078295384061, 0.051582093069043926, 0.030688357296356366, 0.07445896388550174, 0.05419011844123855], "NoiseHL": [0.13931757096446115, 0.21909467486725037, 0.13153683646096226, 0.24166802128072967, 0.138908962697235, 0.14649191131772982, 0.1426338226980083]}