{"FilterHL": [0.03125436384985309, 0.015019004894539155, 0.02209978546350084, 0.011761806967521615, 0.022913230126907005, 0.006406280689571119, 0.019322879846203577], "NoiseHL": [0.15814777063069105, 0.13753126099513302, 0.15725957832672863, 0.10568746082516672, 0.18960838642765804, 0.2009115892650161, 0.17688040571118058]}