{"FilterHL": [3.898594234619082e-06, 0.00014440984914780155, 0.010933259708736931, 0.0057086306776439515, 0.0, 0.019942643282385777, 0.01935371724839199], "NoiseHL": [0.1422112410749228, 0.1996416327232974, 0.15737965647803437, 0.14395593960524006, 0.18785815120172258, 0.20960401046104254, 0.19075118779048708]}