{"FilterHL": [0.12784478619836723, 0.11582698628098798, 0.0800638391745285, 0.04650855130830959, 0.16222694434389778, 0.13096342279824238, 0.12518343985861485], "NoiseHL": [0.1670112792573433, 0.11733724737828542, 0.1145104367316467, 0.04872854351686597, 0.20215568329077688, 0.11471500082857895, 0.11634803499676703]}