{"FilterHL": [0.20294239013443555, 0.20737468011990007, 0.172585969881778, 0.20912674213942828, 0.18895510194781945, 0.21916642705183761, 0.21359624729231552], "NoiseHL": [0.5524193522550076, 0.5666277041248511, 0.5317299587559482, 0.5707308126074029, 0.5459634937070801, 0.5743789599758139, 0.5730732246717072]}