{"FilterHL": [0.007984353875679324, 0.009014790263292395, 0.006540616407491668, 0.011006004499848404, 0.012202436360486589, 0.025669596815221133, 0.004816091322112981], "NoiseHL": [0.186722208386583, 0.25109160164333605, 0.21277755488832584, 0.2611406144810557, 0.16926527955214518, 0.22320884508187117, 0.22527837610911916]}