{"FilterHL": [0.004349523742027273, 0.014266140593876299, 0.00851333009386079, 0.004090221136016748, 0.004853640280807521, 0.007622136752872724, 0.016026268012060824], "NoiseHL": [0.14464562881595297, 0.1608954517610268, 0.15563286802578238, 0.17248293344333548, 0.15262778245530492, 0.1294278372234388, 0.1603794393981626]}