{"FilterHL": [0.0024679668161191443, 0.033750445494526826, 0.0030963017940879517, 0.008432909260160623, 0.00916055788745078, 0.0018513314129814692, 0.03954321692271325], "NoiseHL": [0.2880222655135497, 0.27925480275127834, 0.3025255188967543, 0.3053743863452477, 0.3024017777328031, 0.34239765310345216, 0.3106251155600414]}