{"FilterHL": [0.013162255153688778, 0.0345130830966438, 0.011430927716805199, 0.02040180156177167, 0.01655518729964738, 0.01930035922581996, 0.031837789006601946], "NoiseHL": [0.07072681707005425, 0.09138745379840052, 0.08925825029968434, 0.12080658914966098, 0.09265997473497355, 0.07254054508681072, 0.10814030921740744]}