{"FilterHL": [0.011883198908004758, 0.019130894464392402, 0.017546885694156557, 0.028267339179082657, 0.0157212688121277, 0.011961848539422745, 0.014617236947818388], "NoiseHL": [0.08372620164961435, 0.06324258498509942, 0.10890560159673805, 0.1275955432942013, 0.11150980256439379, 0.13967716670562888, 0.1184840848232091]}