{"FilterHL": [0.010812578640968245, 0.05231769865885945, 0.02366961534837455, 0.028922412327148588, 0.07195489382053923, 0.08981769574137473, 0.08949976554197774], "NoiseHL": [0.309106260486207, 0.3131146069675357, 0.3100863830797791, 0.3079525277847962, 0.3009468158974768, 0.28824020766002656, 0.31187814459159524]}