{"FilterHL": [0.017743977543248548, 0.013265749675669835, 0.017689167649933453, 0.006418253686389378, 0.030115660709600315, 0.029307119827397993, 0.01049849438945906], "NoiseHL": [0.2420201536238015, 0.2674454169025674, 0.23880046501559174, 0.23641908525492997, 0.2627663795163348, 0.29717730398850634, 0.25842562196789254]}