{"FilterHL": [0.10880240445320097, 0.08927079373965122, 0.1344758019018776, 0.1533721544891571, 0.15468937095751611, 0.19315193841303724, 0.21879395304670013], "NoiseHL": [0.1395716527277838, 0.14216126314424926, 0.18663623967028853, 0.19403814415129472, 0.1484108940931111, 0.1364860447307276, 0.212927444516779]}