{"FilterHL": [0.008226304442854902, 0.028543177300263192, 0.08769913323152558, 0.0819344460359203, 0.06899602108886702, 0.09658134541221455, 0.12916550527315954], "NoiseHL": [0.28998855229112125, 0.35935761405773076, 0.295642701142528, 0.36319880830922113, 0.30079141041124385, 0.30607439550902177, 0.3342849432268629]}