{"FilterHL": [0.08430395825654162, 0.08267191165730181, 0.13923675628796067, 0.08746732114802225, 0.3122047171476459, 0.29452795845069935, 0.3001181070044486], "NoiseHL": [0.5419052407032193, 0.5507528369217328, 0.5779219182915094, 0.5547712436712575, 0.4496669173151302, 0.46113856294600397, 0.43457339164556336]}