{"FilterHL": [0.016428898109725046, 0.03239411006654054, 0.025489917291609984, 0.01926786204153012, 0.017231227167038912, 0.019393261952176367, 0.011323760838054815], "NoiseHL": [0.10642955410863775, 0.11020545976161905, 0.14522317925255815, 0.15747268761055497, 0.11162311476243153, 0.09734724848944677, 0.16062664037958058]}