{"FilterHL": [0.02550525747253646, 0.01881934881378168, 0.031354645540197165, 0.03576793928192341, 0.02950017640802319, 0.01941047136160305, 0.0200970203807564], "NoiseHL": [0.19585188061598963, 0.3101315327905803, 0.19191556903825183, 0.31037144145474604, 0.1983200428658896, 0.3270675521023941, 0.2183957160502911]}