{"FilterHL": [0.005931106881979387, 0.0036895688469830794, 0.0038840764550864314, 0.0026856642088638216, 0.01918489984901262, 0.028967278208314847, 0.022489728521511487], "NoiseHL": [0.11943371295728376, 0.17824568978155336, 0.13132847444011367, 0.17396944436530343, 0.22040110843735683, 0.2701459773442074, 0.22307456630400477]}