{"FilterHL": [0.006523718389833308, 0.04386017325966349, 0.01192444444809035, 0.008800251045600333, 0.007847666480435651, 0.010304775083884181, 0.0019470022688628061], "NoiseHL": [0.08289371921200775, 0.16444023448294104, 0.09750001849329132, 0.16661342196535348, 0.15280361122001118, 0.20840284479723595, 0.16701629547810568]}