{"FilterHL": [0.02122308104284835, 0.023641306351705946, 0.017320244919844248, 0.01099618005417681, 0.025267661334466455, 0.02678443318936107, 0.01017369389914164], "NoiseHL": [0.20301646623220967, 0.21362400193345557, 0.20036209620623238, 0.19716969193105116, 0.1962340514425273, 0.2286914099630664, 0.170536275147414]}