{"FilterHL": [0.004804528757429717, 0.03496539943705717, 0.015285392818914655, 0.004651023208585717, 0.010921251019062286, 0.015518847717547989, 0.0020548056738112367], "NoiseHL": [0.1294589225147687, 0.16195599314184775, 0.16694383364156357, 0.19318469381577316, 0.1422241369674124, 0.16050814893315485, 0.18214101141488354]}