{"FilterHL": [0.037214347465775656, 0.04791565654316717, 0.05994037614578885, 0.01639497765623035, 0.048771282461125165, 0.056147387132815446, 0.049567499824111586], "NoiseHL": [0.19213733280328046, 0.18467857187405512, 0.18403811018994617, 0.20860244558139807, 0.27425942907165735, 0.3080190311624148, 0.2900252084071022]}