{"FilterHL": [0.012324109520607581, 0.027331189470137598, 0.01679288110837743, 0.008808954765869133, 0.0014528655755450318, 0.024256981448665494, 0.020654841384249507], "NoiseHL": [0.1039258008602708, 0.1293898377957857, 0.10627989983122875, 0.14221573828551942, 0.12939261354861376, 0.1387045797853477, 0.12557458602774574]}