{"FilterHL": [0.057094354846557074, 0.04488770913364043, 0.04414429984249467, 0.059854770367136226, 0.06597443352177151, 0.04511480261184567, 0.06886061602095135], "NoiseHL": [0.09544382173349375, 0.08955795336558395, 0.07785344342408308, 0.10489141185158904, 0.08066904017184505, 0.11405397973004418, 0.10427591719145901]}