{"FilterHL": [0.03734905612449136, 0.05216354862511544, 0.03515442094537655, 0.029488371601113086, 0.02808898229536875, 0.051178049097929224, 0.026865600460270735], "NoiseHL": [0.03700209157702925, 0.05415096386553442, 0.017805226314287503, 0.04587926543117739, 0.0273903272405909, 0.0338602265544612, 0.021521104149256013]}