{"FilterHL": [0.06809574890240531, 0.07529214979983823, 0.0650943073888718, 0.05183768734851513, 0.07014715578099387, 0.05339815498202107, 0.06060021200821136], "NoiseHL": [0.19172621312337867, 0.21445140243217664, 0.23768261096973997, 0.2051970392446985, 0.23482295057465238, 0.22291166868096224, 0.2419121740265721]}