{"FilterHL": [0.0373889146521267, 0.022421181484654773, 0.01743550589568712, 0.03662874523779822, 0.040748835583496464, 0.02286089049596069, 0.06867455632220798], "NoiseHL": [0.06244604786833541, 0.0793240196315302, 0.1296924999274977, 0.1292069337174852, 0.08987939720900065, 0.0718614982546278, 0.1402832455860136]}