{"FilterHL": [0.02585516615563007, 0.041661137184899326, 0.00802498855741184, 0.041001589610923934, 0.021945098595164685, 0.043829132164130806, 0.02913301621747756], "NoiseHL": [0.04161446842879998, 0.05313566506991335, 0.029618080859783236, 0.028276441671696934, 0.03186532970960323, 0.04175060265808976, 0.05286520599801969]}