{"FilterHL": [0.009579853606981041, 0.030494825434589885, 0.018941032362848012, 0.018729127151680104, 0.016790730156373307, 0.020778113613439172, 0.011512596139435729], "NoiseHL": [0.18201133449252932, 0.2003417968948731, 0.1802328264533593, 0.18358490619094153, 0.16426806241623376, 0.19619043757465254, 0.16789269411169266]}