{"FilterHL": [0.11093475109327224, 0.09484328954541058, 0.06802491018772583, 0.1028958523498424, 0.15343667797792224, 0.15800524345790476, 0.06845916991589301], "NoiseHL": [0.2226438001588429, 0.19296593192248676, 0.18164364637128727, 0.16399187996428102, 0.2409907310203135, 0.23160657054167894, 0.2887328874906731]}