{"FilterHL": [0.030058540823828864, 0.05738251852205396, 0.029500192041997473, 0.030770876764331163, 0.04146876041667144, 0.039009247738567884, 0.034042890616585525], "NoiseHL": [0.04571853774817249, 0.040090746844670996, 0.04020796017238952, 0.040663064066905015, 0.03609020930924732, 0.050611666332221965, 0.05109282205601213]}