{"FilterHL": [0.010518370354506488, 0.025810490821820364, 0.012003261139743053, 0.011276619770009957, 0.01094936212411713, 0.012083481256896702, 0.03523982528301881], "NoiseHL": [0.09942565735463817, 0.12360635824210742, 0.127695118300803, 0.13705058167680775, 0.11099311870277485, 0.11950138881719044, 0.12176891304973894]}