{"FilterHL": [0.038461729301237854, 0.04521434911024191, 0.029761951932637466, 0.0423233557249891, 0.04041691463612446, 0.037136627472088214, 0.07665629449081174], "NoiseHL": [0.02616084468888404, 0.22611906714570568, 0.03493401884378571, 0.259391502561874, 0.04850922814200552, 0.26328914306927464, 0.059325041823079]}