{"FilterHL": [0.010697644349899588, 0.0018075365989456754, 0.0068274120980312, 0.0038338789885218787, 0.006840050056766207, 0.0025725439916244514, 0.02049900195163872], "NoiseHL": [0.12601526597200916, 0.1344227618196226, 0.19851509374486953, 0.2236040343846203, 0.15370184038062504, 0.18010238677164775, 0.19007936739366943]}