{"FilterHL": [0.004228111980401903, 0.022209227591844464, 0.024897560104870077, 0.006647851896595829, 0.012726883874978934, 0.03265930106054743, 0.007695069454902369], "NoiseHL": [0.36002678203744104, 0.3670213995803503, 0.40761011291846294, 0.4078219542658812, 0.41087415101326913, 0.4201052880230575, 0.42682484301539175]}