{"FilterHL": [0.006744465403448884, 0.008889484570513133, 0.013703206813543041, 0.01368200475123298, 0.007653403783119108, 0.013643560765815497, 0.01225000673920914], "NoiseHL": [0.20913990456120068, 0.2535308062173847, 0.2049630188200585, 0.25079231946074393, 0.260956375864758, 0.2121992805943911, 0.24299317356730343]}