{"FilterHL": [0.02691460432579201, 0.036119171548887996, 0.011740772552223716, 0.04415723634554502, 0.02061712046509018, 0.015018389545838381, 0.02441457642610523], "NoiseHL": [0.19629615708671508, 0.19140642670343933, 0.10943761873086497, 0.11602655419060759, 0.21470127815088874, 0.18514997817821788, 0.14091654019762467]}