{"FilterHL": [0.03031377609883819, 0.02909553033548386, 0.03245041043053667, 0.0451378056627088, 0.020748659089692662, 0.046668526890831924, 0.0313476586657334], "NoiseHL": [0.034367875410144, 0.041053221697925815, 0.0498046268582232, 0.03925033880206359, 0.0356640429992583, 0.041491121723809546, 0.04245049661599723]}