{"FilterHL": [0.002612891903697139, 0.022164557255413667, 0.02915598997860676, 0.001965455975467088, 0.019092299844896465, 0.012786852910054563, 0.01103804594225496], "NoiseHL": [0.29092653965410686, 0.2578014386165716, 0.2772502790820484, 0.21482900383776207, 0.2915010371797636, 0.3065791725484311, 0.31174542806818695]}