{"FilterHL": [0.024697418648173725, 0.03525402187627089, 0.035965877660177364, 0.03941747596814824, 0.018916734283501917, 0.033338505180709306, 0.022131539240553062], "NoiseHL": [0.06484671537155377, 0.05131764219466154, 0.06956579210573893, 0.06749282637791865, 0.11716138896264001, 0.11601886958959412, 0.12033542234407656]}