{"FilterHL": [0.18349981080346875, 0.22934336733526692, 0.31713009292360206, 0.2414281058573165, 0.2650320475025023, 0.6551804516647383, 0.4304617053184736], "NoiseHL": [0.7674440851381716, 0.7605356343715912, 0.7768410080968643, 0.772114629133037, 0.7736837092227771, 0.7913939295812682, 0.7824306349848437]}