{"FilterHL": [0.004064520562842158, 0.029998225939214394, 0.01743512304944268, 0.004225454561707805, 0.01273894835949951, 0.02476104409710191, 0.0021367715352468473], "NoiseHL": [0.16842824574103435, 0.20764188572626557, 0.18990558869694454, 0.20399410613248214, 0.20603498867516126, 0.2322497467458568, 0.17982914207852926]}