{"FilterHL": [0.015417131386561901, 0.08397550278647221, 0.019726351724507173, 0.058168079650747065, 0.030163946596897216, 0.1453684586223663, 0.040766499118130524], "NoiseHL": [0.22253160843680841, 0.18085750345935825, 0.22209274273779167, 0.2426846204340317, 0.20479355791165754, 0.1775996156186127, 0.20974962606137054]}