{"FilterHL": [0.06459168904839382, 0.05457917761963265, 0.03931877862909291, 0.047526828432642027, 0.05593286147161014, 0.03929468397458737, 0.04182197614627577], "NoiseHL": [0.201192421919179, 0.2133662091181209, 0.19271282555971536, 0.20487821485420585, 0.19296572468572148, 0.20904082501137647, 0.20653657959679553]}