{"FilterHL": [0.028734386122061514, 0.053784256129724616, 0.03085932686102367, 0.026539566934394986, 0.025414430068917835, 0.039141903155570736, 0.04265343951213328], "NoiseHL": [0.053507996045667465, 0.044537177276947636, 0.026182050691282665, 0.0473521078951086, 0.03625512863733038, 0.04647538353893975, 0.031270214204311364]}