{"FilterHL": [0.03664775873403837, 0.040207593016160934, 0.02679154685095459, 0.023201271624613162, 0.05915897695637488, 0.048847896904907956, 0.02356614184977311], "NoiseHL": [0.13815626547769533, 0.22140252784538514, 0.17670914871097596, 0.2579082901632368, 0.1401734448806725, 0.20140963198599965, 0.1764568873324176]}