{"FilterHL": [5.205327384744317e-05, 0.019157252791149996, 0.0001754369469213909, 0.014119928762170076, 0.0, 0.20334761292075718, 0.0], "NoiseHL": [0.3690972973785796, 0.27507299073546604, 0.2510397938369346, 0.2871577779350683, 0.3660254037844386, 0.30862087540619854, 0.277846286164513]}