{"FilterHL": [0.022446580779759917, 0.018700448735137012, 0.011191637509774865, 0.022517290730767633, 0.009873322751139222, 0.013602275399556819, 0.03005186634383783], "NoiseHL": [0.09644816232183824, 0.1012109715956814, 0.12111818618073848, 0.10564244527285677, 0.09115520280094333, 0.0769948842444752, 0.13540335652248003]}