{"FilterHL": [0.0438932803932009, 0.04932151201570329, 0.018448514818789043, 0.04460302824539554, 0.035182204507017624, 0.056818031942770186, 0.054345520666537674], "NoiseHL": [0.16544076707886615, 0.16349529061534207, 0.12898147573402935, 0.12709599846506847, 0.17605326368242602, 0.15622431963799238, 0.1815113945544949]}