{"FilterHL": [0.2196308531439735, 0.3621267919093809, 0.24472043160636164, 0.2932262650855395, 0.22397397471250133, 0.4960818828389576, 0.3219502810283144], "NoiseHL": [0.6786467900793771, 0.7036600754243243, 0.6858475810726083, 0.6989588924401583, 0.5590882197021225, 0.5874216851104546, 0.560817718240002]}