{"FilterHL": [0.003969762832456343, 0.012061396886460119, 0.011360749875564645, 0.004526913649243271, 0.0050860310609464636, 0.005287224133261574, 0.02042424480449241], "NoiseHL": [0.16210316008526993, 0.2787972734971692, 0.179650350695628, 0.2750255375679622, 0.1712488257394702, 0.27523775682690493, 0.19716209689097172]}