{"FilterHL": [0.0, 0.0, 0.0002930023759695676, 0.0001041525331881056, 0.001478413246010746, 0.0, 0.0030592085108579648], "NoiseHL": [0.21680194274139555, 0.2120278888000165, 0.2226395172490795, 0.19317708832355046, 0.22834309600589234, 0.21323045788224296, 0.2339226017491985]}