{"FilterHL": [0.0031102167309273467, 0.0399549263572271, 0.01858171328610539, 0.057486181246529613, 0.014646469228236763, 0.061975190123518105, 0.017386132804407577], "NoiseHL": [0.23311352495548515, 0.2208792897878982, 0.22434558216643805, 0.21877595839722955, 0.2574907955780687, 0.23515028359847828, 0.26697552895832316]}