{"FilterHL": [0.0017610423367350264, 0.02001184247314862, 0.0107246402997838, 0.011712682067927464, 0.005022496381581256, 0.006093203233087526, 0.015881280578327175], "NoiseHL": [0.44980027090370983, 0.4374913383402398, 0.4743637741584771, 0.4488824740492412, 0.4442084696016796, 0.4406457031566694, 0.44189057083487576]}