{"FilterHL": [0.006512807538553498, 0.012086482979097521, 0.009687765158554809, 0.011445167119002638, 0.009625732948809166, 0.012662542559171996, 0.010999817844088863], "NoiseHL": [0.26916751751032303, 0.294152553867701, 0.30768538342370166, 0.29148983245389487, 0.27668507745543697, 0.2788707352436774, 0.2905684632308418]}