{"FilterHL": [0.024167569654196534, 0.020634576706958153, 0.03332453441661218, 0.050783205631890024, 0.112739083217863, 0.1271723537292491, 0.11204590308657338], "NoiseHL": [0.3975334917448418, 0.3624399723433606, 0.3985658851821987, 0.3283628922125018, 0.40770653713807053, 0.3471529335719326, 0.40527801853302936]}