{"FilterHL": [0.007687247449716545, 0.01277508885383196, 0.0092868315126123, 0.0051327735647990255, 0.006873084673129188, 0.01886144986264737, 0.012262630794731394], "NoiseHL": [0.32844307169011744, 0.3342563154759056, 0.35530067960632916, 0.3559642433208279, 0.3318925786960308, 0.3820847826704109, 0.3645328014461795]}