{"FilterHL": [0.052927904091173344, 0.05427740605483856, 0.03309307085873416, 0.04975496445772966, 0.03565944069802151, 0.034700111921002835, 0.03911050719923924], "NoiseHL": [0.1453108765005815, 0.10504330583596003, 0.123250254110363, 0.08553847753329041, 0.12350331090653845, 0.10024342978611794, 0.13545024964425773]}