{"FilterHL": [0.03782069785881635, 0.046363867647884305, 0.03099246422635282, 0.029499204530975577, 0.033479387435652895, 0.026000283446985396, 0.03452443760091645], "NoiseHL": [0.044638624860642594, 0.04806866368954935, 0.0257541401011947, 0.026710327085248856, 0.040964109395502005, 0.030370260938627703, 0.02300428181119118]}