{"FilterHL": [0.06492062714948012, 0.08748359131339666, 0.050040376272956294, 0.10884354158965522, 0.10147842477819463, 0.08719128799960012, 0.09633929085380659], "NoiseHL": [0.10500140215296747, 0.1690737014425498, 0.08258382919540136, 0.17981209373869364, 0.10569666632645504, 0.13778553604487934, 0.12264245187962013]}