{"FilterHL": [0.015197713767992976, 0.014447692865937044, 0.011852530059453257, 0.033997261624365324, 0.0020873779046054978, 0.013617152370160672, 0.019567239277567587], "NoiseHL": [0.10436177988531473, 0.1200329124332333, 0.09532299737600994, 0.1121808773677602, 0.09760187502113248, 0.09297593564593602, 0.10911642053948048]}