{"FilterHL": [0.0050607906089604575, 0.04900307011307081, 0.03759173415758433, 1.7956027532772342e-06, 0.0156506312637231, 0.01027965452016538, 0.010279788237710717], "NoiseHL": [0.19967003806268582, 0.35858838713648883, 0.3438226292247864, 0.20042041644534192, 0.27064800502098113, 0.3776170343264612, 0.34432449298366563]}