{"FilterHL": [1.1632625873267351e-05, 4.619445488268794e-05, 8.438302566908954e-05, 5.4076474407125524e-05, 0.0, 0.0005681148587262239, 0.002846955636290157], "NoiseHL": [0.1214797384251674, 0.17245022900462764, 0.16500333021764654, 0.2009115892650161, 0.1781969793463003, 0.2059196678858405, 0.21680194274139553]}