{"FilterHL": [0.005700054091814383, 0.010843023462382684, 0.005951735417438958, 0.0039024326112107907, 0.006273977143949487, 0.0059897593390694035, 0.01678757772430844], "NoiseHL": [0.08387025390813853, 0.15567840568575222, 0.11748125432455751, 0.16651838795401044, 0.102171241384028, 0.13920568404092176, 0.1237765420120337]}