{"FilterHL": [0.010542496186618046, 0.004303880339499175, 0.006627606052791803, 0.024848694174261648, 0.006254267688130898, 0.0341509124988678, 0.0050352442455338774], "NoiseHL": [0.22604055088999028, 0.2545907181835125, 0.20856585092039953, 0.24673133473434314, 0.22109749720486707, 0.23481065753150843, 0.2122869122378932]}