{"FilterHL": [0.02672520912348891, 0.03946795149101859, 0.02570494566176015, 0.03221358731960732, 0.028604057255316614, 0.06723895467341379, 0.03713231319264909], "NoiseHL": [0.08753949825410952, 0.09201000212457172, 0.0851305225702173, 0.08690156697719674, 0.12485860763666363, 0.08699538294252837, 0.12743138648136584]}