{"FilterHL": [0.039765598275657066, 0.05318854247405557, 0.04098611156339721, 0.06897705193188984, 0.07360284985248201, 0.09012501326569047, 0.0768650676609947], "NoiseHL": [0.05708803888753467, 0.07714442897355239, 0.08470750858901978, 0.07938427365512904, 0.094850104336541, 0.07687457131819585, 0.08097571459160398]}