{"FilterHL": [0.07377447383448735, 0.0839971866746569, 0.04662347259484676, 0.08979989898917021, 0.0841502765659158, 0.08434744492538813, 0.08060171961905548], "NoiseHL": [0.16336911770370277, 0.1701409480118622, 0.16049044642437207, 0.19982814507112334, 0.20958149101792758, 0.17210130114784056, 0.1944490491077495]}