{"FilterHL": [0.04833558419528367, 0.057016848927102654, 0.03338023985503932, 0.040645080296389254, 0.10074792365557907, 0.05732792245349842, 0.09338063911901043], "NoiseHL": [0.0762378814018791, 0.11576917531665734, 0.2031332550303319, 0.20802578582210138, 0.09606901668601306, 0.11233443765945438, 0.1955288658469831]}