{"FilterHL": [0.04846570479200034, 0.018216854315799808, 0.025990105304839653, 0.049221451683477475, 0.06075673943532512, 0.048758380970411234, 0.05135862016084296], "NoiseHL": [0.29006664080216416, 0.2822012469479459, 0.14824146144752726, 0.16708958411500868, 0.29927794142689357, 0.2892640078969943, 0.28720427598634685]}