{"FilterHL": [0.002562530994507413, 0.03343154852509132, 0.2291696566472301, 0.18266072468061248, 0.11382060270292484, 0.2257622463302865, 0.4463124396840448], "NoiseHL": [0.5181075369085082, 0.5370774321586401, 0.6826338326506044, 0.6913189798901627, 0.5869063711090722, 0.6116352531378167, 0.6696713245677066]}