{"FilterHL": [0.06818416178369485, 0.12350255269814461, 0.09898368951110506, 0.09125838705788929, 0.10949150549528472, 0.10819320673989251, 0.1301252482550836], "NoiseHL": [0.11386178148876118, 0.11777464581902077, 0.12568291419924413, 0.10750374959018215, 0.09063497170032654, 0.09429974698634018, 0.15286635170885174]}