{"FilterHL": [0.010153086589236303, 0.021522554626509944, 0.014162244961546316, 0.027139202444113757, 0.030511121307570267, 0.029641119989029074, 0.01111856947418212], "NoiseHL": [0.1495628108068035, 0.13686370725489047, 0.17266665589466695, 0.1313817445045414, 0.17050312786983965, 0.10920965662728446, 0.17024274406427625]}