{"FilterHL": [0.008247973711213793, 0.045943725634980406, 0.00977880669539686, 0.037136363681215596, 0.027854030213085433, 0.033231437094925785, 0.05086769249306894], "NoiseHL": [0.12799348906449132, 0.1840890538439235, 0.16356679577028022, 0.1930743569156141, 0.10645998626850865, 0.11883004159076029, 0.11625257943981021]}