{"FilterHL": [0.0077240184573678025, 0.023421812155956158, 0.027446958338851076, 0.0006286889951484841, 0.017960690910752315, 0.032673604128560546, 0.033470040716195804], "NoiseHL": [0.32404114496495434, 0.3591415030952709, 0.3070465131151563, 0.3774567248364172, 0.3580456264275773, 0.3863593006929144, 0.34982853203582787]}