{"FilterHL": [0.036417638641669324, 0.051363861386396065, 0.027828305443715215, 0.05210751528050546, 0.04101989767049463, 0.053902652991937056, 0.05113395154379809], "NoiseHL": [0.04537509171185077, 0.06144621149079573, 0.0331314117302689, 0.06282334322044439, 0.037312597168546666, 0.05473953216625662, 0.03570426725621369]}