{"FilterHL": [0.03836302143411103, 0.04239181584822173, 0.04754690329693451, 0.038600500977692506, 0.026143465370273244, 0.0377980427543206, 0.04169781973398332], "NoiseHL": [0.11859819891586026, 0.13758183794791057, 0.15046110634195062, 0.1689253840200727, 0.13723328506718369, 0.1272285951616408, 0.18491134753553226]}