{"FilterHL": [0.0, 0.0, 0.002739685156097275, 0.008015187970992849, 0.018581716949951806, 0.023121961419882455, 0.004063505228464649], "NoiseHL": [0.16037899096361255, 0.1781969793463003, 0.18968647657710205, 0.19791451532901982, 0.17679468543278645, 0.19186518946711184, 0.2214830616120933]}