{"FilterHL": [0.04078745161049949, 0.03706918940318975, 0.04127652142361679, 0.06003839257585829, 0.045922118589186794, 0.05073986881594794, 0.05809261494701746], "NoiseHL": [0.031199803968771523, 0.04708142420043068, 0.0648178663493849, 0.03367666503955702, 0.07388601382021685, 0.078757132592938, 0.0780630170948766]}