{"FilterHL": [0.020595985089226387, 0.026690865830085765, 0.012576357830046776, 0.012614024702782311, 0.011037531883419053, 0.027477091863704946, 0.027218229140040736], "NoiseHL": [0.03950535061484733, 0.07085026456735957, 0.04859768851952472, 0.07409025760851715, 0.049243641203611646, 0.08227875047906051, 0.05311906489902947]}