{"FilterHL": [0.0017504389506572, 0.00020338779466492986, 0.0, 6.448761883338888e-05, 0.05067595553468806, 0.06171762894737505, 0.07665926208437472], "NoiseHL": [0.3667950360788852, 0.5110289609248623, 0.3856943031828902, 0.4175939405074843, 0.3498586096434466, 0.3998013519312123, 0.4967439773917949]}