{"FilterHL": [0.04238027647064027, 0.037464139264828916, 0.027478586584990052, 0.025141557485096656, 0.030728084596104786, 0.03220727914534548, 0.0116769010622304], "NoiseHL": [0.08688853594680546, 0.1661733252869736, 0.08863981567029457, 0.15444684974131057, 0.10492784789965444, 0.1536651667916697, 0.0974133442333771]}