{"FilterHL": [0.010104393063529967, 0.006928327896006493, 0.017174036879043002, 0.03349776398245495, 0.003951999040748273, 0.015741959922249835, 0.04021418049759907], "NoiseHL": [0.1445121991202042, 0.18985176017809285, 0.1299238522519428, 0.1747444686023269, 0.1505588161349966, 0.1805338354380266, 0.1592744691442948]}