{"FilterHL": [0.14536267148187548, 0.18262164699371278, 0.027201444379252353, 0.10116264783680551, 0.22595775230681744, 0.36797965581783343, 0.2857479908731831], "NoiseHL": [0.5472906795721669, 0.5516192958862335, 0.1896887950121382, 0.19383033361866714, 0.5338411644702153, 0.5515549874542692, 0.5436555665656768]}