{"FilterHL": [0.04629249069274811, 0.08250310652351191, 0.05389830471838268, 0.09886206794852821, 0.15807975171907107, 0.06280230660784235, 0.18609004003028484], "NoiseHL": [0.17184140874553347, 0.17243118587864592, 0.16588676864426158, 0.13995713428638173, 0.20684222406621805, 0.1654371708137027, 0.16750882052391844]}