{"FilterHL": [0.01724833903491612, 0.01487779051376217, 0.036704244313853364, 0.04883302437547433, 0.028792621705357117, 0.02756991386583721, 0.04491720003269238], "NoiseHL": [0.30782609974816966, 0.2416819654655375, 0.28134529664391317, 0.1914830715208821, 0.31353983930885654, 0.2810178125578423, 0.27074010233001894]}