{"FilterHL": [0.021202344735657717, 0.024712452451621143, 0.02025159190965043, 0.03145352128165253, 0.02117755731818905, 0.028039147023425276, 0.012960808443186377], "NoiseHL": [0.09213288596300205, 0.10778432454017409, 0.16662375978417596, 0.16551879140949227, 0.09974868744882534, 0.08399143890656932, 0.18662259061125674]}