{"FilterHL": [0.011466399622529698, 0.040544964290334655, 0.046768735471206135, 0.034338460196159167, 0.06166232025611737, 0.03826479439543515, 0.06988693993492445], "NoiseHL": [0.3538986560271486, 0.33725093302822345, 0.4843070685646926, 0.43559718586204793, 0.4526104811007682, 0.45331906496319874, 0.32532500016104665]}