{"FilterHL": [0.004513255731255753, 0.013150877690184843, 0.009827498614110704, 0.005715752628975176, 0.007268087104185904, 0.01601316365013283, 0.01885224146539848], "NoiseHL": [0.10415620591535377, 0.11520533071497398, 0.2881789805971729, 0.3174965281886528, 0.0917055776662028, 0.09131983123343837, 0.2779714193263008]}