{"FilterHL": [0.02912203962247881, 0.042879225594842724, 0.02148382204302487, 0.01016924620417152, 0.010439121923542035, 0.012654153072991184, 0.016262511954884214], "NoiseHL": [0.08149574025677996, 0.08874718416671165, 0.11566517531110124, 0.11109325620634367, 0.09906379341683814, 0.07032735460914578, 0.13545046700819757]}