{"FilterHL": [0.0027885090627407434, 0.03127937727364246, 0.025952629481209213, 0.009524661794533477, 0.07403534107810297, 0.1726409764960668, 0.1605225301158561], "NoiseHL": [0.28287936854193935, 0.3290740006289242, 0.19184265216402335, 0.3886918124474098, 0.30196952412424144, 0.3475484963350741, 0.21544523786225442]}