{"FilterHL": [0.024935992199295855, 0.0166956885807836, 0.027902925769675187, 0.009405347660809514, 0.02962119589750356, 0.01866630941910872, 0.03634439588957158], "NoiseHL": [0.127728840833037, 0.159827092598786, 0.15379728971124138, 0.16171836447199686, 0.16557718054671078, 0.18746039685981894, 0.20150433633045398]}