{"FilterHL": [0.021025841519393167, 0.0439408236746624, 0.03596742503776615, 0.03376733231256402, 0.05097384648043065, 0.025351361438877194, 0.039139046118815364], "NoiseHL": [0.03814751871733021, 0.04076290118511655, 0.02339682972821259, 0.03134948950674618, 0.0314750484311856, 0.02306996831779362, 0.025258664406953818]}