{"FilterHL": [0.049166521833627935, 0.04909671899507278, 0.05389059246820845, 0.05160381861941299, 0.023255585096917348, 0.04824902551612294, 0.04354883648819547], "NoiseHL": [0.03516424651573109, 0.08832304823797273, 0.05421524933319034, 0.08562146237654086, 0.0676843036437834, 0.08224972909969332, 0.050285119521642815]}