{"FilterHL": [0.05600011256869339, 0.0578420268781405, 0.046362105565483556, 0.04707644398943322, 0.04880817333504736, 0.049043336718437074, 0.07139537145018941], "NoiseHL": [0.09504472278060669, 0.07633672910774258, 0.08163944097245387, 0.05831509770039404, 0.06660200866024861, 0.04537599171567346, 0.08694579144887347]}