{"FilterHL": [0.00029091524520843053, 0.0, 0.0, 0.0004539829998718384, 0.027634635587761906, 0.05512131583586741, 0.09859772675750718], "NoiseHL": [0.3399474501591288, 0.39013940086761484, 0.38121562704251255, 0.43439937084531083, 0.36766357479077644, 0.3705969729058207, 0.3837787696600325]}