{"FilterHL": [0.04814644404268102, 0.05293479780463265, 0.05982869455240002, 0.03822883203570511, 0.04799017329849626, 0.08572097364190583, 0.03212308920056734], "NoiseHL": [0.07763253495727189, 0.06863255602247495, 0.09406801017964957, 0.05030916490449691, 0.09025797339974224, 0.04585086239480287, 0.10105321195979804]}