{"FilterHL": [0.05690622268438301, 0.0583544317510197, 0.06350612346933572, 0.06496072555369094, 0.03546922786890359, 0.08965266464806007, 0.06362530208774099], "NoiseHL": [0.07826397611856496, 0.10840193402145414, 0.09433372195271648, 0.06378020977093547, 0.05300917900133167, 0.08030740223119917, 0.08629124194224508]}