{"FilterHL": [0.00246187171696494, 0.015126614155704836, 0.010712139531359709, 0.0043076515098259705, 0.004405058475438923, 0.008223164305007358, 0.017569522105304606], "NoiseHL": [0.12771060705006199, 0.12362832708084551, 0.14740092331629312, 0.17247037682414726, 0.16365609134002057, 0.16513624860914533, 0.1767774578076212]}