{"FilterHL": [0.046821675774871306, 0.08344071664093, 0.13927411014442373, 0.17594826610826966, 0.06258932225405389, 0.12331949499245748, 0.16937141256727561], "NoiseHL": [0.41138979007415216, 0.43503314804172355, 0.3981242919324674, 0.43759102436985314, 0.4757186571352157, 0.5066442821968284, 0.38070898543653]}