{"FilterHL": [9.925652487433825e-06, 0.0, 0.029036813998611338, 0.012479212996891354, 0.16269945435167968, 0.12477808191647986, 0.2648641891442262], "NoiseHL": [0.2681834254622317, 0.18785815120172258, 0.3038787270510345, 0.2244776369047453, 0.2784842345095934, 0.22011350449165, 0.24596176002412484]}