{"FilterHL": [0.018949812713401445, 0.008639822755981517, 0.010999883679148885, 0.02023188902396586, 0.03027254369103781, 0.027972093566527866, 0.02348857718683164], "NoiseHL": [0.20669770262602558, 0.23473311613884973, 0.18173878805162288, 0.22871092692369913, 0.1960127268167019, 0.18439752398606235, 0.17063424811986172]}