{"FilterHL": [0.06468676276245149, 0.055900334914397706, 0.033615593249016924, 0.04216778119434139, 0.054487943751289486, 0.06311079014127195, 0.05095378386531816], "NoiseHL": [0.17864079544146627, 0.19211042261503924, 0.20014246978615638, 0.22041503794114087, 0.18626235588449305, 0.19085303670090892, 0.2033777334394943]}