{"FilterHL": [0.002971739032729744, 0.0006271281757508518, 0.0011198856415853074, 0.007028824355076599, 0.0010985680425183717, 0.001180992623825437, 0.0], "NoiseHL": [0.20960401046104254, 0.3157471010468728, 0.24474362140675346, 0.3431841512317855, 0.25, 0.31916807257306506, 0.2881621992123956]}