{"FilterHL": [0.03487174763684659, 0.04109599999491921, 0.006370058016456254, 0.01537802162492345, 0.016234470608473706, 0.026866491393819254, 0.031966574823129736], "NoiseHL": [0.1675900722125704, 0.1918604853610725, 0.1899089004185885, 0.18684233212485943, 0.16995367421484658, 0.13776584369728126, 0.16365949378764008]}