{"FilterHL": [0.013224127855969896, 0.04230618077724923, 0.030807310555556643, 0.044953043674144384, 0.027973463577430854, 0.03591294838075814, 0.016531017074451784], "NoiseHL": [0.12389907427503519, 0.28030138309028346, 0.14110433304572587, 0.31302426068891875, 0.08222321818425049, 0.3038110222512989, 0.10143114824088796]}