{"FilterHL": [0.052214571505172835, 0.016796222018833493, 0.0403152588794985, 0.044076059065682224, 0.10200570758329218, 0.10457071781511416, 0.10025450960353978], "NoiseHL": [0.10823301788733085, 0.10660129159546529, 0.09900084820528195, 0.10034850387221408, 0.03849234530853579, 0.06321051892631897, 0.02324567356675016]}