{"FilterHL": [0.012700302560881624, 0.012584965030645559, 0.006082767507328509, 0.012634569758763052, 0.0012456297691719423, 0.03164612859207762, 0.007142730335226915], "NoiseHL": [0.17282608442332176, 0.22951790423975205, 0.2120301345013839, 0.22505801131411948, 0.187858161173587, 0.25810654739464106, 0.21324267495213564]}