{"FilterHL": [0.034283139288766244, 0.044065918856397046, 0.038704368842505714, 0.039008446503469296, 0.020849430367040695, 0.038123387837627594, 0.037996788916397774], "NoiseHL": [0.05321093887720536, 0.06342343438487871, 0.03909903844627232, 0.07031611436348253, 0.016086653903145565, 0.03937863049450045, 0.019051401870659956]}