{"FilterHL": [0.008001917353026923, 0.03759248587892579, 0.016468301107642278, 0.009361487779177474, 0.004766625826115111, 0.007247808949576606, 0.024410241705497306], "NoiseHL": [0.12163446586437884, 0.10422723573850452, 0.07779309588295387, 0.08007030908588054, 0.09694629245993482, 0.10687455186891628, 0.0746329762637479]}