{"FilterHL": [0.029235580440462296, 0.049139746290021505, 0.031021748016403065, 0.032295707514762705, 0.0322661750805634, 0.05592230780032533, 0.03712820363106885], "NoiseHL": [0.06274436973978856, 0.07352997805370676, 0.1436879081241112, 0.13969955507381399, 0.08480207182233626, 0.0659686823042703, 0.161408257952752]}