{"FilterHL": [0.027613888521665575, 0.03000428741186624, 0.017452686196779126, 0.05443125536979635, 0.19005431278090093, 0.19083027305391578, 0.1868471414403619], "NoiseHL": [0.040821559318757826, 0.0350545069014902, 0.035769150962363376, 0.08652326842156384, 0.0681417007460443, 0.05583928968521594, 0.05886967788434455]}