{"FilterHL": [0.020509695309011314, 0.05602447094841041, 0.038692538709484546, 0.0414189198038982, 0.01720017762165789, 0.04165745914500529, 0.030341651325723414], "NoiseHL": [0.021053755731206852, 0.04593954969727617, 0.026780720063682706, 0.03364636001218627, 0.030785193940601044, 0.05064835626241873, 0.040002834187512826]}