{"FilterHL": [0.019034489924925572, 0.02612202117816425, 0.016831824469441117, 0.01821398335672171, 0.025930334032214668, 0.01953257975997363, 0.02427279502953422], "NoiseHL": [0.0929598284281164, 0.10418978636731642, 0.0952109841396225, 0.10925671083134443, 0.16169639051981355, 0.15991606645554524, 0.1454083224623882]}