{"FilterHL": [0.005637431357624368, 0.019846854786515128, 0.014885721210263625, 0.014080452544614047, 0.005609316882113248, 0.016975755408029796, 0.008760889766560476], "NoiseHL": [0.2551806929563748, 0.24492020695091946, 0.24688219540261064, 0.27739258943614886, 0.26423522047101433, 0.24282925198118002, 0.2551844846866332]}