{"FilterHL": [0.0, 0.0, 0.0002534322692418018, 0.0, 0.0005542375322008687, 0.0, 0.0], "NoiseHL": [0.066364371995639, 0.10627440321039956, 0.0990645251354958, 0.10392551679435674, 0.09654419837975824, 0.1214797384251674, 0.10627440321039959]}