{"FilterHL": [0.004873044663114543, 0.04008033192752308, 0.02949118646046692, 0.015892829752281904, 0.027611786992493885, 0.018200933700222674, 0.026411833150610197], "NoiseHL": [0.0461707027519388, 0.06818934632105289, 0.060513929846865294, 0.055712596502714755, 0.056968435919109016, 0.07288561578934206, 0.07790151505280672]}