{"FilterHL": [0.02497648534416609, 0.04546797599981716, 0.06788299850454083, 0.04686786698839657, 0.04588835243135687, 0.05490543070668413, 0.03978179588128539], "NoiseHL": [0.2976864826139403, 0.39561439525809733, 0.2989251692117011, 0.3786751586017293, 0.387755544243, 0.43668308732856786, 0.3963985252714905]}