{"FilterHL": [0.00011009613926478353, 5.656333302656875e-05, 0.042925735704900624, 0.02714263144101605, 0.05453898474951388, 0.03614486834996524, 0.1459383709094038], "NoiseHL": [0.28444670306439407, 0.26423520936170475, 0.2932916307615935, 0.27968056950866294, 0.3982059754514411, 0.37443152810313624, 0.3653608211470996]}