{"FilterHL": [0.031087387915419477, 0.05292265919271487, 0.031640941759640585, 0.03361040655281008, 0.027806609876208498, 0.014818419319128752, 0.03196561664830362], "NoiseHL": [0.043825211147960605, 0.05068615411610488, 0.03687141248672943, 0.04246904278313885, 0.02118048171981811, 0.04013852142975896, 0.050887431446310485]}