{"FilterHL": [0.020022376312221025, 0.02217580037345788, 0.034312366454816785, 0.02567409462212937, 0.14701337017361515, 0.16427013973846055, 0.1461696141008977], "NoiseHL": [0.2618071228122723, 0.21155841278844179, 0.24608387943545232, 0.2148039615225344, 0.23607048028182723, 0.19170912611685662, 0.26532685725261995]}