{"FilterHL": [0.0064592224604702346, 0.014943057564062608, 0.008327559119904161, 0.022542901102439394, 0.005685335474819775, 0.002916520942539656, 0.015532865755687303], "NoiseHL": [0.08580663455455965, 0.1539840215587428, 0.10631316305052328, 0.15534370549663273, 0.09401657871667479, 0.15076085501420086, 0.12208394226948709]}