{"FilterHL": [0.017334400781688762, 0.029325402332246373, 0.018367018000413314, 0.03235392097102635, 0.008289564010571512, 0.017177622073630442, 0.026986337796291584], "NoiseHL": [0.07085647188482863, 0.10474603280734517, 0.12750212867201235, 0.1385182942957599, 0.0873074343051479, 0.08909959195513249, 0.14363178146624314]}