{"FilterHL": [0.023169926337949454, 0.005056680841791654, 0.012084443974382282, 0.023105211496132698, 0.011646224056429582, 0.04598342670954634, 0.02253334356156934], "NoiseHL": [0.27645608498937546, 0.3985794818267711, 0.26904152230911227, 0.2943134561390709, 0.3078117486566845, 0.3750874296762302, 0.31497708292452625]}