{"FilterHL": [0.03335532677934164, 0.051976832367895735, 0.044662705950851984, 0.030232381515294494, 0.02336177383674146, 0.05125089620788237, 0.026655249628712727], "NoiseHL": [0.03842178851961519, 0.07248715903485879, 0.0480622337380106, 0.033206126963384416, 0.03925804745890417, 0.04637390815924245, 0.040303095101663744]}