{"FilterHL": [0.1860675867444088, 0.1566812610477544, 0.16621949980966563, 0.1331729015042815, 0.1906368653864133, 0.18301956876058648, 0.7038385713031843], "NoiseHL": [0.3769510018863672, 0.39080724319043253, 0.5654655942932554, 0.5474640152106729, 0.3885284077670962, 0.44042816736957763, 0.574042478472781]}