{"FilterHL": [0.001301237903143808, 0.0027857760120979956, 0.0013670690487255215, 0.005038704320015525, 0.004878106989431522, 0.040418914990158504, 0.005610168944984942], "NoiseHL": [0.19448580951758207, 0.2217346001735834, 0.2108191091580861, 0.237417557754837, 0.24261333094355136, 0.26559231597473415, 0.24790907888765304]}