{"FilterHL": [0.0006668566282598872, 0.030483042385682422, 0.02091170280201903, 0.005396547863571688, 0.017668815953123848, 0.0398146588624492, 0.018882304417346823], "NoiseHL": [0.1588093137522255, 0.17191062275003613, 0.17825089788103535, 0.16810480585394388, 0.14067448579046798, 0.13632829822302575, 0.15906208421987586]}