{"FilterHL": [0.017079833406043472, 0.019743145869514214, 0.011718892495278842, 0.0190410693173124, 0.019205923588637434, 0.025086852870427636, 0.019449912646271876], "NoiseHL": [0.22045562341415148, 0.2120584112954441, 0.21949183423670693, 0.18518489142266872, 0.2566356005250029, 0.23686586108083538, 0.2614411285134357]}