{"FilterHL": [0.028772526144065506, 0.07793817350690879, 0.04923100064413436, 0.039101158629321245, 0.0397484329645697, 0.042640645491736476, 0.0641450629369536], "NoiseHL": [0.04202571122034315, 0.061633196278902354, 0.03433067493408047, 0.046326780975880326, 0.03587605988765341, 0.02802783759629912, 0.04840871584194703]}