{"FilterHL": [0.00032654488846747283, 0.0, 0.0, 9.135919601602908e-05, 0.0, 0.0, 0.0], "NoiseHL": [0.4267425798781977, 0.4204209295218683, 0.43439937084531083, 0.4583104392927531, 0.41333255667942487, 0.41617630313644177, 0.44129789210881076]}