{"FilterHL": [0.03546152544026525, 0.049725195630168854, 0.014732564728618034, 0.030607716308357867, 0.013022221120779123, 0.022614734236037187, 0.044036465552325835], "NoiseHL": [0.11211895414045545, 0.10411822410678893, 0.09516450584155409, 0.11193879275913972, 0.10092238981988375, 0.1380447087605012, 0.11567995152635352]}