{"FilterHL": [0.0179530637318877, 0.03551445570314366, 0.04327986377645109, 0.0408397731741095, 0.038508292443340614, 0.03763833864306036, 0.026108581263178977], "NoiseHL": [0.09005226413947824, 0.09178358039307884, 0.08638630192651749, 0.0802589888080223, 0.08092102951049632, 0.07416936241732007, 0.06898969116686215]}