{"FilterHL": [0.004406922597600519, 0.04312885646470156, 0.026992342596397847, 0.01848574317151106, 0.022162919817233024, 0.017709998092987095, 0.03015795109513069], "NoiseHL": [0.09175745431443905, 0.08759738071786, 0.08636700819886599, 0.10381133198004433, 0.09815672681493993, 0.1121161130283679, 0.11230642080586221]}