{"FilterHL": [0.0, 0.0, 0.0, 0.0023175122429236767, 0.004688682046927789, 0.0, 0.007429288509002048], "NoiseHL": [0.3044224920897379, 0.3053053667491258, 0.275936417144593, 0.322560925753623, 0.2393868301256415, 0.2749773334125651, 0.22834309600589234]}