{"FilterHL": [0.04585095236158301, 0.03510603591734263, 0.03286222879681717, 0.04651770639503062, 0.06320864047902955, 0.03274150281029391, 0.05170658741756134], "NoiseHL": [0.04526490963372418, 0.03559998495035426, 0.047929092301361956, 0.06986538420959082, 0.04901465543557994, 0.02940880802823512, 0.05967349685589126]}