{"FilterHL": [0.00440222295095103, 0.00731437164848241, 0.0, 0.06363575709768127, 0.015373535936893402, 0.0749161128760598, 0.003504787930730385], "NoiseHL": [0.3782104902694655, 0.3452852031085642, 0.35118014081935767, 0.37483230383449456, 0.40545175752479035, 0.34668519121578184, 0.3751893617838597]}