{"FilterHL": [7.169542401120348e-05, 2.141092320081945e-05, 8.109518677270708e-05, 1.7132901481191183e-05, 0.0, 0.00016453936680787062, 0.0], "NoiseHL": [0.17245022900462764, 0.2071544063142342, 0.1753456551944575, 0.22607708161584836, 0.13685794000815643, 0.17098527586296225, 0.16950843122097695]}