{"FilterHL": [0.014013052810636601, 0.024235494356283787, 0.0184323378148613, 0.03001502903808026, 0.019978926737747902, 0.037417071735402846, 0.035546172064701516], "NoiseHL": [0.09722904070448264, 0.07860653331202962, 0.10151523200106109, 0.08912673245261653, 0.11770537732835014, 0.13890454012928471, 0.11622496880415537]}