{"FilterHL": [0.006286541557241146, 0.052980285368358714, 0.03409919471514147, 0.06492768302553774, 0.08046963077140439, 0.2741200770413499, 0.11157500539588362], "NoiseHL": [0.277846286164513, 0.3118998781108963, 0.21752035248377552, 0.19058310616789942, 0.2120278888000165, 0.29679569008867474, 0.3364446770295496]}