{"FilterHL": [0.03077827258521038, 0.05152252441059418, 0.03228529809943498, 0.04992018765664777, 0.03936875127632889, 0.025135426867041923, 0.04187423972195962], "NoiseHL": [0.033806181675531136, 0.07431497376902213, 0.027845304475581683, 0.05483082137854566, 0.05308700091961749, 0.03878449076505998, 0.027842727673646095]}