{"FilterHL": [0.002273451118424689, 0.025272897547536748, 0.018588765069003362, 0.0004392278575834776, 0.011601560256923807, 0.007027652382165702, 0.014669738459602942], "NoiseHL": [0.11305496172058303, 0.1087997916411758, 0.14054867535505675, 0.14578970290382862, 0.12745942789598405, 0.148030987511731, 0.15407626198738236]}