{"FilterHL": [0.016780757011016438, 0.01723777625608679, 0.025825825253117732, 0.024525603739942302, 0.011891807487779217, 0.024934640903800608, 0.01988176300716676], "NoiseHL": [0.13407082861598368, 0.116509734753058, 0.10529344385447542, 0.09579039230427162, 0.132881329405599, 0.12838391831375756, 0.12544124675173954]}