{"FilterHL": [0.012604735278696218, 0.02336875370253061, 0.002972477723702727, 0.015620398523642384, 0.00659993768155936, 0.02038007630724374, 0.018764898433354327], "NoiseHL": [0.08574078176225033, 0.1368579507404681, 0.10857363234345424, 0.14738619755456941, 0.11520881515266192, 0.13866480060650663, 0.12350463305694927]}