{"FilterHL": [0.03568762105794095, 0.05520653562852857, 0.03744644135808861, 0.03906892821875388, 0.01909995917255471, 0.020503493929573992, 0.005622318790121377], "NoiseHL": [0.1115197545083857, 0.10900957210775343, 0.14472906674569072, 0.1537061959000046, 0.1546932295231174, 0.14875689366685213, 0.1779570242006236]}