{"FilterHL": [0.023496317342680106, 0.022558845628539704, 0.022188294490506365, 0.005535561218174115, 0.022065882218630272, 0.01844917217966601, 0.026451686417918598], "NoiseHL": [0.3171061136560699, 0.2843137228521354, 0.30277468524787615, 0.3106166797525477, 0.2910415971489912, 0.31896388017743343, 0.27061230899760774]}