{"FilterHL": [0.0038651141803091138, 0.015321578349045063, 0.006590133945007601, 0.0049803653749846, 0.01012932544999749, 0.01137627744777618, 0.014287797009625436], "NoiseHL": [0.17403249910941226, 0.18590641643511194, 0.13328144869110325, 0.13332015685213278, 0.2252497109200574, 0.2439632559343871, 0.19319289873084516]}