{"FilterHL": [0.02648611181790918, 0.02625066303687785, 0.03885440965356281, 0.04235013760442801, 0.02806344278503856, 0.036228767045031744, 0.047119871066127264], "NoiseHL": [0.02567415905064189, 0.04574717885235305, 0.020469773504924575, 0.04181819836971861, 0.03366202003360006, 0.03416172427356877, 0.05614499322320804]}