{"FilterHL": [0.022597857261453823, 0.041024503010833546, 0.013555041604959113, 0.030055951091010415, 0.03397077848494065, 0.04320657458227217, 0.05255532558801649], "NoiseHL": [0.055437370355428825, 0.04621353415940988, 0.11680543763176074, 0.13003492151481152, 0.046172026503558485, 0.05003391950302667, 0.13733056952303999]}