{"FilterHL": [0.010373413575094496, 0.00185713133425529, 0.009639642441064156, 0.02376820720085891, 0.01336649663653101, 0.01814472392996442, 0.02408588782552591], "NoiseHL": [0.13488837355004277, 0.1556597356481142, 0.12024887873363836, 0.135246037820835, 0.12438978624504303, 0.11489329077028235, 0.1096881162005125]}