{"FilterHL": [0.07007785056115633, 0.05258236072258771, 0.039662072218175914, 0.05058965259201929, 0.07052584766787297, 0.04710564034727937, 0.07770936409961746], "NoiseHL": [0.09756545637047519, 0.13144334754579637, 0.13564887473400358, 0.13609986520864586, 0.15088967783553445, 0.1665694262140239, 0.17539335666993217]}