{"FilterHL": [0.028655522892016047, 0.035430709371920936, 0.028455572018296012, 0.045517107485803905, 0.11300533895810629, 0.1131481130269548, 0.12597499295942646], "NoiseHL": [0.11591363063839427, 0.09818444047952204, 0.10910831353075556, 0.10846193788247906, 0.14328130575534448, 0.17756077309175755, 0.17911834889997177]}