{"FilterHL": [1.9661778187589865e-05, 6.530955781726966e-05, 5.158962453451038e-05, 0.0, 0.0023445120117578343, 0.0, 0.0], "NoiseHL": [0.19317708832355046, 0.2652269334169895, 0.3423770863549488, 0.3856943031828902, 0.2582168997340125, 0.2662155203826279, 0.2816336424931959]}