{"FilterHL": [0.001827937064264971, 0.04744858244058427, 0.001656486448269267, 0.0043301614082862675, 0.008909473079058067, 0.014388430074340345, 0.002624635793637938], "NoiseHL": [0.08007079438323275, 0.096549960386737, 0.0947032252960519, 0.11307153825307156, 0.0993007066592912, 0.14225266846447057, 0.120306073300762]}