{"FilterHL": [0.024790935253812093, 0.047172856008195166, 0.020304375470137043, 0.04378326197465474, 0.131023893344219, 0.1362947353031372, 0.14853625012382962], "NoiseHL": [0.14415608236555458, 0.1425406556312899, 0.11894183393861994, 0.143003663157229, 0.11739889988489717, 0.12362994953687978, 0.1405871455865313]}