{"FilterHL": [0.0006683320694970019, 0.01831980768940081, 0.01142096925271012, 0.00841988305007016, 0.004798608272500671, 0.00854269642786566, 0.023638562422987848], "NoiseHL": [0.3123860377499641, 0.3350741624928293, 0.2947125975954864, 0.3431989969875053, 0.3267924933982563, 0.3465549763268881, 0.33764579682210216]}