{"FilterHL": [0.09338495299195654, 0.06722811015948892, 0.05535400922493574, 0.03230781647175575, 0.08184018506069518, 0.06994497203599488, 0.059768188230219475], "NoiseHL": [0.1168945383960926, 0.14127928691197333, 0.07645192945209664, 0.1018460053441307, 0.12079998221271575, 0.15640590511505995, 0.09479027882928255]}