{"FilterHL": [0.007698946482306021, 0.012956021544793729, 0.007422498609408858, 0.00537266148918472, 0.009652492310383665, 0.017813724767050315, 0.011839246468374396], "NoiseHL": [0.12966244863589904, 0.16039284425062206, 0.19318643939042637, 0.2009778567944647, 0.24911739681208084, 0.27797689314900137, 0.21443428556650002]}