{"FilterHL": [0.01693893751682209, 0.055329122224708004, 0.022319739956213214, 0.045094489901698, 0.23114014665474608, 0.2207048310667849, 0.2311840880753824], "NoiseHL": [0.22220072841521443, 0.21704984286918544, 0.23466038701470923, 0.2438580583400427, 0.22611303417285064, 0.26375407778216126, 0.23434425135192286]}