{"FilterHL": [0.021467741012592925, 0.000324071142397219, 0.003008170594300633, 0.01974344381768737, 0.028160202527544042, 0.03013070625030798, 0.019899357480626854], "NoiseHL": [0.11881102693539715, 0.12619582392302256, 0.13420450687354485, 0.1690052341818901, 0.1272728020233, 0.1501805934348425, 0.1388974286824707]}