{"FilterHL": [0.026231653356892523, 0.022328936580061836, 0.029020636233809856, 0.03411184887407828, 0.00703346253548901, 0.020064285023751568, 0.02362958837424091], "NoiseHL": [0.05397113974409216, 0.06343255599935543, 0.06566653024579314, 0.055433767201460996, 0.10076273834576673, 0.11203196876243032, 0.11216216650988126]}