{"FilterHL": [0.03467203856660914, 0.020005065632819816, 0.029952863105887007, 0.037118390240319495, 0.09061177256310235, 0.1385162416679648, 0.15468332971871004], "NoiseHL": [0.32338367541895496, 0.32924341308932353, 0.3753601887110051, 0.38000597191515784, 0.38576105569024466, 0.40199632485014053, 0.4117747182957115]}