{"FilterHL": [0.00010940060831264679, 0.011085373627294691, 0.0002632982366564736, 0.01732150221250419, 0.0, 0.03050748724404526, 0.0], "NoiseHL": [0.17098527586296228, 0.20491167133301594, 0.14737794897420034, 0.16858652442969851, 0.2071544063142342, 0.20826628862216046, 0.2034297098849552]}