{"FilterHL": [0.019876474482699982, 0.015552787181835535, 0.011512966144326432, 0.025730877405599196, 0.007143136603855981, 0.010146690687927895, 0.029676025307364268], "NoiseHL": [0.026823131580972204, 0.10156793989666954, 0.05220516090320273, 0.10922855399224456, 0.044518224487621924, 0.10421512707645021, 0.06449590895783701]}