{"FilterHL": [0.0006009533264096801, 0.0, 0.0, 0.0007334405136271246, 0.0, 0.0, 0.0], "NoiseHL": [0.23502440593598806, 0.294571808286785, 0.2404665476109235, 0.3008703820942616, 0.2672010060207921, 0.2749773334125651, 0.27879713016662017]}