{"FilterHL": [0.038298822526644, 0.04949828870128984, 0.04460151530642969, 0.08191774980628391, 0.05473918149022758, 0.042195954789372374, 0.05527914856928014], "NoiseHL": [0.0912162587883765, 0.07834536150499619, 0.10874231042197875, 0.12449978826930228, 0.05410121439907125, 0.05306999407262717, 0.09442011923163454]}