{"FilterHL": [0.029826296745384753, 0.0560208915905667, 0.038794442696141365, 0.038031891354134706, 0.010679149957194097, 0.02442377069824903, 0.03010222402367853], "NoiseHL": [0.04190449412817015, 0.04862172007984812, 0.0488341777769101, 0.05300880164750545, 0.01481039718581044, 0.030232414140222513, 0.03988367541920855]}