{"FilterHL": [0.03437311334196267, 0.01676608324719896, 0.03873306056506972, 0.032705672705553995, 0.03000412864713475, 0.035492220704797836, 0.08907890018230835], "NoiseHL": [0.05559643933506891, 0.10146138988463552, 0.13229311957119333, 0.1317846016901781, 0.07576582903809065, 0.11564801591240133, 0.14256882995399645]}