{"FilterHL": [0.04676825321473442, 0.07585454216015028, 0.044584875029663136, 0.06292941047699355, 0.10520478527306298, 0.08158603763638494, 0.11258820027959361], "NoiseHL": [0.051302813460856043, 0.06810444355408707, 0.06511876726371493, 0.0891193615888486, 0.08787146164900372, 0.05265351869105948, 0.08383641910393341]}