{"FilterHL": [0.004956613865229234, 0.026146527236073424, 0.0038554387299575416, 0.007428125601849123, 0.0053747005001035025, 0.013107206606169035, 0.028416614701096757], "NoiseHL": [0.18226300720967326, 0.2348190203108406, 0.17045335623057858, 0.23709415983098717, 0.14912886738017395, 0.206450162137234, 0.13640974449458412]}