{"FilterHL": [0.024613798791550415, 0.0003284634586813418, 0.01932285929627957, 0.00025421226592599105, 0.023789078947310235, 0.0, 0.026352183331590045], "NoiseHL": [0.22983365704614162, 0.27879713016662017, 0.22765172973650516, 0.3008703820942616, 0.21616371290196837, 0.2531082856368079, 0.22497594507037386]}