{"FilterHL": [0.0688168457308077, 0.10254974589811429, 0.04253622957137709, 0.09673156101570894, 0.10097932860043303, 0.08247547275986009, 0.0925831067098244], "NoiseHL": [0.11148548570407495, 0.24347434412729493, 0.11283086530930923, 0.26048871434821547, 0.16785278698232092, 0.16816531156511877, 0.187168748848085]}