{"FilterHL": [0.028318634345139024, 0.05387641639210052, 0.028907180669594097, 0.03536040642796694, 0.02300652435254156, 0.029483640212959187, 0.04225983650020266], "NoiseHL": [0.06137128880534188, 0.10256032029361795, 0.09901644516015254, 0.11668906735167596, 0.10300961832284648, 0.07507431883766542, 0.0664635961970137]}