{"FilterHL": [0.034129634153865246, 0.11663879390890627, 0.04222370891657937, 0.0902569493624107, 0.17835606234901982, 0.14562671751950126, 0.16161386291246227], "NoiseHL": [0.12978328488496185, 0.2363541509729128, 0.16453935883455229, 0.25980270022801394, 0.2183715383593722, 0.26095256877936707, 0.2377837890044807]}