{"FilterHL": [8.973633453461156e-05, 0.0, 8.973633453461156e-05, 0.0, 0.0002919904330126903, 0.006394456842269432, 0.0009302238352632906], "NoiseHL": [0.15237707995139405, 0.16801938030584954, 0.15237707995139405, 0.16801938030584954, 0.17245022900462761, 0.2144269219230429, 0.1781969793463003]}