{"FilterHL": [0.09473126901876336, 0.007687928328557719, 0.0046193605018915885, 0.0021412987373478857, 0.11524767633531513, 0.11354344098411737, 0.07826014608785026], "NoiseHL": [0.11957259344807823, 0.26633015183018044, 0.1522219374027011, 0.2701399920290663, 0.3566534270286697, 0.4414888117968594, 0.3568625582181148]}