{"FilterHL": [0.02745852491834593, 0.043534115635409903, 0.02230632881191621, 0.027302092948174282, 0.018381845769749387, 0.026605947979281154, 0.03747356406644967], "NoiseHL": [0.10643489697397583, 0.1256464106534331, 0.09319968524537178, 0.10218347783328045, 0.09522869010940496, 0.11540764065896585, 0.0779519949673897]}