{"FilterHL": [0.023780125998515013, 0.07036212170882686, 0.018260658038483618, 0.04511965557262358, 0.03204134723439525, 0.05051260435469398, 0.04208186024838728], "NoiseHL": [0.025408752933940605, 0.07051969235939928, 0.031737212042855935, 0.047362752023473335, 0.03552175913419407, 0.05631927951507026, 0.03655214147528665]}