{"FilterHL": [0.017535929923512703, 0.03266765963909768, 0.012996431537309124, 0.023768553030270336, 0.019150815088579777, 0.01567647969985228, 0.02702095532270582], "NoiseHL": [0.06032203303770365, 0.11088449604934705, 0.14951539298319125, 0.17237132081944898, 0.07894110852489308, 0.08249883384104859, 0.17120881129954799]}