{"FilterHL": [0.03546661846694869, 0.039437471933023056, 0.05011039069364948, 0.02927986027419769, 0.03528227837838319, 0.02484882745612494, 0.03228973445628047], "NoiseHL": [0.34840933349015807, 0.34815789633091043, 0.38105181455182974, 0.3789312994860414, 0.34132307791653466, 0.3403144331062613, 0.3675737758102585]}