{"FilterHL": [0.02321083040598473, 0.06101494070875971, 0.03461622074864193, 0.048650929542076414, 0.020467742216937722, 0.02445123671433623, 0.02461413036605983], "NoiseHL": [0.02893678795186056, 0.04709049404434935, 0.06009616450432642, 0.03474327697271252, 0.03268589467889265, 0.03528176811036226, 0.03854490377658302]}