{"FilterHL": [0.004872418706111696, 0.005588980017938669, 0.021191136114024137, 0.015493980655348327, 0.0038730297530976962, 0.007042395955735684, 0.0063238010765412555], "NoiseHL": [0.1541521131065179, 0.15765235839553565, 0.13819480330909167, 0.14841948046032116, 0.14572326988925954, 0.14227590007889235, 0.13712036104181338]}