{"FilterHL": [0.03383642490028102, 0.04214394446740291, 0.03468326613471452, 0.039911538040722755, 0.0303623478511253, 0.049214157313507284, 0.05415175772469793], "NoiseHL": [0.064794553735613, 0.058313660487458015, 0.050997034258133615, 0.050009153867611046, 0.062005573551020085, 0.0773223357128705, 0.056741797123206615]}