{"FilterHL": [0.028059368597558736, 0.037134955680600164, 0.026515301965308845, 0.050290807892749825, 0.021071911401806923, 0.03208864283955443, 0.02275102416293558], "NoiseHL": [0.017524955809760295, 0.03175276788229525, 0.03845732813666159, 0.042700337180220385, 0.028065888410121708, 0.013871817101115855, 0.029555811388395973]}