{"FilterHL": [0.10012217979501291, 0.16282439310752134, 0.1248928217956185, 0.21490379639351445, 0.4245396933539005, 0.3334607106356107, 0.11515247999407188], "NoiseHL": [0.3601435915262398, 0.45374051492282186, 0.373781462448083, 0.4694548737299498, 0.38040200704917093, 0.4514674099588945, 0.3723295870730899]}