{"FilterHL": [0.01951627929902079, 0.02322904643754515, 0.14340889805790477, 0.11713399769106805, 0.0200540474562356, 0.005756010830786275, 0.10043961390623586], "NoiseHL": [0.27756295919518253, 0.3239814835851641, 0.28864145373081906, 0.3292552360936877, 0.26751526417288185, 0.2825739745389019, 0.29359866127670814]}