{"FilterHL": [0.01272353869080256, 0.03953660089151753, 0.011593290370175018, 0.014398790216255045, 0.012140451292574678, 0.03100502285547558, 0.02253475208862236], "NoiseHL": [0.16386004235566498, 0.17036070527886965, 0.2073687108129407, 0.22827183513711943, 0.1690925687550879, 0.16452594657964562, 0.23272282581220144]}