{"FilterHL": [0.05889489283728421, 0.06049374351480016, 0.059062816605683285, 0.034983825843788834, 0.2003542754033241, 0.17284167608466502, 0.18275055802139387], "NoiseHL": [0.09501572478066765, 0.08849149128333289, 0.16917691082648165, 0.13272614475186387, 0.17987541155820647, 0.17920315539118806, 0.22061022635010885]}