{"FilterHL": [0.009992387452809278, 0.011282058690435047, 0.15259491876928158, 0.04533510876925267, 0.0286228194428272, 0.013056763930043234, 0.03863545489593625], "NoiseHL": [0.2125080175008161, 0.27689426870835, 0.5267969833787669, 0.5258968600658446, 0.23072710742037644, 0.2616590776174305, 0.49608986202839617]}