{"FilterHL": [0.01933735243371714, 0.038522329440686745, 0.023045360427773016, 0.045599979246282396, 0.030119761307889893, 0.048563136340968205, 0.03158574336158001], "NoiseHL": [0.027414900791282323, 0.025172828037210517, 0.038546133134156106, 0.039758745122118515, 0.05044242744467208, 0.055791873598612714, 0.04483549041724549]}