{"FilterHL": [0.03756164153302021, 0.06086762376640807, 0.007451695057840005, 0.014313939118168285, 0.11485903051189165, 0.11398228624645373, 0.020266013342532436], "NoiseHL": [0.15032505197145868, 0.22168674624076115, 0.16602690295753744, 0.22143162748364897, 0.1418978396270643, 0.20774908536512213, 0.18429701498608583]}