{"FilterHL": [0.0, 3.310712455208876e-05, 0.0, 0.0, 0.000229231718670138, 0.002417418669412702, 0.0], "NoiseHL": [0.15562474979979976, 0.18514569594605018, 0.17677669529663687, 0.16950843122097695, 0.1634756284592911, 0.1957864663624126, 0.1837755367050545]}