{"FilterHL": [0.09380562911358646, 0.10904566809363322, 0.0988415349684487, 0.09850576884821387, 0.08400627680125598, 0.09061838304134229, 0.06338675017851629], "NoiseHL": [0.17059006370485877, 0.26459358079295864, 0.16963243310940118, 0.23267619946658652, 0.22010024981054574, 0.27553542423929356, 0.16079849653839132]}