{"FilterHL": [0.006058912060058132, 0.02217757030373155, 0.007811204051702766, 0.019327718413576132, 0.10606988426347508, 0.1153315240382308, 0.1179977488272871], "NoiseHL": [0.5238587568479057, 0.5729822635393169, 0.5233024804684411, 0.5651578677705557, 0.44876584470633063, 0.431273442336464, 0.45280997625040986]}