{"FilterHL": [2.7438130726641996e-05, 0.05243225159798837, 0.009734588031599224, 0.016316729553441503, 0.0, 0.03647798510559009, 0.003913294789583201], "NoiseHL": [0.11942301505899512, 0.1410386680204961, 0.14914012605342142, 0.13386051721150627, 0.15562474979979976, 0.1261373736895325, 0.16979799932777884]}