{"FilterHL": [0.014793615411950888, 0.01957609130347683, 0.009695895820048596, 0.029820944492898946, 0.01256388110103907, 0.0217932379449605, 0.017499877957667172], "NoiseHL": [0.07986453295494034, 0.08332915928931983, 0.08589238343175665, 0.09660646159892372, 0.12155951262211033, 0.13317447790986037, 0.11380671497091367]}