{"FilterHL": [0.01257567147776942, 0.03986378468159341, 0.011111804548580418, 0.026842868186034187, 0.002289501619870039, 0.019587632279375516, 0.028509963196424758], "NoiseHL": [0.10408502153070873, 0.11156749996498885, 0.11962793598997797, 0.13738284792413405, 0.10950993346225557, 0.09241377152864096, 0.14602322009869517]}