{"FilterHL": [0.019615934615371967, 0.16464912471590398, 0.0022006543697829757, 0.12585276914089422, 0.006638068733155249, 0.24138583747032633, 0.017683037052285678], "NoiseHL": [0.3924819978089279, 0.6177653582190578, 0.37510707261745485, 0.6220340466746783, 0.37576052926661463, 0.5952941376026353, 0.3658657506910135]}