{"FilterHL": [0.006292505339785805, 0.005839777429935351, 0.002475214274961539, 0.0060754033944984765, 0.007967039579661451, 0.014018163084011612, 0.013555733944936867], "NoiseHL": [0.12812777395022787, 0.10958234445066009, 0.16376289281082632, 0.14339695653672838, 0.19608637190100012, 0.22862354256963474, 0.2295077677812888]}