{"FilterHL": [0.019815735702703768, 0.00434692832025301, 0.002970871385608854, 0.018991439131030134, 0.04284769508569331, 0.03273202143199372, 0.03465655218793262], "NoiseHL": [0.2919036635218192, 0.2897044829823893, 0.3058718658996936, 0.312385825842685, 0.30890203849815184, 0.34694073210347093, 0.3335360254491269]}