{"FilterHL": [0.004355404553905408, 0.02775759707248656, 0.000814812967941813, 0.005527862697551829, 0.01171117745822894, 0.010687561779888015, 0.0027510882085136335], "NoiseHL": [0.221004383737304, 0.15734174793491618, 0.2375456326002029, 0.23298508124232767, 0.22500163038975415, 0.217646688765302, 0.24923500920744537]}