{"FilterHL": [0.00011913810391038705, 0.00019143582633212905, 0.0, 0.0015929431591725628, 0.0026169990545188266, 0.0, 0.0070228007252298675], "NoiseHL": [0.18100629468644155, 0.23938683012564152, 0.323404856382213, 0.3423770863549488, 0.2317051022141721, 0.25516228884138725, 0.35748376388368475]}