{"FilterHL": [0.05413496714175423, 0.0612943407038735, 0.05535856497374223, 0.040054756230134075, 0.04676537307805309, 0.05401321864095795, 0.028310459909429663], "NoiseHL": [0.16767417497107504, 0.15411582518157654, 0.18719523093474727, 0.16288997170712935, 0.17319400329551102, 0.1281523853051051, 0.16746546804303247]}