{"FilterHL": [0.02350264525803803, 0.03169953058947131, 0.017127476463407922, 0.029522466469805782, 0.0072873915524701875, 0.03162228130152891, 0.026430613545051218], "NoiseHL": [0.08837245234328843, 0.07410441811344504, 0.13065207183629254, 0.08203207862911631, 0.10239575464802105, 0.11668977993512263, 0.13266652278307936]}