{"FilterHL": [0.037376497176318205, 0.023317203768024323, 0.021537826865691362, 0.04253906914908232, 0.017543154355906927, 0.0269937545373841, 0.035645495982033766], "NoiseHL": [0.023562589535018042, 0.022305962484231483, 0.023199387396093486, 0.027249993256239412, 0.027694367572159703, 0.0412840406770462, 0.040719698678163295]}