{"FilterHL": [0.03454307221814642, 0.06295230844671162, 0.060239463438320685, 0.06746683379341346, 0.06432243041305982, 0.05999292038631619, 0.06438983517853629], "NoiseHL": [0.06138894562199006, 0.0729346119414671, 0.07676654230740536, 0.074911413678624, 0.07826049231965511, 0.07239378239411048, 0.07188528586606396]}