{"FilterHL": [0.031238576972177218, 0.05262039475032629, 0.05036746941463851, 0.06316349981362453, 0.05115363098597917, 0.06790316527798929, 0.016447287789588153], "NoiseHL": [0.07443989152457087, 0.0783095285647067, 0.0873313924915123, 0.10279447360560445, 0.10376915452586194, 0.11334061436399814, 0.06370520169975621]}