{"FilterHL": [0.028498648588094824, 0.03944936478366621, 0.03285384310223988, 0.06547112591698252, 0.049994516168469415, 0.03227325548052256, 0.044207079260380526], "NoiseHL": [0.1685617376641342, 0.1890748782770434, 0.16693203981456348, 0.1871833871779161, 0.15894231851183693, 0.1934428765575321, 0.15868540465214961]}