{"FilterHL": [0.01999950103746606, 0.04920900054951687, 0.02300126058608104, 0.031019027805300654, 0.008414199450486477, 0.01145720950668606, 0.027500145632467114], "NoiseHL": [0.07565084865827293, 0.10255966258978755, 0.12035493033055436, 0.11866897621180873, 0.0930458413981303, 0.07933916249367967, 0.11894490983753912]}