{"FilterHL": [0.011410510762442318, 0.023010511037214382, 0.0032874168160411665, 0.01509940960864578, 0.005588305308738173, 0.020778126430235917, 0.018186515334540625], "NoiseHL": [0.1015353823852969, 0.17963446365147398, 0.14567981781233577, 0.1931787900373459, 0.12746696163335278, 0.15564733950126802, 0.15562873322563608]}