{"FilterHL": [0.0, 0.0, 0.006873929241093205, 0.0, 0.16311805912299684, 0.16372593357883364, 0.17363527356420855], "NoiseHL": [0.339134720787118, 0.34075874679429075, 0.4750321243502994, 0.44335650636772816, 0.4185366534706103, 0.429823489540515, 0.4327748123648003]}