{"FilterHL": [0.008031566593521758, 0.013554901755227316, 0.008099326623743476, 0.018839634175658555, 0.007271545006169048, 0.024452973565659196, 0.020759585591243437], "NoiseHL": [0.21096720841539063, 0.20295322436096197, 0.24791978364500572, 0.25029256008758255, 0.24572753711023865, 0.2594286100776692, 0.2648805798730285]}