{"FilterHL": [0.10357791059013419, 0.0966338006038067, 0.1409227536529128, 0.11127545201063149, 0.3759361418069747, 0.7071067811865474, 0.37754533275035806], "NoiseHL": [0.5156263322033255, 0.5133589844226354, 0.5945946008615672, 0.5948903972693838, 0.4765627212544875, 0.4478412906501419, 0.5709313007742545]}