{"FilterHL": [0.005701494832271677, 0.005233364774632942, 0.010616425889546031, 0.01569395203974021, 0.018105596459988185, 0.04448480301969339, 0.002275841015038289], "NoiseHL": [0.23561495728575874, 0.2501140418646325, 0.22931644248789537, 0.25308609539695975, 0.22875034003566264, 0.23090509702951156, 0.25615898837751805]}