{"FilterHL": [0.009450621394437071, 0.026157575157860904, 0.0076414415710584225, 0.028662639044347564, 0.022580279129479887, 0.002856187754645483, 0.03482498261580906], "NoiseHL": [0.19466302208488653, 0.3624985631365601, 0.26634005419591067, 0.36892814632103516, 0.2054522580744626, 0.3505725337144428, 0.27510714243195594]}