{"FilterHL": [0.026362046987163698, 0.06550933128554237, 0.03315615067233538, 0.05420261502595553, 0.013169306499987373, 0.031498127440522945, 0.02792519386848261], "NoiseHL": [0.02744041807381241, 0.045470040209606814, 0.0348904147514721, 0.01968574197865364, 0.019414901516549482, 0.0329656998828858, 0.0383335477414072]}