{"FilterHL": [0.017359550556364827, 0.06359618798900302, 0.027353114979160945, 0.03642307746408084, 0.03145704713915999, 0.07491970595623183, 0.0544355994879728], "NoiseHL": [0.29977435860426255, 0.2857417595667045, 0.3138103436404904, 0.31022400474674394, 0.30982941695204347, 0.3023838828788406, 0.30293646614428377]}