{"FilterHL": [0.009202394994916223, 0.023861574844604275, 0.01845936767802547, 0.009176115933410004, 0.019542453649678063, 0.02882930605878793, 0.013404893863249076], "NoiseHL": [0.31670693696244234, 0.36685899418391993, 0.31436237879451456, 0.3599501181731684, 0.34809819926330143, 0.38576429240717175, 0.3472918044488172]}