{"FilterHL": [0.0023844448690325745, 0.007454438272318924, 0.013152804823040223, 0.0023636885149566043, 0.009511792275140943, 0.005927866212700921, 0.005890229708509025], "NoiseHL": [0.07338969804858604, 0.09685378171348588, 0.1216244865618368, 0.12962355260116568, 0.08871769175489745, 0.09202408421216912, 0.1388540818770085]}