{"FilterHL": [0.06869971260895799, 0.06010769201383066, 0.0830118595600962, 0.04911870715179441, 0.053330666763952435, 0.07225812972521872, 0.06470179740961564], "NoiseHL": [0.2174705241734237, 0.1995986929125686, 0.19510397322773285, 0.206327724387939, 0.22640512387160372, 0.1910036500633929, 0.20538356970612653]}