{"FilterHL": [0.0, 0.0, 2.3750147993305966e-05, 1.1042560533130201e-05, 0.0002966285167956227, 0.0, 0.0], "NoiseHL": [0.19317708832355046, 0.23502440593598806, 0.2317051022141721, 0.2909232592243174, 0.22946862650151673, 0.2561839685989771, 0.26916281322186875]}