{"FilterHL": [0.019043528834478518, 0.0005569370515693749, 0.02124760880362344, 4.113652072218131e-05, 0.021063004432322126, 0.0, 0.02707296806299957], "NoiseHL": [0.21451809656486692, 0.2582168997340125, 0.22078869569195164, 0.29997710552629714, 0.21867678079900957, 0.2350244059359881, 0.23132210808785938]}