{"FilterHL": [0.04530108161510769, 0.026121005181989832, 0.04479753451967459, 0.028844711243400673, 0.046171131964102136, 0.07449834584270361, 0.09803470795346277], "NoiseHL": [0.26684711791221016, 0.2256407458712075, 0.22278448365625333, 0.18473353643202506, 0.24992999689850767, 0.22252041411907414, 0.18752441928683214]}