{"FilterHL": [0.040454513845127556, 0.03709494342972056, 0.019634691860269133, 0.01158485487343475, 0.033327138666924855, 0.024261532874193602, 0.0552474428666262], "NoiseHL": [0.08054146967531066, 0.08910779638768243, 0.09534068777555821, 0.085945601169093, 0.11694436230997458, 0.14342799729029918, 0.12145962101250679]}