{"FilterHL": [0.0034801192336574673, 0.029304906006076846, 0.02095546668657305, 0.007282021669746755, 0.1130636669120408, 0.11167156258695027, 0.18521657514097725], "NoiseHL": [0.4414589367323571, 0.4463549230191046, 0.2437270008770983, 0.25250268997276787, 0.44926910658402786, 0.4475274666219303, 0.2863485289434984]}