{"FilterHL": [0.010755533652088065, 0.05894903112047306, 0.015288896637314696, 0.01813164454922029, 0.1072148956825649, 0.11183677674949223, 0.06649781733138731], "NoiseHL": [0.2406910199978853, 0.1833415082976572, 0.26019640033747254, 0.1769838311840377, 0.23749193721725181, 0.10462882690082405, 0.2289991509429622]}