{"FilterHL": [0.030924443819806125, 0.02728367544468977, 0.008293560056826087, 0.004438837858776791, 0.03702819618959756, 0.014658492184856266, 0.009119763919450808], "NoiseHL": [0.32889949279112757, 0.34516450548551086, 0.3392400585290225, 0.3365647571736546, 0.31337738070856547, 0.376715616597745, 0.35197380154600905]}