{"FilterHL": [0.009974164073750902, 0.03635270507346694, 0.00528097780501077, 0.038286982431384765, 0.28499699170993853, 0.30095697453344994, 0.2437510282879181], "NoiseHL": [0.37369029749485455, 0.4232564386935309, 0.4044531141368313, 0.4323257836262067, 0.15294758503700956, 0.24009091882619757, 0.17593590199232315]}