{"FilterHL": [0.0030155676900995338, 0.043087888369150736, 0.0042430717528722794, 0.007419746805240083, 0.009437044165013158, 0.01185096395935078, 0.007341783001071078], "NoiseHL": [0.10396182077129242, 0.2097190478594685, 0.10947394528826088, 0.21209599815238292, 0.19611934244425716, 0.2613712545465329, 0.20833896649204758]}