{"FilterHL": [0.04501678268013121, 0.02324675354422945, 0.038198580215992685, 0.035578677204571786, 0.04698575144163091, 0.04980778256048979, 0.06692477358612552], "NoiseHL": [0.28588608278563454, 0.16952025440330268, 0.2746108794149136, 0.1642780901515594, 0.25972427370428963, 0.29409901778725583, 0.2902331870334908]}