{"FilterHL": [0.0312932987254431, 0.020141495063871057, 0.015589186980142085, 0.03644870540866945, 0.012768621894909415, 0.01867357088786592, 0.029840781551618734], "NoiseHL": [0.038580754654061945, 0.11108634054508701, 0.05508469563656515, 0.08325940796520884, 0.049762951412344984, 0.11551361863284003, 0.0675405792799241]}