{"FilterHL": [0.0029928414122997967, 0.02181730407078871, 0.016761649222805042, 0.006955457402382741, 0.013925851905753139, 0.01916190323635384, 0.02333122960862924], "NoiseHL": [0.0858046991882392, 0.1972055225188191, 0.16383247417698757, 0.22266199194565536, 0.11164109862478776, 0.17947134322095787, 0.1891770830103949]}