{"FilterHL": [0.0002820186559379389, 0.0, 0.0, 0.00015123906629093252, 0.0, 0.0, 0.0], "NoiseHL": [0.3652546522751244, 0.37594616768610584, 0.37138976963783255, 0.3996616021907821, 0.37443152810313624, 0.3856943031828902, 0.39747691872394614]}