{"FilterHL": [0.019724544914953956, 0.03540505762317364, 0.015043051596003868, 0.027725494590293314, 0.020706747089579425, 0.026744588099769737, 0.01086477662530862], "NoiseHL": [0.040670150865813506, 0.11706222208852995, 0.05129982059713725, 0.11846555821894353, 0.04665444114795369, 0.11969666716629603, 0.05732824796389191]}