{"FilterHL": [0.0, 0.0, 0.001247255878624818, 0.005143829323455756, 0.02351965789277404, 0.11564602232971363, 0.025125672921172935], "NoiseHL": [0.5013015216220337, 0.5640970597647783, 0.49934881661868424, 0.5863019699779286, 0.5970955670479495, 0.6225974335830541, 0.5977310274800882]}