{"FilterHL": [0.03420040764585036, 0.0382182746177301, 0.03426563475144104, 0.04280357999199013, 0.03842290924208482, 0.0343170049255641, 0.05077557787305278], "NoiseHL": [0.3164281376340012, 0.36804505743413, 0.33515222297389546, 0.40338499602422734, 0.35810139461466295, 0.39794821807253433, 0.32667149102648485]}