{"FilterHL": [0.0, 0.0, 9.439416774461208e-05, 0.0001031830135326698, 0.05158455966036872, 0.04468811902541417, 0.05177945819757871], "NoiseHL": [0.23502440593598806, 0.277846286164513, 0.2531082856368079, 0.30706506372943193, 0.25961450550397874, 0.2486421156723211, 0.25460698223376604]}