{"FilterHL": [0.04967820203175976, 0.06054222358254117, 0.03656693759998011, 0.053138378316324876, 0.0395585795239883, 0.034175182812085474, 0.0291972519547493], "NoiseHL": [0.198642342449044, 0.18992921131843538, 0.2067144473217571, 0.16650345109968434, 0.20477275105316373, 0.160675567079371, 0.1952335252403407]}