{"FilterHL": [0.01878143664683873, 0.027634754760168273, 0.030641841632757516, 0.025426039364516952, 0.018854329983874173, 0.04246832256946054, 0.052197171101335815], "NoiseHL": [0.20037668355915403, 0.2315778757223614, 0.23173366351403935, 0.2301648317563505, 0.24753323766358007, 0.2738097788849182, 0.2848955897031415]}