{"FilterHL": [0.04480230480397592, 0.04440767181038782, 0.0877404368957135, 0.10552611685417858, 0.02797684449922067, 0.0022381226378451876, 0.08812006840948614], "NoiseHL": [0.12407990643565542, 0.13647928926984618, 0.15531945282108853, 0.18641119302990572, 0.1206538640375559, 0.153253800417249, 0.1601359278226464]}