{"FilterHL": [0.004751286592281618, 0.027646527743256863, 0.018006261114213665, 0.012667102411716407, 0.010462267778108424, 0.02365221921806989, 0.02546812186820688], "NoiseHL": [0.06392614527600274, 0.11826687071779696, 0.08701402120413487, 0.11169766409477545, 0.09070796490422443, 0.11716092581157346, 0.10604094653062161]}