{"FilterHL": [0.026190090949938252, 0.04972272743659375, 0.05803919656359237, 0.03127613787052157, 0.04074778963484133, 0.04793118308453292, 0.04497470878030328], "NoiseHL": [0.08152381413802942, 0.1238530188409042, 0.07512490146420771, 0.10181709819028978, 0.07143001216202115, 0.08608331018277152, 0.05493951832700644]}