{"FilterHL": [0.036672828054589046, 0.02649250775602869, 0.02541509154384561, 0.008019170207331049, 0.027599532106996786, 0.013403677344305007, 0.062194181774427246], "NoiseHL": [0.2552370970786107, 0.22290138043184926, 0.2915357908780179, 0.23354878376466132, 0.2674017333322072, 0.25042033760706817, 0.2830992386084188]}