{"FilterHL": [0.011833506239124303, 0.019528306871553137, 0.018279089232649686, 0.010148218922428094, 0.005735623383297317, 0.011458397460651332, 0.03245470419574655], "NoiseHL": [0.1810923727357532, 0.17935640065571287, 0.1452776156430572, 0.13704917983110607, 0.17437161035590032, 0.1811768635411513, 0.15895856240101552]}