{"FilterHL": [0.011695709263808335, 0.025497460482822313, 0.021689881203687634, 0.034382321630838285, 0.01200869230653027, 0.004228930435679096, 0.02437809584738008], "NoiseHL": [0.08064795450687054, 0.10023585264863784, 0.11652647410243222, 0.08795850959302443, 0.06708454782154565, 0.08459487461644336, 0.12226467044053155]}