{"FilterHL": [0.0029784975759550784, 0.014817800149085906, 0.011298511452498465, 0.004859360970412426, 0.00488692092251587, 0.006056713886929458, 0.02069237647083685], "NoiseHL": [0.17820812604266417, 0.2469995351367284, 0.1739508640397998, 0.23830365491577582, 0.2339324814884115, 0.2565813877378146, 0.2170634452215303]}