{"FilterHL": [0.024271939344566843, 0.05108310848326057, 0.004308442570107932, 0.04162609289707259, 0.022885925657783086, 0.020629682289177498, 0.005400700763877015], "NoiseHL": [0.24325338175388253, 0.2563479014015763, 0.23450811896493595, 0.23873413364688925, 0.2789792842136332, 0.24948035145988487, 0.2754394920633962]}