{"FilterHL": [0.0, 0.004498162375309999, 0.000280901319702829, 0.00212213058039915, 0.0, 0.0008909661623717189, 0.0], "NoiseHL": [0.0990645251354958, 0.14573035392716963, 0.15400905983632326, 0.12746725128251044, 0.13317431117202394, 0.1350299768821453, 0.15237707995139405]}