{"FilterHL": [0.03275495271498983, 0.018674086731501414, 0.04287740029517176, 0.02915453649281585, 0.012603765900757404, 0.03096557548174079, 0.0290293038543135], "NoiseHL": [0.1103808348484418, 0.11628539802675175, 0.11813851050114864, 0.11894578745973551, 0.11767046154034123, 0.09900271661605753, 0.12722643453353732]}