{"FilterHL": [0.010036544847050768, 0.012587988160859466, 0.027244020635861114, 0.028654114599576577, 0.018306698378997156, 0.009563041491685013, 0.01359097646395343], "NoiseHL": [0.12708154112392767, 0.11740704323471322, 0.11125872646769819, 0.12983214776456178, 0.09646137757828899, 0.07998707408926782, 0.09747761789558858]}