{"FilterHL": [0.029611594226675177, 0.04834016590253393, 0.02814173090382926, 0.08241677520092013, 0.01740738191293693, 0.08369601996763952, 0.018661911000512607], "NoiseHL": [0.17534965020272367, 0.16199511502720187, 0.19277084943064504, 0.1755461861396065, 0.1680325783528048, 0.19248665101073617, 0.1891002139312549]}