{"FilterHL": [0.0, 0.00029262289719097237, 0.01408444280811828, 0.014555428434190986, 0.000776645019916422, 0.0, 0.003749569274663651], "NoiseHL": [0.18514569594605018, 0.2541370758203428, 0.2440359217428312, 0.24580344773164514, 0.2108191091580861, 0.2510397938369346, 0.25447842677351723]}