{"FilterHL": [0.0020257608267007336, 0.0, 0.0, 0.0029441438524212445, 0.002835868610278952, 0.0, 0.0], "NoiseHL": [0.4288381937572291, 0.4663700230537902, 0.47104275297015685, 0.505848241830575, 0.4267425798781977, 0.46234824365615323, 0.45290055876146085]}