{"FilterHL": [0.0032388738439402213, 0.021978295764011727, 0.027296033378945126, 0.002756942173146046, 0.017673243053103978, 0.05045105762618204, 0.013981033464710852], "NoiseHL": [0.11948054579891719, 0.1878601106679854, 0.12347578420772444, 0.300054529169071, 0.13503764318311468, 0.2687306196002184, 0.16789973020975527]}