{"FilterHL": [0.0, 0.0, 0.0016338346095902067, 0.0, 0.0, 0.0, 0.009836005829989204], "NoiseHL": [0.14395320073022042, 0.18920084887799915, 0.29183887160721417, 0.2816336424931959, 0.19836422482717905, 0.2071544063142342, 0.3114298399318968]}