{"FilterHL": [0.018638759148373145, 0.035768476363042395, 0.007633588693493613, 0.02356914146571699, 0.023328348279070585, 0.024490641615969665, 0.019998796560818946], "NoiseHL": [0.22119378075435137, 0.21675168955165391, 0.21273356317601688, 0.22062489875670852, 0.21569853309037088, 0.2511535916588353, 0.2220509454794368]}