{"FilterHL": [0.02423747024799943, 0.0218298261193512, 0.01614034513042845, 0.030288254845936745, 0.03398599022338448, 0.03142249004234625, 0.035188387870736956], "NoiseHL": [0.3370847999294922, 0.3325478234231769, 0.37061112152795006, 0.3506132984804566, 0.44356564331903614, 0.46387817210598364, 0.4720231926897588]}