{"FilterHL": [0.033822328955873796, 0.06321640697763573, 0.05200740486388032, 0.05164972046509728, 0.04991048111117723, 0.03380220448949213, 0.047378322157761124], "NoiseHL": [0.04561173068248481, 0.06447956567193278, 0.041334426346351844, 0.053450191762722775, 0.04700235372009126, 0.027547031001950568, 0.05378064378846524]}