{"FilterHL": [0.031978281849206515, 0.0595774575489522, 0.04676170726248514, 0.05087091964676382, 0.0478398772642105, 0.05173525942551208, 0.04625356756868986], "NoiseHL": [0.08544018977259953, 0.08466986400157786, 0.07527048079066216, 0.05229960278559843, 0.08639497422379368, 0.08190917175187688, 0.09623460941394929]}