{"FilterHL": [0.2931214237181787, 0.24467363908264303, 0.3865827676933079, 0.2773081060336153, 0.4857469132172163, 0.6840122462468504, 0.3560141587804888], "NoiseHL": [0.7363927395282736, 0.6718761064658136, 0.7479963464461205, 0.6613930359855755, 0.7703593301398252, 0.6857131608461327, 0.7554287841944423]}