{"FilterHL": [0.15992491237490442, 0.10996726354493573, 0.05243244602524062, 0.20489616880237976, 0.41949389613747823, 0.42471014646493105, 0.3680074137261781], "NoiseHL": [0.6119263673696981, 0.41476328984105093, 0.42865101019426927, 0.6137553259599702, 0.6620979698643316, 0.5594379364746949, 0.539251690100747]}