{"FilterHL": [0.0, 0.0014648770091694127, 0.001331788027193883, 0.0, 0.0, 0.0, 0.0], "NoiseHL": [0.33092608230775955, 0.43647495296203576, 0.3183155034171673, 0.43231847120657996, 0.4003881833183576, 0.4288381937572291, 0.3996616021907821]}