{"FilterHL": [0.02803344997767662, 0.0383928159257221, 0.03588676290998583, 0.04614035434180028, 0.03918035358358265, 0.04103035957277682, 0.03865673268400822], "NoiseHL": [0.02249239436506085, 0.045920740169239034, 0.042341124248609356, 0.03296924667590355, 0.021830278310521475, 0.027934720234307427, 0.025094941053112073]}