{"FilterHL": [0.0004411833294366524, 0.0007474268394286978, 0.004701067261570153, 0.00553822620491304, 0.04329419162728222, 0.04586118420223306, 0.000833924599315379], "NoiseHL": [0.16801938030584954, 0.21561738357673682, 0.2040308725401923, 0.21025445248225683, 0.23060782091483106, 0.2563128902265686, 0.22721260617900388]}