{"FilterHL": [0.0051997408386448, 0.012227838000097458, 0.007170258844709047, 0.017019791440601246, 0.011099170949051756, 0.012972419075688165, 0.017161990110309708], "NoiseHL": [0.10358228690104271, 0.12769838383698012, 0.1598154067738364, 0.14599295601187787, 0.2020883820030055, 0.21444007641699553, 0.22379596159746776]}