{"FilterHL": [0.045638051406022, 0.025451282426199304, 0.04788633935364877, 0.044696206080084434, 0.04668097889559315, 0.034494574529517416, 0.042644793457558436], "NoiseHL": [0.17047522838168927, 0.1680290942438532, 0.20541549216929708, 0.2147009289876209, 0.24297733522468892, 0.26692033304900636, 0.23975839341592933]}