{"FilterHL": [0.007560512778808634, 0.005113383433350567, 0.01435578635964564, 0.027304770934603397, 0.04712895596559079, 0.01219573564135001, 0.020998136210837973], "NoiseHL": [0.17018143011613313, 0.2224433208425841, 0.22455887701810748, 0.2690502892944844, 0.182161958996936, 0.18595216889762683, 0.23115303752977762]}