{"FilterHL": [0.015218231156151047, 0.030687903047132405, 0.01873888398582535, 0.020106675263094377, 0.015909565011938187, 0.018977288143877412, 0.015762740155980885], "NoiseHL": [0.07408559161966483, 0.08895968670263069, 0.08033984530175367, 0.09456280956705866, 0.07345285520257303, 0.06815415960615602, 0.06387404612406468]}