{"FilterHL": [0.023230981345708522, 0.05353342445709136, 0.0642440086407263, 0.036217703484615074, 0.10210567231925542, 0.07441122378004823, 0.12535725631779057], "NoiseHL": [0.20150540149057644, 0.08261507582868557, 0.19865354053296014, 0.017461710787128097, 0.08842104792038886, 0.04878570999993191, 0.07850655360209377]}