{"FilterHL": [0.1700892196791709, 0.15908927081792165, 0.15263692985198482, 0.13750905820270284, 0.2901569154411984, 0.2602641243546063, 0.3699039131700628], "NoiseHL": [0.5325048954434252, 0.5179676033418661, 0.5572183077404708, 0.5604480518735924, 0.5266444724247621, 0.5305999691804346, 0.5543777855105343]}