{"FilterHL": [0.007014002834598537, 0.0188049596286611, 0.02067999665283834, 0.006668215198742928, 0.006719789790203873, 0.009351892294033465, 0.009419824178259647], "NoiseHL": [0.11343271181312749, 0.11963683429253329, 0.1313997047913999, 0.15441611306976452, 0.16443208504870022, 0.1732203313256092, 0.17596622465195721]}