{"FilterHL": [0.012550825052657096, 0.013488766272803675, 0.028935534118150398, 0.029506465028324463, 0.019496863423003625, 0.010315946079654893, 0.01653970803956418], "NoiseHL": [0.16989269264162785, 0.14746966932210856, 0.1628140918441456, 0.14582614881727526, 0.11944653194743483, 0.10423491412358978, 0.1378413806699919]}