{"FilterHL": [0.002764533879870627, 0.015894614215430383, 0.006536159262537314, 0.012279240009100325, 0.008532931627501699, 0.012883206662443301, 0.009686172084122433], "NoiseHL": [0.13574187425991793, 0.11082769605248718, 0.12783241581864305, 0.12553899174423117, 0.1476348636508765, 0.15891237187188822, 0.1441918254760946]}