{"FilterHL": [0.0164584960458086, 0.02451871699218317, 0.02695297895442189, 0.015426765107744812, 0.05820716198877553, 0.03811252147438534, 0.0489760205122465], "NoiseHL": [0.37295762950638534, 0.37669484066235553, 0.35503624739230344, 0.36755930482024046, 0.3172805131918227, 0.29747932334452104, 0.29912996432748856]}