{"FilterHL": [0.025913270010223945, 0.020890023670601096, 0.03463776621816049, 0.01731474793705373, 0.010621635754918132, 0.019965636863165798, 0.025836691378384527], "NoiseHL": [0.3425330849676951, 0.34741498014215266, 0.4890453979700072, 0.4729997494653933, 0.36681103646729224, 0.3852470621202099, 0.47280304789188143]}