{"FilterHL": [0.018975717757098314, 0.018640995545198807, 0.015481060650583108, 0.017230434446331194, 0.020984575234477842, 0.03920830759410323, 0.02523713173488787], "NoiseHL": [0.0803243800510064, 0.140494040346052, 0.08389076041851855, 0.1634145161600099, 0.06860509543827689, 0.14446598821737522, 0.09125698281789782]}