{"FilterHL": [0.024399334923658658, 0.056286168228094874, 0.02359930857587402, 0.024230226988125544, 0.04100679101541946, 0.010856251866931357, 0.01725630250024797], "NoiseHL": [0.20133762615695902, 0.25761662863455165, 0.2070804629003756, 0.27385240163885904, 0.20155872480020878, 0.22435526912810136, 0.22654095642950298]}