{"FilterHL": [0.023047215321948325, 0.05190125672909026, 0.024912558703703142, 0.07490093614614544, 0.03776188326405603, 0.09259174909706915, 0.05153340804046605], "NoiseHL": [0.1914657925369384, 0.05200301213475325, 0.18319044748375737, 0.058760250739387204, 0.20686035573132047, 0.06141870291784096, 0.20445777333919812]}