{"FilterHL": [0.010038186680603526, 0.002661044821120329, 0.012685280034692398, 0.04055147629554341, 0.013922280469190458, 0.022270200665440477, 0.03211337050431229], "NoiseHL": [0.1989965217002383, 0.22359317542157514, 0.1811743068877354, 0.2273039116183942, 0.15972827359944633, 0.1896776552837257, 0.16267711736146856]}