{"FilterHL": [0.009297877308391714, 0.034782004439755265, 0.010329373716030254, 0.03962677342543756, 0.014726928966348836, 0.03766683704636533, 0.022707903016569123], "NoiseHL": [0.24214745773524413, 0.11336195770012342, 0.25062508692488616, 0.1179443633806438, 0.251929763243949, 0.18157135003382233, 0.26050140952982676]}