{"FilterHL": [0.041364113146826156, 0.07114545496571761, 0.017140623081946343, 0.03333090079751031, 0.0402152112508684, 0.0500276779277164, 0.016197242433545065], "NoiseHL": [0.07977267149423227, 0.0831337040390247, 0.08173614503281726, 0.09925789393627404, 0.08220879907591638, 0.09896505700710065, 0.06658653503917748]}