{"FilterHL": [0.0031072766742482115, 0.024725344018219735, 0.018365590977245747, 0.004232344077928551, 0.0033383732225894503, 0.015789100672616237, 0.016926020519358462], "NoiseHL": [0.1568000099712924, 0.18461197845225455, 0.15790093227305685, 0.18629361824931145, 0.14512955204604755, 0.12757649831263776, 0.14597512668840404]}