{"FilterHL": [0.010255699021191741, 0.03155212504095148, 0.016960239484714916, 0.027880001197216262, 0.00896451700715074, 0.013013562079772556, 0.04022971253401846], "NoiseHL": [0.059558300869808664, 0.14820168950508256, 0.07788206904567921, 0.12636952803772175, 0.07918159000885833, 0.12421197404845494, 0.08956128060985614]}