{"FilterHL": [0.019921592055796706, 0.024566024893974785, 0.01957898560734748, 0.033599317447965085, 0.022180359890944128, 0.02705415140500326, 0.014178444905170976], "NoiseHL": [0.09454900947047026, 0.06754994230719362, 0.09656463592772077, 0.09680068583873075, 0.13357396138502775, 0.16544747999931522, 0.13931219886519938]}