{"FilterHL": [0.018869876458484664, 0.0515565880700259, 0.009879201644413175, 0.031709024035874916, 0.027228740192327808, 0.03466603887001293, 0.018690362522513736], "NoiseHL": [0.13794925555484505, 0.05297253707456239, 0.13350545656826499, 0.06070881946345418, 0.15389798785764428, 0.1870690339761172, 0.16048377296905847]}