{"FilterHL": [0.00937943683153135, 0.02948787956776752, 0.024797140006304324, 0.005269138543671784, 0.08421407725699216, 0.09871581562360139, 0.08493326663994924], "NoiseHL": [0.13879167965859465, 0.14285292372568745, 0.14045108281579097, 0.159485468416378, 0.16432982407414667, 0.1764431623122176, 0.15452531809294182]}