{"FilterHL": [0.027734192703639735, 0.022603817720842485, 0.015130966831886234, 0.026436594372203207, 0.010169716569075045, 0.020206047273025232, 0.03438365781812859], "NoiseHL": [0.22848490349781933, 0.22396428542427643, 0.21226443255197047, 0.22741316628919694, 0.19472077431312435, 0.18250532762706065, 0.19621412468697524]}