{"FilterHL": [0.0469050323932224, 0.03952430017859472, 0.027994292789052997, 0.03498746014118573, 0.02369716553380835, 0.03386683592089491, 0.04853627634723119], "NoiseHL": [0.04197827455300748, 0.08198951777358729, 0.054074073419142485, 0.0654860527600674, 0.03908830991299062, 0.08357290618675084, 0.0421264179324493]}