{"FilterHL": [0.0, 0.0, 0.023581053754457876, 0.01367391275268098, 0.0, 0.0, 0.028214457230667636], "NoiseHL": [0.3140257650798779, 0.3621602913026009, 0.2220492160700205, 0.278832643860604, 0.33586924850133365, 0.35355339059327373, 0.2586764521243953]}