{"FilterHL": [0.02618596435485775, 0.0511801838177155, 0.009170756264449555, 0.021078144363948132, 0.034868750207908555, 0.028873020474890612, 0.00933837480862845], "NoiseHL": [0.11719318331342744, 0.11477997421132267, 0.17928974966348932, 0.1586514008488023, 0.16622230455337525, 0.1797603953646832, 0.19777259039194736]}