{"FilterHL": [0.02072663376420131, 0.035596511223599595, 0.030418854293839375, 0.05723111229401669, 0.028006840691702256, 0.026879879712139718, 0.02785803524143688], "NoiseHL": [0.17502715952443576, 0.14345171351964867, 0.11291917598755456, 0.12214001483682232, 0.18854449532779308, 0.21893407807152876, 0.1804025516688748]}