{"FilterHL": [0.006688849614183135, 0.008732038258120528, 0.005695589518410143, 0.0013008106756072155, 0.004482092880658537, 0.012313176970574541, 0.014982120516135171], "NoiseHL": [0.07333346733189074, 0.09238295344683063, 0.1141736517824853, 0.13943940265917273, 0.11310898769835433, 0.11448669900681549, 0.10985400569276983]}