{"FilterHL": [0.023432918483386165, 0.058399934172005744, 0.03084818069301267, 0.043905347409651324, 0.056013546188139925, 0.05459243041145759, 0.04322442198338574], "NoiseHL": [0.057383643357739364, 0.09161216097987901, 0.022795123518149853, 0.06318201896898429, 0.10112288751473658, 0.08657617111735114, 0.07736418809758733]}