{"FilterHL": [0.0002001204816643513, 0.0006247658610595764, 0.0, 0.0, 0.001238199463129036, 0.0059755195436703365, 0.002054355668067247], "NoiseHL": [0.32843355267654617, 0.35670015035662817, 0.3479977451053712, 0.3423770863549488, 0.36060618173820735, 0.37367265939453914, 0.36370975920756327]}