{"FilterHL": [0.0, 0.0, 0.005067877643201054, 0.006658224517672408, 0.0, 0.0, 0.00399225418808268], "NoiseHL": [0.1490620996510314, 0.13129518424232386, 0.10870671402675779, 0.09412871377552387, 0.1490620996510314, 0.12938974008971083, 0.11530062893959664]}