{"FilterHL": [0.01723685225389973, 0.05653555473690768, 0.014002418654284749, 0.04944282688924396, 0.015168595390387757, 0.06357355222330673, 0.028286554041531922], "NoiseHL": [0.09185028189470781, 0.29732853276364696, 0.1008330412506603, 0.30603478072207685, 0.09159744501927522, 0.29703345882929444, 0.0999904100388246]}