{"FilterHL": [0.007131917867527729, 0.053990343122604256, 0.002964472167105304, 0.018701516269903105, 0.01101340368557969, 0.020486836473454863, 0.0030124284195552297], "NoiseHL": [0.10392629776959246, 0.11733569159473528, 0.12745680221579286, 0.12830077262193043, 0.08859462628481767, 0.14414499477320608, 0.13148709802462344]}