{"FilterHL": [0.007516159724512655, 0.028401118857888104, 0.020522709576247782, 0.011722487695244466, 0.008301759149928725, 0.010735159562115223, 0.02564988491531995], "NoiseHL": [0.25107325145867027, 0.15741697550029848, 0.29367207484445984, 0.20995719197122392, 0.2516566606811079, 0.1412001256045157, 0.2759715289909633]}