{"FilterHL": [0.003231823273325854, 0.016335599234207646, 0.010049450863650144, 0.005090237444560543, 0.004589671668879431, 0.011537727478290058, 0.01981499413973067], "NoiseHL": [0.0809434181561893, 0.16500543706152387, 0.1295647569267794, 0.17679067186038877, 0.10662873351548269, 0.15100872240226174, 0.1371203610418134]}