{"FilterHL": [0.0672622489088207, 0.08133596418588794, 0.06309550184755307, 0.0944689900278735, 0.07338231527119983, 0.08937777264457951, 0.10222396676556227], "NoiseHL": [0.22768546846874488, 0.22704867632892337, 0.22438210047860307, 0.24253204921666413, 0.25650203424232665, 0.28260137305503813, 0.28182590996460444]}