{"FilterHL": [0.0321135638230854, 0.04038870066040143, 0.02858953954144454, 0.03466087313699247, 0.03446326257318085, 0.024419640657675365, 0.04355920746078059], "NoiseHL": [0.029814089090889492, 0.03454270886088545, 0.035597181769132055, 0.051588210121832, 0.03810159008859158, 0.020835320841028813, 0.050328295418074584]}