{"FilterHL": [0.05088826698586633, 0.01708048880324399, 0.028545159280851707, 0.01022697278836925, 0.04904400348990415, 0.011446994691086253, 0.04960176112475877], "NoiseHL": [0.304543136608482, 0.19196027544459965, 0.2885665764863128, 0.30973508540645583, 0.32280890051992767, 0.24052531391567053, 0.3499353810278478]}