{"FilterHL": [0.026314615187194707, 0.04655326567894436, 0.0336953915623509, 0.052607479519601236, 0.03392542456090749, 0.04679192067839462, 0.028902500342599356], "NoiseHL": [0.2294495238556742, 0.26040073778502576, 0.2856134439290561, 0.2765389910349492, 0.2634299627705206, 0.21307731771770608, 0.2841663584066278]}