{"FilterHL": [0.03853495781025267, 0.026317434415675522, 0.048511674966248274, 0.032999984010516445, 0.035934022768525704, 0.016513681812485696, 0.06418403179247129], "NoiseHL": [0.14278161247942037, 0.31924325888923943, 0.1326004573293574, 0.3162474025177098, 0.1485772715847721, 0.24413206503160542, 0.14304244566447394]}