{"FilterHL": [1.1737994735855626e-05, 0.0, 8.276018020041695e-05, 0.00012579845952407883, 0.0, 0.0, 8.276018020041695e-05], "NoiseHL": [0.15880924869119284, 0.2108191091580861, 0.17390359233227096, 0.22834309600589234, 0.20467814417459612, 0.14737794897420034, 0.17390359233227098]}