{"FilterHL": [0.01804348571947077, 0.020475911400270844, 0.021378580693630387, 0.024996598542369124, 0.015150802433315742, 0.02849522029552816, 0.027485158504124363], "NoiseHL": [0.24576085686206217, 0.23804196612148396, 0.2505822086175311, 0.2560912959850296, 0.3002164987322336, 0.3266743488501973, 0.29838333705142756]}