{"FilterHL": [0.0, 0.013301937170641312, 0.0, 0.005443847512336318, 0.006946477522704456, 0.060252679000253995, 0.0020215551791960907], "NoiseHL": [0.2520758735267398, 0.21179549591199048, 0.2393868301256415, 0.21921248018051606, 0.2806907803767703, 0.25220020615829913, 0.2622422036792348]}