{"FilterHL": [0.027249318173913035, 0.04913418972536149, 0.022808455237725966, 0.033934331852240915, 0.029400502263628052, 0.060901850139810115, 0.021120199172925947], "NoiseHL": [0.03753657800625411, 0.04309291377626409, 0.050266894798976926, 0.040291654165159514, 0.04553838016100845, 0.06582163286695154, 0.02438661995969677]}