{"FilterHL": [0.013916791967858045, 0.01213860268156799, 0.01638477331879271, 0.018255958409727005, 0.10650197877697314, 0.09292488712179246, 0.09247782953147374], "NoiseHL": [0.3281878303947478, 0.33287519221338946, 0.3214250419749554, 0.35490430112692234, 0.2766159099518565, 0.3238260438064385, 0.281581835485106]}