{"FilterHL": [0.025681875355999934, 0.04658646299181964, 0.03856270218541538, 0.025978780623223903, 0.030884945003451233, 0.030751287178522043, 0.03390074570018748], "NoiseHL": [0.025066942158819387, 0.05889363238999194, 0.049063877927081806, 0.048950746748549004, 0.03536348528960249, 0.03562922824828894, 0.04304641427045032]}