{"FilterHL": [0.014258103107100541, 0.009663553547948234, 0.010832973998700866, 0.005234549258527919, 0.0003867969836728081, 0.009007473105002613, 0.007546236927422905], "NoiseHL": [0.28814395239069046, 0.31403700299144827, 0.2802273561003492, 0.33758618977421945, 0.2731974384736268, 0.2717442047520408, 0.261389951080085]}