{"FilterHL": [0.01922744607881788, 0.0514021687118942, 0.030641028717352317, 0.040650379427304345, 0.04113544012097784, 0.04859172152133789, 0.06976686287952928], "NoiseHL": [0.031666269736957825, 0.04322495819890235, 0.03142871798021828, 0.05356202372996093, 0.03989878125026158, 0.05105429441841504, 0.06299920769131666]}