{"FilterHL": [0.002130772710350367, 0.010871406304030542, 0.007706495838070998, 0.009559788797786016, 0.0026344500422693963, 0.0016536077262211835, 0.01594353019687244], "NoiseHL": [0.09907444056909931, 0.09395775237988029, 0.1215186219642649, 0.1109756896269502, 0.1255033033987079, 0.15260984025150248, 0.14395448333393285]}