{"FilterHL": [0.020439005175604423, 0.042497272177857516, 0.05050770504760554, 0.030191235862190774, 0.020683322297692656, 0.029253627946473917, 0.03951191940844493], "NoiseHL": [0.04968918829088307, 0.05298659898352472, 0.08177471025975429, 0.048374334869964807, 0.0368566608528277, 0.04051935804447887, 0.06258149734437919]}