{"FilterHL": [0.06605146127171825, 0.043316207269003384, 0.028804576980598372, 0.0630102273581397, 0.048385561359199816, 0.0771889580403564, 0.047990163092352704], "NoiseHL": [0.03427368666258349, 0.07388183522797898, 0.09989484673680417, 0.1200488463266676, 0.10056528772490018, 0.12051041109991649, 0.12093795936807271]}