{"FilterHL": [0.05581646883654738, 0.06059139624578733, 0.027586410475287277, 0.0447562934931331, 0.21519886868702456, 0.3891271477083007, 0.2321683413445013], "NoiseHL": [0.21430878576577242, 0.20705884361565705, 0.23279487401153498, 0.22603350702250544, 0.3183116531108569, 0.43704522514251676, 0.2990536092304962]}