{"FilterHL": [0.0020094705023547244, 0.015888078345250554, 0.008324163238975668, 0.012507743828175617, 0.008510430573347523, 0.014638205543225835, 0.013231994383943027], "NoiseHL": [0.14307527328352773, 0.1523813573971411, 0.14919000204402333, 0.1507451423912194, 0.17649380471112003, 0.17100050666345445, 0.17545305435790381]}