{"FilterHL": [0.006718743057979409, 0.01211202450028681, 0.0029918666841944894, 0.013085159288298665, 0.0024728930064123805, 0.0077486623735982686, 0.004427069314577154], "NoiseHL": [0.15259721712876678, 0.2072384147719815, 0.15240902606382026, 0.20368696334525643, 0.15410546855750995, 0.18928740605560845, 0.15740795261151302]}