{"FilterHL": [0.09592974053811852, 0.05182990758905221, 0.0924789239778013, 0.045911231388315384, 0.21803182548445957, 0.11129425945469383, 0.21737545140049191], "NoiseHL": [0.1745584256537648, 0.17808036949768735, 0.17234986981441824, 0.17134954189686588, 0.29985225525098597, 0.1852612186512045, 0.28522647603973444]}