{"FilterHL": [0.01992434873050162, 0.04348245637606759, 0.02139368959318599, 0.03582185550008792, 0.01934249764780717, 0.03800875243340702, 0.00932406393335812], "NoiseHL": [0.07504315667233347, 0.050325668260780096, 0.08522105035546913, 0.07343441039793408, 0.13917414033582884, 0.15090165211528955, 0.135434739183609]}