{"FilterHL": [1.8882040238701385e-05, 0.0, 0.0, 0.0, 0.0017945508351598712, 0.0, 0.0], "NoiseHL": [0.16347562845929112, 0.2612408472229728, 0.24474362140675346, 0.3140257650798779, 0.21561738357673682, 0.2797452855106961, 0.2825738991468142]}