{"FilterHL": [0.2019112690942752, 0.16810184838821557, 0.34225800097814235, 0.252126709744944, 0.3542430129324149, 0.4864694175420301, 0.45404935686027953], "NoiseHL": [0.24759742079024377, 0.239192875670545, 0.516754031402702, 0.460180987280189, 0.2131865705860198, 0.24141524533367556, 0.4845383100992234]}