{"FilterHL": [0.03055998049720887, 0.06073483614895368, 0.023783120930369737, 0.03646853123507342, 0.0351518488537115, 0.012892065265088588, 0.04143050449794622], "NoiseHL": [0.048278523321316484, 0.05082087923649117, 0.025276236908170314, 0.043707159313561054, 0.027340283421810226, 0.025372815938995073, 0.05234883049089096]}