{"FilterHL": [0.0010033433422158655, 0.022968816558910275, 0.013672499124220118, 0.0063173243325187756, 0.030461650959838747, 0.034012347134502185, 0.028329933049887648], "NoiseHL": [0.22264006115222723, 0.2892539124495427, 0.17825020256238336, 0.23951699127757808, 0.21907876729841297, 0.25072608581544903, 0.19730680278026957]}