{"FilterHL": [0.022470078712581484, 0.0048663649695227275, 0.011187115732470726, 0.01870160426834141, 0.013878292211176146, 0.005697688718828728, 0.012306616324001958], "NoiseHL": [0.27030682984403315, 0.27229086686372367, 0.34646123186448924, 0.38230138181684575, 0.3193255270457303, 0.3378864047525811, 0.38323030372617817]}