{"FilterHL": [0.07241773072286657, 0.05881505789303233, 0.06936926564205875, 0.03117101576303661, 0.07550578328313479, 0.07003926799995057, 0.07218381864522291], "NoiseHL": [0.08995683799053904, 0.08161479457535664, 0.07154296330412226, 0.08840373365468471, 0.08871521124388904, 0.07485843899681242, 0.09257539240330194]}