{"FilterHL": [0.014251280426237807, 0.019281225544804707, 0.029715758520562133, 0.112640388905715, 0.0297005733234024, 0.11086385067566824, 0.1185725387116664], "NoiseHL": [0.11860944078695113, 0.33431635674465343, 0.15697101511431844, 0.3383662951724406, 0.13825582520698065, 0.3259463583607866, 0.20543326049196653]}