{"FilterHL": [0.027118465976319315, 0.06941808690204813, 0.0334990380624687, 0.058466076556624356, 0.038991746478658, 0.07118662922866849, 0.04917476129176097], "NoiseHL": [0.2005404083733196, 0.18208372651948157, 0.17194963495419113, 0.1836262517928938, 0.15138546987873597, 0.11894830963389273, 0.14542198899858463]}