{"FilterHL": [0.04031983604046303, 0.03057182409675868, 0.007909392979201133, 0.030292261944601474, 0.03814841430474083, 0.0372650100487653, 0.024005040121730426], "NoiseHL": [0.1923466222706857, 0.1892664576354597, 0.17436435339068282, 0.18290397388930946, 0.23286508574237633, 0.22304475432571955, 0.23206004579932538]}