{"FilterHL": [0.02451840859419521, 0.03847445537519766, 0.020710016374489982, 0.024867816215421116, 0.32113168857687147, 0.1462615940154745, 0.09498335278370097], "NoiseHL": [0.35937529911738775, 0.35840222072763817, 0.3308972782526684, 0.31834415655999077, 0.36396736474088315, 0.34132134795191826, 0.315346145583991]}