{"FilterHL": [0.024318267526853263, 0.019450733136236402, 0.01170828441616855, 0.02257427171399017, 0.006040871217376945, 0.010747310583221776, 0.030360436273451728], "NoiseHL": [0.1299024033469929, 0.26504529437106183, 0.12714968177985575, 0.2656511296664368, 0.14572114549043783, 0.2658950970035751, 0.1571003861159094]}