{"FilterHL": [0.0, 0.00016911337900943078, 0.018412697535582674, 0.0044134339037989155, 0.0, 0.000748734775458238, 0.004739097962458569], "NoiseHL": [0.24154202878078956, 0.28444670306439407, 0.15872515635740655, 0.19187642188266996, 0.2797452855106961, 0.2853793027819435, 0.17416389226171697]}