{"FilterHL": [0.0, 0.0006742495672559049, 0.001069948594944913, 0.0, 0.0, 0.0, 0.010664890758048192], "NoiseHL": [0.35670015035662817, 0.33092608230775955, 0.3945522710850319, 0.3827123361818522, 0.3621602913026009, 0.33586924850133365, 0.41190637167425387]}