{"FilterHL": [0.1490251836215946, 0.10367929894226678, 0.13954896952908105, 0.09804993788722623, 0.14701894695418155, 0.14308449437671827, 0.13972477999261515], "NoiseHL": [0.18348263911679852, 0.2867354403921782, 0.2312098145729796, 0.30292234701762105, 0.23468181194582666, 0.29449933446557075, 0.25028180515804166]}