{"FilterHL": [0.16599226687338853, 0.03726683992735527, 0.04089502298962868, 0.02622835161263443, 0.04147550058548005, 0.09410537486365436, 0.1521255659552116], "NoiseHL": [0.28400607316384874, 0.32232903342897606, 0.29610888684244924, 0.3462301384799418, 0.2850736867911049, 0.2980250625808945, 0.2809000663697224]}