{"FilterHL": [0.03529390657293583, 0.042458505985534335, 0.013803142791811844, 0.05617944714943484, 0.044749383476546147, 0.06169259077183221, 0.06187539804864135], "NoiseHL": [0.07998839563720161, 0.0801271355189266, 0.07469895244046063, 0.07344978187251018, 0.09943562608986424, 0.08721004193601968, 0.08767488585747289]}