{"FilterHL": [0.0257885665710749, 0.04728278948500569, 0.02201375530389148, 0.038927120095906036, 0.029515081553952636, 0.03293350274710182, 0.03813417212901036], "NoiseHL": [0.040187995506821006, 0.031180451023183443, 0.04091840598295553, 0.06950149669001186, 0.05472873457016502, 0.03219495800625139, 0.05564154666348567]}