{"FilterHL": [0.006097381820870886, 0.014594279019304341, 0.007976998926501631, 0.018422384509854017, 0.11358449312961598, 0.11632944985096892, 0.13002637028044245], "NoiseHL": [0.521949636448315, 0.5723494460933872, 0.5214124902572126, 0.5670800919285545, 0.44674146234110107, 0.43106351337623733, 0.45096610584014]}