{"FilterHL": [0.011776722320142874, 0.012571412967524044, 0.021604519558147867, 0.0029058406724382863, 0.00571396856501506, 0.004635030512179394, 0.020732893130144633], "NoiseHL": [0.22392117920585855, 0.2048721572731422, 0.2388805510462148, 0.2390002749559678, 0.1989993394879315, 0.1990362618459003, 0.24100955924871578]}