{"FilterHL": [0.026479843484169156, 0.01395993938182676, 0.0022272975535815565, 0.02426941447572484, 0.01554971864502797, 0.012188056874198617, 0.008851796856332599], "NoiseHL": [0.304649315238936, 0.2547452806123692, 0.29604954602013706, 0.32239595798549003, 0.30822398369749165, 0.25260825028909273, 0.28732570579053146]}