{"FilterHL": [0.009244679281996737, 0.03693175951419812, 0.017317907463652093, 0.009785409305118587, 0.006901361793263996, 0.01258639707714182, 0.02131702712391651], "NoiseHL": [0.10655434738566592, 0.1018821741373648, 0.0706495194274801, 0.07706356759077561, 0.09668791458123378, 0.09205648572686653, 0.0636753486488255]}