{"FilterHL": [0.06791287380042905, 0.08138673573265325, 0.017839614995075668, 0.044008864375362534, 0.028320958574896127, 0.030080779605097068, 0.05671579342795639], "NoiseHL": [0.29956921666240194, 0.25518342747218153, 0.2719533279210292, 0.2363277585405909, 0.28202420090559, 0.2297143218699218, 0.25923612018960596]}