{"FilterHL": [0.028034753432901634, 0.05492487838385822, 0.01955873449734692, 0.031660653192605144, 0.029349102573938905, 0.030754526305100262, 0.016738339294807416], "NoiseHL": [0.1898489895044416, 0.29717136477199596, 0.1575105113032067, 0.3060840463913529, 0.29175728091738506, 0.197568606269335, 0.3005743321776727]}