{"FilterHL": [0.050163607791461125, 0.01333321652186855, 0.03468136614037215, 0.035234367584911795, 0.03255570279252248, 0.026824880958383052, 0.06161901088045474], "NoiseHL": [0.2947760965148854, 0.30317023914377234, 0.303753099404767, 0.30979095485278074, 0.28857449635711263, 0.2660358697803515, 0.31261069953682624]}