{"FilterHL": [0.004692969054228803, 0.02361542908931428, 0.0030710104356048763, 0.006212309521473793, 0.022524417831058914, 0.012721136622372788, 0.015714223876404285], "NoiseHL": [0.2198365978979042, 0.19236391188051913, 0.2202900508252773, 0.22530980488908411, 0.2763054842321919, 0.28941685621014324, 0.28632166352711563]}