{"FilterHL": [0.017501786478871368, 0.0375802426106608, 0.022487628544310963, 0.03945890676331126, 0.029071895451732135, 0.031053440720025246, 0.04143711174514419], "NoiseHL": [0.040246288229584676, 0.06293183710673636, 0.047199063547661235, 0.08553866567181885, 0.051290427467071964, 0.05856527782220813, 0.07025084076384246]}