{"FilterHL": [0.038959331138850486, 0.0722564645802233, 0.04704312333120334, 0.07316311004686545, 0.05951091242937594, 0.04989149172923277, 0.04961367382485289], "NoiseHL": [0.0842153488872288, 0.067813034791732, 0.08874094211118509, 0.08131589506600843, 0.07007227153190831, 0.08845479323259561, 0.04005815740734906]}