{"FilterHL": [0.017375892834928946, 0.02561079224401822, 0.011363663831104516, 0.033511953239348045, 0.01669080584682202, 0.011892383745974065, 0.026516193770058614], "NoiseHL": [0.04065493459627775, 0.05646258566638113, 0.08068216935508633, 0.07938682277234381, 0.0631217541998592, 0.05646010057057416, 0.07734460235657857]}