{"FilterHL": [0.06613618792889621, 0.05904957337362928, 0.04937990838233115, 0.03367024439123391, 0.050055096511057814, 0.03918297585198219, 0.03717834016720551], "NoiseHL": [0.2251749457551713, 0.1824869374793575, 0.2244576020264242, 0.19878196759635597, 0.19054780363459686, 0.14229059281183784, 0.21690349019485392]}