{"FilterHL": [0.009606255273343023, 0.01401549583141819, 0.0011406985459358197, 0.002174136978786022, 0.0118913698386639, 0.0014371609222924105, 0.01085295388704778], "NoiseHL": [0.20369083276061348, 0.18410261533323333, 0.17826170619481602, 0.17108617665218692, 0.1998824716487011, 0.18516200451889556, 0.1879585910079398]}