{"FilterHL": [0.023631019195385475, 0.016972761580673356, 0.008230402667950108, 0.02623955972036062, 0.009450207880778438, 0.010803323915456268, 0.030604132973095874], "NoiseHL": [0.06495839444815674, 0.07541784152525709, 0.10908412904809225, 0.11898385085304794, 0.08144555839872092, 0.07022262207015327, 0.1312152807736781]}