{"FilterHL": [0.0, 0.0, 0.00023037005352456773, 0.0, 0.00019206820054599733, 0.0, 0.0], "NoiseHL": [0.2404665476109235, 0.2404665476109235, 0.2372144506373005, 0.26023620398396025, 0.2612408472229728, 0.24261333094355136, 0.26023620398396025]}