{"FilterHL": [0.06558642557593118, 0.12556937989658098, 0.015351564792901888, 0.19724062125371045, 0.015819929732158733, 0.08599637354469798, 0.22784873203183933], "NoiseHL": [0.3569999475689044, 0.5736167024008281, 0.34826359130717216, 0.5673455982927428, 0.34676186551825994, 0.5838180215311334, 0.3514369735755568]}