{"FilterHL": [0.016287074838583073, 0.025321658555322386, 0.006612479966303607, 0.00782376540286371, 0.007239862686547862, 0.0070614078280212276, 0.002205333154594928], "NoiseHL": [0.1675538361801906, 0.2097154535529766, 0.1952333223849111, 0.19196044854061028, 0.14376200270082667, 0.15563820797351927, 0.18746946219291336]}