{"FilterHL": [0.011315535950771298, 0.014702287905674795, 0.008407815530169574, 0.02656593837614498, 0.01091230812615487, 0.01131673209051862, 0.024536651095014763], "NoiseHL": [0.186559676542413, 0.261661493083261, 0.23858103766259722, 0.31326425828160814, 0.21593240347911213, 0.2596228043731263, 0.27185501449526434]}