{"FilterHL": [0.41759010777143923, 0.46419149403409293, 0.4103595074878756, 0.4485468391426106, 0.4937664569715091, 0.4502211478521162, 0.4240305343053847], "NoiseHL": [0.4416272233787311, 0.45500219896090666, 0.4828112171844344, 0.46729420422212153, 0.43430843527676743, 0.43186179009304954, 0.4663082343996116]}