{"FilterHL": [0.028227002245405506, 0.6621990479362692, 0.013684710192050628, 0.021769338739079727, 0.009340594510493077, 0.009489868843595808, 0.02222401877265524], "NoiseHL": [0.08580720892776662, 0.10450012389134286, 0.27955745830746864, 0.32109713513976684, 0.10602169237653804, 0.0746177835338341, 0.29476764917475146]}