{"FilterHL": [0.012486231022618198, 0.04311953379356753, 0.0005894647373514974, 0.031109032282379635, 0.05993329648013205, 0.09367600375979312, 0.03284992439773402], "NoiseHL": [0.19579368153319363, 0.2395732147177962, 0.18112467142708405, 0.23195113253717933, 0.09089819614020996, 0.1700062343162649, 0.1144115399686675]}