{"FilterHL": [0.016819012964554226, 0.014216621458207084, 0.014281124843435567, 0.03453508141390766, 0.02120895654375529, 0.03603324399949367, 0.015789844142381663], "NoiseHL": [0.2872836166490573, 0.31762399897524335, 0.27350066616925334, 0.3259267320648415, 0.25271857176281043, 0.2887498456022285, 0.25736857485019116]}