{"FilterHL": [0.0, 0.002755260176400773, 0.00016898690822807807, 0.0, 0.05087265691983572, 0.06850390119065213, 0.07485075124593654], "NoiseHL": [0.41617630313644177, 0.44745922355633927, 0.3217152965180304, 0.41546643254346316, 0.4037438668804793, 0.45529981730350233, 0.398079042388041]}