{"FilterHL": [1.414040906223085e-05, 0.04740089640123427, 0.0, 0.003440008888577693, 0.0, 0.008667277667849853, 0.003408729286508807], "NoiseHL": [0.2071544063142342, 0.229608665849141, 0.2510397938369346, 0.268812984038056, 0.24999999999999994, 0.23246062446358204, 0.2900052920042101]}