{"FilterHL": [0.04473664501654061, 0.003691574761488484, 0.0025812126084228575, 0.008494291840949231, 0.048638680342306916, 0.01990722937648118, 0.01769349328745108], "NoiseHL": [0.10154114509665466, 0.1851827094212424, 0.12166216152064206, 0.1619505338181554, 0.1824172846913722, 0.2385346129489396, 0.20074208486312445]}