{"FilterHL": [0.027356979549855436, 0.028937060754756126, 0.03846919837299323, 0.04149261633814961, 0.03784229282215335, 0.06297725753723155, 0.02354015068198631], "NoiseHL": [0.11045122671453307, 0.2522800498069739, 0.1224500570253305, 0.17652143266977524, 0.1449853834635791, 0.09576109741571014, 0.14235501631632125]}