{"FilterHL": [0.006799203433783656, 0.02794752249951038, 0.023691464423120714, 0.012148895166277911, 0.017912476073999813, 0.01186744784920806, 0.007369670148138884], "NoiseHL": [0.21699102490720756, 0.28335021494833795, 0.21203525435423445, 0.291085366226454, 0.24472622968933305, 0.31424587349280025, 0.25245602198667405]}