{"FilterHL": [0.021807240593220437, 0.02323468516766688, 0.03164500957764956, 0.027552141909447027, 0.02167848144368996, 0.03141883757916422, 0.028933240397195865], "NoiseHL": [0.18573095903585365, 0.17403584787364015, 0.18413953913581307, 0.19653224512341563, 0.20669001954736008, 0.22158169075364947, 0.20167697760307482]}