{"FilterHL": [0.01337442381187419, 0.021539766047937767, 0.0032975347041270934, 0.006044136402960034, 0.025785904426055526, 0.015566454286855625, 0.03609531157888733], "NoiseHL": [0.11981444937436643, 0.14260839577662648, 0.10165552884887086, 0.1475573594430539, 0.1562538866286924, 0.18314207183269238, 0.11662467191064135]}