{"FilterHL": [0.011551262046766592, 0.03160059949343311, 0.01840024379514849, 0.015528657881946165, 0.009727678038173888, 0.017243053814381407, 0.02082043674397005], "NoiseHL": [0.06441169248306121, 0.08478589553444574, 0.08164805048252331, 0.10249779032798084, 0.09052348100435981, 0.06838799559583077, 0.09313740005552823]}