{"FilterHL": [0.06431564852330433, 0.02457553004109634, 0.014281439462811978, 0.007117984200375688, 0.008687333787043507, 0.007470434964459347, 0.036402629523910844], "NoiseHL": [0.26240137329962887, 0.3729549330532666, 0.2773146101400358, 0.30551270096165833, 0.3145318617788375, 0.363418525932704, 0.31886014165288884]}