{"FilterHL": [0.02662167721761017, 0.047184356399534236, 0.03310651455136874, 0.03344666281798489, 0.017065807506204605, 0.020601999588670334, 0.02605910361587846], "NoiseHL": [0.07975581812473684, 0.04466474852255552, 0.07034893282691128, 0.05394860485756168, 0.06741998222901792, 0.05097044420605916, 0.07718822473143039]}