{"FilterHL": [0.04370063425851941, 0.037821077044437254, 0.03261471799237336, 0.04346833380007842, 0.03799696166635222, 0.035501644531177656, 0.025096157683915536], "NoiseHL": [0.3156424941434683, 0.3235597178216426, 0.3137847782713874, 0.35651246475484705, 0.31103890404216356, 0.351338127408562, 0.33250633502800364]}