{"FilterHL": [0.028416636948945747, 0.054618725522057605, 0.034688266551999095, 0.03294610700394582, 0.032535875997113196, 0.04519622439059826, 0.049368145505673526], "NoiseHL": [0.11703977325733315, 0.08086298606153847, 0.10123492047401582, 0.07425003954070628, 0.10117115643172418, 0.05700203130219804, 0.07555489390395165]}