{"FilterHL": [0.0021040031252100464, 0.002354428396435234, 0.009646896722268851, 0.0075969457890803765, 0.0, 0.0011740267939716173, 0.009572398733059498], "NoiseHL": [0.24368051018541526, 0.17098527586296225, 0.2191562360823876, 0.11528930972868599, 0.2203211650582041, 0.18785815120172258, 0.15885078218697657]}