{"FilterHL": [0.033107312913948805, 0.04673959788792874, 0.028049156765297963, 0.026512777171143934, 0.03299266135974153, 0.03202500702813815, 0.044241526789467134], "NoiseHL": [0.03001109191246609, 0.06994855197746391, 0.041807919438379484, 0.0390806096730614, 0.046614387063343754, 0.03659127100484207, 0.06226151384202068]}