{"FilterHL": [0.14384579516731447, 0.02098405770164907, 0.157446069019548, 0.024540892290369574, 0.11603049322108241, 0.018693404655137098, 0.17595264165371063], "NoiseHL": [0.6227737492640989, 0.5157577732192474, 0.6317821348773297, 0.5274876727772345, 0.6078097049748277, 0.5394891356915221, 0.6285200298316759]}