{"FilterHL": [0.12716049497110854, 0.22552523938731642, 0.1920244634520693, 0.24448150479510958, 0.5154387024686803, 0.23486915743954617, 0.1552794973652189], "NoiseHL": [0.6157855934403601, 0.6487904677629643, 0.6348286049212811, 0.6084621017948397, 0.6342602770302798, 0.6299608530359314, 0.6417455257994]}