{"FilterHL": [0.009954011315555684, 0.017141642897908857, 0.00455545119971167, 0.010098467880122045, 0.016064503718626957, 0.03455667210359054, 0.029269036523710684], "NoiseHL": [0.18110322978414448, 0.24433357619845866, 0.1872306704040128, 0.27371898875173206, 0.23340569812919462, 0.24764328521964593, 0.240179425735929]}