{"FilterHL": [0.0, 0.002949053345292983, 0.019549043939027354, 0.01742359408928231, 0.007042063751936533, 0.0008803634986266176, 0.02081796528300313], "NoiseHL": [0.26916281322186875, 0.2797452855106961, 0.2592670089716086, 0.27213616310382804, 0.2881621992123956, 0.2730507170196538, 0.28179502320196126]}