{"FilterHL": [0.005473252636972413, 0.01593744211391178, 0.009340223301509321, 0.0058566855428795845, 0.006854396828685434, 0.0035746540258746553, 0.014400520825708907], "NoiseHL": [0.058742937236488345, 0.28868876895824525, 0.25310875610722416, 0.2873455736363283, 0.22264097256196166, 0.29662713925015183, 0.3062423600839804]}