{"FilterHL": [0.012227146012093276, 0.018136065692411774, 0.016470722596032293, 0.012010591686399782, 0.02629344642658741, 0.012564016245601176, 0.023576708624287106], "NoiseHL": [0.1703881322534202, 0.20614787890911065, 0.16830065391635557, 0.21323065062740174, 0.16788335993058, 0.189580188397241, 0.1937653838212437]}