{"FilterHL": [0.00012457598448849597, 8.63641667451512e-05, 0.0, 5.64158072711956e-05, 0.00023762171118809928, 0.0, 0.0], "NoiseHL": [0.2816336424931959, 0.3053053667491258, 0.3157471010468728, 0.3495915558558892, 0.30618621784789724, 0.3350491837643214, 0.34398982727819466]}