{"FilterHL": [0.0024912467606861134, 0.019954719563339746, 0.014733333102436949, 0.006769683296791655, 0.33787639109964457, 0.2798920792904491, 0.3314322664922005], "NoiseHL": [0.08575651523612612, 0.06279783345913928, 0.09906576536212547, 0.09395762343110604, 0.12150718866258148, 0.1442046399063064, 0.12369318655670247]}