{"FilterHL": [0.03295936483046859, 0.060812964197825906, 0.003873483115628534, 0.02186717407192072, 0.0392754477473584, 0.03118480128649543, 0.02615108704720622], "NoiseHL": [0.09975638533445359, 0.180886019348492, 0.08835994713107002, 0.18537854499650339, 0.1546374763620767, 0.12052463429693751, 0.16842729384962338]}