{"FilterHL": [3.706912491492973e-05, 5.784891591198015e-05, 3.706912491492973e-05, 3.706912491492973e-05, 0.04989659794549037, 0.05230993314453482, 0.05028392572989151], "NoiseHL": [0.1837755367050545, 0.17245022900462764, 0.1837755367050545, 0.1837755367050545, 0.14570669927968674, 0.1523931921065691, 0.14395570423528242]}