{"FilterHL": [0.24822466149137987, 0.390208416480219, 0.18176001290703658, 0.19003209302199228, 0.6859507672797471, 0.47408202631177254, 0.5405839828599515], "NoiseHL": [0.6601647566031121, 0.691022347051491, 0.6886814193001393, 0.6854867768212145, 0.6658936059567271, 0.652661980496178, 0.7048955525844323]}