{"FilterHL": [0.03525351185941934, 0.0552799658760534, 0.03435028747923393, 0.03315936659046772, 0.021721886040705584, 0.051555408087869604, 0.02704335259461445], "NoiseHL": [0.03681999434355023, 0.06031772242375531, 0.07904782669894539, 0.06755377234406884, 0.04096326755523295, 0.050417960670511186, 0.07767233886652031]}