{"FilterHL": [0.0012622206432744065, 0.015448072636775688, 0.010751851342125331, 0.006101752853423825, 0.005554717883302709, 0.005163211638253723, 0.011729897076182525], "NoiseHL": [0.22342522145251661, 0.24061378820413698, 0.265403043262494, 0.26723262562012606, 0.2875493545689546, 0.29420988649266927, 0.3218447592765284]}