{"FilterHL": [0.0, 0.0, 0.0, 6.322027559250747e-08, 0.0, 0.002282479628858463, 0.0022642346057492506], "NoiseHL": [0.30881681198870464, 0.39308481444302484, 0.35512924987693184, 0.41261982749319664, 0.3267638742314115, 0.37443152810313624, 0.37138976963783255]}