{"FilterHL": [0.02413037525657884, 0.028558283224499457, 0.02445043305778788, 0.023033499538138026, 0.035603880384652925, 0.006462962988143102, 0.04245848212192728], "NoiseHL": [0.1618486420894469, 0.1291409063679588, 0.1275410477164812, 0.13615139253713968, 0.13285253915894799, 0.14511406218751835, 0.13852738757549382]}