{"FilterHL": [0.020005946020799106, 0.04421187605850545, 0.023006877331942756, 0.03772490348744497, 0.02120942191736077, 0.02783176140408961, 0.031903650169376616], "NoiseHL": [0.0642263767795745, 0.06517957904828853, 0.07104957377081313, 0.06620702149019474, 0.1281462361767787, 0.146928964663847, 0.12882908336256887]}