{"FilterHL": [0.00620599964333124, 0.011056321041506072, 0.004953086656418364, 0.009873812635708945, 0.005587443161293775, 0.005037495864310755, 0.010704984970253763], "NoiseHL": [0.2471573202197324, 0.2835268823851957, 0.2490025805527245, 0.2946781461154613, 0.2633252806328277, 0.2741708139253735, 0.2582686738333329]}