{"FilterHL": [0.02682042014417975, 0.05445021399605004, 0.020706652397327587, 0.040839160619811965, 0.03590367437686376, 0.07394352924659144, 0.030507790140458332], "NoiseHL": [0.061619874403561446, 0.06275272677631771, 0.05843846430810036, 0.06784729363095013, 0.09550156128539292, 0.12463361793447807, 0.08680620823679806]}