{"FilterHL": [0.0, 2.52881136284027e-07, 3.7932173834003755e-07, 5.479092429181228e-07, 0.003348593423527166, 0.0020341299285248616, 0.0], "NoiseHL": [0.11520270074770811, 0.15562474979979976, 0.19448580951758207, 0.2144269219230429, 0.13866442710839363, 0.14567520307051546, 0.18785815120172258]}