{"FilterHL": [0.017924697984988608, 0.029664910152355745, 0.011280761965628446, 0.05000021908019161, 0.01271144821770989, 0.01872324973983542, 0.010605275742705604], "NoiseHL": [0.2024481267862704, 0.27528322687080087, 0.21254559743295728, 0.2834179618005092, 0.23994720362156938, 0.2906599101171227, 0.25164335487961215]}