{"FilterHL": [0.011150932375652548, 0.03300516154047336, 0.016294346384548984, 0.016654202530411215, 0.01684997168550116, 0.017544008779448193, 0.031540116403243494], "NoiseHL": [0.07114471790318765, 0.07147032151999824, 0.08484373414074074, 0.07710303035430742, 0.06237190954676428, 0.07899490243647689, 0.08181864737404633]}