{"FilterHL": [0.00046229131201535017, 0.000345203731846957, 0.021923245320568618, 0.00885672298548019, 0.01628499919732198, 0.012405175655820775, 0.037456274921833135], "NoiseHL": [0.15880924869119284, 0.1214797384251674, 0.18147591033842878, 0.15505783834745035, 0.19473027838586263, 0.16912938856603127, 0.16399609658377598]}