{"FilterHL": [0.004103250771992842, 0.031639712703289864, 0.023072223967180745, 0.01338715501528652, 0.014302927015372181, 0.02931308132640008, 0.009625573243799824], "NoiseHL": [0.19386899463789398, 0.2608754362345041, 0.2580759403038835, 0.3300489120827963, 0.2091484473663287, 0.26988484441947347, 0.2777812583481872]}