{"FilterHL": [0.013265322074268627, 0.039106864670133586, 0.022687072202072046, 0.012090349368527039, 0.020639610458884072, 0.01418609333526138, 0.016701077303953545], "NoiseHL": [0.04993773582768647, 0.06544647533486475, 0.06513224664604879, 0.06531325986922724, 0.08650209582693395, 0.09911469246794322, 0.0985601853814848]}