{"FilterHL": [0.04303284008807737, 0.06685891299156224, 0.03680909489448659, 0.021372129029593928, 0.03714892470572729, 0.029613690489084854, 0.05595718892413281], "NoiseHL": [0.14930701551322878, 0.1743367741739776, 0.17745974181747867, 0.1763501182012664, 0.17547530684518328, 0.17594185882865157, 0.16339418734771816]}