{"FilterHL": [0.00010297224856615357, 0.0, 0.0, 0.0, 0.0, 0.0016883109417313315, 0.0], "NoiseHL": [0.14737794897420034, 0.1957864663624126, 0.16801938030584954, 0.21680194274139555, 0.20342970988495518, 0.22946862650151673, 0.21561738357673682]}