{"FilterHL": [0.042783489707716796, 0.049146233498545154, 0.016452212627088816, 0.04809598491446742, 0.03602724792486289, 0.04091307638180343, 0.052133646947816005], "NoiseHL": [0.040650751283296, 0.058475042140629305, 0.04875155755192703, 0.039853972827187494, 0.05079974768073263, 0.03364920354253552, 0.05655981009035352]}