{"FilterHL": [0.0722512008148548, 0.08732262064014111, 0.13351131070266636, 0.10767762296721317, 0.6091845334984521, 0.6452442202865717, 0.39444299828817947], "NoiseHL": [0.4574131416868728, 0.4777898627125331, 0.4326877817133304, 0.44775598430696795, 0.7115369856211755, 0.7112275932110576, 0.39978199475755466]}