{"FilterHL": [0.02859875242219006, 0.03209070345840666, 0.028492516086608747, 0.01709967219997748, 0.026931398491896692, 0.0331543361873584, 0.040647967730615506], "NoiseHL": [0.15974565326954518, 0.18587918270794346, 0.1869394561736675, 0.174170840169799, 0.22482284039504594, 0.22264290333367265, 0.22880312724642823]}