{"FilterHL": [0.004631284919426238, 0.08546239523457191, 0.01912903203824872, 0.010402762599688557, 0.17654309659199052, 0.15347631024826103, 0.08675958242368416], "NoiseHL": [0.31917180086667957, 0.3925170970523218, 0.42417970363575574, 0.4862803707679557, 0.35440179092329044, 0.3867322587135389, 0.4531899796232964]}