{"FilterHL": [0.025578792834580047, 0.039815350059389985, 0.03345800870602104, 0.027843058005678503, 0.04065715246320079, 0.05243203677807656, 0.03728866351013115], "NoiseHL": [0.08114593932913666, 0.09988336614663228, 0.13605450877216155, 0.13286772281458092, 0.09815000018320018, 0.08728870776099085, 0.159715544792736]}