{"FilterHL": [0.017865912188211097, 0.03232574010061157, 0.011740470104859605, 0.032220046174056084, 0.012072629042737124, 0.025759568614305582, 0.0384205351082401], "NoiseHL": [0.24189402502814616, 0.2399785074340075, 0.23294380373023377, 0.24422220608822562, 0.2391262288006286, 0.23376052087126578, 0.2501539987365751]}