{"FilterHL": [0.020553638450004998, 0.04324501388725218, 0.02053435241366884, 0.03716759976724377, 0.012540150636114447, 0.023664281366844443, 0.009174204419434716], "NoiseHL": [0.08796882961246535, 0.09246566492473439, 0.14792335071718044, 0.15751970043060726, 0.10301815708627485, 0.08747101879129368, 0.14609676817324574]}