{"FilterHL": [0.018616792407683, 0.029903199069155596, 0.010547048550972757, 0.02346437573497434, 0.018518081093478262, 0.025114254762660656, 0.00830567951808355], "NoiseHL": [0.09133779714650608, 0.16038351610871454, 0.10183420628276098, 0.15434190082146257, 0.13686293949693645, 0.194492194292605, 0.15273853632561965]}