{"FilterHL": [0.043948543125576445, 0.06225995783036421, 0.03849306194753284, 0.06369163076650619, 0.05709214131066989, 0.07363549961360066, 0.05690550906238841], "NoiseHL": [0.07495338187683612, 0.105291797104525, 0.08032671316612791, 0.11168047849555016, 0.11136830897224959, 0.11518854690814356, 0.09963057340855354]}