{"FilterHL": [0.054090017798337275, 0.0343088036738485, 0.003952826283921251, 0.04581955915148787, 0.03588005350705424, 0.02059282311842564, 0.041217563418739576], "NoiseHL": [0.1558345771311202, 0.20636457929944788, 0.18440487678897707, 0.23342397865976522, 0.17957674031963405, 0.22687676992975153, 0.19188833298579533]}