{"FilterHL": [0.0, 0.0, 0.0005120167042116746, 0.0003026791536626835, 0.15784468534705223, 0.058699546689842175, 0.09142456629087117], "NoiseHL": [0.4947824033353846, 0.5367270168638734, 0.5284078328649899, 0.5628273739268482, 0.301761539521587, 0.3774567248364172, 0.3479977451053712]}