{"FilterHL": [0.0027367245502214503, 0.02363672191956409, 0.0199441390550811, 0.0071846594343288285, 0.005162692530118629, 0.008401606179676916, 0.005188226201706612], "NoiseHL": [0.0732391531193489, 0.08585753931442613, 0.1446508169048835, 0.14443326999275388, 0.14819535905170758, 0.1640740771810629, 0.18007715315429595]}