{"FilterHL": [0.0, 0.0, 4.38328583090751e-06, 6.406349994224338e-06, 4.38328583090751e-06, 6.406349994224338e-06, 0.0013664145074338432], "NoiseHL": [0.10857362109362227, 0.1665177944500141, 0.15562474979979976, 0.17677669529663687, 0.15562474979979976, 0.17677669529663687, 0.18514569594605018]}