{"FilterHL": [0.07166727339985071, 0.07484501024893976, 0.024407754337400573, 0.07142395148686535, 0.0425389992072322, 0.09325282749026693, 0.1046861795554556], "NoiseHL": [0.0627512187379059, 0.07237700356199352, 0.05460922281537025, 0.11372390543045753, 0.09906193251553216, 0.1185259603393067, 0.10338277911603007]}