{"FilterHL": [0.0, 0.000630629478126949, 0.0010311369055302517, 0.0, 0.19375576032440178, 0.17771721800105153, 0.21793586158266762], "NoiseHL": [0.3774567248364172, 0.3527635782183037, 0.39234978250592256, 0.38046581783026107, 0.43517973700945134, 0.41739150922474355, 0.4532643866784868]}