{"FilterHL": [0.030188697687028358, 0.04203072829473204, 0.04450088004629703, 0.059302320268835196, 0.07285176297498998, 0.0792358645664129, 0.08205496746273186], "NoiseHL": [0.02987782449652069, 0.04991432309794826, 0.03906180489350866, 0.055886032365859255, 0.031855251550376225, 0.05083469947575934, 0.06389694492738175]}