{"FilterHL": [0.0036151370306112328, 0.015807509595177748, 0.014260288073748868, 0.00556597093581828, 0.006386197936803549, 0.0088598329041483, 0.02704698276174453], "NoiseHL": [0.22264106322451183, 0.27111287724615796, 0.2132407868905157, 0.2372166100588628, 0.2426339880060607, 0.2750742645973361, 0.22152497757014772]}