{"FilterHL": [0.00015357872066942973, 0.00020281864873349757, 0.0, 0.0, 0.002002344776671914, 0.0288493239260558, 0.017365722876922448], "NoiseHL": [0.31229702626329436, 0.3415686218479229, 0.3284335526765461, 0.33092608230775955, 0.351972498137622, 0.4119063716742538, 0.39234978250592256]}