{"FilterHL": [0.006468620785882725, 0.018222394115689423, 0.00965213373382808, 0.003440298948642307, 0.011239542772629545, 0.006934642484606957, 0.004934485061170733], "NoiseHL": [0.19237668263374516, 0.14222476109526958, 0.1573110239820403, 0.16829324337930807, 0.21290014265214377, 0.19971375077778136, 0.18961262432820616]}