{"FilterHL": [0.018292452340927346, 0.12771586251471212, 0.013814266220481566, 0.19006741716131534, 0.26536650875299617, 0.16309129491670102, 0.35301144704104337], "NoiseHL": [0.5451519710862704, 0.5370802292233325, 0.5557637814199851, 0.5776573722296214, 0.5192798968489861, 0.5710720522094392, 0.5007572398021849]}