{"FilterHL": [0.05190976440089523, 0.07478181200744789, 0.03420747838590671, 0.05478582024619649, 0.06775392333732129, 0.04386103554346705, 0.03512889353258245], "NoiseHL": [0.2018022930961628, 0.20011510982105232, 0.1928536852944298, 0.29371129197184426, 0.2132361769387504, 0.18469132764452625, 0.209255406236193]}