{"FilterHL": [0.001317595466149942, 0.027796670808694402, 0.005061633890792952, 0.004828215866075543, 0.2963979057153784, 0.21199846875599299, 0.24875296398714], "NoiseHL": [0.3526127218074994, 0.41875770331213064, 0.3833357161233199, 0.3863030927629568, 0.2970893162009857, 0.2847793997929655, 0.32424213600513824]}