{"FilterHL": [0.013801811511102411, 0.05296036412033387, 0.032077640479184814, 0.06408711729401294, 0.015819758284876983, 0.04439868850442813, 0.08676188434048245], "NoiseHL": [0.16265826928782096, 0.2855698177777229, 0.16925401467357823, 0.3006847573569888, 0.20514573096605895, 0.21595711155664224, 0.20774635870236746]}