{"FilterHL": [0.0049359015141119235, 0.027012917331738995, 0.010691113219376434, 0.005027909399088976, 0.00876173581529858, 0.019741420345858688, 0.009628619649544326], "NoiseHL": [0.15167371389562584, 0.23567782634769743, 0.19177707787521664, 0.27420676783006986, 0.17664302004008453, 0.21750095428741328, 0.21271140386712278]}