{"FilterHL": [0.019652282419830098, 0.020215745187200665, 0.014051218202747023, 0.049965635614666146, 0.03760501388292335, 0.058924810399431225, 0.016760253485329054], "NoiseHL": [0.13890220557339528, 0.13384033041088836, 0.14310968412316835, 0.15043344984151505, 0.15653141504093715, 0.09992570717611567, 0.15747989412003516]}