{"FilterHL": [0.01867253699827983, 0.048525735003926436, 0.03236596344416141, 0.034530837411086895, 0.025314296010602443, 0.024012762575988007, 0.03226838633050324], "NoiseHL": [0.015030563937500427, 0.01723098044090553, 0.013585454523901344, 0.015088309667846788, 0.03112531946186366, 0.02111571788264856, 0.04333253906847775]}