{"FilterHL": [0.021684277767832383, 0.019832640691310528, 0.010942722311758942, 0.022017320770580086, 0.008037363720422097, 0.014562327647270504, 0.0296174758702193], "NoiseHL": [0.06122749042235668, 0.06165874555215664, 0.10070858707551684, 0.11614375809630764, 0.058839272158292745, 0.03403679925199049, 0.09264044003800966]}