{"FilterHL": [0.04797970229799761, 0.04588123187010606, 0.029172609990203074, 0.05559466920123351, 0.08304565643042497, 0.054149173392259484, 0.10481415837807884], "NoiseHL": [0.07125760584603127, 0.0660557473742503, 0.1010942025578766, 0.08113730733933656, 0.06290451252202166, 0.07397662731103821, 0.058149392706784785]}