{"FilterHL": [0.026407035060050044, 0.044478669541839426, 0.016200812225980937, 0.03196639684447853, 0.023962108510645206, 0.02826938126174495, 0.021633234348144896], "NoiseHL": [0.2699373987178672, 0.30643019515229053, 0.2866539740656389, 0.3002520642052544, 0.29364025654521103, 0.27392784888824934, 0.2739320062878968]}