{"FilterHL": [0.017779899152423912, 0.005227193236746401, 0.0025755201412069792, 0.025316394067726337, 0.022839467768893656, 0.026998052896165275, 0.024777807890257374], "NoiseHL": [0.11736180925601893, 0.08676245933578408, 0.1497901322511087, 0.101701154719096, 0.126284433419692, 0.08775540950803043, 0.13401872950525046]}