{"FilterHL": [0.020605042653563024, 0.0321435721231289, 0.01627107980098741, 0.032906432829587724, 0.018174468854247523, 0.014539879211047527, 0.03551989056732685], "NoiseHL": [0.11418931393161019, 0.10767081718574295, 0.11457418612486757, 0.13147567726303627, 0.18883266539922616, 0.19884406929920517, 0.18073802489731686]}