{"FilterHL": [0.028885473819219906, 0.04899576853192118, 0.0105826740856012, 0.014323311513631372, 0.012651619901867743, 0.03240558929799899, 0.02772272875131898], "NoiseHL": [0.19226073169759333, 0.1713547960420783, 0.1100688334708269, 0.11982346337718379, 0.17231298179018378, 0.18814444120388185, 0.0917290382977283]}