{"FilterHL": [0.004168484027642078, 0.015033602640725518, 0.00855320303955606, 0.006927017170510039, 0.004703469253447348, 0.008027861163720148, 0.019656922894780007], "NoiseHL": [0.5139768108125748, 0.45652745205281936, 0.5489182692227863, 0.41647273004474633, 0.5252704347367915, 0.4838718396245515, 0.5356044681194922]}