{"FilterHL": [0.0, 0.0, 0.00013806548122144186, 0.0, 1.1948732508056449e-05, 0.00013357597951370008, 0.0], "NoiseHL": [0.1837755367050545, 0.21680194274139555, 0.2393868301256415, 0.272083122635683, 0.23281618951149585, 0.2305892712780783, 0.2582168997340125]}