{"FilterHL": [0.02755598399516203, 0.025171964287949468, 0.04129084985402301, 0.033421259645400415, 0.14907129822852777, 0.13348177773352027, 0.12371315528723698], "NoiseHL": [0.28839837260507706, 0.28072184706629055, 0.2899212201384686, 0.31257339637865356, 0.12072898966416082, 0.12895015713128458, 0.15844079827037144]}