{"FilterHL": [0.0007303395105721961, 0.0004464549942877691, 0.0, 0.0, 0.0035320662327456517, 0.0007303395105721961, 0.004587943554462543], "NoiseHL": [0.2909232592243174, 0.24790907888765304, 0.277846286164513, 0.2612408472229728, 0.3008703820942616, 0.2909232592243174, 0.3035375752754972]}