{"FilterHL": [0.3154231839496339, 0.15765961740035334, 0.30009083871517334, 0.31332587418589486, 0.3476328279961105, 0.5372723356316588, 0.5738645778819875], "NoiseHL": [0.599329940802173, 0.7169139551041286, 0.6325988919651695, 0.7221318078391544, 0.6084322835023631, 0.6975059310604282, 0.6288808702651495]}