{"FilterHL": [0.04507173954189432, 0.08722526654865832, 0.06160407920062526, 0.055382331163508026, 0.03728043341473506, 0.06650946747584702, 0.04817398975222855], "NoiseHL": [0.13572382319145526, 0.21503011015807266, 0.053414931946823334, 0.15226131373380572, 0.1669277191619278, 0.18947134337800836, 0.07100884332897696]}