{"FilterHL": [0.0, 1.0431421949926275e-05, 0.0, 4.0483206864963085e-05, 0.011076095998324629, 0.02205203749107841, 0.033904955655106546], "NoiseHL": [0.13502822103059414, 0.17098527586296225, 0.2144269219230429, 0.24474362140675346, 0.2863094019622411, 0.3140257650798779, 0.3399474501591288]}