{"FilterHL": [0.0030641777219607156, 0.008014284660910514, 0.0, 0.0005871175367485399, 0.008114385676207182, 0.005844776860973517, 0.0], "NoiseHL": [0.2294980934021182, 0.23068424003919286, 0.23830281775681836, 0.2652269334169895, 0.24484283117946762, 0.21205835632568057, 0.24368051018541526]}