{"FilterHL": [0.05451005666968258, 0.05839215347161439, 0.02103069094913877, 0.05736450656066711, 0.061736880866661105, 0.1268097725284342, 0.06676462918047676], "NoiseHL": [0.24910349498178755, 0.27086114133152994, 0.29272446323296947, 0.2815063171211273, 0.27063759971595025, 0.25885496435876093, 0.29819526670752855]}