{"FilterHL": [0.005755718785296421, 0.04120709362053103, 0.027618039303708042, 0.020282747136299822, 0.025622968959259855, 0.02165819566266008, 0.023661494916904755], "NoiseHL": [0.0748956526931676, 0.09349447258352096, 0.08157309718622144, 0.08895565170478849, 0.1058234194104908, 0.12578418798600569, 0.12073762808828314]}