{"FilterHL": [0.04947974795563314, 0.056626222774580064, 0.04711244952038122, 0.06664827788559614, 0.0646423245572215, 0.10063662317852413, 0.050302376772287764], "NoiseHL": [0.13816198181802403, 0.10235369352413268, 0.11300142885270854, 0.1380446815447712, 0.14803748666842478, 0.1820131323588697, 0.1380925524975106]}