{"FilterHL": [0.022571044164554806, 0.0525666412740782, 0.02206127105241215, 0.03438142688323394, 0.016451268002416867, 0.02557083973050387, 0.018180677713631962], "NoiseHL": [0.04116979452073715, 0.05352691282175123, 0.045724762142218586, 0.03936667137285499, 0.10038776565661803, 0.11574340242071596, 0.10986383591126431]}