{"FilterHL": [0.026743763572187232, 0.03529301237351483, 0.034501895268491546, 0.029316823360603667, 0.045524320355943414, 0.05501811594971571, 0.03429675715478877], "NoiseHL": [0.03441095623253995, 0.03726727484628252, 0.03019245253038997, 0.030031374614128126, 0.031070911159960916, 0.036331780932094146, 0.04148101107145519]}