{"FilterHL": [0.025917791526141085, 0.01948762829478372, 0.01898353354840858, 0.022249839934993923, 0.012850602107699508, 0.028597215688801175, 0.015211739579870476], "NoiseHL": [0.1897703284446921, 0.27640730565247573, 0.19836831168047034, 0.3062221742802262, 0.26839102412199956, 0.31923557634211214, 0.2713996672366539]}