{"FilterHL": [0.018911648510208084, 0.02334365469093806, 0.020617817285629163, 0.03913915912902231, 0.014531317681671234, 0.01603502516027723, 0.03209293645232808], "NoiseHL": [0.1034686893986666, 0.10605192661358304, 0.09434645577502938, 0.0938273714475698, 0.09474806308854039, 0.11767085817419645, 0.09182364490110245]}