{"FilterHL": [0.03674795918836711, 0.05804316219017124, 0.04345639169921477, 0.0504329671595079, 0.05405923082010652, 0.06561636480678956, 0.06563230601177172], "NoiseHL": [0.02166864347609719, 0.06773877841494118, 0.05753808272240592, 0.04176548632566582, 0.028879481931474316, 0.044218435847323684, 0.04024564759853541]}