{"FilterHL": [0.060398550119749025, 0.06114833175947163, 0.05680008889945855, 0.05347879446780501, 0.052753028788868964, 0.0436906594431026, 0.04348929990600007], "NoiseHL": [0.17716443716146463, 0.13763259809220932, 0.18681340206850597, 0.1605981984244766, 0.1701035581181938, 0.125815115749304, 0.19635943737912406]}