{"FilterHL": [0.0269010193952537, 0.018628527716867616, 0.010013574911878547, 0.023043067165493744, 0.009407299674127229, 0.012077598354772049, 0.02921113441284824], "NoiseHL": [0.07422545440298228, 0.25774508525044, 0.08425854398216479, 0.2517550927876669, 0.08601081466895408, 0.2584022861668432, 0.08843824757076352]}