{"FilterHL": [0.02284395119999115, 0.05890256559232098, 0.02758001437591368, 0.0484342283210076, 0.021406384988971915, 0.026081369311902712, 0.03095672491592791], "NoiseHL": [0.030112107436830023, 0.024236355288542715, 0.05261622274106219, 0.03889668767291332, 0.04890625908502515, 0.033496498850441155, 0.030092519558335667]}