{"FilterHL": [0.025681444114965677, 0.05935990031613887, 0.024413801946386215, 0.038188349368406635, 0.02440356655951859, 0.04087462630663929, 0.03964304110952743], "NoiseHL": [0.03421680651066104, 0.04601221561655922, 0.01350095414789337, 0.040374445343751474, 0.01563370697761371, 0.02588274384670378, 0.04421537851491745]}