{"FilterHL": [0.007306806164950878, 0.057337188095954936, 0.018551689079639395, 0.021865697840047604, 0.4089380879997279, 0.4031682985518088, 0.2999152097509177], "NoiseHL": [0.17912300160039063, 0.20313033399897112, 0.28687503152676247, 0.3167766433905676, 0.36789152583719287, 0.38899406567085815, 0.4250601208735187]}