{"FilterHL": [0.0035987066474072326, 0.02433526063332855, 0.007660020595108414, 0.015945106499697468, 0.01668968782596972, 0.0041435149299582814, 0.0028667173729389375], "NoiseHL": [0.15776905890349704, 0.20330612036475756, 0.16316722251516913, 0.19777872779500905, 0.17823290515035292, 0.19584559685105246, 0.1896511344831641]}