{"FilterHL": [0.0313937335956285, 0.056218387359491424, 0.01486334181082838, 0.028924091356832764, 0.023840528245132206, 0.1100494480205189, 0.027506569840143155], "NoiseHL": [0.11810183689895022, 0.10825694800556569, 0.08893625032272565, 0.08081068369123703, 0.12218733862566925, 0.14411928764181453, 0.10820972293747029]}