{"FilterHL": [0.03897990206897254, 0.09029242653294352, 0.061472722755804704, 0.03737337456254685, 0.061585156712987685, 0.09094773071788392, 0.08031671628227205], "NoiseHL": [0.10538824565548817, 0.0981951120583087, 0.11006765181045527, 0.02983153752680544, 0.138534638370949, 0.08235281599381189, 0.1109765751182562]}