{"FilterHL": [0.12194821202029332, 0.10773226250045374, 0.0878035414886242, 0.13361355747467651, 0.06707787274855406, 0.601715720365542, 0.12433851310271471], "NoiseHL": [0.34902259534370655, 0.4431508892852494, 0.3324292401458611, 0.4401408147014345, 0.4252248686297699, 0.46430484152955165, 0.392942533752051]}