{"FilterHL": [0.011739501128208608, 0.041000007657633245, 0.04333558641180738, 0.04061773846362994, 0.04041028277255509, 0.0548173550611401, 0.04888845187446484], "NoiseHL": [0.23461589701610225, 0.15554945845282447, 0.2438990452069127, 0.11627966486105919, 0.20758153650277547, 0.21601872286689325, 0.18869188130663483]}