{"FilterHL": [0.13518959066376474, 0.15549261472486775, 0.0744405519164591, 0.1228854499507959, 0.08261406251259361, 0.14524123337618117, 0.10186946674298251], "NoiseHL": [0.21484776407553496, 0.41037614442721676, 0.19710683995984027, 0.3906248287708964, 0.18878975772341425, 0.407997300265416, 0.1786790449376425]}