{"FilterHL": [0.04815989612953379, 0.04708713315589492, 0.03138528311061609, 0.02113089244949126, 0.08359967779382518, 0.09100423328322843, 0.10885408702032558], "NoiseHL": [0.17802164798240241, 0.12683543060374639, 0.1492218290721927, 0.18771999059050637, 0.18282531935918236, 0.18281605136493956, 0.17848434198762714]}