{"FilterHL": [0.06957947608069333, 0.036878782452813674, 0.04022607370799708, 0.048325372714808364, 0.05859307386707068, 0.08952037725149668, 0.04922675172233251], "NoiseHL": [0.15760774019145019, 0.21960312338586563, 0.17483556411802034, 0.230380510077658, 0.16098140106188258, 0.214807163892511, 0.1820783923400366]}