{"FilterHL": [0.00030434466906912287, 0.0, 0.0, 0.0012642290541854473, 0.006443880148729068, 0.0, 0.0], "NoiseHL": [0.34639862872051724, 0.3908770817240729, 0.3938189753398941, 0.4119063716742538, 0.32759952141623117, 0.36293560125645874, 0.36060618173820735]}