{"FilterHL": [0.09138886362511174, 0.2666414042253313, 0.17022213192089095, 0.22928854231317528, 0.1474943104077409, 0.23307911998793512, 0.2623633539447601], "NoiseHL": [0.5233042848802267, 0.5714848856454957, 0.5460375091681751, 0.5609331282805741, 0.5388853911842799, 0.5635495917072346, 0.5704861963831752]}