{"FilterHL": [0.02616845748893656, 0.042094492118670584, 0.037492184715442904, 0.04328915399599964, 0.018422333974756382, 0.03819014517977316, 0.032917737225202706], "NoiseHL": [0.0667228255287569, 0.04473411692936841, 0.05860913025987199, 0.07342488913623452, 0.053271336546514995, 0.047748923324069464, 0.06600197525726433]}