{"FilterHL": [0.015733879743110378, 0.02655231897867242, 0.011694797527780331, 0.014448326863543358, 0.014076930539401471, 0.018028845318924472, 0.020444293865625733], "NoiseHL": [0.09068911531019785, 0.11138484267222912, 0.09645376518893449, 0.1385593459386527, 0.09889489873252032, 0.1482756154161288, 0.1245135977370867]}