{"FilterHL": [0.02128859437873279, 0.08123457355429349, 0.13190369744038064, 0.03304960785595297, 0.1951125630109701, 0.1959304455148453, 0.24315639711124004], "NoiseHL": [0.45085580362809624, 0.2737815030104925, 0.43649313049993593, 0.2458046179406777, 0.5405903175716102, 0.5354576537908123, 0.5437218003363296]}