{"FilterHL": [0.001838813090090815, 0.012242641777357276, 0.00569804254912525, 0.005946777376535668, 0.00856567567030989, 0.0012581389790040076, 0.0048566650489711176], "NoiseHL": [0.15152191449115862, 0.18982758069103844, 0.14939900246271257, 0.20069897652880467, 0.19964534726660352, 0.23505030996373905, 0.2041394978363938]}