{"FilterHL": [0.00016175703284825737, 0.00015642425670019848, 0.0, 0.0, 0.01784619020026573, 0.0034478203534022496, 0.0], "NoiseHL": [0.19836422482717905, 0.2404665476109235, 0.22721260617900388, 0.2672010060207921, 0.1422112410749228, 0.1796067636529137, 0.2108191091580861]}