{"FilterHL": [0.05691863059913739, 0.06325402890699974, 0.03738685051165522, 0.04675440500761327, 0.04672779493494104, 0.06133281935482585, 0.07039467494942896], "NoiseHL": [0.1480457514182194, 0.10521496928414803, 0.13550444886093052, 0.08268888812326913, 0.15733481989104384, 0.1366742122119433, 0.17393262228348125]}