{"FilterHL": [0.005606878196425865, 0.0173618337613474, 0.012344248037542041, 0.005418090612231422, 0.001104746301705318, 0.012896325754982847, 0.010168209182551471], "NoiseHL": [0.4529680998376774, 0.32172112083929133, 0.4745955110472279, 0.3415958128772759, 0.4710737136098461, 0.37330899509273113, 0.47105552601919365]}