{"FilterHL": [0.008803121991333243, 0.021664379008135934, 0.0027466381302811527, 0.000965528331138942, 0.018568603580057793, 0.011012051121934669, 0.019105766996262173], "NoiseHL": [0.25272670197283575, 0.2047376155244293, 0.24278832852132368, 0.19487999984346455, 0.3012416619650499, 0.2629815352865863, 0.2767164858475205]}