{"FilterHL": [0.04325522393375353, 0.04180014685098058, 0.036688389358675924, 0.05766253404767087, 0.03176424944034988, 0.035902790877373705, 0.04437670094938524], "NoiseHL": [0.0726965796885527, 0.07923487954134958, 0.11236440420385604, 0.14679875619732968, 0.07295827454160982, 0.09444752417892566, 0.11670373425766435]}