{"FilterHL": [0.05123420716818573, 0.051823821373895226, 0.030441386141231815, 0.04544840029790242, 0.0690655938087432, 0.07279480251392027, 0.05557583075074168], "NoiseHL": [0.10364469471778799, 0.174892188017318, 0.15104552770719054, 0.18879897921597402, 0.08839052386681436, 0.15379497956862653, 0.11884584897231504]}