{"FilterHL": [0.11205963941950213, 0.10143903890092819, 0.05588960276647188, 0.03333825216185928, 0.2396284070313983, 0.2688381686923584, 0.2091903669891205], "NoiseHL": [0.21619128850505076, 0.24944944549055442, 0.14003122269817306, 0.18056139952967715, 0.33645793446076266, 0.3515406327398735, 0.28287429826378646]}