{"FilterHL": [0.05054056030317814, 0.04870113917477982, 0.014892128492104032, 0.020738900912301978, 0.03281130942562595, 0.04244595412484176, 0.022308400090289577], "NoiseHL": [0.10991794472749566, 0.16615972508645185, 0.13574082866946144, 0.16693668507624607, 0.16496208426703646, 0.1978436629033877, 0.1747254867816085]}