{"FilterHL": [0.015741401896772825, 0.057289167226187314, 0.03194888380435942, 0.0261594067572594, 0.030586293408430235, 0.019886096566894697, 0.033289527708699224], "NoiseHL": [0.03141713235598204, 0.037067257171539386, 0.027340549755154042, 0.03309191712340397, 0.03882209422928784, 0.03206960421725927, 0.05721365505699684]}