{"FilterHL": [0.04931488268624757, 0.02461998166358374, 0.010881531366406315, 0.04613157544223127, 0.039250309459125325, 0.009002103029357441, 0.02129318272809989], "NoiseHL": [0.22775641457586734, 0.2628119500967459, 0.23536120045546313, 0.2827581761583723, 0.23075724429381467, 0.3010927772546133, 0.2478372754052003]}