{"FilterHL": [0.011013551349139115, 0.0556742966013859, 0.010423172892798569, 0.035523897892855386, 0.011530310670634572, 0.03444844395317731, 0.03752563512438872], "NoiseHL": [0.20727339020548077, 0.1494323776700918, 0.23118031011811493, 0.21370065624896836, 0.2274432362616139, 0.16127127043701014, 0.2698121451924257]}