{"FilterHL": [0.0, 0.0, 0.0, 0.020524383978620032, 0.0004793932467780814, 0.0, 0.02209978546350084], "NoiseHL": [0.24790907888765304, 0.3317537805080239, 0.3008703820942616, 0.34990728365206264, 0.30968974984153164, 0.3399474501591288, 0.3364341406109675]}