{"FilterHL": [0.023693422393119865, 0.0440057667607168, 0.0329637848446261, 0.0370472112005837, 0.027106064078089468, 0.027459660820850437, 0.029390172997812675], "NoiseHL": [0.029508355264080795, 0.036373642692978665, 0.04027216961039942, 0.05037353285535294, 0.03806963703509073, 0.03159799721814097, 0.03406601919751132]}