{"FilterHL": [0.025749469638143112, 0.05014400200880217, 0.028873411786179616, 0.035169602667239445, 0.024580172097909303, 0.039945515221039125, 0.040666119122822385], "NoiseHL": [0.0474873567718514, 0.046759336887891016, 0.031204976682270562, 0.03823864295405194, 0.04298280616051115, 0.038932479382612045, 0.02521192181857893]}