{"FilterHL": [0.00025029121022562237, 3.7385242921505985e-05, 0.027189979432360244, 0.010789339043809989, 0.04202431881865148, 0.031870039498312235, 0.05167893743028009], "NoiseHL": [0.3827123361818522, 0.35118014081935767, 0.17935421144599376, 0.17978776329041293, 0.4204209295218683, 0.4111921843624089, 0.2633922583425333]}