{"FilterHL": [0.003630659713628232, 0.012583227119530766, 0.008840894330919455, 0.004316635889217772, 0.0051317617536010334, 0.005569902168423159, 0.01824866936825767], "NoiseHL": [0.155791660362133, 0.21681395230484118, 0.1783735171684111, 0.22384174688934433, 0.1697543070234549, 0.18646493107064604, 0.2181886804427597]}