{"FilterHL": [0.04541093295516217, 0.05722534450313829, 0.05632966831092249, 0.062329456798726056, 0.05360697319100465, 0.04420393774851944, 0.029882203958910714], "NoiseHL": [0.06265633101988878, 0.05197695400843023, 0.06403528545105859, 0.07287830893082199, 0.06776284784943255, 0.057102803277263865, 0.06407715883819394]}