{"FilterHL": [0.01583547201128459, 0.03861316996311819, 0.029809878710805423, 0.04321626343020303, 0.019449127058652135, 0.013618428931707434, 0.01943534949729673], "NoiseHL": [0.16374789727784292, 0.1569129333510327, 0.19379482900586278, 0.16746095718486356, 0.1707323634107908, 0.15552015407370273, 0.16985120186552044]}