{"FilterHL": [0.027566452682735207, 0.07626123711793213, 0.05013621844393512, 0.029593947369218082, 0.04248206987092638, 0.10018438013075809, 0.04967105227195822], "NoiseHL": [0.032222424547023794, 0.04738379737414312, 0.05039335591107045, 0.024404572108161722, 0.04116789095536158, 0.056297683465659755, 0.05322761185650433]}