{"FilterHL": [0.014877536307979321, 0.03497550321846678, 0.005652580983703965, 0.04132828254175808, 0.010051268819328133, 0.023359561551730686, 0.031288088820559896], "NoiseHL": [0.05410458184524327, 0.1090122285891215, 0.0575274891857679, 0.12410749726659054, 0.08896028508659085, 0.10420756372010073, 0.1120240516869768]}