{"FilterHL": [0.05507938099683881, 0.07157291584930843, 0.036825961051549956, 0.045869823425197714, 0.043391266747964334, 0.034179734018497124, 0.07126391165996457], "NoiseHL": [0.12423774867347236, 0.10326427580530237, 0.09409308041169555, 0.10163000902755324, 0.1587325446866748, 0.17433195191047685, 0.24072545030941359]}