{"FilterHL": [9.253946125126448e-05, 0.0, 0.00025362199808576973, 0.00031109110073497873, 0.001328811073748947, 0.0019793310231260314, 0.0008451067902770605], "NoiseHL": [0.0585135031947893, 0.12350322450529108, 0.10857362109362227, 0.14044858014632036, 0.10392551679435674, 0.15400905983632326, 0.14567520307051546]}