{"FilterHL": [0.02612145440904997, 0.01726476802940534, 0.025235519272023416, 0.010705960892774828, 0.0400612276486612, 0.04979763117458079, 0.04686446772332791], "NoiseHL": [0.09730699151811499, 0.15671916159062135, 0.1622085629247222, 0.20642135154005825, 0.11073059486073641, 0.1392880269643219, 0.16714406922151787]}