{"FilterHL": [0.002788057058892395, 0.014262297113502896, 0.01042626249191332, 0.004030096796296396, 0.004831525532917091, 0.008049753540146753, 0.018785799884917107], "NoiseHL": [0.22060828146484562, 0.2340050937400407, 0.21815993829099084, 0.2361216946901766, 0.2750411810683518, 0.29322891012048874, 0.24156837592192562]}