{"FilterHL": [0.03186797177241787, 0.03784082579997512, 0.0285633251349665, 0.028730426792269156, 0.8077569889305187, 0.05420605699221635, 0.0433388458801054], "NoiseHL": [0.07830861574700218, 0.04756133437436914, 0.05861748952911134, 0.0754018255915777, 0.05263983900893576, 0.056476695137430845, 0.07488621541331407]}