{"FilterHL": [0.10350696129269275, 0.16215149161981487, 0.0395418583671798, 0.06479687794637431, 0.1105461295571791, 0.24962935970378858, 0.19134338223161637], "NoiseHL": [0.39249428211966175, 0.43106244023247114, 0.38377780771470776, 0.45391613741527054, 0.405906792064297, 0.42668273121620903, 0.41332532900857555]}