{"FilterHL": [0.033087839496186204, 0.05650271014998646, 0.025299483139543298, 0.05429583197349979, 0.10272387056246074, 0.09887591245500842, 0.08803405220150103], "NoiseHL": [0.04390038356568612, 0.06218423944067763, 0.07046038634027227, 0.058539280136901156, 0.031034736952599302, 0.03215659030706181, 0.044169537922789326]}