{"FilterHL": [0.0, 0.0, 6.322027559250747e-08, 2.3180770480615465e-07, 0.0, 0.0, 1.2749536615205002e-05], "NoiseHL": [0.09395759443969061, 0.15237707995139405, 0.11520270074770814, 0.16651779445001413, 0.1572246532975914, 0.11082626344894847, 0.1507282797138842]}