{"FilterHL": [0.009790266788123593, 0.022231802793556736, 0.003989612447302031, 0.0014688881953365974, 0.014194314794488015, 0.004926000250008736, 0.02492860249813942], "NoiseHL": [0.4082825458501372, 0.36411367292332825, 0.4379865125566717, 0.37022601727226795, 0.42740830691255877, 0.3940590030946394, 0.4101340722141234]}