{"FilterHL": [0.01203470721658932, 0.07519558792044356, 0.016644550537382927, 0.05144374064020025, 0.013078150569225169, 0.06579579030620751, 0.005409146288019311], "NoiseHL": [0.11955882694422461, 0.12727011952440523, 0.12320576129561062, 0.1422559358451299, 0.14046406068928574, 0.12964054405966843, 0.13380215756918848]}