{"FilterHL": [0.0703364649149523, 0.05413084638543703, 0.0537445909719544, 0.02453212101071842, 0.0744596847739426, 0.055509033957086215, 0.07765097418639258], "NoiseHL": [0.14075558417514084, 0.10524847476231383, 0.11348058791550085, 0.08845524363953286, 0.11216007251853065, 0.07632444407320596, 0.11979940286626481]}