{"FilterHL": [0.0417368487811427, 0.03963361663915844, 0.19066948212560728, 0.01058249071102494, 0.036067885756108975, 0.057306406103966125, 0.19628715122485252], "NoiseHL": [0.1771366219738076, 0.28098757234385285, 0.2703561294072404, 0.29636890550368317, 0.1917676388110654, 0.27111965086877315, 0.2662584868346241]}