{"FilterHL": [0.0952494463410841, 0.06274704828377385, 0.09830896589973138, 0.0631554404012836, 0.2035699119717769, 0.2690588491918239, 0.06926541061076999], "NoiseHL": [0.2757545642527555, 0.3207197522161677, 0.26736965940654295, 0.3070506098397742, 0.29790414622220224, 0.3022725954147045, 0.26930450423495766]}