{"FilterHL": [0.009827558732981398, 0.032720963760223314, 0.01568281449580623, 0.012744797861906014, 0.019595227274746604, 0.022244438999782297, 0.03581781339741005], "NoiseHL": [0.05485236159438831, 0.05991585357921762, 0.06776189560987907, 0.07092941796877673, 0.12398951185061048, 0.13452204599140777, 0.13285355028556353]}