{"FilterHL": [0.016529834962384044, 0.027021499946820175, 0.027303666109925143, 0.026231098762736615, 0.02163096860103801, 0.027740655002365278, 0.04072448524046319], "NoiseHL": [0.08478314186510795, 0.10390920083903704, 0.07780476847212883, 0.09200459348783951, 0.0840034970499825, 0.1082861967740379, 0.08793894598389274]}