{"FilterHL": [0.005617235810663001, 0.03551455223420333, 0.025142448833865527, 0.033556413299978015, 0.02573532315911487, 0.017031754698375343, 0.034653091323857105], "NoiseHL": [0.13381890617748288, 0.09567684174246854, 0.10656233619452073, 0.14817711105189188, 0.160473047474431, 0.1524160801194528, 0.14301231040623294]}