{"FilterHL": [0.030014609331637306, 0.030307131889212517, 0.025376831666847656, 0.01845004051328281, 0.009680816448715665, 0.02801467626802406, 0.025818603871856017], "NoiseHL": [0.17824260212235693, 0.16824782268918076, 0.13417714482603876, 0.1290393030960019, 0.1711710314114998, 0.16969724755537932, 0.15375467453957228]}