{"FilterHL": [0.0032535919075439563, 0.016323300640879907, 0.01597943504541647, 0.009370788879519877, 0.0025945768835569285, 0.020283560526040592, 0.03014830771584918], "NoiseHL": [0.19327024435763573, 0.18412568295932777, 0.17961027543076233, 0.157242382204312, 0.19215500103235106, 0.18128527005934528, 0.19186127739984604]}