{"FilterHL": [0.009207040811646446, 0.033137643000262215, 0.022191927936874477, 0.016404803230566988, 0.01772297030287186, 0.02167898859763835, 0.018222536219786777], "NoiseHL": [0.18102577701838096, 0.1989331594616087, 0.19969159412502538, 0.20246913918145115, 0.2458041121961809, 0.2502950016799222, 0.2520760155775271]}