{"FilterHL": [0.00015827913079777587, 0.0, 9.75556104823682e-05, 0.0002758627876776564, 0.0, 0.00306164248913716, 0.0], "NoiseHL": [0.3479977451053712, 0.3644827734688218, 0.37367265939453903, 0.3751893617838597, 0.35748376388368475, 0.3856943031828902, 0.35670015035662817]}