{"FilterHL": [0.009226451358991616, 0.015774876459785085, 0.011916979600831143, 0.0038807554296122885, 0.009183581103617717, 0.006614117696366064, 0.016908091896635287], "NoiseHL": [0.1068388319132851, 0.1275797422995348, 0.12350384831517477, 0.11757555782930923, 0.1541216468118054, 0.1441738045253292, 0.1523982935707176]}