{"FilterHL": [5.3971099235120706e-05, 4.866021090469429e-05, 0.00013747531035531205, 9.506860767583916e-05, 0.1273425444408919, 0.2182056972861293, 0.19333414000132665], "NoiseHL": [0.34559705550635744, 0.4003881833183576, 0.47037645864927213, 0.5026019334982333, 0.3431747049977934, 0.39394924483396554, 0.3567120024248156]}