{"FilterHL": [0.013526582731665546, 0.04765963829418173, 0.027302753082848002, 0.0536204236937688, 0.2248734347904219, 0.20510628384645765, 0.2577207509416109], "NoiseHL": [0.19185502393616116, 0.33581661289089454, 0.1979409900440615, 0.33449219608584996, 0.20841960275804108, 0.28066972295346465, 0.22910600024458316]}