{"FilterHL": [0.0080757492032435, 0.018505268826146226, 0.017471414874994633, 0.022846612901435984, 0.044753015508688467, 0.0391670417682253, 0.047213363340537745], "NoiseHL": [0.13547308217413542, 0.1647493610921382, 0.11258532843411216, 0.10857087837591937, 0.339958387219079, 0.3406829082780566, 0.3331666075666748]}