{"FilterHL": [0.03576014914718802, 0.046313219233841775, 0.03328166054465873, 0.05353127318506934, 0.04322669522039538, 0.060870001797961266, 0.0476337800513824], "NoiseHL": [0.04485518028078528, 0.09220858292701299, 0.055649442949029126, 0.10983177142491284, 0.0582559368167568, 0.07744764392337947, 0.04911532614606834]}