{"FilterHL": [0.028959262180775925, 0.02773207691805275, 0.03435586096879682, 0.03202949535671578, 0.02417431891765457, 0.03661703536791837, 0.028841674886459008], "NoiseHL": [0.0793630141844549, 0.056457048407500855, 0.07419672824163484, 0.06461356044459568, 0.10998992486099454, 0.131565730101146, 0.1119331257106694]}