{"FilterHL": [0.009211733660538837, 0.027812679427696583, 0.011233353161559562, 0.008695556145768123, 0.18055589032887964, 0.15960485926010715, 0.1387922683906212], "NoiseHL": [0.32026082388364663, 0.37029952634696167, 0.3810785171354438, 0.4457102563213823, 0.3583396853821495, 0.40314917686126067, 0.41692652527614427]}