{"FilterHL": [0.018723212519096248, 0.028208284187846072, 0.005508231897583408, 0.014031049293453085, 0.05572971201880572, 0.03633389590404791, 0.016690196360107972], "NoiseHL": [0.10179881614037897, 0.14223652772086207, 0.10939099159490173, 0.12616862793763597, 0.12093685140216931, 0.16652282873354957, 0.1337163718311194]}