{"FilterHL": [0.0, 0.0, 0.00024154269660948095, 0.0, 0.005076922342558393, 0.0016510283135902676, 0.0008801947010961096], "NoiseHL": [0.15237707995139405, 0.3157471010468729, 0.3423770863549488, 0.39308481444302484, 0.17390359233227098, 0.33257992735227315, 0.33832054740061657]}