{"FilterHL": [0.003283010076869447, 0.018219925263572953, 0.011989825870958095, 0.006161135634641675, 0.00551523411377766, 0.010649857502728876, 0.023338442762735386], "NoiseHL": [0.14568469531495842, 0.17679198327888015, 0.1919472998161419, 0.18785933750289593, 0.16347636777058186, 0.19861166536780947, 0.18392175501341904]}