{"FilterHL": [0.029791204564559092, 0.041328432684699545, 0.020216715120792143, 0.03564668279208038, 0.02535022193395499, 0.02643164574092809, 0.04419552845500929], "NoiseHL": [0.07228016271500184, 0.09547041090740023, 0.13160417101811914, 0.16037654124429201, 0.09274961293536597, 0.09278560333201653, 0.1495264348798754]}