{"FilterHL": [0.03789179402966712, 0.07436220517464205, 0.05205816726395603, 0.0499710553768541, 0.07882015890554946, 0.061707135815371426, 0.0723648385160896], "NoiseHL": [0.037484382231602144, 0.07553508350448727, 0.06815467435737288, 0.04355943000991469, 0.05960243277365673, 0.07035737230460924, 0.05485528246356833]}