{"FilterHL": [0.014538018102467723, 0.034780909832101574, 0.024617008858102342, 0.014413898587964989, 0.025878528224386355, 0.013942982378934404, 0.048580772004256735], "NoiseHL": [0.10768215496794732, 0.10809154325350472, 0.1934831572937834, 0.18141486072600488, 0.1483966621012808, 0.1125607173593486, 0.21213127898320722]}