{"FilterHL": [0.283938156405098, 0.26438084169170506, 0.2366265086009161, 0.2794959319289728, 0.24596485217276542, 0.45918475727951347, 0.3278707037548181], "NoiseHL": [0.36676535173367936, 0.38434159544472557, 0.34993668425116153, 0.3249360076123311, 0.3646355674989725, 0.3643842914117354, 0.32268094240353745]}