{"FilterHL": [0.09399985397937598, 0.13309644725232248, 0.14667200267745611, 0.03988710586796095, 0.33433587992466507, 0.36039393679413867, 0.34459936520115475], "NoiseHL": [0.4726340756325372, 0.48420573248027515, 0.4547571982835789, 0.47015655925729255, 0.47505428909340486, 0.453517228910772, 0.46869836901008943]}