{"FilterHL": [0.021590078064674903, 0.035591823462815156, 0.024119207612006664, 0.014230549281654027, 0.03888887447898093, 0.040475693679650857, 0.021505861934205], "NoiseHL": [0.07216842208801734, 0.06895172959752864, 0.07816954605214207, 0.07402903061254462, 0.14495723175684938, 0.17317191049103936, 0.14608434714539423]}