{"FilterHL": [0.002372268508281407, 0.015553602661576797, 0.009600391005112664, 0.003388315021333512, 0.05608540944868226, 0.05051323923601886, 0.06192404504467058], "NoiseHL": [0.12600148315835147, 0.19821318678872057, 0.1759110315951121, 0.22581298296044922, 0.12854209718549153, 0.18485780210465272, 0.191034995416861]}