{"FilterHL": [0.018304072659481214, 0.006797993796791776, 0.0024536387676946008, 0.019017808592515235, 0.007685580834910265, 0.028364703496918307, 0.002180109414888093], "NoiseHL": [0.20717474800369026, 0.16513673958807246, 0.22028557483591518, 0.18077359697337514, 0.20851482988518427, 0.25234131983963975, 0.2245799536314818]}