{"FilterHL": [0.025965099403373628, 0.0665746855891785, 0.019875772719567895, 0.038005445440113896, 0.06704352958567548, 0.053795288807531205, 0.041732292340486234], "NoiseHL": [0.029289462025564605, 0.08588017007832228, 0.044212882305237226, 0.02818817184470554, 0.07963676481989239, 0.036597914159257026, 0.09094407612136235]}