{"FilterHL": [0.03278729410496345, 0.03559658380279971, 0.04142201456352097, 0.060857419313833934, 0.03356742852857883, 0.06188398744021835, 0.07716294389077966], "NoiseHL": [0.404649774290985, 0.41174580267363947, 0.4324711338474776, 0.4314584382309255, 0.42349004020021713, 0.4372856622605332, 0.4130511479629936]}