{"FilterHL": [0.043361670649035504, 0.029369911686370077, 0.022796555672696926, 0.04099482878889356, 0.024603293513056807, 0.048841568792744455, 0.014122610309441539], "NoiseHL": [0.08481190173827549, 0.06648769189634614, 0.12797546745618835, 0.11981670703764215, 0.05419648607048212, 0.08672051942502638, 0.12748694196991386]}