{"FilterHL": [0.029803383187877685, 0.06758486657026405, 0.04118583237735578, 0.04708284873303963, 0.151703161714249, 0.16578684172120606, 0.1755684212637639], "NoiseHL": [0.2773338628213111, 0.08367244131679641, 0.25419891104022724, 0.03289091744686899, 0.11431728395447827, 0.056312047612445466, 0.09954936079215083]}