{"FilterHL": [0.0, 0.0, 0.0, 0.0005058588322210636, 0.0, 0.0006797760957342084, 0.0], "NoiseHL": [0.20467814417459612, 0.24895644450841764, 0.20467814417459612, 0.2652269334169895, 0.24474362140675346, 0.2662155203826279, 0.24474362140675346]}