{"FilterHL": [0.01646115962502486, 0.011683897983581534, 0.035946894225246905, 0.03780005962069977, 0.038903788781729495, 0.02754445404063597, 0.029631829192780512], "NoiseHL": [0.15734487674766107, 0.14646154415092863, 0.16414162976952917, 0.16846572032102072, 0.1892976963107441, 0.19471133777000404, 0.16836230248006925]}