{"FilterHL": [0.00919487089540759, 0.01236043963734389, 0.013156793667621866, 0.021325333901226377, 0.2421497885522729, 0.2176659360976688, 0.19573576548413998], "NoiseHL": [0.4573625946469665, 0.465619409131065, 0.45444768522341455, 0.45599044472126304, 0.42822020142421147, 0.4048522229746593, 0.39782021618782565]}