{"FilterHL": [0.011546108915176745, 0.019845323183779982, 0.0026912616133444147, 0.005606899347965511, 0.018771932562636397, 0.010397656420346157, 0.007581675013828051], "NoiseHL": [0.14445620279089333, 0.13690964967185232, 0.158133390944962, 0.16589305650050895, 0.18776901339619256, 0.19077330417582158, 0.19362937033395428]}