{"FilterHL": [0.02237544435621811, 0.005150452442543401, 0.012678874086907042, 0.018463809633216716, 0.003924817348183611, 0.025124711529981303, 0.045322812456749115], "NoiseHL": [0.2637233915131372, 0.30968974984153164, 0.2602510632048605, 0.32845560364565174, 0.302650597456391, 0.351972498137622, 0.26140688322950756]}