{"FilterHL": [0.047287926889220344, 0.09414331560108091, 0.09751138746658256, 0.11712617045606137, 0.14045713545523555, 0.16829103870791168, 0.14622930412433144], "NoiseHL": [0.18149574085361447, 0.24258122269498442, 0.20884634180905265, 0.25495493803115815, 0.27467721591642463, 0.4096977268780447, 0.3153263750439784]}