{"FilterHL": [0.025460166580302566, 0.06519160792042497, 0.031387939568598075, 0.042096324444530445, 0.03899716505975723, 0.04239154615217856, 0.034912000817001326], "NoiseHL": [0.03141016292461731, 0.035633579893983046, 0.018336665964793216, 0.032415839003585044, 0.02840329094275399, 0.017512758765072495, 0.013413878711443622]}