{"FilterHL": [0.019515990815451238, 0.05234531079424643, 0.01899754964807073, 0.029047569130690388, 0.015370347043234709, 0.03343271897833457, 0.023438966714203893], "NoiseHL": [0.19587563250115658, 0.1960864701240139, 0.18984997772005127, 0.18293083316100436, 0.18312322407268533, 0.1686962188283486, 0.1841377452070406]}