{"FilterHL": [0.0989748886255282, 0.10524853436250721, 0.06593329351643241, 0.07615046423273283, 0.1314462361329055, 0.1056887738270869, 0.12106703825131868], "NoiseHL": [0.09471370165621773, 0.08070192315042277, 0.1010977323265042, 0.10024186726902341, 0.09409391437509887, 0.08837387597763775, 0.08714132796590919]}