{"FilterHL": [0.0, 0.0, 3.591002676671634e-05, 0.00030428142157691964, 0.00043740884156231134, 0.005030418105676682, 0.0], "NoiseHL": [0.2740154435715323, 0.2853793027819435, 0.2652269334169895, 0.298184114986734, 0.2612408472229728, 0.31660503303722437, 0.2816336424931959]}