{"FilterHL": [0.023033990020504175, 0.03070279278535128, 0.011724815896390052, 0.009681531903958174, 0.030528527853287794, 0.027361823439576795, 0.06177874001451021], "NoiseHL": [0.266392297088481, 0.3829722643313075, 0.2587193067263553, 0.39439136627182736, 0.259366020112819, 0.3921701576540458, 0.2569126395705755]}