{"FilterHL": [0.030006161099359694, 0.023853997750968064, 0.01067536219422106, 0.03884192116057858, 0.02242858107286297, 0.03226606564073335, 0.016006891452446645], "NoiseHL": [0.1832339750733427, 0.28624735180473215, 0.17696685192036885, 0.24185253438482512, 0.1991895381103238, 0.28486558808783663, 0.20548693474907065]}