{"FilterHL": [0.015617325056736209, 0.043570644764781286, 0.028394845547085077, 0.007469272324578458, 0.017439973357316382, 0.02323475945359416, 0.013673030415698064], "NoiseHL": [0.08923067216730533, 0.1365140788103166, 0.11848381216647484, 0.14634159568348434, 0.09795060388966, 0.13673687198030737, 0.11720463857105638]}