{"FilterHL": [0.03203845638232986, 0.05035808833855859, 0.025905316534164863, 0.03066815820423789, 0.030946092148788334, 0.04967480724541558, 0.038648964413377694], "NoiseHL": [0.03601640070847098, 0.05758283858869329, 0.026392542788226375, 0.03876634949008837, 0.048832824865086125, 0.05215585799494515, 0.03290448962809706]}