{"FilterHL": [0.008590104705988255, 0.02130973106591642, 0.004760466258839739, 0.005745062436928625, 0.02336151000967941, 0.03437588092400715, 0.016617043676038015], "NoiseHL": [0.07342207545301417, 0.15881174566296027, 0.08715915701758918, 0.16413714143242514, 0.14048553746661838, 0.21203038799670482, 0.1544008935609264]}