{"FilterHL": [6.09024583719815e-06, 0.0, 2.5920359342057443e-06, 0.0, 0.0, 0.0, 0.4174220211973777], "NoiseHL": [0.43162363768308487, 0.4967412056849905, 0.5793236459045017, 0.48032972886528874, 0.5071449297288748, 0.5335305086016873, 0.6225974335830541]}