{"FilterHL": [0.008292073747315538, 0.0028525406452839393, 0.009532088829788492, 0.02972544091959297, 0.03078466624833765, 0.03539768454232324, 0.037352117622915224], "NoiseHL": [0.17150352660257528, 0.1461545810770187, 0.17186003477154904, 0.15679226013071862, 0.23469827538972374, 0.2362670005036072, 0.2359224763424348]}