{"FilterHL": [0.010239715986882935, 0.011005887606270158, 0.0031944143213878903, 0.004728426529423976, 0.006076587215625943, 0.02017760453614158, 0.027014541754048698], "NoiseHL": [0.18399739632093115, 0.22379542074417283, 0.18259474003984824, 0.2605512560169432, 0.22946963408561807, 0.20838692533540518, 0.213530240588028]}