{"FilterHL": [0.03156602882173053, 0.05746990725588836, 0.024775922793533002, 0.045225940390631006, 0.028706490668510654, 0.049663739960273255, 0.036756839284881965], "NoiseHL": [0.061082989003522103, 0.04469995854852216, 0.046925999813974204, 0.04241476940225543, 0.04903163769326023, 0.03871543780798236, 0.06941079197846892]}