{"FilterHL": [0.0, 6.975337833046953e-06, 2.516211625300666e-05, 0.0, 0.0, 0.0, 0.0], "NoiseHL": [0.12350322450529108, 0.17390359233227098, 0.18239580959790103, 0.2393868301256415, 0.1634756284592911, 0.19448580951758207, 0.1865064993035597]}