{"FilterHL": [0.0008799943821990583, 0.014026514444145204, 0.006385770973647372, 0.0069480804018502585, 0.154235605517766, 0.16342796313992747, 0.17871320255034986], "NoiseHL": [0.1810323480929103, 0.18228160342588015, 0.32289312645172213, 0.33764415287440824, 0.5432535648656105, 0.5534602198818446, 0.5673758921911062]}