{"FilterHL": [0.028201658386451337, 0.02144112791573742, 0.017073379358760347, 0.03307341943735409, 0.009994764456443391, 0.018619409226086268, 0.0194453550713974], "NoiseHL": [0.0483370161725888, 0.12969841740176327, 0.0552632968197655, 0.1245043698219158, 0.05971800792011429, 0.1283096337922187, 0.07245071358577589]}