{"FilterHL": [0.021414535170855568, 0.01053385896812937, 0.0022615710684483117, 0.016309671643498353, 0.016922016956328785, 0.006192063874261765, 0.003282098141265709], "NoiseHL": [0.36859899275747043, 0.34971765317568315, 0.3351021589088799, 0.29570288449643956, 0.3660505769734204, 0.3407894142064542, 0.32510701893490446]}