{"FilterHL": [8.429370204608392e-08, 4.2146849766967993e-08, 6.322027559250747e-08, 0.0, 0.0004512838738016015, 0.0, 0.0], "NoiseHL": [0.09654419837975824, 0.1507282797138842, 0.13317431117202394, 0.16500333021764654, 0.12938974008971083, 0.15562474979979976, 0.15880924869119284]}