{"FilterHL": [0.0, 0.0, 0.00016894475130601098, 0.0, 0.004058503172898916, 0.0, 0.0], "NoiseHL": [0.09395759443969061, 0.17098527586296225, 0.15562474979979976, 0.2108191091580861, 0.13502822103059414, 0.20217423592924638, 0.18785815120172258]}