{"FilterHL": [0.029037216781181024, 0.020610885052720622, 0.018462156200291957, 0.04108047754025722, 0.009648121997477069, 0.032243017541689775, 0.019378749645636677], "NoiseHL": [0.02574877344735965, 0.056619454919774166, 0.07574600661458519, 0.07667152194786342, 0.04421657998791511, 0.06664404139467592, 0.10852649577391452]}