{"FilterHL": [0.015323235731272523, 0.03653719999861076, 0.03296790549009061, 0.03695132253665404, 0.02180516380590396, 0.023360631134586116, 0.010314598573048072], "NoiseHL": [0.11521186451054871, 0.19177045145399335, 0.11667926551530752, 0.18026452371024448, 0.138295324593793, 0.1725616091692084, 0.1526801407768094]}