{"FilterHL": [0.00896508319951762, 0.0424108468325342, 0.012684042934734213, 0.03692737377456135, 0.02742056643395776, 0.03312206288193136, 0.011645931424360071], "NoiseHL": [0.15782766049609429, 0.14062963500322637, 0.22650330079757408, 0.23781327360160698, 0.22771535392183906, 0.23676491201810096, 0.19768761961077122]}