{"FilterHL": [0.011529588156239366, 0.027855031579225132, 0.012196341563768356, 0.004395677877861042, 0.006067884182100221, 0.021504084718603014, 0.026836548022494706], "NoiseHL": [0.23515504654133415, 0.22883945977675452, 0.23813359575623505, 0.2376715119190013, 0.2272273071264394, 0.20258598929974025, 0.23827533034664716]}