{"FilterHL": [0.028934913992012957, 0.04060076677427537, 0.006902894093061247, 0.03933680140474317, 0.01720519635112832, 0.019392435769663745, 0.030747062545749358], "NoiseHL": [0.16245268787711425, 0.08248675485071663, 0.16804073223497468, 0.06703756228158002, 0.15843747572909786, 0.059088505213893174, 0.12375475398116029]}