{"FilterHL": [1.4709403124585953e-05, 0.0, 0.00015237727556190945, 6.511718078046755e-06, 0.0, 0.00020104797543276932, 0.00020104797543276932], "NoiseHL": [0.12549508256710148, 0.21323045788224296, 0.16950843122097695, 0.2144269219230429, 0.19317708832355046, 0.21561738357673682, 0.21561738357673682]}