{"FilterHL": [0.014659740151866198, 0.029783962690550538, 0.01903268935768506, 0.010472438530081054, 0.013154409911785873, 0.01857119018531086, 0.010891512573763099], "NoiseHL": [0.16197733612608614, 0.16788395655401483, 0.1709663399023205, 0.17349815118029707, 0.1574273539982671, 0.19292228887769788, 0.15778050285226203]}