{"FilterHL": [0.021291943552292598, 0.044153710017008976, 0.00873203767232102, 0.02978408522701832, 0.10671615264620199, 0.058708687675020306, 0.08808382899139693], "NoiseHL": [0.38768813551488085, 0.31600813868519534, 0.37245811585266553, 0.33222190148148806, 0.5166681495900877, 0.282348723402343, 0.5084748236831655]}