{"FilterHL": [0.012954704380467067, 0.014470699688116314, 0.011278025697788666, 0.006449135776832654, 0.01767700979555468, 0.020929649428255096, 0.05419935462547671], "NoiseHL": [0.07713405923242472, 0.08005544250244825, 0.08685365777472707, 0.08328861280564127, 0.14436957696144914, 0.17495203356101507, 0.1560677165536715]}