{"FilterHL": [0.017539572394992032, 0.013676822134664942, 0.013338530573995262, 0.029231893394202912, 0.006816488670682391, 0.011644397310059574, 0.034729919121238746], "NoiseHL": [0.056735135008266824, 0.11084766663529193, 0.07713133051295848, 0.0871567425190087, 0.0734764765160271, 0.10641330762053146, 0.10832008545602173]}