{"FilterHL": [0.008662484675284954, 0.03151169761364261, 0.021880252561294236, 0.009061053644357303, 0.040611634454972304, 0.0331366940545191, 0.05447528033992784], "NoiseHL": [0.29939740372531987, 0.30377221883335537, 0.31403173294613385, 0.3152730928203533, 0.22309114878409467, 0.2578563346863412, 0.22691489414682708]}