{"FilterHL": [0.036872466846480954, 0.026880942869806766, 0.05478590364802745, 0.01815503278959356, 0.08050012292853159, 0.0331477026942877, 0.06927760620396665], "NoiseHL": [0.29690720865981085, 0.28858252644339505, 0.21681296017954169, 0.2424495252369842, 0.30299492160900615, 0.29299941601196344, 0.2882881759259202]}