{"FilterHL": [0.06201578635364384, 0.07426644098465227, 0.5468929628192689, 0.8114382843875895, 0.06657615876332267, 0.09717768253997633, 0.07063820881117093], "NoiseHL": [0.09951585513039907, 0.12559282425243742, 0.05702808345887971, 0.0848178183779248, 0.08676615412450751, 0.13602102088652865, 0.05155150917107428]}