{"FilterHL": [0.02147437972868907, 0.02998867317804436, 0.03129891603955933, 0.0378264542433504, 0.02301481877646661, 0.035136154393784425, 0.03161467095785674], "NoiseHL": [0.0805326828519703, 0.07513961291971973, 0.08709059664333807, 0.08742125760409292, 0.13391595070723347, 0.16255355312121114, 0.14002689684161626]}