{"FilterHL": [0.001120223351304366, 0.004753854756720767, 0.0121647201586573, 0.0003794968544470729, 0.0029941503315470755, 0.0024360905840948356, 0.025494319273267948], "NoiseHL": [0.13866442710839363, 0.10627440321039956, 0.16208354009376386, 0.15389523666927057, 0.1837755367050545, 0.17677669529663684, 0.20020523642980675]}