{"FilterHL": [0.016853396961668387, 0.036295731627993794, 0.008515342374604962, 0.0258689271107213, 0.021200566707638223, 0.01991150316834604, 0.02770184389441411], "NoiseHL": [0.09181383029476581, 0.13013600000108838, 0.1130813445742483, 0.12670396012024654, 0.097430797884077, 0.13192803767175496, 0.10878831540097558]}