{"FilterHL": [0.04639664113841289, 0.07337526121551542, 0.047060595791254524, 0.06969577368566036, 0.11715561866693751, 0.1354929414994748, 0.11163196731701686], "NoiseHL": [0.049980857381260596, 0.08105678858960333, 0.05637472807415479, 0.09901617424405229, 0.10083119928362619, 0.12453376283643307, 0.10511185871850792]}