{"FilterHL": [0.04836949504086573, 0.07472311810957963, 0.05468917293946097, 0.07363928322097192, 0.06494897757859036, 0.08907086036351913, 0.09013089533661146], "NoiseHL": [0.17781052665575037, 0.18903520980252195, 0.1639636747484343, 0.19446840932836915, 0.24657407381927263, 0.2913078810908167, 0.25404361337237447]}