{"FilterHL": [0.03214241901382551, 0.04733159451821441, 0.0489187897418914, 0.04643696722296037, 0.04975906459728386, 0.04366258489665929, 0.07098354376686092], "NoiseHL": [0.07925403244023883, 0.07368534981647216, 0.06442035027541486, 0.07463406991605241, 0.059396249796206155, 0.089416749289452, 0.09303129019670674]}