{"FilterHL": [0.00013125746866840434, 2.935588934998445e-05, 0.0, 0.0005042771956800297, 0.0, 0.00036599258270416665, 0.00028456956226377133], "NoiseHL": [0.2059196678858405, 0.22834309600589234, 0.2541370758203428, 0.26916281322186875, 0.21323045788224296, 0.2009115892650161, 0.2672010060207921]}