{"FilterHL": [0.10615881562752029, 0.10691995579856017, 0.06811542720412625, 0.07109936380304441, 0.16374977030593546, 0.17227075477204024, 0.16158669670654], "NoiseHL": [0.468911490472583, 0.4762553941981629, 0.46667387595824555, 0.4718902173400051, 0.3637461213834848, 0.3575872798366185, 0.340782515850866]}