{"FilterHL": [0.04060032240960513, 0.04101005037137972, 0.055205410894064, 0.04355150937679843, 0.049554084979713975, 0.024150310728265234, 0.043910902099600496], "NoiseHL": [0.19395806807223628, 0.27683799008217014, 0.1569971969408632, 0.2831364680910171, 0.2054074600624521, 0.17757181111158407, 0.19306783647161546]}