{"FilterHL": [0.19013793521831904, 0.16624105417849191, 0.1153357081703572, 0.15932522287632478, 0.32229616927957555, 0.33704977887829907, 0.27220010212857276], "NoiseHL": [0.17466976540499404, 0.5578439988262527, 0.18705739455484108, 0.5677546539692994, 0.20211136449591613, 0.5722897859797293, 0.20746626521259914]}