{"FilterHL": [0.00012942374274851895, 0.04667432013222057, 0.0002047579626756, 0.0030451196890865888, 0.0017826775374302091, 0.007211922912170905, 0.0064196359225190515], "NoiseHL": [0.25, 0.24060777059596403, 0.28908494657548534, 0.28461730675237407, 0.30618621784789724, 0.25677995356803374, 0.33009682013546676]}