{"FilterHL": [0.1016397369431852, 0.10927090797123148, 0.08731589571376028, 0.11247269560408907, 0.11174353080913305, 0.10537555566671385, 0.0875102497096552], "NoiseHL": [0.33956456131247, 0.3593071489600499, 0.3710619009222657, 0.39198613668649496, 0.37240306688610775, 0.39717171707470955, 0.37711891894682614]}