{"FilterHL": [0.011620749678234097, 0.02869461405249089, 0.022645040757629624, 0.0157018794861171, 0.39541054257642716, 0.4032932892926636, 0.4224371885989948], "NoiseHL": [0.37104574478882585, 0.37716662623287245, 0.3764181461954799, 0.38622665991797595, 0.638290548168289, 0.6548560295654959, 0.636087755111005]}