{"FilterHL": [0.07324160208813753, 0.0369320159155612, 0.03935032047880727, 0.029576336041479807, 0.04368649004216976, 0.04385254210727893, 0.04323960795754438], "NoiseHL": [0.20916543536167842, 0.22976485664251334, 0.20361570475403148, 0.1963817788044048, 0.23021972606041827, 0.18334384655697644, 0.21608991962023047]}