{"FilterHL": [0.019673723658415066, 0.036651613490536424, 0.005443826959779379, 0.0206560790449512, 0.1761519692993596, 0.2116416981455321, 0.21203323514470132], "NoiseHL": [0.18066519249240715, 0.24226970350483687, 0.2612525102002152, 0.24363188984219458, 0.28351157719282805, 0.3140257650798779, 0.31488735035330745]}