{"FilterHL": [0.047857829711076987, 0.048980516974064955, 0.034707447840326276, 0.034155895276687366, 0.04471094664762574, 0.060318273710930626, 0.02069267949667689], "NoiseHL": [0.06083466171600956, 0.1378730105779003, 0.11853021828358826, 0.16871866822438705, 0.07145047300034017, 0.13848120444820122, 0.1237295775772025]}