{"FilterHL": [0.04686294556755753, 0.04905513206042062, 0.056252497541331735, 0.04943193880422508, 0.05032823721864296, 0.025477088189242346, 0.049475668366341125], "NoiseHL": [0.10778958557439242, 0.05212492914836935, 0.16214293723009943, 0.06558115659747935, 0.10159816431468291, 0.05120102220526499, 0.15845358258653164]}