{"FilterHL": [0.0, 1.2517724806726692e-05, 9.735989032321527e-06, 8.30297790417024e-06, 0.0035756120493909125, 0.00829745315222282, 0.0], "NoiseHL": [0.34075874679429075, 0.35038649663459137, 0.3208679543044806, 0.32843355267654617, 0.3660254037844386, 0.3774567248364172, 0.34719885517251775]}