{"FilterHL": [0.018223724938686733, 0.029863312572206927, 0.006348307049572862, 0.0249477574825533, 0.005722121665700139, 0.040162259676935826, 0.002069850988870056], "NoiseHL": [0.1656135944069539, 0.1635015625714389, 0.18688034664917375, 0.1856405057707557, 0.152570741894383, 0.10992274231140879, 0.17743587029813168]}