{"FilterHL": [0.03762048040098845, 0.03575734629256977, 0.030554927334804426, 0.02876867105285543, 0.04110085763029769, 0.040981414462575166, 0.05239576649394657], "NoiseHL": [0.04175466050200781, 0.06009045652367922, 0.057452229690178144, 0.05258038066109128, 0.0486789672461761, 0.059564347970241245, 0.071053817884003]}