{"FilterHL": [0.05865784021375111, 0.07008534073150827, 0.06317744186581212, 0.04449479883928984, 0.04239923325393534, 0.05271999690280386, 0.07901568854281787], "NoiseHL": [0.17884782920423692, 0.2084506829296181, 0.1795270550148702, 0.21980117483328002, 0.20430036532391946, 0.22147349405479835, 0.1840457497042334]}