{"FilterHL": [0.03585359287332517, 0.02774105715222202, 0.02056108898257667, 0.04226474675735798, 0.01788236175243967, 0.006174751157031612, 0.027945339700759082], "NoiseHL": [0.09171353597054516, 0.08565921259170153, 0.09357767349577178, 0.07851275192465398, 0.09250280908120109, 0.06515676820981688, 0.08889785671901837]}