{"FilterHL": [0.016944806869827113, 0.014718732459080786, 0.009518362321952405, 0.013535972197171977, 0.012545674862416135, 0.009817818800748484, 0.011398174553105054], "NoiseHL": [0.08461465773274099, 0.12638969809087022, 0.13760831601465787, 0.1439799766900678, 0.13002314585175628, 0.14226016145182718, 0.1390756401439081]}