{"FilterHL": [0.03334135266793342, 0.04725930083539527, 0.04797122088762447, 0.05305079356448161, 0.04690010471771432, 0.0414320746950121, 0.048169949201369175], "NoiseHL": [0.0521356673711675, 0.07680625379640811, 0.05441494380783908, 0.08943606402862478, 0.04271307354494872, 0.05323616394302937, 0.05410038296938614]}