{"FilterHL": [0.04002438411079148, 0.05867286293973284, 0.04023648699371346, 0.04666976804750523, 0.04367898774263845, 0.0653554638602314, 0.02914899261067413], "NoiseHL": [0.09026731400121014, 0.08233625070328872, 0.12969210854957772, 0.07722091673449959, 0.11514347988881704, 0.1086851842032181, 0.1325785997597645]}