{"FilterHL": [0.004610609712967899, 0.0249443551538393, 0.028163283002430563, 0.0076848991199912516, 0.02984498543055059, 0.020210325532975984, 0.048288145550360165], "NoiseHL": [0.13680149766644478, 0.20972288144639292, 0.14401772304768629, 0.14501515073147372, 0.1391488593452803, 0.14823953603336837, 0.140548688492449]}