{"FilterHL": [0.038679123596238076, 0.04905983582216028, 0.04928351589451922, 0.05637719383037301, 0.04022095069821753, 0.0429286629155482, 0.034231566417708637], "NoiseHL": [0.011600280403991473, 0.06523598885554617, 0.025946158397091856, 0.03494351404841008, 0.020489132804095832, 0.052520196911957494, 0.028755270238914582]}