{"FilterHL": [0.0030689034381539753, 0.003667563735506732, 0.004165275885396095, 0.009033763839774552, 0.00879869956125547, 0.007206995450736601, 0.009397108424304775], "NoiseHL": [0.05417078209527862, 0.11088323288218518, 0.11110525957184314, 0.12942341866376472, 0.10637284154533239, 0.14050350646198656, 0.11537973226683398]}