{"FilterHL": [0.02585587200645701, 0.035193968580075556, 0.012672457175085052, 0.0156554985741625, 0.008545920539266508, 0.018097723327026867, 0.02561149574775981], "NoiseHL": [0.08966466933492301, 0.14720051568810297, 0.08909844251712211, 0.16052812407756178, 0.09802187925905582, 0.1444461513164644, 0.11355925873989313]}