{"FilterHL": [0.03575053515253362, 0.051788960966838486, 0.03623414618515029, 0.025734656501688564, 0.02111203589544427, 0.028743430044353584, 0.06018978040068363], "NoiseHL": [0.04876410295007794, 0.0674157579232309, 0.050365939041431385, 0.03849674595201057, 0.044619924056291574, 0.04079218205109499, 0.0917731261458485]}