{"FilterHL": [0.015995990339716167, 0.04235773103716128, 0.02821694669625888, 0.018006038273357117, 0.00935140992730034, 0.024940252878907814, 0.03410158771363196], "NoiseHL": [0.20380293867558139, 0.2426394492064793, 0.22494148400765165, 0.2103165743211585, 0.22083277534721926, 0.20964821111079426, 0.20348563840162176]}