{"FilterHL": [0.011314262054510504, 0.008260484079336841, 0.00549532138084123, 0.02860392474142455, 0.01117940529879498, 0.008429266022327629, 0.025897628920627896], "NoiseHL": [0.10505337155889936, 0.1256400813809655, 0.158810050764263, 0.17831443333334104, 0.10233120472798757, 0.10400079939428031, 0.15852394391499794]}