{"FilterHL": [0.13949954057034977, 0.11078098355545403, 0.002874347686834422, 0.025057307587568946, 0.11307697260308594, 0.1636893496513881, 0.12224137051084004], "NoiseHL": [0.39120987520766065, 0.40976482112801554, 0.392733640482071, 0.41991440386073486, 0.4413973103082198, 0.4090069197264244, 0.43390269612883897]}