{"FilterHL": [0.023955778751794818, 0.041926213651344586, 0.01738131261456385, 0.028220667764938263, 0.021403476250098214, 0.024907228532668406, 0.026317836520137295], "NoiseHL": [0.08303655125364502, 0.09441639201886537, 0.11100772110039074, 0.13909660337543134, 0.10929351045078023, 0.10192287881443488, 0.15419839005851999]}