{"FilterHL": [0.01053007918565416, 0.0315473797654725, 0.025670990958823962, 0.02090686551720207, 0.017976130432760556, 0.025937393823684964, 0.03261082904100469], "NoiseHL": [0.17849853430849846, 0.15242394877313928, 0.11854438286045008, 0.06522010291012022, 0.17937501180523893, 0.1434740102982111, 0.11522219100884333]}