{"FilterHL": [0.0002960382135330164, 1.0979339275915889e-05, 0.014019557255536602, 0.014296956489106482, 0.0, 0.0, 0.0009284724044226252], "NoiseHL": [0.24474362140675346, 0.30968974984153164, 0.22673040717925189, 0.23292710742648787, 0.26023620398396025, 0.3035375752754972, 0.2403363694301523]}