{"FilterHL": [0.003396161709694364, 0.0178475280180115, 0.004150005637700459, 0.011647864230315096, 0.019027895832520448, 0.024593924146069823, 0.020606203887818638], "NoiseHL": [0.2287373218389983, 0.3070851409240446, 0.23183230392916282, 0.2874486386367676, 0.26559327284751205, 0.31317142428104183, 0.2622713675140495]}