{"FilterHL": [0.010144123644683745, 0.022865892439248515, 0.002376865055546776, 0.0014442967785653735, 0.00510380267237261, 0.006267912034607457, 0.016171561469496925], "NoiseHL": [0.2193370225423252, 0.1755646688435183, 0.19836808554047788, 0.1727237192381041, 0.2181996142840931, 0.17413280365987227, 0.20574904849188266]}