{"FilterHL": [0.0055833612464650075, 0.018292835831761337, 0.006087360670175215, 0.012999611256129315, 0.021901655964838503, 0.044452218971568015, 0.011567263040788896], "NoiseHL": [0.0894739828443349, 0.19363883481552738, 0.11611983316822448, 0.18732581052323372, 0.1681611234342252, 0.23616505384484782, 0.16978300734226434]}