{"FilterHL": [0.016483661816593657, 0.017005549065479412, 0.014971347954067293, 0.0346525095646456, 0.02224877215757136, 0.029590983298271346, 0.028731920624981026], "NoiseHL": [0.17206502085411232, 0.25464352424379083, 0.16161237589461827, 0.24347494071237427, 0.1858432170270471, 0.2327006916758625, 0.20274127827717534]}