{"FilterHL": [0.011053131024270402, 0.014445597179847976, 0.02895075718890846, 0.032765280604581726, 0.020070527380010705, 0.022371233359622898, 0.026684125555535437], "NoiseHL": [0.2895997409260503, 0.30432448920116284, 0.3170177318992762, 0.3065823400733963, 0.2608686297438855, 0.32314130996043344, 0.27221925576978073]}