{"FilterHL": [0.024329745966288084, 0.03593412785051019, 0.02773927989892087, 0.05130956527395065, 0.029188029852998548, 0.041923203528245294, 0.0395080906395599], "NoiseHL": [0.06374010781954573, 0.05035994901397388, 0.05450934035425029, 0.07660060557288315, 0.05806190294364677, 0.06933430519057925, 0.07157973029640861]}