{"FilterHL": [0.2198044606443798, 0.23700446659992622, 0.2234468800296717, 0.2264052321448831, 0.46220998489373033, 0.4844813523487103, 0.462156461920777], "NoiseHL": [0.5556742348098143, 0.5862750578394553, 0.5499232965354102, 0.5661201566582559, 0.4972354380679792, 0.5039766350970359, 0.47069702695692367]}