{"FilterHL": [0.013597559889518596, 0.033761441116307016, 0.016404772965103693, 0.018571828312563356, 0.01801514586944323, 0.01868160836105484, 0.031768516042865264], "NoiseHL": [0.07160147973742331, 0.07111795843519408, 0.08973086427899551, 0.07471440143108948, 0.11500404177224037, 0.1276150555713365, 0.11890304779567065]}