{"FilterHL": [0.015279975664079574, 0.048538562188879794, 0.020751856008413182, 0.03635472865901532, 0.026528548178819413, 0.04638274420657139, 0.015652549349992644], "NoiseHL": [0.0933270111216043, 0.13501818429286924, 0.09429301486546103, 0.16009820821803655, 0.09224450361642429, 0.12680862748524896, 0.12784391843868181]}