{"FilterHL": [0.02683225635690261, 0.04435254985002515, 0.017180059882279993, 0.038574106601856034, 0.03468948800924007, 0.04053924878932134, 0.026709243811957932], "NoiseHL": [0.04035938839942313, 0.06410174065222667, 0.03893000752474668, 0.042029234461395164, 0.024481447827602275, 0.053546303168892355, 0.0397981639556302]}