{"FilterHL": [0.05710872455520368, 0.08735249638442338, 0.06418560978333492, 0.052186717040645404, 0.072834174818392, 0.18451178635076917, 0.06360500278287255], "NoiseHL": [0.2852448485794088, 0.2724683822639804, 0.2758634724208449, 0.3000762730547368, 0.2616918392243014, 0.24548153447037568, 0.2942632698757323]}