{"FilterHL": [0.02792268406241929, 0.055461962839225575, 0.03273149440879411, 0.03243288625351876, 0.05936337452239139, 0.07141066133197366, 0.07390457526597985], "NoiseHL": [0.1101961386130417, 0.09728039772623544, 0.10003804895457338, 0.07841023026402721, 0.10270746703060332, 0.05604295102708229, 0.08430819689350873]}