{"FilterHL": [0.0033407019293262732, 0.1740729270596396, 0.018832186659663873, 0.22566153058833266, 0.03241973560818701, 0.0, 0.04036617288536922], "NoiseHL": [0.5497611075812777, 0.662750932550118, 0.5583561893304374, 0.6853246778790979, 0.5597356477134531, 0.5685395811938988, 0.5595061464001714]}