{"FilterHL": [0.06405950891465208, 0.0519745886518088, 0.04122086373912176, 0.049958438675808715, 0.2241697756982055, 0.17850410275415177, 0.2739206823347923], "NoiseHL": [0.21914385718710264, 0.24955931930735806, 0.20505406197033085, 0.21018725871534544, 0.053661467698867836, 0.08741815861868743, 0.07200222454847073]}