{"FilterHL": [0.017265061948426325, 0.008985551901222697, 0.016897992954715876, 0.01618851738419741, 0.01052474862033708, 0.018014376352434018, 0.056769808132697094], "NoiseHL": [0.3088899531457042, 0.27510725497125366, 0.33206759817296033, 0.2983207221892514, 0.25133220162289116, 0.224005553302318, 0.24665161871740654]}