{"FilterHL": [3.0915389208000374e-05, 4.136834191337514e-05, 0.0, 7.751230282014991e-05, 0.0009808684919480404, 0.0018689642029434848, 0.0009808684919480404], "NoiseHL": [0.09395759443969061, 0.12938974008971083, 0.1130351165204551, 0.12147973842516742, 0.13502822103059414, 0.14044858014632036, 0.13502822103059414]}