{"FilterHL": [0.04405875876059508, 0.017047956884776824, 0.017296726059041933, 0.05460097714811569, 0.05079695930641843, 0.09359251562584431, 0.07194029829509979], "NoiseHL": [0.1722182296934587, 0.2736268726221499, 0.2883598557267519, 0.31844081337334756, 0.1558860928079346, 0.2462472584223108, 0.2591010074549366]}