{"FilterHL": [0.013626486440651127, 0.012909569986434728, 0.005379409989099359, 0.012834985111874192, 0.0072156769552487185, 0.0023224334457456206, 0.014225941792212293], "NoiseHL": [0.19964462783606962, 0.2623265381184884, 0.24175371459741474, 0.2612817096652056, 0.21800242959756724, 0.23722404227575464, 0.25103997185239374]}