{"FilterHL": [0.06503534110862554, 0.061389265480132515, 0.048204086773332905, 0.05951928949469034, 0.05069017920115037, 0.0762444189493761, 0.6788397522856826], "NoiseHL": [0.14132326372472398, 0.12401529132969609, 0.10002343732484759, 0.10313777958218863, 0.14545250237638002, 0.1513729434489469, 0.20123382590851194]}