{"FilterHL": [0.03822726355749695, 0.0344270864592471, 0.03807819364684893, 0.07369258046620634, 0.03914342863017013, 0.06664145827498993, 0.0319569116062307], "NoiseHL": [0.03424635369037594, 0.07637405128444345, 0.12285398436239213, 0.12852585266611746, 0.025579834753515857, 0.0708988286535191, 0.11783421792399804]}