{"FilterHL": [0.048669626485102, 0.0392397987677497, 0.038009876232416404, 0.015557638415188218, 0.02240065532399785, 0.04825871391985388, 0.03551762045489556], "NoiseHL": [0.18958446648405824, 0.20320317330913165, 0.21118463454892974, 0.2057469616224833, 0.1889884530581082, 0.18948248773909235, 0.21813942925797972]}