{"FilterHL": [0.02730498195662875, 0.047451303069739034, 0.022187687064781112, 0.03558705999840195, 0.026194811327629616, 0.07617203290741931, 0.022724943832538595], "NoiseHL": [0.06988423295355811, 0.05942640033970676, 0.06367163456595652, 0.06684027416977135, 0.0899840739716827, 0.11965467090866153, 0.08322685515542366]}