{"FilterHL": [0.01142085232333743, 0.027390558548366153, 0.054677547764324756, 0.031458066900057695, 0.034579740414885915, 0.038040638127525346, 0.03087472886432152], "NoiseHL": [0.20329925782843486, 0.2786494675621207, 0.1559161922241774, 0.2658235338061045, 0.21312897481002374, 0.2063027688427921, 0.1842561817119289]}