{"FilterHL": [0.026333799832245583, 0.02560110219076476, 0.004402097477496548, 0.025938638420667324, 0.012715459650746979, 0.015291359546393303, 0.029101609870233216], "NoiseHL": [0.40448054629799635, 0.4334972134803138, 0.4221696327434594, 0.4248096773134764, 0.4216548881761142, 0.40270990356665304, 0.41697903797623714]}