{"FilterHL": [0.010823466826879605, 0.017077572423552605, 0.0016261655207847753, 0.007580684615946429, 0.013817623138529835, 0.007364006593727194, 0.011913502165479886], "NoiseHL": [0.15822370043103956, 0.15522310771347314, 0.18668170182308744, 0.1895448085908778, 0.12559840732971062, 0.10324654214467265, 0.17537262432829054]}