{"FilterHL": [0.02276730451405961, 0.042802430094357066, 0.013758548881706807, 0.048749768883404064, 0.24815049889570187, 0.25966886837836883, 0.15966498562221493], "NoiseHL": [0.18553525654111544, 0.20691656551406876, 0.33859532636498235, 0.3431914135416032, 0.30799394072913877, 0.29523427086089415, 0.38707678923081085]}