{"FilterHL": [0.0, 7.797171273428547e-07, 0.0, 0.0, 0.0, 0.0004934588966625757, 0.0], "NoiseHL": [0.22607708161584836, 0.2972843603127713, 0.2541370758203428, 0.3217152965180304, 0.3008703820942616, 0.32508767843708475, 0.3131623291459826]}