{"FilterHL": [0.04408583144476928, 0.051056822824156585, 0.045033850941259404, 0.0735023387501589, 0.07232057605268695, 0.11144489743224119, 0.08483047452545361], "NoiseHL": [0.15974259773738295, 0.17461257113850304, 0.14551450803758284, 0.18994855614970985, 0.15557570821755998, 0.15724472529014366, 0.1423677031683586]}