{"FilterHL": [0.04648621073449056, 0.05644806966177849, 0.5363250937746856, 0.8281799232997145, 0.05177476703198759, 0.798076489746061, 0.18589428153102486], "NoiseHL": [0.05124410098512774, 0.08127453462915041, 0.05280863967755239, 0.04795933773051341, 0.06391855708626934, 0.09866634047240581, 0.03950153300929776]}