{"FilterHL": [0.02539573044622403, 0.019743049582606316, 0.0325975886497365, 0.015126274444057125, 0.035448759823161494, 0.0465150507248533, 0.01949799546195936], "NoiseHL": [0.31754541295041055, 0.34177220258439794, 0.3377172650620125, 0.3391823964328615, 0.3177016835226839, 0.345239135983273, 0.33768291675093465]}