{"FilterHL": [0.02986511409374692, 0.016072638012345906, 0.027014792169085165, 0.028249724420575176, 0.19085194525014745, 0.07205914628131732, 0.025952800978817893], "NoiseHL": [0.36721591085629174, 0.26076309225118766, 0.25011122056356777, 0.2319908741696272, 0.38522480369038214, 0.2920131119966927, 0.27035270299408903]}