{"FilterHL": [0.018041811943563472, 0.022922445889814312, 0.022792698671560453, 0.029767401431876325, 0.020488302726307153, 0.028226267278709034, 0.015466785233928025], "NoiseHL": [0.11196615035691983, 0.0854712747564468, 0.0775412122380874, 0.08550128838845354, 0.14380771671919293, 0.17226705335101608, 0.1400237657371335]}