{"FilterHL": [0.015768198638873004, 0.0165957449484432, 0.012874307647238058, 0.07338397880607338, 0.017826309759640398, 0.012395425861253704, 0.01965624558965057], "NoiseHL": [0.2200044640659987, 0.1875915037976976, 0.2072805400117198, 0.17476375213868267, 0.1869012299129613, 0.12550178187788347, 0.18254768598980112]}