{"FilterHL": [0.039026254736144766, 0.023666136123845844, 0.018851880080097073, 0.02134239712521082, 0.036087377596354, 0.024661475139102905, 0.016765354554627344], "NoiseHL": [0.13846761544122688, 0.14843763670033894, 0.20717473163764472, 0.20270400116303258, 0.18462766565192082, 0.1851698348447887, 0.21906899573832747]}