{"FilterHL": [0.019539448779322136, 0.046208403986678165, 0.01803701621909859, 0.025817103399805846, 0.024943843856484037, 0.027822581762062114, 0.01758554236019083], "NoiseHL": [0.055299210414756904, 0.09935165627927971, 0.06380707806433046, 0.13279284444820816, 0.11157024376958383, 0.13804556192371484, 0.12083824758982797]}