{"FilterHL": [0.013155705827062875, 0.028001976305265717, 0.03246360439932835, 0.0157947099278075, 0.059322284284036485, 0.025966025944086115, 0.04441830681766017], "NoiseHL": [0.20945641524207403, 0.212227122679624, 0.22527503557279754, 0.25988596355879584, 0.2238555497221996, 0.19219514046996103, 0.2587731424782123]}