{"FilterHL": [0.0, 0.022997468099401758, 0.011407839728996639, 0.024841805994498575, 0.0, 0.0076272657315543235, 0.0], "NoiseHL": [0.3751893617838597, 0.218019754480037, 0.3886613478333254, 0.20058633409856305, 0.34398982727819466, 0.21969771911908276, 0.3350491837643214]}