{"FilterHL": [0.0008980452634120711, 0.00011660887138099987, 0.029586119448738436, 0.018554058914077538, 0.0, 0.0022580402846683455, 0.027507576877791585], "NoiseHL": [0.24790907888765304, 0.28723702582719046, 0.19215188418617127, 0.24445748167180828, 0.2806907803767703, 0.3008703820942616, 0.2921895258641137]}