{"FilterHL": [0.02021931210428077, 0.03721104500817878, 0.027174859942414746, 0.028998574165891418, 0.032916203500047155, 0.02548463889632791, 0.018749156622625367], "NoiseHL": [0.03801393936330223, 0.05417374029385332, 0.03450784954347859, 0.047518192328445404, 0.03478446738240975, 0.04241389452226237, 0.03520955940615091]}