{"FilterHL": [0.09852422346640716, 0.08750695066641276, 0.04689042624753323, 0.05388540910159811, 0.0936439558408379, 0.11357643343107827, 0.0870532417307802], "NoiseHL": [0.24617772513508474, 0.24806624148769976, 0.2503774838680939, 0.2632365948525043, 0.22128882668335798, 0.24681124319553083, 0.24704107764690889]}