{"FilterHL": [0.01023271573723237, 0.043486037661618585, 0.07856585138088697, 0.03487356043769651, 0.01600377225752639, 0.021000593957935514, 0.3279809415748767], "NoiseHL": [0.3737757784221853, 0.3675638760368241, 0.5087333102684768, 0.48669806920352127, 0.3646293573091315, 0.37407312068011817, 0.48913535580221246]}