{"FilterHL": [0.023400737077180805, 0.04201122518010399, 0.02940041757658979, 0.03376428537833951, 0.05241912434320658, 0.0229896530583147, 0.042638203819498906], "NoiseHL": [0.09377194769712958, 0.08662850917070383, 0.10786472119102646, 0.10533990445797464, 0.17563967437145356, 0.19615794522009244, 0.16827978610387237]}