{"FilterHL": [0.05331190866425416, 0.043075323563792275, 0.03440415357224232, 0.018186170132682422, 0.0542496790709292, 0.053087245682352735, 0.04568908137309537], "NoiseHL": [0.13973512491205553, 0.14487187874455498, 0.17855788061526393, 0.16230471290729057, 0.14433356077976345, 0.13516349269559086, 0.16594788174917355]}