{"FilterHL": [0.023380197137679144, 0.041029478669639116, 0.0063532467514158565, 0.042311230277057535, 0.09902293900732523, 0.09756254827851982, 0.10767159149403668], "NoiseHL": [0.20649160656395882, 0.17669518247688215, 0.11316573986467868, 0.11580547621865192, 0.17549931403852884, 0.19380516150924462, 0.07682318944059215]}