{"FilterHL": [0.02205208461746487, 0.024083578505444545, 0.014838551826749799, 0.016882755000092897, 0.01608250487449057, 0.0207078529202083, 0.010423939962006704], "NoiseHL": [0.20349337847292454, 0.1946990949449906, 0.19637487391937694, 0.20411487105106363, 0.20777260778857162, 0.18091200362625603, 0.20515354934663907]}