{"FilterHL": [0.020268032400501526, 0.012158083704397037, 0.007530720560252604, 0.043926958964919306, 0.013247180579392242, 0.00424410399300147, 0.009076440788398078], "NoiseHL": [0.11776430390715668, 0.1223347074926275, 0.1337827828843554, 0.15131016207403977, 0.29409594510342063, 0.3185007544433968, 0.30181441747120036]}