{"FilterHL": [0.026313794741659385, 0.028769405324375552, 0.05442563991074041, 0.03219241166187187, 0.04505642747866789, 0.04279382905931297, 0.03956474681641312], "NoiseHL": [0.21000660916230873, 0.22362944713245583, 0.214757305462224, 0.2676370814632731, 0.269602254869914, 0.25008613073337704, 0.31053279208806506]}