{"FilterHL": [0.03726763587426031, 0.05289590329982805, 0.025772241338349103, 0.073459300953221, 0.04844152882241483, 0.1036662293822841, 0.14375941787134813], "NoiseHL": [0.09141614391631882, 0.08465130952068554, 0.09521118628493241, 0.11314138102837024, 0.11203342735491757, 0.11022095452192715, 0.12590212933374648]}