{"FilterHL": [0.06427035275088501, 0.13119513013306727, 0.17978324918003472, 0.24651766519023866, 0.22269182337598706, 0.14956943602576173, 0.3364203880207615], "NoiseHL": [0.44459492275931006, 0.454714633426308, 0.5448755254926453, 0.5598714001706777, 0.4467182734034541, 0.44163217478178246, 0.6177303658756114]}