{"FilterHL": [0.03404693362450674, 0.055124749924360984, 0.026292300524939475, 0.04413758703727843, 0.05503239141082399, 0.07947395044816638, 0.06181916853700444], "NoiseHL": [0.03746532275645146, 0.03324600468259221, 0.056870919130882464, 0.0555638540004074, 0.038193872866788256, 0.053646581522385425, 0.04470114424029151]}