{"FilterHL": [0.056565455084914194, 0.07692274870832062, 0.06396102219476836, 0.07324891088071275, 0.03787790446640271, 0.025880223397437795, 0.04796804492887722], "NoiseHL": [0.1529709752950987, 0.20543989081881026, 0.13470447557958345, 0.19398935640781814, 0.1900712531508435, 0.1758635806027397, 0.13792907951005198]}