{"FilterHL": [0.04912699288507382, 0.03844469771254303, 0.04480360467972063, 0.09177347096101103, 0.06784494203115826, 0.035967585678407715, 0.08465532197289813], "NoiseHL": [0.29391314399654417, 0.30201259051873586, 0.4547270018333497, 0.4555238574786167, 0.30915221824289374, 0.2970145295551702, 0.43607203205854933]}