{"FilterHL": [0.02882716771352929, 0.05957457147122687, 0.06312783879757225, 0.06985589844030138, 0.11641910173723305, 0.12885038344248956, 0.11142931854247544], "NoiseHL": [0.25116655078321454, 0.3079646337685423, 0.3227910749008037, 0.33538910811364847, 0.2828241449296645, 0.32982186220513515, 0.3344675844898765]}