{"FilterHL": [0.014548472518418848, 0.04603337922440571, 0.031370962793719294, 0.05314740989373942, 0.018260064031707664, 0.060144674231008693, 0.01862675822563814], "NoiseHL": [0.07299237170970463, 0.050557918392116645, 0.07547743193124702, 0.0958187653248977, 0.09324236912106396, 0.12386957136766696, 0.0875850412508815]}