{"FilterHL": [0.011389463166492862, 0.05534444701021561, 0.02445947480134169, 0.005083370300601685, 0.027356830872089864, 0.03474826753364283, 0.04808162394565102], "NoiseHL": [0.4460465141206585, 0.29132928221592463, 0.46316239961558897, 0.32589748963209236, 0.462088753372711, 0.30447532199055166, 0.4762561320079351]}