{"FilterHL": [0.044158852532475895, 0.05565135357119774, 0.05098829175767996, 0.057333095407282667, 0.04834399583369295, 0.04741840315713089, 0.053620770462672385], "NoiseHL": [0.049676379628652616, 0.08924745684349276, 0.06163120420642881, 0.10416877392944592, 0.07626917181474747, 0.09452661338512271, 0.07837979291335595]}