{"FilterHL": [0.01362366034434859, 0.03805657919657336, 0.0321667537655197, 0.04111398284716755, 0.023504400532008283, 0.023562344936357144, 0.012033915232059988], "NoiseHL": [0.2423726565290613, 0.2511550935026725, 0.22122619823563955, 0.25261472214051356, 0.23462691611040898, 0.2558573519876145, 0.24212288815205033]}