{"FilterHL": [0.007902685729139965, 0.011186620332937375, 0.005592858796307394, 0.010375563025479706, 0.010033963082157026, 0.011660861727643742, 0.022170397108619594], "NoiseHL": [0.10560372189153942, 0.2652511488882764, 0.13670821890865736, 0.17734074270106537, 0.14699992773045492, 0.2829861194676633, 0.16691028268073105]}