{"FilterHL": [0.045586682699940116, 0.06819156607416559, 0.04479257565406147, 0.039055211205551874, 0.030446894605349085, 0.05789390439359792, 0.03452079249501939], "NoiseHL": [0.07174540177876941, 0.1069245737040169, 0.05886356491033884, 0.06337270943708385, 0.07301470659095254, 0.08210119616912988, 0.06988127160379444]}