{"FilterHL": [0.02822795479805973, 0.05814873657627566, 0.03362834409335691, 0.03711260417335144, 0.037045331700170867, 0.04755025346873277, 0.049788338675009265], "NoiseHL": [0.050277799056745044, 0.04942593100454507, 0.0339440891836638, 0.04291766252033538, 0.02475755306423469, 0.05083765586266916, 0.024856303638266547]}