{"FilterHL": [0.042459635687067274, 0.06285541685104488, 0.04742029599483847, 0.0633419675716191, 0.048053334736441015, 0.05115830056933646, 0.07323612391163713], "NoiseHL": [0.21584374863891556, 0.16815060492976888, 0.2158127910424981, 0.1470666656051228, 0.20077469878303322, 0.10761623129329766, 0.2060046455929874]}