{"FilterHL": [0.03284759598394488, 0.04663898443483379, 0.005806712068521547, 0.007472864999611445, 0.1081027658013822, 0.2788842302121462, 0.2659113029174846], "NoiseHL": [0.49847705566303424, 0.5140809447081486, 0.5176139951845392, 0.5159944067030798, 0.5702218203452345, 0.5737637914666301, 0.5528897369258648]}