{"FilterHL": [0.0, 0.0, 0.0, 0.0, 0.0, 0.0, 0.0], "NoiseHL": [0.13866442710839363, 0.20467814417459612, 0.1837755367050545, 0.2372144506373005, 0.19448580951758207, 0.10857362109362227, 0.1996416327232974]}