{"FilterHL": [0.011711509213065189, 0.03396274125891047, 0.017865269776511473, 0.051233184160719904, 0.028409778145649184, 0.02907142538041722, 0.0254940374204995], "NoiseHL": [0.11273137777643084, 0.10603347275610404, 0.10551378610721267, 0.09744537998560249, 0.13268766349318714, 0.13775551360452948, 0.12368705819454222]}