{"FilterHL": [0.020395038545511345, 0.07834998138299476, 0.023425798281743942, 0.05204364074209235, 0.11827851111463315, 0.14391823456683608, 0.1298690440382079], "NoiseHL": [0.2947743210426851, 0.3826114951690274, 0.29438105785271873, 0.39479512457211335, 0.329783709051572, 0.3436300359745777, 0.3157257864856059]}