{"FilterHL": [0.29922357750974377, 0.07507242544966652, 0.1879734240718093, 0.3806235378745724, 0.1700725445444426, 0.3565613678313651, 0.33898340978667424], "NoiseHL": [0.5402347152698639, 0.45384708841831234, 0.5459684455433418, 0.45403247385018397, 0.5274870324364399, 0.4807316494875684, 0.5430536868226726]}