{"FilterHL": [0.019566672801600144, 0.025227225903877094, 0.010852400443611507, 0.03734637863740985, 0.020628514929317266, 0.018161693795498885, 0.025268363774288757], "NoiseHL": [0.3531812833557477, 0.34390326264565857, 0.3423039579778381, 0.2983967894115534, 0.345221793452779, 0.3330892274673973, 0.31092680561006697]}