{"FilterHL": [0.03042680661322285, 0.03607595308288187, 0.021828110781993756, 0.05540563682583414, 0.031218373418013177, 0.04699490232066085, 0.02506424041052991], "NoiseHL": [0.13718699802267045, 0.14550261254915497, 0.1365669798954727, 0.11199125597735689, 0.15677331284261042, 0.10878878737171455, 0.12402204728149718]}