{"FilterHL": [0.05658476357639904, 0.03551022225304988, 0.026816079580333853, 0.04426966528004211, 0.03947022729547269, 0.05828992024650265, 0.039386867266242145], "NoiseHL": [0.12385898251981245, 0.1525740485543369, 0.09812953229708062, 0.1512512117584081, 0.10041017415066086, 0.15596873617759566, 0.09266801386571706]}