{"FilterHL": [0.0007914338882052934, 0.0, 0.033857041134206935, 0.012534884212002724, 0.007793778287642968, 0.014486239256733419, 0.044538941604273734], "NoiseHL": [0.275936417144593, 0.2740154435715323, 0.17094598687311158, 0.2584328223883299, 0.28351157719282805, 0.2909232592243174, 0.1902315615716903]}