{"FilterHL": [0.03204829684008941, 0.05827295194344983, 0.04874938852857217, 0.04200564363825066, 0.02681858181593645, 0.04622050671533009, 0.027803293422430972], "NoiseHL": [0.08143229638355295, 0.1022268768164918, 0.11778040451288709, 0.08830214184326282, 0.08569595142125228, 0.08431668355001595, 0.1147854636401561]}