{"FilterHL": [0.04052202832204313, 0.05562518461464734, 0.02312678068631221, 0.03555437312202494, 0.008794310262208688, 0.046239874473185345, 0.03672447516956784], "NoiseHL": [0.03323917598568128, 0.04584027863820823, 0.017972621440961005, 0.029792698208737662, 0.028248658643042844, 0.01903597333950958, 0.04542919688701656]}