{"FilterHL": [0.021701730486496425, 0.018292311372909886, 0.02387605975439581, 0.0590646032635664, 0.040743215516258965, 0.07538851724127614, 0.04884596880998974], "NoiseHL": [0.17962106349427892, 0.15380292509499827, 0.1574273871106559, 0.16085425509530016, 0.1251207437656423, 0.11855825493507142, 0.11842720460235537]}