{"FilterHL": [0.021795911045156362, 0.018811988700412403, 0.009457220409067687, 0.008036997799652515, 0.006446961580245895, 0.026890934738811646, 0.014310606520189822], "NoiseHL": [0.20280168498427054, 0.29678422770925783, 0.2936725554857295, 0.27983534927222886, 0.2633252806328277, 0.3279949677030107, 0.2704203431315418]}