{"FilterHL": [0.0, 0.004739648428540089, 0.0, 0.004949684558857338, 0.03668557953712909, 0.0049931065727992505, 0.013137851939255358], "NoiseHL": [0.1753456551944575, 0.1901428652084801, 0.2071544063142342, 0.19462497830707542, 0.22318565853836922, 0.21798069666140013, 0.21234750850723141]}