{"FilterHL": [0.0023583814732632854, 0.024217109104829673, 0.004551261510134853, 0.0056378852496516245, 0.6465064615814338, 0.6469633947154034, 0.7071067811865475], "NoiseHL": [0.20608406396717863, 0.1944886732829534, 0.5201448504456464, 0.5412010845886595, 0.6308668644830688, 0.6271858180038801, 0.6756235634799196]}