{"FilterHL": [0.03872318958430984, 0.08058338117493717, 0.031101073765155432, 0.07267103937926675, 0.047733782512070236, 0.08102955748954639, 0.03665588297078916], "NoiseHL": [0.10324486434105233, 0.09988371482215652, 0.08799420627169104, 0.08736272962942161, 0.08879861441823576, 0.030259342934364445, 0.10592872412910453]}