{"FilterHL": [0.002855934000029514, 0.004449783893280112, 0.01104588303974084, 0.0012106508357290558, 0.0010143063346538203, 0.02262007503548749, 0.01435020599031848], "NoiseHL": [0.1713037995547892, 0.1909377566477685, 0.1748591461587422, 0.20416557196188198, 0.17616454815765004, 0.18502052985963088, 0.17907853556321934]}