{"FilterHL": [0.006748302344182095, 0.024633033130383324, 0.026243325960187663, 0.008525581148011259, 0.014051464026535551, 0.04937890766127362, 0.005448193173249149], "NoiseHL": [0.29828453527382115, 0.3628856116910506, 0.3021884121556381, 0.3782892325819576, 0.36062838844684086, 0.4251712267710511, 0.33713082040280085]}