{"FilterHL": [0.040953115250735334, 0.06380655580988814, 0.02842985463006774, 0.03989014426389406, 0.03352285031784601, 0.041801605044403896, 0.026984183712017804], "NoiseHL": [0.03975771313702914, 0.0483556324966117, 0.038510819741966906, 0.03503957195136416, 0.026950580614040057, 0.04328466962949981, 0.05437332484471737]}