{"FilterHL": [0.0, 0.0004934799848036217, 0.030253450332243487, 0.0460610007084616, 0.006205574254152478, 0.004606195938809568, 0.011334955792580377], "NoiseHL": [0.11733130495004837, 0.12549508256710148, 0.10671436522104377, 0.0959111830747316, 0.11747424042007742, 0.12947948840182152, 0.09947637286020636]}