{"FilterHL": [0.018171268118118266, 0.04744123193534179, 0.014901831590836256, 0.006305651673695633, 0.014032843370789734, 0.03859168608403046, 0.04778206104156874], "NoiseHL": [0.1512993305844509, 0.1533809765063978, 0.14751950371188663, 0.14441033396172223, 0.19764923712501012, 0.23484335957035585, 0.22665866683730718]}