{"FilterHL": [0.07208280417083215, 0.06677542463463591, 0.06502367683198246, 0.04862706063492603, 0.05024609071704332, 0.07765576939546781, 0.06414835760537646], "NoiseHL": [0.3566436670401336, 0.38976626410389437, 0.3619446909929259, 0.4044213462650612, 0.37191235171791587, 0.3736981134367596, 0.3842583259868341]}