{"FilterHL": [0.07532706215009999, 0.06078372005586044, 0.09069276255529962, 0.04104653410703074, 0.06964006933348363, 0.10535905755329997, 0.11517905267516719], "NoiseHL": [0.32746623857436624, 0.3682167159834323, 0.3814134402805882, 0.4076593816901972, 0.3747862476988186, 0.3224306068683466, 0.4150419063241922]}