{"FilterHL": [0.028093534063752465, 0.0552921975464547, 0.04465090353039962, 0.06118706233041917, 0.2549486646249147, 0.26051035047038623, 0.2569401203486877], "NoiseHL": [0.20012971449062283, 0.21944288665789133, 0.20348293886262434, 0.2372389696233964, 0.23348981366973787, 0.2809689809579882, 0.22925499300024613]}