{"FilterHL": [0.03372486403171979, 0.034180683276724126, 0.020362266654344954, 0.059139063793425525, 0.03164730119900904, 0.041751173815176984, 0.024626783479323303], "NoiseHL": [0.1430011389224357, 0.16632206605040414, 0.1507349834137892, 0.14880724113494403, 0.16545903107148704, 0.13796941834352155, 0.14315392603637234]}