{"FilterHL": [0.10635790902989417, 0.12342402538229998, 0.04443322451073617, 0.03648216421093497, 0.08572235336004867, 0.16639179877138932, 0.03543712150038527], "NoiseHL": [0.40967424611886416, 0.39309439417162245, 0.43819092105830765, 0.43769855335621466, 0.3509997035780527, 0.38126508742575926, 0.39443996067027864]}