{"FilterHL": [0.02165346715193066, 0.019172604906692103, 0.01080039100148589, 0.022869190694288503, 0.008313457172424944, 0.013810317228765858, 0.03143810820727593], "NoiseHL": [0.10616494265609097, 0.11312263222098219, 0.07766422739602899, 0.0861962686428761, 0.10330304713587705, 0.07486872675707928, 0.1228397364357239]}