{"FilterHL": [0.026357573619456377, 0.04391047174582772, 0.03176574093799519, 0.0370691104270731, 0.08538350832129303, 0.07661558856860286, 0.08320815338010887], "NoiseHL": [0.1806699353165599, 0.2432350277594866, 0.24865827360704118, 0.27474963044436224, 0.17537753530731223, 0.1646926464750818, 0.21978031428913572]}