{"FilterHL": [0.029556040270151043, 0.03634268045195786, 0.01413927816815893, 0.02261246053649821, 0.03423981937347267, 0.04607715113145403, 0.030341199696826825], "NoiseHL": [0.11756444527690955, 0.14919494074412354, 0.1097553863367744, 0.169976510983164, 0.10168480481946936, 0.1512532467352501, 0.10744124300389381]}