{"FilterHL": [0.004666887173019889, 0.011415909299726619, 0.0045235378327436295, 0.010743957869595302, 0.008286056538366319, 0.016038265799894952, 0.007899279957185174], "NoiseHL": [0.1422311229567059, 0.19073627462913764, 0.14396323745503653, 0.1907384439872421, 0.1970824635015387, 0.22271464053083817, 0.18245902677072434]}