{"FilterHL": [0.05782238465140251, 0.04320850991233337, 0.058041305347085605, 0.04851962726070713, 0.028690980907321487, 0.04310132655229105, 0.04140712346097462], "NoiseHL": [0.07033121861377951, 0.1008988441290507, 0.07285209241626774, 0.09830674487125482, 0.10059092684983158, 0.09784085250551909, 0.07883519478995929]}