{"FilterHL": [0.033183264586945996, 0.02579078849056156, 0.01282275479322674, 0.03398374553715618, 0.011561388697477477, 0.023349402763887948, 0.044198446864171785], "NoiseHL": [0.06283099214409324, 0.09405343270682058, 0.09921677073801351, 0.09927435975057, 0.08621331608388441, 0.08299575462547315, 0.11535697955187393]}