{"FilterHL": [0.033450930122090834, 0.057161869498219824, 0.03617841052698144, 0.6959553273526932, 0.02123547944413376, 0.03167290644777709, 0.03135269754752188], "NoiseHL": [0.062085004048471344, 0.09040401073687988, 0.04860777505314947, 0.063052082129746, 0.059496913105066704, 0.047239783858460775, 0.07102976701634973]}