{"FilterHL": [0.0645969562022556, 0.013827560584551783, 0.04963413895754299, 0.05173006133322836, 0.07187961358543471, 0.1506191044178181, 0.061943063260242036], "NoiseHL": [0.3123754205665416, 0.31952137943702263, 0.3557649835538716, 0.3326873122914124, 0.32438437536278747, 0.37072592812126987, 0.33157368116175845]}