{"FilterHL": [0.023520723911253965, 0.04275901114331236, 0.026758019727410178, 0.039646767916731475, 0.0296556794972867, 0.031140867471573453, 0.03240494377641627], "NoiseHL": [0.09013401374632544, 0.09102541178251963, 0.08740899904893906, 0.09580064344107968, 0.15854696984907798, 0.17411263415794842, 0.1485588679414098]}