{"FilterHL": [0.10243192666814342, 0.05152311478840134, 0.043767333540635514, 0.14527614361117494, 0.021393537247686435, 0.04734516845316228, 0.047026641711568125], "NoiseHL": [0.19568807875808017, 0.1772864254850192, 0.1888391060010234, 0.23234398846386436, 0.17180721520781556, 0.2071108979136249, 0.17455053942127055]}