{"FilterHL": [0.029640541183087857, 0.0501557668621149, 0.026481935501815074, 0.018529844784547528, 0.03279810197648184, 0.0349770596004397, 0.033915884108367406], "NoiseHL": [0.0520578184833709, 0.05306072474501775, 0.03432293195598367, 0.050057015298332064, 0.07163294113835184, 0.05586637108308375, 0.036970112819206924]}