{"FilterHL": [9.525829402234998e-05, 0.0, 0.0072201689150570994, 0.000795948668606517, 0.0, 0.022655440498967963, 0.01450313990727564], "NoiseHL": [0.2582168997340125, 0.32759952141623117, 0.2592335670275531, 0.35512924987693184, 0.3044224920897379, 0.2877937204893838, 0.28273378366092977]}