{"FilterHL": [0.0967233944907751, 0.0648857152077999, 0.028276080414879633, 0.0389448474535351, 0.3408694360624685, 0.35241217093284566, 0.32817719587323435], "NoiseHL": [0.45455563000607657, 0.4317165591090484, 0.3691726583861727, 0.3563825400170667, 0.480522032116129, 0.49447582878724167, 0.47840766978776955]}