{"FilterHL": [0.01621303436423671, 0.025562957785641896, 0.01028832414025893, 0.034154596451371935, 0.007040440600859352, 0.00799024577165295, 0.0052321423854550545], "NoiseHL": [0.14769548297407745, 0.1877017457195063, 0.13685870086749902, 0.17689691708463723, 0.1741934658253815, 0.14180474100744367, 0.17661632349688774]}