{"FilterHL": [0.05118231529283949, 0.0397885758992926, 0.01583192505381681, 0.030841335761854872, 0.04392677204907268, 0.048972068987002924, 0.041560962726068344], "NoiseHL": [0.07701667090124852, 0.1440426066630714, 0.10008612587948285, 0.13477117843850892, 0.08448007030941887, 0.13266613987307427, 0.1127798600376442]}