{"FilterHL": [0.0018859024622525048, 0.014087341595670579, 0.0110379366388269, 0.004227620491460855, 0.005037901893197951, 0.005898281657177225, 0.02046833358380761], "NoiseHL": [0.28175073849013893, 0.34890035351383214, 0.30530723193255077, 0.33995232748512627, 0.30271050389240767, 0.3583325518363376, 0.3166050335604549]}