{"FilterHL": [0.006383758679442733, 0.053390329538443304, 0.017927565272942363, 0.006446968502834066, 0.024447771293800317, 0.01262499082256728, 0.01407771995823351], "NoiseHL": [0.1086368457518579, 0.20458492609136156, 0.16808056886931372, 0.21802066307578932, 0.14452225020081666, 0.19563445855976788, 0.1927358017122291]}