{"FilterHL": [0.0, 0.005161742077300286, 0.00010491128862847142, 0.0052177482562550965, 0.005154480584547607, 0.0033133824496587336, 0.0035629457645339766], "NoiseHL": [0.10627440321039956, 0.10641022798400616, 0.12549508256710148, 0.11306984841461012, 0.11561801023202212, 0.12938974008971083, 0.12386369401696377]}