{"FilterHL": [0.017451075288924103, 0.02072212880501089, 0.033377694432753624, 0.02642848211051703, 0.008442681290370697, 0.017301693140861534, 0.03716358932036113], "NoiseHL": [0.18390025768957594, 0.2088543360029261, 0.3370805047107653, 0.35334813378761615, 0.21799072912644707, 0.1422499066621344, 0.3363729478003718]}