{"FilterHL": [0.000416820062551245, 0.030964725206950913, 0.019026810566054597, 0.009478121861636747, 0.01987756137445251, 0.03572403010872221, 0.02688208017464005], "NoiseHL": [0.219386181104239, 0.2470720263281698, 0.27211378523891044, 0.3300973215786538, 0.24747699469886453, 0.2470215789317731, 0.30294297479691973]}