{"FilterHL": [0.0, 2.4951374542699934e-05, 0.0, 0.0004673100859660133, 6.387643405453211e-05, 0.0, 0.0], "NoiseHL": [0.17390359233227098, 0.1957864663624126, 0.21680194274139555, 0.2339226017491985, 0.19053478273184227, 0.20591966788584048, 0.22493644505680488]}