{"FilterHL": [6.579429151213316e-05, 9.925652487433825e-06, 5.268375690174496e-06, 4.986147977404636e-05, 9.925652487433825e-06, 0.0, 6.166352806771183e-05], "NoiseHL": [0.1422112410749228, 0.15237707995139405, 0.1368579400081564, 0.12938974008971083, 0.15237707995139405, 0.14737794897420034, 0.15400905983632326]}