{"FilterHL": [0.009527614799553913, 0.0328293900091523, 0.0241352805599167, 0.01345218143258692, 0.015175801365458751, 0.014800572664200805, 0.015646356636607697], "NoiseHL": [0.1274610100382634, 0.12942333603492054, 0.14396444092720398, 0.15880950170411015, 0.15237727928527536, 0.16816389811788554, 0.15722735946747637]}