{"FilterHL": [0.03789840844100903, 0.05815723762284564, 0.03547543441785262, 0.06923639084601868, 0.044255455681368426, 0.07452376314164605, 0.0559663634239794], "NoiseHL": [0.0989789684529645, 0.06514887248863795, 0.07276680634706614, 0.0643260038826643, 0.07976815638322886, 0.05701080074893203, 0.08324641887688813]}