{"FilterHL": [0.020657161783382456, 0.02668016064643158, 0.03419302029476702, 0.03784087915764713, 0.028020483920620422, 0.03738062499944074, 0.012668579829247191], "NoiseHL": [0.12263262462425327, 0.11863765258050375, 0.10778043964252706, 0.1094777410309274, 0.12384854790736076, 0.13921279092164213, 0.1383089908984662]}