{"FilterHL": [0.05450165990512574, 0.04560982114190604, 0.025063215133534347, 0.056585942700032636, 0.01581121856044909, 0.008953192591501225, 0.01483320453428622], "NoiseHL": [0.10770872890871985, 0.11359484950777778, 0.12650039320081222, 0.1347022882218904, 0.1210475217458361, 0.10577197680292384, 0.14406437115654633]}