{"FilterHL": [0.024211798905911956, 0.08858608332743641, 0.037440668913032715, 0.06423592529728199, 0.024220198561342172, 0.0830567869985814, 0.05019674647301174], "NoiseHL": [0.28455703085558126, 0.3297095272529349, 0.27556674133832926, 0.3280168901489736, 0.26985967066597316, 0.3248804666559725, 0.27265629728913704]}