{"FilterHL": [0.030193537512534604, 0.040362450038988675, 0.026090671873686726, 0.027375215510062723, 0.0200512452025331, 0.06406527492266785, 0.0403821551912071], "NoiseHL": [0.12067534945456462, 0.1280928609963483, 0.061103371360322165, 0.04508551513833372, 0.11623109665115482, 0.10451187293490788, 0.056614434924132824]}