{"FilterHL": [0.010614644413175245, 0.02005707701020873, 0.027432902124337678, 0.007913103643304404, 0.012622466422771513, 0.018890020155629985, 0.02506612400502859], "NoiseHL": [0.13401383285397195, 0.15441950636106558, 0.27291497913146784, 0.2825740056534991, 0.18336090109123443, 0.199794454998969, 0.30920222035558004]}