{"FilterHL": [0.19300602183448165, 0.09768254666502624, 0.13840783806531112, 0.07362227367469062, 0.29466932979627364, 0.3397344839216538, 0.2670516501738881], "NoiseHL": [0.5287324639237734, 0.5389199374190685, 0.42827823049571656, 0.4498749634731805, 0.5369207210352629, 0.5375513346689337, 0.5450997432461631]}