{"FilterHL": [0.033974858375937764, 0.21134715036031515, 0.017614203376175, 0.09206331876538433, 0.036139099108542794, 0.2819532795028995, 0.04385466532441369], "NoiseHL": [0.4309806135319441, 0.6017480576188949, 0.4140678780055456, 0.6028188187350422, 0.4240996532287685, 0.6122896121231975, 0.4088918844778706]}