{"FilterHL": [0.0001563188662726258, 0.0, 0.0002161831593355515, 0.00028062725636769707, 0.00028062725636769707, 0.005989015345304163, 0.008397126971762621], "NoiseHL": [0.14044858014632036, 0.19317708832355046, 0.1634756284592911, 0.19707921959999697, 0.19707921959999697, 0.21680194274139555, 0.22263951724907946]}