{"FilterHL": [0.008323190221058872, 0.04215252586369325, 0.00845711416560083, 0.028770599412336225, 0.0202113636747829, 0.013302236063558593, 0.0019122826860426907], "NoiseHL": [0.16835626339170928, 0.18942703538180156, 0.1867038872234259, 0.19610235906629522, 0.1523784534666818, 0.2124841121059497, 0.18336819142899305]}