{"FilterHL": [0.025092094808842058, 0.019231547148108423, 0.011513590853714237, 0.02833995490681353, 0.0065899525076814625, 0.016969859371487383, 0.03654509448239735], "NoiseHL": [0.07215631948085152, 0.1524092811716815, 0.062088325682463634, 0.14752936037596945, 0.06445988305521434, 0.14810397546102447, 0.09016605624217339]}