{"FilterHL": [0.03387823326270546, 0.030107885721620757, 0.01686990803978063, 0.04047307307371601, 0.030819049443100204, 0.05619422438492633, 0.0514838033823661], "NoiseHL": [0.02898057908829944, 0.01588197853845977, 0.02631928541137659, 0.04059756765210394, 0.06627494595184973, 0.09766279803036658, 0.07558126713573256]}