{"FilterHL": [0.0, 0.0, 0.00028005804824207637, 0.00030046550001989423, 2.446666884737375e-05, 0.00028005804824207637, 0.007481894534250722], "NoiseHL": [0.11303511652045509, 0.17677669529663687, 0.2009115892650161, 0.16193431328727034, 0.1634756284592911, 0.2009115892650161, 0.22834309600589234]}