{"FilterHL": [0.018793682531581722, 0.0, 0.01884630645686858, 0.0027332795822721527, 0.01907182854392104, 0.0, 0.027795159322696023], "NoiseHL": [0.250257605995215, 0.31488735035330745, 0.26278933987792413, 0.34075874679429075, 0.2573650612896623, 0.2825738991468142, 0.2569975176351877]}