{"FilterHL": [0.007812359250246501, 0.053077264140761644, 0.01099955302293999, 0.03273771095387975, 0.00649797184698506, 0.059267419131898987, 0.026035315774999103], "NoiseHL": [0.16255293352343886, 0.19473196728053221, 0.15972127876803044, 0.1912161237394271, 0.18100651240834836, 0.18419659347082107, 0.1844081992710129]}