{"FilterHL": [0.0024755747834744, 0.0024100423638000676, 0.031266567570003824, 0.008634928900777682, 0.0243314801987516, 0.003143348488120253, 0.010495100162749868], "NoiseHL": [0.06637093477950089, 0.07900534488602301, 0.11951561932269525, 0.13881274553749054, 0.12350500695361583, 0.12687517315231853, 0.17248877618113118]}