{"FilterHL": [0.052358243693028494, 0.05959560268890803, 0.06156395889759436, 0.02911594096930968, 0.20206481831708453, 0.13174488930519018, 0.21030606430770496], "NoiseHL": [0.29724635897360047, 0.2820601709238835, 0.29735720564389867, 0.33687673805508955, 0.21612950537860723, 0.24659526850128105, 0.20998273048000154]}