{"FilterHL": [0.018174076269549817, 0.04684553808133762, 0.01825542581030245, 0.008688959031193249, 0.010608973439466641, 0.014842427466614854, 0.024454235820938874], "NoiseHL": [0.13099784594815714, 0.12333225091473274, 0.14547966930619097, 0.1438185742806757, 0.12988955523807277, 0.10863587592188492, 0.17640469548290366]}