{"FilterHL": [0.018893834654402683, 0.029250455467392175, 0.02980506811654917, 0.013776517382733711, 0.033481356313079684, 0.05191602648169862, 0.04077982297504465], "NoiseHL": [0.08852349596890001, 0.07151196751605325, 0.09525076918475048, 0.07855939671201621, 0.13466839784488638, 0.15177001624911465, 0.13886045228247001]}