{"FilterHL": [0.28061869453134464, 0.06145339525569034, 0.2810707198886954, 0.1994478700876739, 0.6850210684035679, 0.8579642166118321, 0.5667197580714444], "NoiseHL": [0.42435941122041876, 0.45992948848636167, 0.4868563737977617, 0.47571679262572575, 0.42886087016427427, 0.4252127133850447, 0.5151232209858824]}