{"FilterHL": [0.013182977638661178, 0.016176341179538856, 0.03134060494423445, 0.04947292710522863, 0.005458034096034895, 0.0018529395782596017, 0.010663547881775995], "NoiseHL": [0.22329682108052923, 0.2356082090954866, 0.26858609259450145, 0.27746871842865456, 0.24234715609285315, 0.2324459277483825, 0.30281614229582404]}