{"FilterHL": [0.02526937560924169, 0.01698348583809967, 0.01744773817921225, 0.03543627553969914, 0.012407246469859705, 0.02382840804865534, 0.034680810544693054], "NoiseHL": [0.1599061146076675, 0.21224069670271137, 0.17075034895972113, 0.1987874656008177, 0.17903504314984026, 0.19781198588541096, 0.1883843694877982]}