{"FilterHL": [0.036796474956774884, 0.05056957553234717, 0.028606748346581286, 0.04550544745478031, 0.08414768369551397, 0.09315979285487888, 0.06408957069584949], "NoiseHL": [0.045484264646650265, 0.08132196203919774, 0.05465471065556221, 0.06781558989893385, 0.05092543044824533, 0.03865332426137749, 0.046918942275857904]}