{"FilterHL": [0.0720696955451111, 0.05076558042482542, 0.05420337754443395, 0.08553301410587787, 0.09726936543474628, 0.07149202488251408, 0.09856914207024473], "NoiseHL": [0.11857239229500893, 0.0786209313021082, 0.13553544602361528, 0.061003471950558774, 0.16882409948881597, 0.11957943273124423, 0.12486701016920564]}