{"FilterHL": [0.03184162338253264, 0.04865537120236532, 0.027005485052444808, 0.04065965670328775, 0.05230903717414666, 0.06815175635360246, 0.011419356534656169], "NoiseHL": [0.16562947215297397, 0.04726094466111456, 0.1975659733922768, 0.039876116989814796, 0.14941910043673304, 0.06123224563538014, 0.18286081134925414]}