{"FilterHL": [0.1436695660965585, 0.23897932942924272, 0.10947770662418851, 0.10606959561452398, 0.3622566753764593, 0.39176000507782216, 0.16583788013164638], "NoiseHL": [0.3829282028991499, 0.38846097953856823, 0.4153625389564956, 0.41591591848207704, 0.3826884483421937, 0.3915453198922293, 0.3947403318639172]}