{"FilterHL": [0.030216173893771018, 0.022318922489232538, 0.017407732293790647, 0.03580031353406565, 0.013724743815840294, 0.01657322277182698, 0.019411739920809162], "NoiseHL": [0.05772899589435957, 0.1354348322910726, 0.07211108202168358, 0.1282685799212002, 0.07426265313739283, 0.1312570820854328, 0.0821958368815885]}