{"FilterHL": [0.03498327848018019, 0.042417346769908174, 0.04093049595491404, 0.03767213379994118, 0.02287653086770472, 0.03795964070437065, 0.04294017457464788], "NoiseHL": [0.05325842080753206, 0.06067404183035411, 0.038434361925932345, 0.06582657279492934, 0.021936539426286695, 0.04279282477542907, 0.021156467064883146]}