{"FilterHL": [0.05219729005412437, 0.019830464406509405, 0.056939600908761705, 0.057404173355424574, 0.10357644222234039, 0.0452379856499475, 0.07996694705032317], "NoiseHL": [0.22620128049061528, 0.24027794316771647, 0.23683966617554364, 0.26661703485380134, 0.24357170173444725, 0.24466538223054857, 0.21434123883332887]}