{"FilterHL": [0.004783885039155616, 0.012473269616230128, 0.017382278969983025, 0.014866156975492106, 0.03834999252886446, 0.030826261730653594, 0.03125647077940965], "NoiseHL": [0.21053934479540176, 0.23268482966325768, 0.1575767934251453, 0.20949086668095293, 0.23767052039182038, 0.29018490593534774, 0.2273234389422967]}