{"FilterHL": [0.00820751658236888, 0.02764910310784474, 0.009550405250681196, 0.008048124764345294, 0.0063201605633447745, 0.013442143055953839, 0.015156972093392326], "NoiseHL": [0.24149464350512911, 0.2863492820687147, 0.26929923578855813, 0.30136718123148853, 0.24097765230274582, 0.2737348143231887, 0.25551716607338826]}