{"FilterHL": [0.0, 0.002066318081754697, 0.015517708103357225, 0.022563784577784407, 0.006237320694505599, 0.0, 0.021801766000779352], "NoiseHL": [0.30618621784789724, 0.3140257650798779, 0.2449385672207052, 0.2559460024420584, 0.32001888456532224, 0.30881681198870464, 0.2864971420789586]}