{"FilterHL": [0.0028064598853167195, 0.014912915428319441, 0.010461489207462829, 0.004297422259540876, 0.004269121595381053, 0.006901026080030047, 0.01638304380226443], "NoiseHL": [0.08589665360454787, 0.08872444570283562, 0.11085966636611554, 0.11522675716849032, 0.13518892959546253, 0.1604503538202681, 0.1695169873049705]}