{"FilterHL": [0.14768073860770145, 0.1252747488289594, 0.1075962071150079, 0.13786188189748194, 0.1506069635600496, 0.1405678300809579, 0.18744245878570068], "NoiseHL": [0.3035211857723311, 0.2979609486480864, 0.29058687323781923, 0.28201610131089605, 0.40504431626174003, 0.4249073382318595, 0.3995444332851006]}