{"FilterHL": [0.0343855915442361, 0.06098335454245684, 0.01280768105424737, 0.04871942687622568, 0.0214999602066347, 0.015653645383871675, 0.03625486115806469], "NoiseHL": [0.1546260777566189, 0.1840841290128561, 0.15436302538290658, 0.16695530551477433, 0.2416248475206304, 0.2562351941341673, 0.2358632461995296]}