{"FilterHL": [0.002316986039253456, 0.014998301963751457, 0.010580111166404569, 0.00440269172423249, 0.004076403514595038, 0.007372744094711957, 0.017599180486820944], "NoiseHL": [0.12206334760648382, 0.09169396416459359, 0.1332130689585636, 0.12550162867825237, 0.14247891050634062, 0.16348704606560993, 0.15406212106170894]}