{"FilterHL": [0.015302671296386015, 0.13061385287109542, 0.06117738371911927, 0.1469159710766339, 0.03357734788921471, 0.04630314246676387, 0.08133484360356172], "NoiseHL": [0.3307478166960732, 0.3423854230377466, 0.32143019378270005, 0.3388388294359408, 0.4133176948253634, 0.3123077207944412, 0.41199402062269547]}