{"FilterHL": [0.007389048209736554, 0.01425359183654154, 0.006622193601858274, 0.013944743902240498, 0.009674550108680157, 0.012671822476331229, 0.00831641954156698], "NoiseHL": [0.24862586446112703, 0.23832283199756968, 0.2572656867241563, 0.2531246012619129, 0.24261579204795694, 0.23831686119870413, 0.2541631395029182]}