{"FilterHL": [0.003995445764033054, 0.014990269663464457, 0.005281780842616564, 0.008231014435374547, 0.005479367825305098, 0.004359856084246579, 0.019738779445087264], "NoiseHL": [0.1339174411379974, 0.1501776814334838, 0.2341298855891394, 0.259508164978504, 0.21000159011075806, 0.20798168130876107, 0.1826638084138299]}