{"FilterHL": [0.06577638489360964, 0.06924797522357742, 0.0688092034427575, 0.07794177652370689, 0.06743615287252697, 0.07655118851007743, 0.08970912424170557], "NoiseHL": [0.0968787471693224, 0.1081536217716368, 0.10574207783335243, 0.06944683446368057, 0.0461942471992719, 0.039076075733156114, 0.05706839223208277]}