{"FilterHL": [0.0742349379616386, 0.05895475620385756, 0.062402055947643864, 0.07524310874288084, 0.057034917004489746, 0.07636193899453149, 0.0553186487226022], "NoiseHL": [0.10399469727154245, 0.05214162606479748, 0.08618317968989424, 0.08588040389690693, 0.06736187822600118, 0.08606429374469593, 0.058636999798011145]}