{"FilterHL": [0.07390009357646728, 0.07473524138179555, 0.02249255687439777, 0.014388323648580897, 0.06889166956347673, 0.07076743062108323, 0.03772543391895522], "NoiseHL": [0.20793606600839756, 0.24501459263317388, 0.2104700098689924, 0.27682583703460034, 0.2483511192319262, 0.2926723326614378, 0.27739661540946503]}