{"FilterHL": [0.01682132842749903, 0.016302516025598308, 0.014163364794986838, 0.029584727031184477, 0.009637325789396722, 0.021154483842890592, 0.019566426589764874], "NoiseHL": [0.08606130825114304, 0.1040496554870424, 0.13504389430479755, 0.13163544948002373, 0.1635248478760328, 0.17395237925216336, 0.1860649315344857]}