{"FilterHL": [0.358147652576074, 0.39076916040562737, 0.31612465206021984, 0.30842877606622254, 0.45499359922125987, 0.5282793271879063, 0.45825508504052914], "NoiseHL": [0.4347909451259809, 0.46965048612227694, 0.4054630970636919, 0.4306798433705895, 0.43800470157886573, 0.46608380289277856, 0.43107160682641626]}