{"FilterHL": [0.03249920532979513, 0.018308937355044325, 0.02247780847160331, 0.022347929532093223, 0.024724816551810025, 0.006388832565631683, 0.04524062983270515], "NoiseHL": [0.3332924156892233, 0.37720393874561586, 0.3200140524826774, 0.3208060109105839, 0.3314876103563559, 0.3738220650619414, 0.3215930815497118]}