{"FilterHL": [0.0050724367611310935, 0.04426202160657676, 0.025273010482102037, 0.01893036936147488, 0.011385279724237814, 0.01579126702194735, 0.023465846243293616], "NoiseHL": [0.0894386613118519, 0.08397672500484223, 0.1017812925807188, 0.10455944778813714, 0.09922531848529303, 0.12739358178077215, 0.11567833792901303]}