{"FilterHL": [0.0032351297857753695, 0.03282942867386152, 0.020139651779837783, 0.006574931973981297, 0.004083859492849991, 0.003660736214871602, 0.005475947651298273], "NoiseHL": [0.11969613148741237, 0.20554996708775947, 0.1926930489288989, 0.13029492030785092, 0.1964292682936837, 0.21948540405604378, 0.1953176956819614]}