{"FilterHL": [0.009746417904063437, 0.05320207537010353, 0.00016997068327829703, 0.02206195882955451, 0.015342520179511548, 0.025577499825664683, 0.006130429457993302], "NoiseHL": [0.14738245574986136, 0.17961530738990703, 0.12749255313136093, 0.17256321863989343, 0.13694206035552203, 0.19373394655089782, 0.14255964085798434]}