{"FilterHL": [0.006697379204289149, 0.007881298893320865, 0.0050027797216008986, 0.003199254484377114, 0.014920777085196619, 0.031110442549624622, 0.01773509926523363], "NoiseHL": [0.2181987824451301, 0.2479093679154823, 0.22264426574205373, 0.2339324814884115, 0.2856930024116955, 0.32654885887845153, 0.2873772273217618]}