{"FilterHL": [0.017788729403068235, 0.03454777161837068, 0.5466324237057624, 0.03854407472299573, 0.026608982037018756, 0.7965819177507207, 0.1881891578021123], "NoiseHL": [0.05117684793611135, 0.07980886402528824, 0.07332548072227044, 0.07022099060192202, 0.04465336357357196, 0.087478090055844, 0.05346004047396404]}