{"FilterHL": [0.02906822412271073, 0.03306125988263496, 0.019160304808248357, 0.0182782112681426, 0.004772275426613715, 0.01728859594001895, 0.019956796708261646], "NoiseHL": [0.2615615426334795, 0.26033001941028794, 0.24222820681524923, 0.23522695286598053, 0.2491590707655401, 0.2745737324163037, 0.23335972736549443]}