{"FilterHL": [0.04055830775747361, 0.03043542832145722, 0.026260564785989593, 0.0403811938050343, 0.023459623850835113, 0.036413189003602034, 0.054399110093321386], "NoiseHL": [0.05283134641769006, 0.05659814373626767, 0.03583641731762716, 0.1054419458542893, 0.06608312548804733, 0.06805826640475147, 0.07539337407460583]}