{"FilterHL": [0.030458042587719707, 0.03628219662469624, 0.020798787963565556, 0.014624109799564989, 0.02075054685301065, 0.013067057054584325, 0.007094980832714237], "NoiseHL": [0.06505064043453632, 0.0621965430637945, 0.05457899417823923, 0.05551483659641952, 0.06205047309356117, 0.08262075266360448, 0.05241930192121389]}