{"FilterHL": [0.023482847238772094, 0.03924110555802258, 0.029211363863599914, 0.04397709600237886, 0.02865476045326792, 0.03898444161121083, 0.04366210264047617], "NoiseHL": [0.01878316963560048, 0.06033557675110309, 0.031264548194821655, 0.07573484629614696, 0.03474378716276592, 0.038885778390508094, 0.0582848378142709]}