{"FilterHL": [0.016127185017259606, 0.0066114934924890656, 0.03241072864178112, 0.06750329793191584, 0.03053417156805487, 0.015546257075493675, 0.0183489994142632], "NoiseHL": [0.30969286551834674, 0.3004856916002174, 0.20227454833155767, 0.2159804215127935, 0.31394811049358645, 0.327070565726489, 0.19608854018166424]}