{"FilterHL": [0.3077708535813033, 0.11237501047747696, 0.21046029105656508, 0.3723984345470229, 0.19620490382421746, 0.372356159039858, 0.33247617460632156], "NoiseHL": [0.5402347152698639, 0.45448842866287226, 0.5461166029428965, 0.45373999956944433, 0.5274870324364399, 0.4807316494875684, 0.5428352893233679]}