{"FilterHL": [0.033116122716527724, 0.013405410319969158, 0.03841623440955166, 0.011715665892820139, 0.04519488401961205, 0.039566890536993325, 0.032150890656028566], "NoiseHL": [0.17140121685679074, 0.17278291448038033, 0.202585053397276, 0.2159345207048124, 0.17102773388046844, 0.15266891850570785, 0.20625169619120326]}