{"FilterHL": [0.04194509416099382, 0.06368816338088135, 0.027437365648960495, 0.049485761219911384, 0.05466140562920298, 0.05618946302586997, 0.1238145931930463], "NoiseHL": [0.09953997810447597, 0.09515669985915709, 0.19515966096031412, 0.2067493540604204, 0.29379013582223634, 0.30673029112851935, 0.3320829084174258]}