{"FilterHL": [0.0012184605733885072, 0.05418684081226992, 0.01246901208712944, 0.009379764624847539, 0.011130661505244268, 0.025173735471922833, 0.015058900928862362], "NoiseHL": [0.08589665360454787, 0.12376259610570711, 0.0947032252960519, 0.11559010375090265, 0.11968238229625512, 0.14221243892749894, 0.13799866616120937]}