{"FilterHL": [0.041327635484869764, 0.03407783645739365, 0.025484120464514017, 0.040570034004749844, 0.03660114989517606, 0.03104920050502815, 0.048183174932794684], "NoiseHL": [0.05186900761291147, 0.03894127541195562, 0.05600893481922805, 0.0706742867488949, 0.05781353171997087, 0.035579837322989534, 0.06842166984564262]}