{"FilterHL": [0.00037497456748406303, 0.0, 0.00019830765644889483, 0.0056098503156954745, 0.014433746653099398, 0.13578362869971752, 0.0215230643738502], "NoiseHL": [0.15562474979979976, 0.3729127483443755, 0.1781969793463003, 0.39013940086761484, 0.4032864206294437, 0.5181276440994279, 0.41190637167425387]}