{"FilterHL": [0.007648383359822841, 0.017813486620685864, 0.011674193366496647, 0.017475985162390052, 0.002149029270056912, 0.023048861858504226, 0.013342082497289735], "NoiseHL": [0.37924283860336044, 0.41910809267333726, 0.38700333608937654, 0.42396622856999633, 0.3997484950382134, 0.42746873607275604, 0.406896777477866]}