{"FilterHL": [4.21468610716337e-07, 1.4751398517503518e-07, 4.846889239910634e-07, 6.7434989772924e-07, 0.0010054957688287753, 0.0, 0.0], "NoiseHL": [0.197079219599997, 0.2520758735267398, 0.2214830616120933, 0.294571808286785, 0.24368051018541526, 0.2816336424931959, 0.26621552038262797]}