{"FilterHL": [0.003939966046012389, 0.014873032500660348, 0.010518536933930622, 0.0051521428748905395, 0.16769808789483248, 0.20474784208494698, 0.1559018200094042], "NoiseHL": [0.21554993805524023, 0.30215539017878346, 0.2076940075489692, 0.3200602152809571, 0.5833215777457734, 0.6222084634827415, 0.5678008577239635]}