{"FilterHL": [0.0, 3.6141846244311264e-05, 2.143199726347449e-05, 3.907120801004822e-05, 0.0016457476473818926, 3.907120801004822e-05, 0.0020632957566613028], "NoiseHL": [0.1214797384251674, 0.15400905983632326, 0.13866442710839363, 0.15562474979979976, 0.16500333021764654, 0.15562474979979976, 0.1665177944500141]}