{"FilterHL": [0.0, 0.024221238543316564, 0.0, 0.07162045228998318, 0.20079737338955278, 0.01198135510399499, 0.12188644760417748], "NoiseHL": [0.41617630313644177, 0.42472814237093337, 0.5360880145209729, 0.543836036852085, 0.4250779820685433, 0.501951864998912, 0.5339990654334439]}