{"FilterHL": [0.035128671891206165, 0.027450919256167917, 0.02376749542130462, 0.041908319453783864, 0.012267873899524544, 0.028217584995076792, 0.019296805334980675], "NoiseHL": [0.023845191890779584, 0.09418101926563013, 0.04529524442358623, 0.09051447707755098, 0.04510476754856023, 0.10239021134459085, 0.056292309103894114]}