{"FilterHL": [0.04747404669026024, 0.0638073447821841, 0.053876948155359324, 0.05762313303100998, 0.05148313743466973, 0.04258491135570275, 0.026948105742564284], "NoiseHL": [0.0806168453673833, 0.07133972383481732, 0.09015001237321801, 0.05966900532168306, 0.09325961217967635, 0.07214641807160493, 0.06844006897024561]}