{"FilterHL": [0.019935620958922415, 0.016775516825387637, 0.014480257316675547, 0.03164514759102102, 0.011200328608727028, 0.025966826180412725, 0.017335636910221768], "NoiseHL": [0.05488481715943674, 0.0781413818538924, 0.17181331058180485, 0.17635577899722532, 0.08025722686867696, 0.07862832982104431, 0.16968483520439817]}