{"FilterHL": [0.13576781749567735, 0.06537910832299353, 0.10639848708756967, 0.2270958727406437, 0.3128177788746081, 0.1396977572618824, 0.09020292340144047], "NoiseHL": [0.34000346366569806, 0.29922525831576047, 0.42977749710238716, 0.5897588119332032, 0.44678867588309357, 0.36698908882300846, 0.31069614307703175]}