{"FilterHL": [0.0012769592037082957, 0.0, 0.0, 0.001502741113763553, 0.0008611419391190071, 0.0, 0.0], "NoiseHL": [0.33668782285012294, 0.3621602913026009, 0.3644827734688218, 0.3908770817240729, 0.3383205474006166, 0.3644827734688218, 0.35748376388368475]}