{"FilterHL": [0.005750448116334939, 0.014637646098344793, 0.0064857911744728314, 0.010877216815526074, 0.005378523810956749, 0.008276475226886678, 0.016131543493401502], "NoiseHL": [0.11647745537823971, 0.16247432394620817, 0.16452797116821924, 0.20534819892508685, 0.1262749127153111, 0.16092213439473607, 0.18955922498918049]}