{"FilterHL": [0.012736927424549004, 0.011726412109275199, 0.026098048607448042, 0.022993477432245245, 0.010649893414965129, 0.016131129865484876, 0.014640488046874886], "NoiseHL": [0.11580920130000749, 0.204683274803163, 0.13524832257599084, 0.18980810718072766, 0.17821068865047338, 0.21236370212631012, 0.18100670195377735]}