{"FilterHL": [0.015149613763974844, 0.022185942474827483, 0.017468522428582878, 0.03121132432007361, 0.01604420948915444, 0.021478556730756014, 0.019509521334107962], "NoiseHL": [0.15644605697061828, 0.16667301553007213, 0.1546601372203504, 0.16162660088009628, 0.18793644311851712, 0.2016032694539581, 0.2158196618386831]}