{"FilterHL": [0.015188560000258136, 0.011859276304793201, 0.019154057006645343, 0.00760173862808133, 0.017267200849949545, 0.0068570888232883445, 0.019785050223870816], "NoiseHL": [0.2263629316403536, 0.25007819569598266, 0.21266344977549304, 0.24930659423834228, 0.20135685033688952, 0.22951511577103006, 0.20696015451818597]}