{"FilterHL": [0.026540611471314986, 0.04983123261187325, 0.02954444727437786, 0.023307987124054054, 0.041328843812975385, 0.029599243754771784, 0.05481622452842536], "NoiseHL": [0.09492558264684321, 0.11451938034470246, 0.07571906098611171, 0.08461229739989568, 0.07871287499543604, 0.1137222190415661, 0.069105540291614]}