{"FilterHL": [0.04121646473179892, 0.07352200977871032, 0.07330975638666194, 0.0629959674650489, 0.09635702684748373, 0.13099626810658277, 0.13967184221599674], "NoiseHL": [0.2685915052895499, 0.26821699944833743, 0.2802868640896004, 0.32755630677747394, 0.2978538305856385, 0.2715329942740136, 0.3091578466905777]}