{"FilterHL": [0.02814023448643024, 0.05066391481087026, 0.0051204131608026515, 0.023790176208585017, 0.01972852329021276, 0.02744588121219173, 0.032542454827614656], "NoiseHL": [0.08217995056242366, 0.1499785898157704, 0.11055252138739624, 0.18547931398597203, 0.14385281220536994, 0.0746198744863305, 0.1480161662413524]}