{"FilterHL": [0.005247122024977469, 0.012075421673222392, 0.004226978154310337, 0.005093958980553591, 0.00772252439364012, 0.01130590463095414, 0.012582634645961656], "NoiseHL": [0.1173371063976781, 0.15722466119401504, 0.11781902325972826, 0.18263241219177376, 0.15563183307062994, 0.2036094381253356, 0.15139088918053425]}