{"FilterHL": [0.06575222449079586, 0.09297027383412418, 0.08440109438919999, 0.09417434299504361, 0.06255041848403793, 0.1430684637466846, 0.14341114458083407], "NoiseHL": [0.28051947490118956, 0.29228834938033094, 0.4437955386717019, 0.4420030323438558, 0.28570885940380636, 0.3288002450138268, 0.42952479392110166]}