{"FilterHL": [0.02135171781187468, 0.03121387665109441, 0.008358049340513901, 0.009023683027356651, 0.02176568116189438, 0.06340338449546883, 0.0015385452507528901], "NoiseHL": [0.14914242352788337, 0.2272547007397657, 0.14827127921067018, 0.22160686973836585, 0.2047762876166376, 0.26023943317794035, 0.2167234732509468]}