{"FilterHL": [0.26621483758788567, 0.23560578809376895, 0.270256096488179, 0.215130454966363, 0.2937996699078567, 0.2795018921993531, 0.2574105463168025], "NoiseHL": [0.3732228807115298, 0.37225905496670286, 0.3763918329102205, 0.3478333161229817, 0.4054045473409218, 0.41665931243082516, 0.39020100495194354]}