{"FilterHL": [0.03623932846945765, 0.04934332400389625, 0.024376209651772514, 0.04596844077387009, 0.03704414509823246, 0.030797061543023942, 0.05181844417287537], "NoiseHL": [0.04716105876016541, 0.050294750668583015, 0.03439736300819585, 0.07410484504948076, 0.022424592999225623, 0.0634602711266006, 0.05764440632596229]}