{"FilterHL": [0.009646753096387298, 0.008617051928383725, 0.0024702096761913487, 0.007894634051922075, 0.0180339520546044, 0.008265561466809438, 0.012180480011486446], "NoiseHL": [0.2244790508582494, 0.23063329673649013, 0.19895332645648658, 0.19062331340479807, 0.22443660076538166, 0.2462165604468587, 0.2170310967559687]}