{"FilterHL": [0.004625223780471274, 0.014690740636941929, 0.007235121917857961, 0.008061688472541576, 0.006187202488796742, 0.00628044783104331, 0.012576423815403671], "NoiseHL": [0.22948906714657982, 0.2275038951994569, 0.27785469117624484, 0.29198048622694917, 0.24821743636018348, 0.2788042646082152, 0.26917005528104404]}