{"FilterHL": [0.1123603902694123, 0.1569100680392837, 0.07422789575898414, 0.08145618262815595, 0.09991772902937511, 0.16389703910962658, 0.13038500668612368], "NoiseHL": [0.27437057257474656, 0.2820354668878284, 0.42042746533650033, 0.4193660829366751, 0.2621810270536079, 0.24925805501061166, 0.4199220986634325]}