{"FilterHL": [0.0028584502859361665, 0.02740162147977716, 0.02248631545135592, 0.005101599615618281, 0.01843286138436351, 0.004357865187145382, 0.015017081894005243], "NoiseHL": [0.15300522693324708, 0.14610655747408097, 0.1346909913759051, 0.1560779645937231, 0.12452785281330417, 0.14933349685195155, 0.127918768276919]}