{"FilterHL": [0.04194894408719762, 0.07532433015014835, 0.03857371245626462, 0.03850572953850439, 0.03648058881348805, 0.039461908583686915, 0.032747017445294235], "NoiseHL": [0.04272277801668674, 0.05800495460029655, 0.03772318024572526, 0.030739285650322322, 0.02555662317140911, 0.0468080552007778, 0.050717363368118544]}