{"FilterHL": [0.0, 0.0005867589909230521, 0.000383429544783948, 0.0, 0.0, 0.0, 0.0], "NoiseHL": [0.5482064709806141, 0.5767864502985858, 0.5513886602445204, 0.561557479799301, 0.5367270168638734, 0.5577463669466893, 0.5200590393209726]}