{"FilterHL": [0.0507198467700737, 0.07182557220820086, 0.04744921157374515, 0.05554351892681974, 0.045756196409092544, 0.07270385414932448, 0.07476925600804908], "NoiseHL": [0.07820047966115569, 0.0953979260977703, 0.0764272374515674, 0.08466444024264982, 0.11028369960090637, 0.11952961312070295, 0.11081670563595634]}