{"FilterHL": [0.005937456406627383, 0.010481042606491669, 0.06446636172058573, 0.0006641458349818221, 0.002415790451154522, 0.025117900816126693, 0.05076666210210247], "NoiseHL": [0.4385453238178405, 0.47199125443586887, 0.38515768976526865, 0.30968974984153164, 0.4569608229123584, 0.4807266665871171, 0.3930806259344806]}