{"FilterHL": [0.02713758402339735, 0.03035900305218726, 0.009312373775985223, 0.03751011391112026, 0.012688954451606404, 0.009344739508153104, 0.03669105939000665], "NoiseHL": [0.11002136244295817, 0.1438267735755251, 0.1475106501939179, 0.15606937620924805, 0.12025615526801997, 0.13361078353138034, 0.1623600478092073]}