{"FilterHL": [0.018523757461717978, 0.035269348896591335, 0.024436653928136327, 0.047294412967975624, 0.10923026661818458, 0.1082292549046528, 0.07942755802441763], "NoiseHL": [0.15340538508309637, 0.17193349853730733, 0.15406965809240655, 0.17207132333205585, 0.18558994970006593, 0.2491013165248849, 0.19054012725429018]}