{"FilterHL": [0.023705255056887843, 0.052934717775180946, 0.033146154617306564, 0.04553744264774421, 0.0849740343761889, 0.07536303902731138, 0.035001507549121944], "NoiseHL": [0.13129474013355377, 0.10702369147667135, 0.022090014802083682, 0.02692180854382887, 0.05241827249883255, 0.06891855074027345, 0.028490524462930773]}