{"FilterHL": [0.03415239983846316, 0.05311640612255282, 0.017796782253881687, 0.035044364125608206, 0.04982025436016999, 0.039579703631289306, 0.04748406644452678], "NoiseHL": [0.049203080474969255, 0.046021699293662996, 0.01625438428956028, 0.048723632508271365, 0.05595965644936493, 0.03688647148725938, 0.0572478786788885]}