{"FilterHL": [0.005908692586429139, 0.0158916624723568, 0.003394510130107603, 0.014212562859205127, 0.0075104795026225465, 0.0037077726853072734, 0.01481287530138349], "NoiseHL": [0.2534403334400596, 0.2548174245903427, 0.27313332546995983, 0.30122932191175666, 0.2665449078456933, 0.2742592358032068, 0.2741214421120372]}