{"FilterHL": [0.00847959786259877, 0.021036301429396612, 0.014791767875708337, 0.017593261920166404, 0.005615486071492862, 0.021404686117260208, 0.0024423090465445873], "NoiseHL": [0.08563826263853495, 0.09547891402992736, 0.12046971182007317, 0.12674720784926818, 0.11153328396800555, 0.14140510749866783, 0.12140275433387476]}