{"FilterHL": [7.843963574876749e-05, 0.0002409946005655191, 0.026455904115216554, 0.004625320951046778, 0.003026742161812001, 0.002209396672476291, 0.028548324793641403], "NoiseHL": [0.1810062946864415, 0.23938683012564152, 0.2053166509475811, 0.2659918926381665, 0.1957864663624126, 0.22607708161584836, 0.21769945931503548]}