{"FilterHL": [0.024415068892679817, 0.065358381825252, 0.03336658483848978, 0.04765281175194967, 0.03338232749861703, 0.02945026428732157, 0.026116915003631995], "NoiseHL": [0.01815793722236805, 0.04613973503428623, 0.03320946484313858, 0.03684787790520898, 0.03941828223682576, 0.03327612905346398, 0.0331696598768763]}