{"FilterHL": [0.0026081796886147134, 0.02489524549357991, 0.008315160886041607, 0.007642176101089364, 0.00033567563356499773, 0.009062590337275864, 0.023986921538024217], "NoiseHL": [0.10627901907761059, 0.11374823252514323, 0.11084888585950724, 0.13132719316002858, 0.11082682158253551, 0.1254993848201321, 0.12593305744606592]}