{"FilterHL": [0.04846338002683139, 0.019297355983408246, 0.04350966350506447, 0.03073877894369462, 0.02625687971221901, 0.07708346698574942, 0.046560322184916986], "NoiseHL": [0.09776905561477654, 0.07483974776913199, 0.08118715217563846, 0.0820933420798076, 0.09666515435194613, 0.07884852194655714, 0.09125103091157796]}