{"FilterHL": [0.003996554372172083, 0.011832155091633037, 0.008263748582597683, 0.005652486840875304, 0.006131179945415984, 0.004591146438960291, 0.019720643868918603], "NoiseHL": [0.09005917738503928, 0.21684884334800147, 0.11869545704229416, 0.2239524925512403, 0.1119365230906529, 0.15263503825256308, 0.14646468447339636]}