{"FilterHL": [0.039937385967074454, 0.06129886858258432, 0.01855882149460901, 0.03177048756015895, 0.031714737759064235, 0.015211082776540255, 0.019631227943429964], "NoiseHL": [0.30625485008098274, 0.3759407755843909, 0.3488882811836491, 0.4033686102968754, 0.3408611469122361, 0.39484837540290707, 0.3786987642067819]}