{"FilterHL": [0.02127321096946709, 0.057404095859399824, 0.024818064098672724, 0.033493224076527904, 0.027198281071364242, 0.028625632875581012, 0.023532048755225073], "NoiseHL": [0.10496105788022013, 0.12301357156417513, 0.08228374815682218, 0.08108534246928709, 0.09680586544536292, 0.11112794686419504, 0.07242452713321204]}