{"FilterHL": [0.019286713899803475, 0.054161081004139355, 0.03177175396335113, 0.039407079325078684, 0.07512627899442353, 0.08679822672665556, 0.061591676850916474], "NoiseHL": [0.07571422122669655, 0.05306682606752849, 0.09320860741497829, 0.07162179333203597, 0.10520979281736843, 0.12946311915978945, 0.08991239945362514]}