{"FilterHL": [0.024025074991050957, 0.022593645899248792, 0.03014956181279079, 0.0514402139250913, 0.3286389593815592, 0.3078575187491176, 0.36721241049521697], "NoiseHL": [0.16319811026564274, 0.1918402651858909, 0.16164327044767218, 0.19518603413976737, 0.21238307440791163, 0.273382735506473, 0.2045645461891324]}