{"FilterHL": [0.024586211267251898, 0.023024731693653416, 0.015217389174788128, 0.025212191744419965, 0.03347011154451407, 0.0518516956042449, 0.06830624734375042], "NoiseHL": [0.2631540490114627, 0.26749390810620094, 0.33366179290886, 0.32680170118782126, 0.15060339816069285, 0.12593515466154495, 0.22584100723450962]}