{"FilterHL": [0.03956859591607178, 0.061333991241145226, 0.0545799203684691, 0.04517725662311184, 0.05230344208858749, 0.0502857039408306, 0.04103241870076095], "NoiseHL": [0.1928305604574005, 0.1881217902617533, 0.19389170698751174, 0.20667474820103343, 0.23350697134960108, 0.26286165695882213, 0.24642631690766736]}