{"FilterHL": [0.02513513240879663, 0.03817512845721001, 0.006418349928282327, 0.022262989338567924, 0.02654751450942046, 0.008112933745589744, 0.04656361601571495], "NoiseHL": [0.09329661370486074, 0.15941802072463834, 0.11223508780395293, 0.1681379009727312, 0.12253747906500219, 0.1756061053047728, 0.12486438296775755]}