{"FilterHL": [0.18051139552385134, 0.20295513833381373, 0.19498314263773753, 0.19703829128102213, 0.22606125819713746, 0.21961974769539935, 0.17166552884094166], "NoiseHL": [0.5317008395368197, 0.5505338499474083, 0.5454924213753236, 0.5479290153963625, 0.5564770483312376, 0.5584483334265274, 0.5341785793724548]}