{"FilterHL": [0.05093977843628598, 0.053445491672175396, 0.04598632545020969, 0.055738633894777685, 0.05991577732617975, 0.04318704949360375, 0.07344817421801077], "NoiseHL": [0.04227692456594427, 0.05910369325557472, 0.22836316496834763, 0.26880056703808186, 0.06312833018268703, 0.05603218136435261, 0.23857564045258953]}