{"FilterHL": [0.043922503189786084, 0.027345244446120076, 0.03677268181167567, 0.033130971421474024, 0.04902985269446688, 0.06113201271419837, 0.03969192264227173], "NoiseHL": [0.29961326940921473, 0.3181807698915859, 0.21094942320403237, 0.27016497181473953, 0.38354175991250616, 0.4069614507573083, 0.3347000167508174]}