{"FilterHL": [0.0225014132592562, 0.0405684091811556, 0.054187688438203145, 0.05544201094382666, 0.042657206639978774, 0.03126945209972025, 0.03733601548916067], "NoiseHL": [0.08232425736502008, 0.1255265113869203, 0.07172498670213595, 0.11362766301368142, 0.11783850651292833, 0.10669175132220257, 0.08846359556332627]}