{"FilterHL": [0.018815943407190134, 0.034552047219121106, 0.03665356055054781, 0.017116180010089497, 0.028883125719559602, 0.03721349183144844, 0.03764324041071644], "NoiseHL": [0.1743380730386171, 0.1685798437246765, 0.15291554890491013, 0.1811858811536429, 0.18229736848255518, 0.1743960052912712, 0.17490998489978204]}