{"FilterHL": [0.009716865626881219, 0.022099535103950303, 0.0029423515929768076, 0.02209978546350084, 0.0006404511431475588, 0.0, 0.008781044116174249], "NoiseHL": [0.08444400069261804, 0.0798417385636963, 0.10564161220649707, 0.07838745696853792, 0.0991724504458807, 0.11942301505899512, 0.09588217594318378]}