{"FilterHL": [0.10075836819979916, 0.08399114095425267, 0.0766459431255513, 0.11378600079864826, 0.072610478452522, 0.14566215880200176, 0.11989881600526268], "NoiseHL": [0.233234877261456, 0.24077940906899772, 0.21517110811758836, 0.24750019318841412, 0.21101084304318213, 0.20806649271695837, 0.192762547340145]}