{"FilterHL": [0.026004703647282305, 0.04853063865397988, 0.03915785321741265, 0.02419083580910927, 0.056424724703870346, 0.029285364016672866, 0.02609473403369651], "NoiseHL": [0.11828030882780037, 0.16310326354853663, 0.10245712669505147, 0.17355156250801143, 0.1524790360002889, 0.11433559884977434, 0.15771857738570083]}