{"FilterHL": [0.007101905076824501, 0.0027853102510947297, 0.001998236713012186, 0.008302059899785887, 0.0070041378576995795, 0.011640531994253977, 0.004077910965237996], "NoiseHL": [0.09153707929903165, 0.11523628979083277, 0.10629764034737861, 0.11547948480020435, 0.10415620591535377, 0.14246893818302728, 0.12354652197412594]}