{"FilterHL": [0.03191457508642862, 0.02986278561321939, 0.027884869361227353, 0.013186781513360784, 0.02243106710012945, 0.026311545615961614, 0.03218515097486264], "NoiseHL": [0.12247097599884832, 0.1362456944189216, 0.12033413448509922, 0.1340230824036038, 0.12584770618178176, 0.1456431638447426, 0.14455596620287697]}