{"FilterHL": [0.08183893345642504, 0.045518903845669374, 0.038470224559896134, 0.07356085712206584, 0.04399364690460822, 0.1243583230152475, 0.04260023598450578], "NoiseHL": [0.03853981637774392, 0.09275512320672882, 0.10820903028278273, 0.16066448792113652, 0.10577857120238035, 0.12697789507328666, 0.14881822529947708]}