{"FilterHL": [0.024617597621894773, 0.04117613207871145, 0.021749302878523183, 0.038409794503268715, 0.027569922085477646, 0.03916524836885642, 0.030789715154535234], "NoiseHL": [0.040269027748537384, 0.1114909960796151, 0.056548135961221296, 0.11118689929572831, 0.05117518405314415, 0.108620436973257, 0.07186865174581071]}