{"FilterHL": [0.014014311772782877, 0.006231434886714428, 0.006738332955324912, 0.025991081845341872, 0.005612114183399812, 0.013091135192814537, 0.015966924777294077], "NoiseHL": [0.1637161732361478, 0.15646334972928758, 0.14772977497113188, 0.1422775033748391, 0.13871285364916724, 0.10855867094744955, 0.12454290764757735]}