{"FilterHL": [0.018580376293085718, 0.0024859605558909393, 0.007550450415439461, 0.0031351550556454884, 0.05210911149497355, 0.05283688166443319, 0.048896128865308516], "NoiseHL": [0.43061712678999187, 0.43754511592990214, 0.47124759785081966, 0.48116768741234966, 0.41993570668521946, 0.4082005985501138, 0.4285571281289564]}