{"FilterHL": [0.0002822927198125546, 0.0, 0.00032907487226137256, 0.0013300989740528313, 0.18961770690843338, 0.13085497729920725, 0.12331132581533931], "NoiseHL": [0.5958248630955267, 0.634154790111684, 0.6117346137597989, 0.6425463449224904, 0.6504363685097008, 0.6245931406277255, 0.6319349822217628]}