{"FilterHL": [0.03946180401960691, 0.03724816447733783, 0.011762625520346378, 0.036452931533272004, 0.026987368999104398, 0.053835008899799655, 0.041955152426706374], "NoiseHL": [0.2554691663125709, 0.2027915530869264, 0.25755080371985595, 0.2003713106997473, 0.26018638534316696, 0.19090127197105417, 0.2521691736773676]}