{"FilterHL": [9.904516336728579e-07, 7.171649957266878e-05, 1.7027531814715568e-05, 0.0, 0.004231179461899231, 0.004639424655654405, 0.00030036008811455575], "NoiseHL": [0.16500333021764654, 0.1753456551944575, 0.14737794897420037, 0.17245022900462764, 0.19053478273184227, 0.19186013665193044, 0.17677669529663687]}