{"FilterHL": [0.017032532414265035, 0.018507880378861526, 0.026337173472116827, 0.026707451280413737, 0.00950195507794594, 0.07496059029740064, 0.04037361235836471], "NoiseHL": [0.20716130832059568, 0.1745786519279966, 0.20040305944611542, 0.1562861552794271, 0.21855851809871213, 0.1599322213847318, 0.1936158041972931]}