{"FilterHL": [0.011050714789048387, 0.01192122565742814, 0.01241979810257188, 0.01094689658252782, 0.016843823237652437, 0.008321439082032112, 0.011064851372191344], "NoiseHL": [0.2505354316189606, 0.266827888657392, 0.28193992198620826, 0.28118324304041553, 0.24699360956971658, 0.22866722394379824, 0.288810684976085]}