{"FilterHL": [0.013189422295641488, 0.007055379515330395, 0.015437452246141074, 0.025597409809252375, 0.016105428594522058, 0.0388369284845191, 0.01823411892171565], "NoiseHL": [0.3487801733383979, 0.4056692109606508, 0.32241488950516695, 0.4121646842425008, 0.41005480328141986, 0.44856139258990174, 0.4119285362160485]}