{"FilterHL": [0.00391602126526464, 0.03378926195034854, 0.002773178467452742, 0.010327188914467846, 0.008018121325705826, 0.009275296392572562, 0.052251650043431276], "NoiseHL": [0.3526511558862552, 0.35788770121084995, 0.33057424780177663, 0.30592271530212234, 0.3330741437122669, 0.36077841667485083, 0.3810765280981342]}