{"FilterHL": [0.015722949998552397, 0.037261037256088377, 0.012787948070820263, 0.01279334611371923, 0.019449269476821695, 0.023617471356989276, 0.020172086208932283], "NoiseHL": [0.0842942773062361, 0.10161967991151206, 0.09708879377913182, 0.09739227799740043, 0.09450228993035123, 0.10327711787025351, 0.10310277314536376]}