{"FilterHL": [0.030513288846784236, 0.05558839651622426, 0.047106775691371935, 0.035682649895042384, 0.034036423703823704, 0.06685430066890843, 0.041581585435283445], "NoiseHL": [0.07180973400825053, 0.09566976623134381, 0.09057907077230282, 0.06949532999307587, 0.06708003488102776, 0.11137710101564606, 0.08753631807555041]}