{"FilterHL": [0.061626022757829545, 0.07186286821208104, 0.08060284718548955, 0.0542351032622901, 0.08372760731440113, 0.13081096567070424, 0.08528214773417485], "NoiseHL": [0.15316487339330628, 0.15055870284342882, 0.16503880836404874, 0.1631792731511559, 0.14018816473595422, 0.15037720690882947, 0.13027953513648197]}