{"FilterHL": [0.017870456140735735, 0.03670683870766162, 0.02588402586980297, 0.01874854732180615, 0.020764155424849842, 0.008645638472599583, 0.03182971918050268], "NoiseHL": [0.04817298833342918, 0.07786746661477985, 0.06547294539125492, 0.06872643715524723, 0.13373913166107906, 0.15849969605228545, 0.1370617361680962]}