{"FilterHL": [0.013874206218337208, 0.024484257196235377, 0.012172731663179637, 0.012573985268791263, 0.02560700319310875, 0.030360431891733316, 0.02793866738849334], "NoiseHL": [0.056594984190072736, 0.06442098871929375, 0.06322146105033058, 0.06291801942218472, 0.09976427185201288, 0.13110106629112794, 0.12420897623058941]}