{"FilterHL": [0.0, 7.024121178649296e-05, 0.00016030263536386287, 0.0, 0.0, 0.001729207920715599, 0.0020525803448159415], "NoiseHL": [0.12745679692125245, 0.23502440593598806, 0.2531082856368078, 0.22379061732305383, 0.19707921959999697, 0.26423520936170475, 0.2672010060207921]}