{"FilterHL": [0.02074126375777038, 0.06765286602934442, 0.032577732782516675, 0.052196040844129696, 0.04194164903380733, 0.07899210576610956, 0.050152887642608036], "NoiseHL": [0.13458215816583036, 0.188404675861876, 0.205765468096974, 0.24241874816528525, 0.13617847463014676, 0.18959717848325247, 0.17109656965625739]}