{"FilterHL": [0.031163579758899194, 0.020491119780702366, 0.008221496440902254, 0.054372579295669334, 0.027546550830531175, 0.046017922064324784, 0.0316789837964519], "NoiseHL": [0.12481291783250335, 0.08100909821879142, 0.12116516644989399, 0.12682533969221138, 0.12752160310170182, 0.16902827778432428, 0.16039939758730212]}