{"FilterHL": [0.02452831611034508, 0.02496110325345529, 0.015520979950874494, 0.020804883312500858, 0.011420931461002084, 0.004060131469542142, 0.004359543250938672], "NoiseHL": [0.09586694192024892, 0.18944479995671432, 0.16862067805070752, 0.2171125456008871, 0.113693554432446, 0.1687233223025438, 0.18239583259713016]}