{"FilterHL": [0.005367498354529518, 0.0022366817203092436, 0.004466667752949557, 0.005961784996594706, 0.011290843868130158, 0.003055364075995212, 0.020126947412832465], "NoiseHL": [0.21952422869625246, 0.2552359850009558, 0.2252538645618393, 0.28026781397340556, 0.2361716422705061, 0.24961455481913233, 0.24213957097989997]}