{"FilterHL": [0.01009910904602312, 0.0467713990214752, 0.02266616723035915, 0.03234855633825453, 0.013947222550081, 0.029825520029610274, 0.03256200589457058], "NoiseHL": [0.10878073974525942, 0.1087556014008245, 0.09172757572084485, 0.12458307752740896, 0.11761314288445299, 0.11707505717115789, 0.1145837057982782]}