{"FilterHL": [0.027972889104401186, 0.01896557640775017, 0.016988458843167093, 0.0285316805845913, 0.0066668606113721735, 0.020926895513336794, 0.03527196008523962], "NoiseHL": [0.2925751515978075, 0.3042466104587681, 0.3448794564258034, 0.3862995539302341, 0.309311354517884, 0.27782326874651503, 0.3716827976194193]}