{"FilterHL": [0.07284488836736473, 0.09587866873633567, 0.15228260593349302, 0.16286006633447125, 0.0775348150743128, 0.09533260382157462, 0.13104607754598216], "NoiseHL": [0.20093131319207772, 0.22711691228947156, 0.339005817404972, 0.3359250260905469, 0.21825383633941692, 0.21004438084273133, 0.34324062506441205]}