{"FilterHL": [0.00011302580745314042, 0.00024594856101721495, 0.006544633501748564, 0.013851992084907063, 0.013699310432233885, 0.046290647499135036, 0.039152395998993526], "NoiseHL": [0.35118014081935767, 0.40183890856608057, 0.2790888298824094, 0.33394528564886566, 0.4111921843624089, 0.43439937084531083, 0.31773413108695964]}