{"FilterHL": [0.007655384948308522, 0.007959729004705717, 0.005757518595908476, 0.0037051618285443583, 0.009664543909791141, 0.009141509600448235, 0.011006472300005796], "NoiseHL": [0.23297840275622012, 0.22838534982648345, 0.25209576142604584, 0.2520817654056984, 0.2407270132874045, 0.2662831290047528, 0.2562832269778338]}