{"FilterHL": [0.0013130584182448179, 0.03188887796040672, 0.021871337870171953, 0.0047451363244294725, 0.0333341863402071, 0.06159663298064222, 0.05429264351573338], "NoiseHL": [0.18241355147295873, 0.19870964381100595, 0.21084091701451713, 0.22750508754717028, 0.1867038368556822, 0.19130465786719592, 0.18067127871275548]}