{"FilterHL": [0.07172708796551557, 0.04419802627313473, 0.052627773679225366, 0.03183335778596579, 0.045739239127088965, 0.058119662163979534, 0.019169309536998178], "NoiseHL": [0.20916900143878583, 0.21366638888873168, 0.20270242816539857, 0.2153304052821497, 0.17664400108736342, 0.21553350602485782, 0.20741719608514736]}