{"FilterHL": [0.0026173133557662316, 0.014540622131833176, 0.0061950833866804165, 0.006329478687421371, 0.1829669467739844, 0.16791644995529056, 0.14786245858942593], "NoiseHL": [0.17847800061497673, 0.1845093206748607, 0.32768338538844416, 0.30904859143080915, 0.21825045440180368, 0.24059370742940056, 0.34045389417810157]}