{"FilterHL": [0.023480314551881667, 0.04508371936367111, 0.025995556806732798, 0.032685784778793026, 0.02644191853461172, 0.03400705828837027, 0.04204977190074092], "NoiseHL": [0.024043852840986077, 0.047351329472037726, 0.03737053648433251, 0.0871528337045607, 0.035430613106515206, 0.044753711175725255, 0.05450852590842804]}