{"FilterHL": [0.18342104012963936, 0.20627854528375245, 0.13531034708637107, 0.25198759477101257, 0.25430695034736195, 0.22181201100113845, 0.1783477011393639], "NoiseHL": [0.5164995776209459, 0.5793455047628007, 0.5172901944296978, 0.6014287734357338, 0.523808429862905, 0.5863496198949992, 0.5161910719551446]}