{"FilterHL": [0.08278391861164085, 0.05952404635581668, 0.06941934505593886, 0.08200364014301298, 0.13543899578583943, 0.15310195360741014, 0.15267102999091944], "NoiseHL": [0.1451014084098273, 0.1422728243898681, 0.32453643106812946, 0.31079022646018756, 0.13650490842914512, 0.15837750710826767, 0.3826345795855603]}