{"FilterHL": [0.016484596487245946, 0.03333774087393941, 0.020023438110939828, 0.019683689609417073, 0.008947221218323337, 0.0297026730595225, 0.02147694690209825], "NoiseHL": [0.22417761895185545, 0.29102431847513777, 0.20234034577444698, 0.3039413809738398, 0.2265011087681403, 0.28273714597017957, 0.23918730829908877]}