{"FilterHL": [0.009325172859535028, 0.02611955010402185, 0.0030809742519965332, 0.005756289226245537, 0.013045959380590033, 0.04470621018142052, 0.007822216771882875], "NoiseHL": [0.10655165960033644, 0.19578795419596212, 0.10159151720072396, 0.15665236301252802, 0.15905326259655947, 0.2144273371119536, 0.1588167528313112]}