{"FilterHL": [0.0030029965363071254, 0.0013946447914466274, 0.004987673431921894, 0.0006200623472932766, 0.0007605906931686771, 0.0017430449871096688, 0.0010545207456874846], "NoiseHL": [0.1865064993035597, 0.2404665476109235, 0.16801938030584954, 0.2144269219230429, 0.2108191091580861, 0.24368051018541526, 0.2059196678858405]}