{"FilterHL": [0.03011441566616413, 0.05045770084440122, 0.02260480461816274, 0.036144261577412955, 0.028275552216772942, 0.03817869065713586, 0.028789321479668256], "NoiseHL": [0.047826751487459816, 0.06548585390675445, 0.05518840797767954, 0.02548194047956368, 0.061304520644827394, 0.06020017390024798, 0.06406031155222476]}