{"FilterHL": [0.04075144926361044, 0.045993663422585956, 0.05057743185870516, 0.03765991705043381, 0.061530091354845995, 0.05738861141154186, 0.03266042940716062], "NoiseHL": [0.24671607309388313, 0.2568695141947381, 0.2813840176308274, 0.27555297566491166, 0.2669389653015358, 0.25767249192704705, 0.27925317573662084]}