{"FilterHL": [0.06489570692496578, 0.07803915497222332, 0.11624592349260023, 0.07925960075872092, 0.19994125532080975, 0.09962177633271338, 0.25752646916172484], "NoiseHL": [0.45063672777874025, 0.453436280618794, 0.44930107120421137, 0.4291941823668163, 0.4595586868328183, 0.4480611348374152, 0.44198509004580344]}