{"FilterHL": [0.0015690557070820437, 0.0, 0.0, 0.0006623950985672315, 0.0, 0.0, 0.002408114615752544], "NoiseHL": [0.2203211650582041, 0.2622422036792348, 0.2881621992123956, 0.31316232914598263, 0.2701392032139025, 0.28723702582719046, 0.3208679543044806]}