{"FilterHL": [0.0206551105651813, 0.03274712336685736, 0.016041470778298934, 0.03552976058786067, 0.00841542546666714, 0.01316047043081404, 0.025268186760767013], "NoiseHL": [0.03974977577325323, 0.05151621596235615, 0.0762217222170647, 0.08141410434195366, 0.04881218503061833, 0.04680743650445815, 0.0724737212577945]}