{"FilterHL": [1.454067768667883e-06, 0.0, 9.904516336728579e-07, 4.4254204784654215e-07, 0.00019495604997942892, 0.0014243543203699435, 0.0], "NoiseHL": [0.2305892712780783, 0.28908494657548534, 0.2863094019622411, 0.32001888456532224, 0.272083122635683, 0.3259265977491048, 0.31488735035330745]}