{"FilterHL": [0.0, 0.0006606232733602419, 0.0001374331553122531, 0.0, 0.03421940816742434, 0.05411834720065081, 0.007339657553992587], "NoiseHL": [0.3183155034171673, 0.3105607534363284, 0.36370975920756327, 0.36293560125645874, 0.22493821611585063, 0.22007905625978066, 0.2228737983685417]}