{"FilterHL": [0.04167514607594981, 0.05338867653994025, 0.01581122226806481, 0.029428439811746688, 0.028917821385617756, 0.037661397776879005, 0.06915974543084073], "NoiseHL": [0.07387455299129905, 0.08334992342822306, 0.06195942353677732, 0.07974881321505423, 0.1422933429106717, 0.15854689811844536, 0.17241149501086647]}