{"FilterHL": [0.013288334017168774, 0.04427444004817884, 0.03280535835626766, 0.04291976028593727, 0.19744139153747556, 0.20628520559209954, 0.21736637097575115], "NoiseHL": [0.07559613717839173, 0.11172509373507991, 0.09004733699892964, 0.11653846048536852, 0.12204908798393296, 0.16318873556512783, 0.12039559425676398]}