{"FilterHL": [0.031732630041897726, 0.02699071946225267, 0.018596592584182378, 0.03296707125481009, 0.07118227402188786, 0.0636117563749281, 0.0881018803448255], "NoiseHL": [0.11828912489775173, 0.1202003761010517, 0.12572579735349515, 0.11576610973559541, 0.21964591962189667, 0.23514450346583923, 0.20375959346920125]}