{"FilterHL": [0.00909595183137904, 0.007494983852896099, 0.0027682958526929428, 0.007025362241413887, 0.005734960405046405, 0.004589093300018581, 0.010677008015759484], "NoiseHL": [0.09470165606084549, 0.1275025570454372, 0.14750720502602382, 0.17677859262819678, 0.1040722549696049, 0.13184435419736584, 0.1588688281636015]}