{"FilterHL": [0.000924315528570345, 0.0026635591508875124, 0.0009349716175345417, 0.004143136372844437, 0.005109732488076597, 0.005951589044364691, 0.0021101587934138056], "NoiseHL": [0.1214797384251674, 0.12790748636005672, 0.1368579400081564, 0.14413095284821167, 0.14790623246174445, 0.15562474979979976, 0.14249978423777176]}