{"FilterHL": [0.026262320629556534, 0.03655994811770334, 0.030012110262943023, 0.02989733844081377, 0.018397936900897537, 0.009290721985262018, 0.012506241541605862], "NoiseHL": [0.061489267539883784, 0.08086613730009863, 0.3419889772210556, 0.3478160169328083, 0.10054687422249357, 0.09608444052651859, 0.33471495675038687]}