{"FilterHL": [0.030910936825588507, 0.3905012759943796, 0.3429401851216121, 0.19416497497429547, 0.2790311777676759, 0.3300768796275375, 0.29141455341450123], "NoiseHL": [0.6947808701929234, 0.7267292121523519, 0.713349632773489, 0.7057270540856914, 0.5539387402279118, 0.5856925429389376, 0.5764151809414099]}