{"FilterHL": [0.023297402322493953, 0.04664628635425362, 0.02018376618680511, 0.048295599403425975, 0.026921156754749445, 0.04730467559396274, 0.04684374195228939], "NoiseHL": [0.03138247767968126, 0.035190372556560656, 0.023271393777581632, 0.06140592891659993, 0.041967191242483395, 0.05730023960849683, 0.07198123651158835]}