{"FilterHL": [0.0034304160191401625, 0.01220480612675102, 0.008042618072838762, 0.005312824455677842, 0.008643036939341894, 0.010658286545320778, 0.011368294515432534], "NoiseHL": [0.3018746229430577, 0.2981869201271412, 0.2983151286289642, 0.29467120024984556, 0.3048407562740877, 0.2801405211816056, 0.27694770978501215]}