{"FilterHL": [0.0021047520043487424, 0.008565238685255527, 0.0035028565087828565, 0.005982102549834782, 0.012615733229187406, 0.021109757308551073, 0.012460909279952873], "NoiseHL": [0.10449726890082645, 0.1440851415151002, 0.11543780530768062, 0.14933805726535979, 0.1604982366369006, 0.19733438597628178, 0.16723111655563117]}