{"FilterHL": [0.008333935407522343, 0.014458140563854643, 0.011920014340260025, 0.00153427178374969, 0.004505235401350116, 0.10389687561649907, 0.015642837647764148], "NoiseHL": [0.1447170432855356, 0.15775222322486113, 0.1690571608594148, 0.17823858334095888, 0.1852972648227733, 0.16123958950872608, 0.20093516683558124]}