{"FilterHL": [0.004660814551669216, 0.017010791125777167, 0.00783885479547066, 0.014882884074900472, 0.011848657388613735, 0.014801872414917573, 0.009173826722505267], "NoiseHL": [0.11344490625833584, 0.15726309566121396, 0.14068323036758823, 0.16671717955700383, 0.1387038178286881, 0.1440086009092667, 0.16082621954354]}