{"FilterHL": [0.011659030831685055, 0.012541902168282321, 0.014699450937217669, 0.0015319877847862283, 0.022240239100835793, 0.043075294381583244, 0.019452170968280676], "NoiseHL": [0.17040302037523108, 0.329141441010843, 0.3306033759245598, 0.36767903704824656, 0.1853697362912016, 0.34131057921866453, 0.33447098305830997]}