{"FilterHL": [0.008299088839521964, 0.025402125458117947, 0.012572095188294835, 0.017599309193441565, 0.012139427703987534, 0.020236473428939663, 0.019532967589116643], "NoiseHL": [0.18385239505729783, 0.25861726683574593, 0.3560290686015352, 0.2953121139412249, 0.22385672400006051, 0.3957597655554294, 0.35215600942627817]}