{"FilterHL": [0.02750905855839946, 0.05716138327738773, 0.019562961702936536, 0.04266379953090363, 0.015634067455377307, 0.0322136885291768, 0.029526604804306883], "NoiseHL": [0.030904610795420305, 0.06598128407210745, 0.027537662246796504, 0.05409832396487354, 0.031734280592873, 0.03946582176367899, 0.04114985093746482]}