{"FilterHL": [0.0, 0.0, 0.008560123526243291, 0.011715049083099605, 0.0, 0.00024521073491976447, 0.009210357619629654], "NoiseHL": [0.15880924869119284, 0.20838248111736035, 0.17492567773173873, 0.18920874857939368, 0.17245022900462764, 0.21202788880001655, 0.20594867694800792]}