{"FilterHL": [0.0330678857665541, 0.08405975761156546, 0.06680773620719674, 0.027975479914593628, 0.03640573416947476, 0.037420246898580874, 0.03120922040689268], "NoiseHL": [0.06633139253487703, 0.0742623284812167, 0.06809254746136643, 0.04648507235288917, 0.052092920469579536, 0.04723017702908779, 0.038144910099159664]}