{"FilterHL": [0.017328674782832194, 0.020005030198634137, 0.006918842647433412, 0.03096739413479593, 0.2059196678858405, 0.17433425745191436, 0.18533840374658803], "NoiseHL": [0.28436472302941673, 0.18938687661417777, 0.27745772160228543, 0.18589192909513538, 0.2864617624267918, 0.18209106384217733, 0.2656820213682861]}