{"FilterHL": [0.02119550392804584, 0.0411434434032488, 0.0219542616490771, 0.05379018015285186, 0.02314066772577203, 0.03212858401115079, 0.044824694177917915], "NoiseHL": [0.021963384213715142, 0.021231464137132557, 0.026275459710980133, 0.04610798326189754, 0.03023480460738221, 0.03708384659603285, 0.04252223374532965]}