{"FilterHL": [3.666870897616429e-05, 0.0, 0.030767098052458492, 0.0, 0.0, 0.0, 0.03744025081619637], "NoiseHL": [0.27013920321390256, 0.18785815120172258, 0.3303505177663009, 0.2825738991468142, 0.2954782282049058, 0.2203211650582041, 0.2973893276445693]}