{"FilterHL": [0.025832859167316848, 0.03439387626364474, 0.029230622617705596, 0.0393782322869583, 0.03141299700621729, 0.04282614458258487, 0.032316907709202966], "NoiseHL": [0.03518354929781173, 0.1285387954087478, 0.04985836905500445, 0.10844219525258565, 0.06737221357049558, 0.08749049122155764, 0.06005976706597846]}