{"FilterHL": [0.003863947351730655, 0.022126388821621705, 0.014674397533372758, 0.005525586306102122, 0.041309925300896375, 0.048396054334705715, 0.04399906035265352], "NoiseHL": [0.09396522487247494, 0.09440457808391288, 0.10861096604254251, 0.10865203522371916, 0.125680772690531, 0.13744880986435867, 0.12372389260590241]}