{"FilterHL": [0.0101935230144218, 0.022876882274053094, 0.0017726224551104417, 0.009272250139861445, 0.009915729987387083, 0.019427373791307868, 0.002307588839522706], "NoiseHL": [0.06997086701884911, 0.11944349406629849, 0.10158819652325843, 0.12350322898655429, 0.08856640992195611, 0.11943971754812657, 0.11733656386973822]}