{"FilterHL": [0.06944105790287383, 0.07380629229651751, 0.006507079036603952, 0.02940318548152353, 0.07902134982980454, 0.10361286500899003, 0.011632473603008104], "NoiseHL": [0.1253349600843392, 0.16369482282852987, 0.10529451372181511, 0.18312853232078663, 0.14277733122006858, 0.16078621638598578, 0.1376717230358601]}