{"FilterHL": [0.022950742119204358, 0.014877563419716704, 0.01947765426519976, 0.021151884269499373, 0.095062631719688, 0.02430748886771932, 0.05105340066328886], "NoiseHL": [0.25991711163714226, 0.2708846769376923, 0.3436504975818146, 0.3230567027372773, 0.31589414658279624, 0.2863275548823899, 0.32684262966750777]}