{"FilterHL": [0.0043319582276725365, 0.016150392566701022, 0.009371724833119289, 0.0050345553255229224, 0.005740273275523526, 0.007259979003053613, 0.016038165879158215], "NoiseHL": [0.06656692613563722, 0.09163177468541531, 0.27784634226495614, 0.2981851314519825, 0.2973605892233758, 0.2901039154683787, 0.33093019378380223]}