{"FilterHL": [0.03069059181027256, 0.04834511986679617, 0.0008949110723896267, 0.015854804455021222, 0.037965994114793296, 0.039055467875819413, 0.02882203647450314], "NoiseHL": [0.16166930649990283, 0.1847947776893115, 0.17589118589652056, 0.19703566888875135, 0.16510014665862358, 0.11674311416305175, 0.15060787452368646]}