{"FilterHL": [0.0016965451998254876, 0.012757972038625056, 0.009567439523945677, 0.013866792126764303, 0.008693173605790612, 0.012912157510856566, 0.0036295022339426844], "NoiseHL": [0.0625957012264668, 0.0833136073542625, 0.10653134742655065, 0.11767224498459061, 0.11108677644609968, 0.13180734192345037, 0.13509318361447897]}