{"FilterHL": [0.023741286683675516, 0.030500079882093703, 0.025120159670962042, 0.02810624303647238, 0.031062459096814193, 0.03356776170188329, 0.05320630691226873], "NoiseHL": [0.1783416600536932, 0.28370830110991374, 0.1663448477050257, 0.2889101379817614, 0.21364562268027254, 0.2199243214597626, 0.19683450339971753]}