{"FilterHL": [0.020811051861596517, 0.0483581113767312, 0.04885993225816924, 0.03658842896316138, 0.037221860773590715, 0.0364809971504901, 0.04233703442928304], "NoiseHL": [0.08719048994721461, 0.09450488879626728, 0.09394679982608758, 0.0835045926857518, 0.07624515664389876, 0.06295559869583398, 0.0879921426946203]}