{"FilterHL": [8.225435899764715e-05, 0.0, 0.025156128417027298, 0.0027214295431923887, 0.011806775503894014, 0.009204936958696461, 0.06090095788301698], "NoiseHL": [0.25, 0.22493644505680488, 0.2555518510288918, 0.24926484178519137, 0.31916807257306506, 0.31229702626329436, 0.30795792854641013]}