{"FilterHL": [0.017097868817292135, 0.0032467217457369914, 0.010345411111297748, 0.013169530289020957, 0.006825651053349935, 0.015124821532454775, 0.03312849855947122], "NoiseHL": [0.21605298276676957, 0.2510602606439691, 0.22153873438736377, 0.27693320215033107, 0.237266769835276, 0.27793583946880945, 0.2551607560979195]}