{"FilterHL": [0.02023268421528993, 0.03089952251045311, 0.027414715269086815, 0.028666017422992976, 0.023538148497784833, 0.0678491465833599, 0.024941204843434164], "NoiseHL": [0.023520253184958723, 0.04173634602842592, 0.03315857401362902, 0.03157199012471869, 0.03147273790683141, 0.05468853695612305, 0.024084767419099276]}