{"FilterHL": [0.0206128102144323, 0.021496953333740264, 0.013290769241275984, 0.018412309305542007, 0.015241503213685233, 0.04692667643557986, 0.015438036530622517], "NoiseHL": [0.04235326806122527, 0.14986885404190134, 0.062209081784665596, 0.15029102023634525, 0.05792571372067228, 0.12803061312822106, 0.07178348959158641]}