{"FilterHL": [0.020537038222660654, 0.04279137560301756, 0.01647293080834819, 0.061728882004526295, 0.03095895634158708, 0.04227808054040228, 0.026114656505175478], "NoiseHL": [0.10862849331591616, 0.13269607688071552, 0.10866581871251495, 0.10443836553948123, 0.11317393394766433, 0.12677367319496963, 0.12091942377965434]}