{"FilterHL": [0.02116405917089977, 0.043284602537736874, 0.024115416406452476, 0.046450347689508294, 0.03999878149536621, 0.07925716713739706, 0.03022872936693596], "NoiseHL": [0.027987101502452944, 0.03603717319277382, 0.027224243203519474, 0.03752081396991995, 0.033144873431151405, 0.04642009223768312, 0.04688345494873521]}