{"FilterHL": [0.04334409049449158, 0.034240024338031534, 0.014329009116861285, 0.008347854965333395, 0.035753668368790154, 0.03170849295829135, 0.015612106639551527], "NoiseHL": [0.09978039210886691, 0.1847263623777098, 0.14707485545176113, 0.2109771268271324, 0.09953906807193301, 0.1777774453507115, 0.16647981714172055]}