{"FilterHL": [0.015691045203202157, 0.0494097711465387, 0.017363033359991984, 0.030445931888045723, 0.015971125863849748, 0.04649150222730537, 0.0679332861089452], "NoiseHL": [0.09890478923396251, 0.1217301730172609, 0.04559784502759032, 0.03527237274522487, 0.11657402878522598, 0.12150217970871574, 0.07539019778473562]}