{"FilterHL": [0.00015794188059987504, 6.210610871094315e-05, 0.0, 0.0, 0.02160931427402979, 0.06799642484978442, 0.01132827277109841], "NoiseHL": [0.3431841512317855, 0.3952847075210474, 0.2881621992123956, 0.3683309749787435, 0.4337063337698549, 0.4783459339710993, 0.4211259772110817]}