{"FilterHL": [0.022041968870414944, 0.02729750835924508, 0.02515949801679239, 0.021326185236505986, 0.03432846416170232, 0.02572182281851661, 0.03423352921126738], "NoiseHL": [0.31259303699981383, 0.308690904111852, 0.31611631321017497, 0.3163817063710648, 0.3234775900979189, 0.3291969269125113, 0.30612647934040965]}