{"FilterHL": [0.02327592275886348, 0.007307708152711865, 0.028015887231489206, 0.01424110696810195, 0.06939961644341604, 0.0925884798729778, 0.0681272647213484], "NoiseHL": [0.1664322061346181, 0.16505087646799027, 0.20277072483938444, 0.21339448526466676, 0.20715901311587076, 0.22622843096438916, 0.24594937612004092]}