{"FilterHL": [0.10828530382732506, 0.1080811471439353, 0.1205089091903499, 0.08396896679513913, 0.14135513142532274, 0.11856307191768438, 0.15862449950821736], "NoiseHL": [0.14287910133364154, 0.1612282374508777, 0.165696528018482, 0.11105411633382929, 0.14450450326306258, 0.13320187028054606, 0.19049279966712296]}