{"FilterHL": [0.00032384624906937485, 0.023413730343994667, 0.0, 0.009462782115865319, 0.0, 0.01627136853978944, 5.5699254040094214e-05], "NoiseHL": [0.14044858014632036, 0.1439532347009121, 0.13129518424232384, 0.14221664006388177, 0.12350322450529108, 0.1456825142356612, 0.13317431117202394]}