{"FilterHL": [0.03288551943058907, 0.042692184913822095, 0.023106343608590676, 0.062344922115862816, 0.1252731473377209, 0.1525041840867259, 0.13626679415194806], "NoiseHL": [0.02750752548938073, 0.060027204369157906, 0.03363952035660866, 0.07717418377667219, 0.1162763738566981, 0.13713940513808828, 0.12430987363470794]}