{"FilterHL": [0.03888983310946155, 0.04985262314724584, 0.07086417149991792, 0.05788813838939961, 0.020608147822990922, 0.07496517509905422, 0.060617894533923765], "NoiseHL": [0.04501029362764506, 0.09416884408510225, 0.0926881181210261, 0.09497008499704891, 0.09459719604931512, 0.09570159338171537, 0.11547532939642961]}