{"FilterHL": [0.007757702836082373, 0.015593460565993098, 0.0038089326293967, 0.012990931718765742, 0.03915134255846906, 0.050169887826270465, 0.04267998795244256], "NoiseHL": [0.3315265998241172, 0.36497555313487756, 0.35150755781622944, 0.376650048825014, 0.4443275079253317, 0.471951976217826, 0.45562996699572694]}