{"FilterHL": [0.007464835896421636, 0.008954861535864552, 0.009726481666768105, 0.009164282872569603, 0.004304639618512698, 0.004296237284756051, 0.0021232015454199053], "NoiseHL": [0.1930716585321007, 0.24073860068559805, 0.24531597305146002, 0.27785381644068274, 0.20099977177082862, 0.23237873759591238, 0.2520784381767957]}