{"FilterHL": [0.0, 0.0, 0.004435924329254857, 0.0028887672497653954, 0.0, 0.009229427410930953, 0.0034071866534409415], "NoiseHL": [0.14044858014632036, 0.18920084887799915, 0.10897758626305036, 0.1493745655925705, 0.16193431328727034, 0.2009115892650161, 0.12148861974218113]}