{"FilterHL": [0.0, 0.0010036175657865388, 0.036391518954963856, 0.000791500278509372, 0.0002887859565405429, 0.0, 0.07665926208437472], "NoiseHL": [0.2541370758203428, 0.294571808286785, 0.24369126043742179, 0.3320571700934014, 0.2768927248622021, 0.3140257650798779, 0.29034550485069777]}