{"FilterHL": [0.004531852401140499, 0.04439848749734894, 0.03531420274925354, 0.004374244094035999, 0.009321440858409172, 0.03101659724869452, 0.017362017364791964], "NoiseHL": [0.18805872431697016, 0.30799789868764915, 0.2976997242835617, 0.22746741395468204, 0.2590250987697227, 0.3449007993301991, 0.3036338186051569]}