{"FilterHL": [0.010557643203973887, 0.019414051903272264, 0.010969589093072279, 0.006823288889569863, 0.014063584587963128, 0.007053444233091416, 0.016657203336322576], "NoiseHL": [0.13872634770504877, 0.14912926240492783, 0.17098550868660184, 0.15565953504616414, 0.16039271628912619, 0.1680200804334782, 0.2021742434484739]}