{"FilterHL": [0.033155882825193994, 0.1155392322470107, 0.06298928890558572, 0.02135637066580395, 0.0758286793456528, 0.14316511002514967, 0.1345968038018064], "NoiseHL": [0.18656004449439054, 0.32955085603885875, 0.17651934795277419, 0.3452293463022014, 0.1571167695558859, 0.31165250857648935, 0.14618985825950642]}