{"FilterHL": [0.014825727709964045, 0.036813822452034635, 0.01619542852578208, 0.02585905116473839, 0.02034916914137846, 0.012404590370050473, 0.04247400668673463], "NoiseHL": [0.09755990564487328, 0.1613891893974982, 0.1045891702861803, 0.14315007412194178, 0.1011567307648473, 0.16081373174779734, 0.0913218590298047]}