{"FilterHL": [0.0326754205539704, 0.048460664783914864, 0.00900117254733857, 0.004719172555162992, 0.01715521252276961, 0.004698500249942348, 0.002492370275726444], "NoiseHL": [0.19837738561671595, 0.18557041243085876, 0.2647777109490527, 0.2826057245578996, 0.25861906973966076, 0.25634149501492476, 0.2661483427885516]}