{"FilterHL": [0.032480523880018784, 0.03794688457639501, 0.0749591033103997, 0.08280129281628879, 0.03700954109630714, 0.03950490249221081, 0.08624921182491906], "NoiseHL": [0.0401821936251455, 0.028540119332698607, 0.13178265625733251, 0.09904331083920187, 0.04293132998577083, 0.0501017617079371, 0.13087606168121352]}