{"FilterHL": [0.005554936061965379, 0.02873545023323944, 0.007501080880857099, 0.020678261725373053, 0.013239231594868641, 0.03521226678459672, 0.02802687662447646], "NoiseHL": [0.09997709868732244, 0.2644524538114266, 0.11132671888966413, 0.2587036738970417, 0.17258154372129503, 0.3128922906740946, 0.17584302790072626]}