{"FilterHL": [0.036756902955518485, 0.07581835871723458, 0.042781003654247855, 0.05074757192524992, 0.02429020226567631, 0.07940645750163897, 0.03515151680404969], "NoiseHL": [0.20080406182495078, 0.19920003253182905, 0.19196066005911566, 0.2276954341651407, 0.20472741359025087, 0.19538368344627913, 0.18163554246437388]}