{"FilterHL": [0.0037464072360065084, 0.013829500629122235, 0.00853316555323673, 0.005305914724053219, 0.004171010246863385, 0.006051905476554967, 0.016463590371487497], "NoiseHL": [0.22040401082778785, 0.2553818435709795, 0.17245139928771114, 0.20729898663645185, 0.2261131050887764, 0.24708792306129607, 0.183828727632409]}