{"FilterHL": [0.0006207455891737735, 0.0509325222500866, 0.008730129259076817, 0.006193338274435247, 0.0076223094934647715, 0.01810483452682123, 0.010111902067956246], "NoiseHL": [0.09664901647191655, 0.12154667341461245, 0.10445295008866884, 0.12372208000206725, 0.10894114670967789, 0.15074604433642425, 0.13225335009955014]}