{"FilterHL": [4.29910923799138e-05, 8.130594521768728e-05, 7.822887815815311e-05, 0.02209978546350084, 0.0011320221860287984, 0.0, 0.02191543551644704], "NoiseHL": [0.2071544063142342, 0.2816336424931959, 0.2541370758203428, 0.313316197567159, 0.272083122635683, 0.2863094019622411, 0.277770498251923]}