{"FilterHL": [0.03365621888252671, 0.05341275550464933, 0.02591225677717499, 0.026297365584267866, 0.05906852942710249, 0.10052294545803604, 0.06439187732841459], "NoiseHL": [0.03572409965335867, 0.04583355829894016, 0.04924852531760868, 0.031085714916921206, 0.07424632667841591, 0.10040704603569815, 0.07285101895421983]}