{"FilterHL": [0.07255866033840026, 0.08346320988580425, 0.08031767578619811, 0.09154423517812482, 0.0875130363868947, 0.09503252443713811, 0.08780546540841766], "NoiseHL": [0.14942192261750167, 0.14207956866718335, 0.15696937623439186, 0.16857769630682876, 0.16829000994836402, 0.18898633306434184, 0.1527741260651556]}