{"FilterHL": [0.011056240381939078, 0.02731978617498256, 0.005571904468500787, 0.007027178609912782, 0.017066604524907294, 0.04478118266695426, 0.02103281849888703], "NoiseHL": [0.22665584966931868, 0.2113214238670014, 0.33833473795933144, 0.33755064587279426, 0.2156335690847715, 0.22923436805019964, 0.30618803902697367]}