{"FilterHL": [0.06390804770518098, 0.11627984643792177, 0.09053185665511186, 0.13966683819544717, 0.09887009471020726, 0.13613294186046437, 0.14089679046265707], "NoiseHL": [0.29781300520164955, 0.3462558839249631, 0.2930904573439687, 0.3168917697812353, 0.41641326235799325, 0.41929161268688053, 0.4171113081072715]}