{"FilterHL": [0.01589595572183997, 0.02152321037450786, 0.028398332211292614, 0.01326494187259743, 0.0083034731185474, 0.009849354169766823, 0.01652057618370954], "NoiseHL": [0.24148551425866835, 0.34277598814074034, 0.23219793237437963, 0.36787484635121354, 0.20253692755260186, 0.3295237544692128, 0.2154228744324291]}