{"FilterHL": [0.012237177869678142, 0.02950620639126046, 0.016354478695367186, 0.010064904094867756, 0.00473979457869419, 0.027595425780888343, 0.020150129495758867], "NoiseHL": [0.12350363602132372, 0.14907236283169015, 0.11741855209657057, 0.14223719744527163, 0.14044947569145805, 0.13131645692449945, 0.1439947806384516]}