{"FilterHL": [0.019615477713323167, 0.030611387971050667, 0.007018047761727709, 0.0198025222284346, 0.020427531417807326, 0.0182527903253632, 0.033885134895042336], "NoiseHL": [0.11994408420602519, 0.12230454046989742, 0.0664758658829447, 0.08680031121979123, 0.11546996832257608, 0.1324175149179599, 0.067101574630715]}