{"FilterHL": [0.002432793597026996, 0.024952129351799416, 0.02279004082634184, 0.0059953584080937325, 0.024189267048060268, 0.04797993720881611, 0.018986547041219205], "NoiseHL": [0.24369397322315373, 0.2385973852818531, 0.23654361472312532, 0.23181955970217236, 0.28420785602526033, 0.32513995782201216, 0.2891176203694398]}