{"FilterHL": [0.011747500920338673, 0.024054053780101482, 0.01974451049696437, 0.02703998428329302, 0.022400165402064152, 0.047991152720072164, 0.07796321102826048], "NoiseHL": [0.18271214885293702, 0.20714310793781546, 0.22769952460859544, 0.23886323640039575, 0.25745744188144126, 0.27711041077177295, 0.3004672226626874]}