{"FilterHL": [0.019104420753111275, 0.019534502768210147, 0.023757940926410693, 0.03362972720323634, 0.00823136837956151, 0.0143124071444681, 0.030414263764970258], "NoiseHL": [0.1041141819739075, 0.14407749240664272, 0.11320443934488039, 0.13560111791661733, 0.12589380841731548, 0.13705779119730427, 0.13142891143303878]}