{"FilterHL": [0.00866408338384984, 0.015530449685262583, 0.012631245237281392, 0.009170918081478694, 0.008478996390343009, 0.010548397262831216, 0.011216024881302996], "NoiseHL": [0.11317441273528225, 0.11784419282456635, 0.1509541110425768, 0.15468017155067315, 0.13145524244932297, 0.13719295504613138, 0.12763595441902328]}