{"FilterHL": [0.01523041000132785, 0.03962890201067516, 0.03074591970880633, 0.01806832709844115, 0.02497877275702043, 0.015826816284026806, 0.046697207094355285], "NoiseHL": [0.20904808307498032, 0.20145919683158686, 0.32078755885376764, 0.2966251754325926, 0.20004423574098196, 0.22837029894368158, 0.2210052970512048]}