{"FilterHL": [0.01709535182719267, 0.04416544697892118, 0.019886348713383645, 0.05112543944560222, 0.032538879618597895, 0.07295438552178789, 0.03550994520763614], "NoiseHL": [0.195003993377379, 0.17223252431889943, 0.1838193731841978, 0.19931798369620182, 0.21203477917538524, 0.2626954740937036, 0.22633884422518172]}