{"FilterHL": [0.027321987801808355, 0.056288051641729564, 0.03887221685741567, 0.04538535054063787, 0.052843877205127114, 0.067349751437629, 0.0826113535754734], "NoiseHL": [0.021756610462701307, 0.051328016815636104, 0.031216254734154944, 0.046333681842609685, 0.03320133131559679, 0.027347364150154457, 0.036125642859514764]}