{"FilterHL": [0.0219908455552558, 0.03722202539175964, 0.01664288379077161, 0.03718558173411754, 0.007180399304382639, 0.022752603332940602, 0.02397483382415083], "NoiseHL": [0.08589886593330755, 0.05973943557466161, 0.11983360783144173, 0.11682310516492983, 0.09453165913194263, 0.0640809851824846, 0.12296714979539368]}