{"FilterHL": [0.010821458446866513, 0.0032618978063674777, 0.0334872782851257, 0.013508977925284184, 0.014065088182623664, 0.00041548093490441823, 0.00702470182070542], "NoiseHL": [0.10480315147427716, 0.15407001930746775, 0.2937144762281284, 0.2896506408940779, 0.16806982417880614, 0.22438968788023347, 0.3140734814065154]}