{"FilterHL": [0.04233650916837916, 0.03182178270117527, 0.036396962055144255, 0.049638784275909814, 0.01771371361474912, 0.06802485427115566, 0.030245665699043058], "NoiseHL": [0.05390316651470404, 0.06421169095637587, 0.048994346373345675, 0.06415392739437939, 0.05055254952923416, 0.041083014918277004, 0.06469583559568672]}