{"FilterHL": [0.0055939659180665015, 0.031039078906472638, 0.023977132912079032, 0.01157010207351961, 0.01616843298619704, 0.00589947921752642, 0.02280546864869389], "NoiseHL": [0.0799622245673176, 0.0830521608674132, 0.0992002644985436, 0.08875623595290587, 0.07675773742859418, 0.0917368883272377, 0.08936867031191674]}