{"FilterHL": [0.0, 0.002051523606907764, 0.0034928056431899855, 0.00675380557855445, 0.007304604598680187, 0.005677785354304278, 0.025996115735958246], "NoiseHL": [0.33750491859769377, 0.34559705550635744, 0.27054328508847264, 0.2813433960691228, 0.35591531537694115, 0.3527635782183037, 0.28438619190299075]}