{"FilterHL": [0.06658963636348991, 0.022996188407751174, 0.04538780078366889, 0.059662220183480844, 0.06428144252074011, 0.066880541070905, 0.04903519192485644], "NoiseHL": [0.2384965488564592, 0.2348400818582512, 0.28239678838997734, 0.2311347499531446, 0.23383989706238445, 0.2679569365319607, 0.2293012050984506]}