{"FilterHL": [0.017394109342595544, 0.026491104315663254, 0.02821905517360798, 0.03104821764185729, 0.008078270868092161, 0.031608204073019695, 0.016375620570566716], "NoiseHL": [0.08603505777963529, 0.16536114534135865, 0.11511975801692349, 0.16806121888125244, 0.10491826518547286, 0.1656726669288856, 0.1462375521763793]}