{"FilterHL": [0.03446019973901277, 0.06369985929493163, 0.032927111967891005, 0.04478627905775853, 0.0436584082256826, 0.07440497932592577, 0.04826023471074563], "NoiseHL": [0.1546466409122897, 0.14607759854710117, 0.1628936689256393, 0.15455560693425813, 0.16963528640915784, 0.1353347540902604, 0.17307160958772988]}