{"FilterHL": [0.008327564067943572, 0.04665400956899104, 0.022166259281271167, 0.04390001558796656, 0.006656560607871817, 0.0109228882987475, 0.02645370771621773], "NoiseHL": [0.16068247218845993, 0.19335987152580889, 0.20226610562673414, 0.21291028310852547, 0.17424602199200992, 0.22293821395996327, 0.2286220488851208]}