{"FilterHL": [0.022113221253738866, 0.02749219077203821, 0.015587154249065774, 0.03447072534327869, 0.021306173399862575, 0.023174615579926162, 0.036337553674744366], "NoiseHL": [0.10653960244956097, 0.12786711817236465, 0.09993244574451404, 0.11376555254988015, 0.10476290916766035, 0.12230650237879938, 0.12368818931786717]}