{"FilterHL": [0.00015465369960154207, 0.0, 0.03460856441183556, 0.013403328995683684, 0.0032635438300165384, 0.0, 0.010912613848068698], "NoiseHL": [0.15562474979979976, 0.1422112410749228, 0.1473086398656403, 0.1328300111522386, 0.1753456551944575, 0.13866442710839363, 0.16425165407007]}