{"FilterHL": [0.023930351853534884, 0.057612804683963396, 0.01617887014347993, 0.04750660291204207, 0.033264022244837106, 0.047495843726511576, 0.04738288093692602], "NoiseHL": [0.02778326268997148, 0.06644852860370483, 0.02923432245978659, 0.04103904024761476, 0.05442046321959707, 0.06806513735317345, 0.07023380445684593]}