{"FilterHL": [0.0002813229558104593, 0.0003935081785569951, 0.0, 0.00444605596796136, 0.0016034614979949628, 0.0012521113473682103, 0.0], "NoiseHL": [0.20960401046104254, 0.24154202878078954, 0.3886613478333254, 0.4011139502920622, 0.2305892712780783, 0.22834309600589234, 0.39013940086761484]}