{"FilterHL": [0.024515173258808257, 0.021267876272665676, 0.018438297094386134, 0.029896585426325263, 0.008802501253180594, 0.01884425771558593, 0.03496334900438433], "NoiseHL": [0.2197822794783697, 0.22558005613202667, 0.2714990479588027, 0.2657459373410732, 0.2253971812001096, 0.21390047464389153, 0.27611989214222077]}