{"FilterHL": [0.020637502307101794, 0.027653252959210232, 0.021903535797377704, 0.04093494294465173, 0.02772817066805757, 0.03619034737508385, 0.03310393015792897], "NoiseHL": [0.1748089512245863, 0.19296890935758365, 0.17637954889416976, 0.20912739871561567, 0.25318551352000485, 0.257976955559865, 0.24930908135396668]}