{"FilterHL": [0.0, 8.554220328447105e-05, 0.004650481595132802, 0.008630321777328984, 0.0238183197012679, 0.021492559963585206, 0.0], "NoiseHL": [0.18920084887799915, 0.2226395172490795, 0.1650557084602498, 0.16249786689919693, 0.15920368617177, 0.1419123970714041, 0.21680194274139555]}