{"FilterHL": [0.0003287797070187809, 0.001895397416764348, 0.039460537804537114, 0.0256179506751489, 0.002279308385832735, 0.0006806620318013218, 0.02302637390527565], "NoiseHL": [0.18239580959790105, 0.22834309600589234, 0.20067009110039083, 0.2513186772196537, 0.22607708161584836, 0.25, 0.24335266031748642]}