{"FilterHL": [2.613109436023759e-06, 0.0, 0.0, 2.9502800112388256e-07, 0.0, 0.0, 0.0], "NoiseHL": [0.2214830616120933, 0.272083122635683, 0.2458027183570052, 0.29908168989284245, 0.26916281322186875, 0.2972843603127713, 0.2662155203826279]}