{"FilterHL": [0.10396965561850958, 0.0008398450142554886, 0.01682994087903958, 0.009706198780590253, 0.06896121272608395, 0.013716880572876584, 0.03675098897991688], "NoiseHL": [0.22248639997278777, 0.3974772839980386, 0.25192105344796273, 0.4144596158575481, 0.22387325700375899, 0.4083280320962814, 0.2741966362726139]}