{"FilterHL": [0.32319799982901637, 0.2552519642884172, 0.332832041804055, 0.36989994166097, 0.3316489776726939, 0.420094071996004, 0.41460879609667217], "NoiseHL": [0.38018905867136704, 0.3416449795633479, 0.41376287801844297, 0.42327381131452335, 0.37508217822474166, 0.35554031808345404, 0.42127921954144343]}