{"FilterHL": [0.05587179741705022, 0.033995957186220414, 0.03925841292156119, 0.021531406371655928, 0.04790126835208597, 0.04370797361181898, 0.01866686510052999], "NoiseHL": [0.1501875021873578, 0.1828054457868241, 0.16043405366643462, 0.19289944420860594, 0.1549641073966932, 0.1869535325842862, 0.18627194680516587]}