{"FilterHL": [0.014334538789550329, 0.05653186794935394, 0.02304080074836134, 0.08025230147941664, 0.028965470627771103, 0.045207062764589044, 0.05293266179704662], "NoiseHL": [0.1902311929181841, 0.16757400548582999, 0.17991462648849346, 0.18645655372672104, 0.0856338815585019, 0.0904540241635706, 0.11533298615533098]}