{"FilterHL": [0.08981384260949568, 0.13720032772428767, 0.07918443155267833, 0.11758635376472734, 0.1046470452930223, 0.11750284198474957, 0.0793810475090221], "NoiseHL": [0.1423274366803545, 0.19919014555616796, 0.1290321880083501, 0.18912971159688838, 0.14678533068132182, 0.17648658289011926, 0.13370934842311802]}