{"FilterHL": [0.021733186555100963, 0.04005307089278627, 0.012488572012956906, 0.009415345657521446, 0.035324584986778755, 0.06582452646051842, 0.03800531568823834], "NoiseHL": [0.18665797582098342, 0.2045483836086283, 0.1730572564594427, 0.2285672813658943, 0.19986396396995665, 0.2040167567511674, 0.2051498941345334]}