{"FilterHL": [0.0630817456445203, 0.006331533144985094, 0.08352554223601982, 0.03748769850800159, 0.05521268339654616, 0.0295251495623176, 0.061299544170947], "NoiseHL": [0.17132982060451327, 0.19689274488924885, 0.15387779562416115, 0.17120148063608331, 0.17346249849150353, 0.15045026191084515, 0.15207704396137617]}