{"FilterHL": [0.011439214939841867, 0.006125823185849575, 0.013140226276578236, 0.006963525735852087, 0.010254477933701791, 0.004303538453184647, 0.006280935123118098], "NoiseHL": [0.1796191963889726, 0.1868781253498386, 0.1572344662654175, 0.16503953162272103, 0.17829502833399893, 0.23224642826515532, 0.16347842222257128]}