{"FilterHL": [0.04629563033871182, 0.06044860550885727, 0.0486319031215011, 0.03362862225331807, 0.024988682570313083, 0.22126898434993808, 0.13847487260133762], "NoiseHL": [0.4270300809350487, 0.42794909890620525, 0.42216974388838097, 0.4303356524728028, 0.4274573290520764, 0.43645091446757317, 0.44116855683523437]}