{"FilterHL": [0.0161060317518027, 0.039057002448782636, 0.013401645902451076, 0.013895265815583696, 0.02499586525301207, 0.015114085306456288, 0.028291421698622258], "NoiseHL": [0.2006824891751585, 0.14925008924926583, 0.19746469253843885, 0.1438929544000605, 0.18505208986058339, 0.13846937510885307, 0.161267499702114]}