{"FilterHL": [0.0039034938590507854, 0.013398561851769604, 0.01314146890866877, 0.004619347279378422, 0.005455447530450313, 0.007965919755355766, 0.025082699414311276], "NoiseHL": [0.2984656455113387, 0.32593450088891734, 0.21202848906314148, 0.2691776995789927, 0.31252715031956324, 0.3192615140730034, 0.22955674086685926]}