{"FilterHL": [0.011598813737729563, 0.02170429701886277, 0.01668582968652427, 0.029349222159036965, 0.011982519394535606, 0.009953455631993088, 0.017827937668303942], "NoiseHL": [0.03973842196994859, 0.038610825826011774, 0.06183849411273637, 0.04753007987362772, 0.12195206561224718, 0.15785785334202687, 0.12485319704585948]}