{"FilterHL": [0.007528110498049413, 0.035652742458006405, 0.020916324014265558, 0.016726760904124643, 0.013815528643123721, 0.023852026173451665, 0.02055616859149818], "NoiseHL": [0.21324782786981522, 0.21122626914385428, 0.26025052584652525, 0.27063417029562836, 0.30533113535329254, 0.321460148813334, 0.3334060865001769]}