{"FilterHL": [0.0, 0.00010328839603951854, 0.0, 0.0, 0.034606303502676516, 0.032683581413480586, 0.029824625008082754], "NoiseHL": [0.15562474979979976, 0.13129518424232384, 0.18100629468644155, 0.16801938030584954, 0.18680887982466848, 0.17567242548391288, 0.1782228943679038]}