{"FilterHL": [0.007238671338125864, 0.02850737239068008, 0.003846444334074011, 0.012598927647985524, 0.004927374386338311, 0.005353417573071045, 0.02255764520236247], "NoiseHL": [0.1960333806001971, 0.2569747273886099, 0.2500953018836505, 0.31660777551300895, 0.198985942651066, 0.24339472879781024, 0.25584988314230767]}