{"FilterHL": [0.021576393857807356, 0.04611795358800777, 0.019994755346549785, 0.02773588597223992, 0.031818410031858, 0.027571023423951867, 0.022783813152391273], "NoiseHL": [0.1094412076938277, 0.1346822258782569, 0.21605396954452805, 0.21975377051601544, 0.13129246219211352, 0.11706469317895371, 0.21184380961203989]}