{"FilterHL": [0.0, 0.0, 0.0008238185828097892, 0.0, 0.0, 0.0, 0.35308231300003196], "NoiseHL": [0.5071449297288748, 0.6091846036532638, 0.6516337007974177, 0.6328673317417404, 0.5932842554025083, 0.6002736487829238, 0.6666992192269132]}