{"FilterHL": [0.03977705630862181, 0.41969657183463055, 0.04796903742085679, 0.04211858213473007, 0.026136334913162966, 0.042037449906775375, 0.03045958672370268], "NoiseHL": [0.05806818791040379, 0.09162004031361265, 0.053858775621432105, 0.07201716568385927, 0.053904588772204456, 0.05057057806053147, 0.06516066875678012]}