{"FilterHL": [0.023340996903024974, 0.016116282423008596, 0.016504366116191094, 0.018030407835763148, 0.014305483181687501, 0.02949861970693428, 0.017098980895045003], "NoiseHL": [0.11001593986841866, 0.07739266187580872, 0.15128130802198594, 0.15076564672295908, 0.11847807416670138, 0.0944233459498606, 0.134212909113022]}