{"FilterHL": [0.003832412536238944, 0.016131233603205983, 0.012328949582787506, 0.00525915760777229, 0.0063600503919788625, 0.011314954788347688, 0.024079454231620473], "NoiseHL": [0.15400911832870795, 0.23172764124737502, 0.15727003087920333, 0.21323543150541766, 0.16656202675957593, 0.21918811477126515, 0.17540401364599906]}