{"FilterHL": [0.0027063529434378053, 0.00943115556267218, 0.0030547711968843534, 0.0027940685535224248, 0.004747514308407247, 0.0059960437292400125, 0.014071867204452833], "NoiseHL": [0.1115860399709861, 0.14122342601107835, 0.12589006588710866, 0.13347850050951654, 0.12358724278534214, 0.1344460161268587, 0.1491264498175156]}