{"FilterHL": [0.037811236184755424, 0.007596022895022656, 0.103400563316275, 0.01957803532264572, 0.15199729327589626, 0.22528037755992764, 0.16789346786554646], "NoiseHL": [0.2510054953285468, 0.28821064564790133, 0.44086752040088106, 0.4362688194833915, 0.24148555486760295, 0.24731302425405094, 0.2583352917979069]}