{"FilterHL": [0.036035952778433175, 0.05741168870837415, 0.06768705923873446, 0.049007575848252646, 0.03258341569763515, 0.0809383981521912, 0.06122370890919976], "NoiseHL": [0.3070633300833418, 0.2967188224390299, 0.30049846305549144, 0.30409479094425307, 0.2663215702534536, 0.2429453571131794, 0.2800083917571461]}