{"FilterHL": [0.006919380940626026, 0.023452603695392635, 0.018077104663570685, 0.007072374770350594, 0.012989689008920334, 0.01268094223361662, 0.01124866387903289], "NoiseHL": [0.096577656324348, 0.08590288594050982, 0.1405196847810443, 0.1332434156880081, 0.10627543078487868, 0.13170466053719126, 0.15405707976071922]}