{"FilterHL": [0.03693681056544158, 0.013466327294702344, 0.0361889222587059, 0.029882778915350017, 0.03728458747117547, 0.023377620970293417, 0.049854208286872724], "NoiseHL": [0.16529260102018675, 0.12885798658370812, 0.14893441750291145, 0.1260478415471584, 0.15260638333361246, 0.18744986530698815, 0.13518407326030885]}