{"FilterHL": [0.041501650703406306, 0.04916558419321926, 0.026783472384801336, 0.01898501938188742, 0.0537573083770602, 0.015566180613838194, 0.06723850816542472], "NoiseHL": [0.3049439685226717, 0.2797452872372003, 0.32055921451842956, 0.2822350561812292, 0.33201935199138205, 0.3033620495008141, 0.33494537898283405]}