{"FilterHL": [0.327834012759253, 0.20524510748407893, 0.37656162432107115, 0.06611073582945014, 0.5268683540115026, 0.4669057269887214, 0.47203306507382525], "NoiseHL": [0.5814025962537549, 0.5317961404671224, 0.5554866444393434, 0.5039255697344681, 0.5562733112745378, 0.5949583605860135, 0.5657092744129526]}