{"FilterHL": [0.0, 0.0001682070055768047, 8.592157091684916e-05, 4.792259068043617e-05, 0.0007159738168885216, 0.0, 0.0], "NoiseHL": [0.10627440321039959, 0.16193431328727034, 0.15880924869119284, 0.19448580951758207, 0.14737794897420034, 0.18920084887799915, 0.17245022900462764]}