{"FilterHL": [0.031096868926167576, 0.05355657406692531, 0.023821793983603397, 0.027999844419831638, 0.02787553570016387, 0.01815958080365841, 0.03504669340902267], "NoiseHL": [0.10956543356577865, 0.10078322873609662, 0.1465168307048891, 0.14234893100588236, 0.11123338419901845, 0.08794401793668473, 0.1647630177818154]}