{"FilterHL": [0.042923629464474485, 0.04277341581546008, 0.04910478400125218, 0.05453575671294178, 0.044699407444602726, 0.0519889955792406, 0.08237773071978008], "NoiseHL": [0.14511130463449676, 0.15513362740165013, 0.17845402241235403, 0.17238996619566338, 0.15585338980339306, 0.14791180123904532, 0.21125259665902218]}