{"FilterHL": [0.002548466444080249, 0.05879281520254038, 0.002842688148438782, 0.042348014416521376, 0.027845861325587314, 0.030816684697523022, 0.028956550802172996], "NoiseHL": [0.16951854667809876, 0.21742208199500226, 0.18920188707500737, 0.1814739643279111, 0.25426644720834773, 0.18805530312807903, 0.25825026057576733]}