{"FilterHL": [0.017764226574796718, 0.027861892410628142, 0.03669935801897141, 0.04731177643425539, 0.027127122237256728, 0.03639838870926712, 0.049336018736373735], "NoiseHL": [0.03891521687904807, 0.04582264864316915, 0.024762256068683507, 0.04211441041231576, 0.04744735642089621, 0.038078228388420676, 0.0634526667363834]}