{"FilterHL": [0.007307434891552678, 0.03178917303676498, 0.020524824786297795, 0.010926154077642834, 0.003905743461254145, 0.02991272988449313, 0.027289411147254083], "NoiseHL": [0.26345344879076127, 0.11556535410177772, 0.36756355813099234, 0.26763509293943566, 0.263381059865425, 0.09370609104033388, 0.35231307743766604]}