{"FilterHL": [0.007666795370205433, 0.03517617777076364, 0.008474355413549902, 0.045133016931430625, 0.004309419039495675, 0.018373107060892097, 0.0044592804849219545], "NoiseHL": [0.12651437305422955, 0.10995443021604036, 0.12502523256028764, 0.10113902456770692, 0.16018330884969334, 0.1591182866447404, 0.15918659102711788]}