{"FilterHL": [0.03250268787215671, 0.7812474306024835, 0.04653612773004469, 0.026676363729282553, 0.04359519540581294, 0.06148483320076573, 0.034635529119859745], "NoiseHL": [0.05433755795174719, 0.05604533040824542, 0.06123688628250772, 0.07434801782369538, 0.03957928188920327, 0.0821327951669517, 0.06162748429378039]}