{"FilterHL": [0.11214461735613426, 0.07704663950816137, 0.08470511660118277, 0.15858151574542706, 0.10436231169087193, 0.24285056443041583, 0.14010697354632326], "NoiseHL": [0.043235018770815675, 0.13104457410814632, 0.20251839709586733, 0.2742197860130668, 0.18724603825096664, 0.1972446016823573, 0.2448149993945765]}