{"FilterHL": [0.0001667525948227738, 0.00032747254814041705, 0.0, 0.0008008854241320113, 0.01444020044725769, 0.00417199076577683, 0.021095083689498095], "NoiseHL": [0.11520270074770814, 0.30706506372943193, 0.3035375752754972, 0.30794192249105196, 0.33092608230775955, 0.3140257650798779, 0.34075874679429075]}