{"FilterHL": [0.01792805249210631, 0.04719858235843752, 0.012873067719793534, 0.03324330995228567, 0.016275140550176627, 0.025344030271079853, 0.020559774259725282], "NoiseHL": [0.1100501895095847, 0.10491923320062416, 0.11251917520042332, 0.10722336344906051, 0.11090371328883367, 0.08999998243555926, 0.12826475562132156]}