{"FilterHL": [0.0038775887247160337, 0.009847346314337981, 0.012884148685243145, 0.003504616420650822, 0.02128663288544798, 0.031540149693084725, 0.027965501561635794], "NoiseHL": [0.15108546678580817, 0.15750186128891333, 0.135230977963821, 0.1680448035830573, 0.13722294111387104, 0.11185671181863556, 0.15925779503990037]}