{"FilterHL": [0.05396116942519558, 0.0475126204581074, 0.02321167515663045, 0.013043050035815802, 0.05206145460608208, 0.04356091779452127, 0.04189420718997818], "NoiseHL": [0.12894305376663873, 0.14446227671331885, 0.16604137493882543, 0.17357986660015448, 0.14435609256778828, 0.1534791803027322, 0.17566270678944954]}