{"FilterHL": [0.030945021149754906, 0.028231418752099627, 0.021052424932917677, 0.05401434728361456, 0.02692950841619096, 0.025347509324748975, 0.036607084754175394], "NoiseHL": [0.05531720344253407, 0.034834755697864844, 0.03329898575928887, 0.0765737871928574, 0.04163411147038742, 0.04126691638288462, 0.059739475995391624]}