{"FilterHL": [0.01969794826933418, 0.023423651628534492, 0.03392304339287818, 0.029801751869466292, 0.021494511855662222, 0.026884318898978386, 0.022101617974701337], "NoiseHL": [0.1696701922468758, 0.20096971926484636, 0.14923475151133497, 0.25182984063656944, 0.22377604978543786, 0.23597373503433736, 0.20863054564925376]}