{"FilterHL": [0.010857998334164926, 0.04216894853141416, 0.022655133585025244, 0.055125171065757414, 0.04119171296619933, 0.03766628824022463, 0.05578028384642326], "NoiseHL": [0.3027130066523698, 0.309720966096383, 0.34416962605242213, 0.33253239033783855, 0.12183145292998385, 0.13706643844892513, 0.1233648902663105]}