{"FilterHL": [0.018426504301481076, 0.02267916332441781, 0.011723453528253266, 0.03253258280529171, 0.023572376561267212, 0.028151395411605006, 0.033927673056591987], "NoiseHL": [0.09021641690676183, 0.10807962692828807, 0.1715799181879658, 0.18065196103699263, 0.1067020145482818, 0.07266448615617604, 0.13708000949465546]}