{"FilterHL": [0.12856967923243806, 0.16125272035903251, 0.14863980909249538, 0.1246246693252802, 0.13859517280468225, 0.13574920478376126, 0.14795183780317914], "NoiseHL": [0.28769760980749026, 0.35172895661461206, 0.29787149860084583, 0.40552212931704723, 0.330389484556942, 0.34581554099371603, 0.3585295594195348]}