{"FilterHL": [0.0005800099269796827, 0.0, 0.03179756282302492, 0.0221569497622247, 0.024395154367195027, 0.022974850407659588, 0.07746265643005991], "NoiseHL": [0.29997710552629714, 0.2720831226356831, 0.21267080689852608, 0.2036356506933783, 0.22956343214194633, 0.23058927262283013, 0.2095785579448204]}