{"FilterHL": [0.47065230507790556, 0.475388451534305, 0.4692639306097414, 0.4392430225975068, 0.4915067359192327, 0.4006245882470439, 0.462384280376341], "NoiseHL": [0.49848625195269003, 0.5442840078422174, 0.528783348234134, 0.5449642799684143, 0.525176912872244, 0.5590244979599261, 0.5384952747631201]}