{"FilterHL": [0.01895050620765606, 0.04963644265134538, 0.1213345824180953, 0.04780802772466043, 0.36592997889480866, 0.41955833092361006, 0.10541665486558405], "NoiseHL": [0.20871053486601304, 0.41688635391891044, 0.2606707823613714, 0.42798158124495816, 0.3895674197502493, 0.5494951837743592, 0.41202298759209727]}