{"FilterHL": [8.429370204608392e-08, 0.0, 2.1073424569465507e-08, 1.2644055683734778e-07, 0.0028530070256445965, 0.0, 0.012951633440359357], "NoiseHL": [0.11303511652045509, 0.2339226017491985, 0.17098527586296225, 0.28723702582719046, 0.29908168989284245, 0.24154202878078954, 0.3275995214162312]}