{"FilterHL": [0.021384280499546066, 0.037184004955681305, 0.027560756067663037, 0.04034400098044303, 0.028868017156549713, 0.036425218650693314, 0.03748141308485077], "NoiseHL": [0.02798974071616591, 0.06498622518982747, 0.04569483674719064, 0.09707774525225055, 0.037441520919305006, 0.04226646993227089, 0.07850733952281627]}