{"FilterHL": [0.004580345428970547, 0.02561848855864274, 0.006883425455067377, 0.004230793146375441, 0.010375804768796338, 0.021785090684172805, 0.008593902882880587], "NoiseHL": [0.20265741920748687, 0.1428255277940734, 0.13883473851117437, 0.13162569407447497, 0.21669764326372606, 0.1958451919745635, 0.16663496243164996]}