{"FilterHL": [0.020001666819530525, 0.03231991730307933, 0.019449374587091704, 0.031939614008239844, 0.03990568538271484, 0.05618324192466149, 0.06254594019561084], "NoiseHL": [0.15713220491913218, 0.173425668249967, 0.16184050756929863, 0.16299520261028816, 0.16672425806975621, 0.1738095796982393, 0.19124852641855714]}