{"FilterHL": [0.008167357980852805, 0.003434000355281892, 0.0264198999869378, 0.01906294571910708, 0.03472912340030905, 0.05767799078388926, 0.051754905803937844], "NoiseHL": [0.2844985394722699, 0.4414814040941107, 0.3149821647430597, 0.4524763287006043, 0.3008548052797184, 0.42950268822061033, 0.32203255221817206]}