{"FilterHL": [0.1000522830893425, 0.14205679343590813, 0.09596628053589043, 0.04171048934742794, 0.1000522830893425, 0.17531181144266736, 0.06242948389481949], "NoiseHL": [0.5596522085234076, 0.5786893420212403, 0.27983004971806325, 0.2974768489822358, 0.5596522085234076, 0.5932842554025083, 0.301914823260566]}