{"FilterHL": [0.0, 0.0, 0.01969172652617866, 0.015931387717792147, 0.0, 0.0001827301988203944, 0.05655370789744374], "NoiseHL": [0.322560925753623, 0.3613838209539516, 0.21726459096087503, 0.28066654820723574, 0.2730507170196538, 0.30176153952158696, 0.30883909559082434]}