{"FilterHL": [0.017767568175775017, 0.0, 0.02085821767123753, 0.0005298368758588282, 0.027893578872852657, 0.007412080594906646, 0.035869508566055246], "NoiseHL": [0.24357803137431733, 0.294571808286785, 0.26014744851696264, 0.33257992735227315, 0.23109165531403122, 0.2393868301256415, 0.24729612802107678]}