{"FilterHL": [0.013109374932034044, 0.003557711098924448, 0.004973184802200257, 0.014382944669633494, 0.0006599190346729309, 0.0036252515480570593, 0.005880187139764717], "NoiseHL": [0.32029335529674474, 0.33067564850007924, 0.3226367745841561, 0.2912347555377426, 0.3261558604362328, 0.29523081866367074, 0.3292892392920283]}