{"FilterHL": [0.024268905366079813, 0.023472584426644152, 0.03355921203606447, 0.022613254763943717, 0.032059477729661334, 0.03437303211981966, 0.02579089532133556], "NoiseHL": [0.1202158957354999, 0.12160214162548406, 0.08897102551905486, 0.0972234691830244, 0.10933073914232738, 0.12153157358646625, 0.10877303067056955]}