{"FilterHL": [0.01720539205796926, 0.025257112976059704, 0.006777540575737476, 0.032502376914716226, 0.02513707982184432, 0.023816357999093957, 0.022794936148898156], "NoiseHL": [0.15344889554596747, 0.13372966012800944, 0.1610548640284845, 0.16389243838189504, 0.14951756472305647, 0.15890905894124477, 0.12702227200365201]}