{"FilterHL": [0.051219543047815105, 0.0568322945187054, 0.046187445105934734, 0.05371401225822966, 0.05567073786973475, 0.04367942595064734, 0.04577646500267218], "NoiseHL": [0.06074727814328236, 0.07997398002294387, 0.043950289929712706, 0.07909888316890613, 0.030572416401014872, 0.025038145594318408, 0.051758303128359925]}