{"FilterHL": [0.017537566253470353, 0.040065235002438734, 0.02903428428709814, 0.022062363529426327, 0.01193792161108757, 0.011680124344318026, 0.026362231844111666], "NoiseHL": [0.06597463082014073, 0.07252763681920815, 0.08587266632440345, 0.08359578413634496, 0.09412656851301347, 0.11773736201028216, 0.09916190724297134]}