{"FilterHL": [0.0, 0.0, 0.009633380413438034, 0.004478343948582044, 0.0, 0.024128455394812176, 0.020605174371604622], "NoiseHL": [0.302650597456391, 0.33257992735227315, 0.27594171274498425, 0.31230709576624266, 0.31316232914598263, 0.34879530865580777, 0.3045148071540188]}