{"FilterHL": [0.0038399704439746577, 0.021121369592462205, 0.01249533604220027, 0.007342487738173124, 0.005253048654078502, 0.012554733249651529, 0.028309113051082788], "NoiseHL": [0.0828329994690669, 0.11303559498574964, 0.10414735076938952, 0.13866456145199052, 0.10630068886068039, 0.11523994157666217, 0.11734788656534177]}