{"FilterHL": [0.014952581648132773, 0.02274852676477779, 0.012450175113512594, 0.022601436215027637, 0.008075650592251455, 0.004430270721601306, 0.02555709947979622], "NoiseHL": [0.10063167711261664, 0.06486075744475221, 0.09606151916323942, 0.06998870052874728, 0.0910161532842209, 0.13461559119858613, 0.1174665956477949]}