{"FilterHL": [0.015947544359441308, 0.022663083811075718, 0.009468734166875608, 0.00850534620557418, 0.008266055685521578, 0.0006890394130293361, 0.0008800594568989636], "NoiseHL": [0.196462823108334, 0.1865960480870903, 0.1995106370784692, 0.2144269275622504, 0.14763256835166574, 0.11332619163464837, 0.18141206801389675]}