{"FilterHL": [0.04322631965274452, 0.03168182178892313, 0.024909740970387652, 0.02699841336808037, 0.019043433605559833, 0.021833938249656504, 0.03994669279744566], "NoiseHL": [0.2719782255328658, 0.23616331575148294, 0.2690170361695515, 0.23852710605467756, 0.25956894876856906, 0.24514591703732527, 0.2609339316160564]}