{"FilterHL": [0.08878501174647185, 0.4851741974365672, 0.17522768450406725, 0.19760767661930637, 0.5404403640194587, 0.7956115382565218, 0.6449480190101631], "NoiseHL": [0.6106528833181984, 0.534011017874988, 0.5586502659921774, 0.4783080476585013, 0.6647303867473148, 0.6290405320439417, 0.6474163569578942]}