{"FilterHL": [0.0010280165285622034, 0.01514545239081944, 0.005827114204081045, 0.006466634689718183, 0.005499423506004657, 0.012528846520737385, 0.01165363509391025], "NoiseHL": [0.19860002313281727, 0.20998874211132837, 0.34802213413429484, 0.3384974750919921, 0.25241886359286203, 0.2386868267058747, 0.35678033621642086]}