{"FilterHL": [0.009693749272604855, 0.014122657371837538, 0.012410248037204174, 0.014250315700941893, 0.006435599161071927, 0.010826848670032507, 0.01916003578528408], "NoiseHL": [0.08857154501628309, 0.0917996698965041, 0.11982047467850807, 0.13412817247167186, 0.16959584673553352, 0.19084695533189494, 0.17824806077909677]}