{"FilterHL": [0.06672974961482865, 0.045561137395096374, 0.005210512441490067, 0.009946136932128155, 0.1719156162943867, 0.05895812353790305, 0.0018780357454042944], "NoiseHL": [0.17245074306494995, 0.2552246725667591, 0.17885360145487286, 0.24826130384641382, 0.2249805065456267, 0.19986288525133494, 0.2566652692125826]}