{"FilterHL": [0.04025956999307496, 0.06743294545570296, 0.023425482581598597, 0.04413427972817791, 0.04116894312542654, 0.0535332742449226, 0.05321582548069197], "NoiseHL": [0.06080153418125901, 0.09138316181136137, 0.04825577812276664, 0.05083814826336312, 0.05863376937690141, 0.06683937979325386, 0.05709684004423932]}