{"FilterHL": [0.03912111578804104, 0.045359399530668726, 0.03517475792182088, 0.05230428806443262, 0.05243171777730885, 0.06523296111947846, 0.04434503825298933], "NoiseHL": [0.16342187125437665, 0.17012993303582707, 0.23888698081531293, 0.25456527124450734, 0.18031251871013282, 0.16514102202201086, 0.23039530756119317]}