{"FilterHL": [0.04114667192790126, 0.03355608873608462, 0.013791869149283858, 0.026489646866868412, 0.02773227122703573, 0.03486431678859373, 0.024274289755728696], "NoiseHL": [0.0924038810013523, 0.1521908627492593, 0.12185625722002513, 0.15736765914427037, 0.09902107704267417, 0.15591143380819109, 0.12058857278745265]}