{"FilterHL": [0.028494654932381867, 0.047285974894301974, 0.032130321915516846, 0.04669137319980373, 0.015732005466422876, 0.03512573062867023, 0.03355794122137523], "NoiseHL": [0.05282656564686407, 0.12066710859759855, 0.04371367036474407, 0.10323000084930445, 0.031941191032612136, 0.08088552459937254, 0.03838817281162116]}