{"FilterHL": [0.0, 0.00030095039498672613, 0.0005726703931190693, 0.0, 0.0, 0.0, 0.0], "NoiseHL": [0.33586924850133365, 0.333404535312594, 0.3908770817240729, 0.3849502264547481, 0.35591531537694115, 0.3415686218479229, 0.38345924946823057]}