{"FilterHL": [0.02588467297927076, 0.01950088167616134, 0.011926174387986174, 0.02366486766111245, 0.006778484914361307, 0.019332787301387048, 0.030113638240437078], "NoiseHL": [0.2623285406602894, 0.2678045813182329, 0.22619729545270748, 0.2581205259131038, 0.2620262354746826, 0.25775815658959844, 0.25217232621523356]}