{"FilterHL": [0.04130825297017253, 0.04790153570838584, 0.05513428616447417, 0.04333823830161785, 0.06328956883253362, 0.053102626051096634, 0.042814599473414316], "NoiseHL": [0.041608490738073746, 0.06535017950076108, 0.06197912491029463, 0.06029316100550962, 0.04516576276516435, 0.025917215713359254, 0.051339763316487215]}