{"FilterHL": [0.00757337315715438, 0.002451139419331382, 0.004797798297513337, 0.015467656768385235, 0.019726866629254068, 0.024177528900594377, 0.013633788699077453], "NoiseHL": [0.12853447470523774, 0.18474729944015209, 0.15025473636802086, 0.19189467591425605, 0.09782673786730026, 0.17102443349985771, 0.15157627328746945]}