{"FilterHL": [0.014600046355995308, 0.015509495784440691, 0.02597900350521745, 0.02014366215882286, 0.0032863320675735963, 0.014785689350394123, 0.015903958657225034], "NoiseHL": [0.2575763432716741, 0.2778630558723941, 0.24048146839182188, 0.28173743500060544, 0.25454944221457465, 0.31491143428948326, 0.274024477056115]}