{"FilterHL": [0.03054020635602287, 0.030267118098677055, 0.03473687906037291, 0.08950681606571377, 0.11518232738638845, 0.0968906069187935, 0.14574745823364982], "NoiseHL": [0.17849464749174243, 0.24605509419433363, 0.1692830545480904, 0.20277268996172532, 0.19946288504614762, 0.20205496425314665, 0.18800219756368444]}