{"FilterHL": [0.012604569355895214, 0.00479184603781899, 0.039076722680709886, 0.04405451257751741, 0.00952140249644119, 0.03720827324256717, 0.053626211278847646], "NoiseHL": [0.16362309632123412, 0.210078632787061, 0.1996795805887521, 0.21047036309761888, 0.14392414112076243, 0.1793932604006402, 0.1981153172696116]}