{"FilterHL": [0.02000392802395561, 0.03553807959857427, 0.010541693670011775, 0.028232453590838053, 0.01919147051331572, 0.020261797430451152, 0.014603175112246696], "NoiseHL": [0.11943930757622852, 0.15401324819123036, 0.14051099848768306, 0.16267081003798695, 0.14909277455375863, 0.16806353148133402, 0.1753868586721736]}