{"FilterHL": [4.846889239910634e-07, 0.0, 4.2146849766967993e-08, 0.0, 0.0, 0.0, 0.00011450118451830616], "NoiseHL": [0.19317708832355046, 0.2531082856368079, 0.25207587352673977, 0.28444670306439407, 0.25720215815045966, 0.275936417144593, 0.2853793027819435]}