{"FilterHL": [0.032768617748279494, 0.005331712411226165, 0.046760967253245585, 0.001718208863070955, 0.04632066560479142, 0.03880789577606011, 0.0317186154446029], "NoiseHL": [0.061319596401768935, 0.13250819472709072, 0.07847798334663779, 0.11966277044004701, 0.05414786771600973, 0.09961005598281646, 0.10036168785411036]}