{"FilterHL": [0.07893717917569305, 0.07558160855381578, 0.04576888066406753, 0.11946801544630008, 0.05624390146110479, 0.09048037950543597, 0.0943320516901906], "NoiseHL": [0.10141963479864877, 0.11078807153237676, 0.08969704728293794, 0.12573705881759084, 0.05900812031777799, 0.08978104917839748, 0.10045469008584765]}