{"FilterHL": [0.011336878029503433, 0.024264318481018107, 0.028851622386515206, 0.03217697163051183, 0.014742566726919912, 0.02739398999123242, 0.02342070454267489], "NoiseHL": [0.15641233151762193, 0.1491515537060087, 0.12874604568540268, 0.13518825512956426, 0.07458119190868664, 0.08072179482769239, 0.10391356701020071]}