{"FilterHL": [0.026172883700489095, 0.049408656091020506, 0.02247022260129348, 0.02912142108778052, 0.0173687711788757, 0.024142118293052094, 0.04132420048101665], "NoiseHL": [0.052396738163359435, 0.05760388524348799, 0.05655075480067241, 0.052750888170462126, 0.051944210544986824, 0.04480614853005605, 0.0685417820828202]}