{"FilterHL": [0.002644754577409488, 0.014651215597998885, 0.00896361593414689, 0.018989405968992096, 0.0027454610419108544, 0.012557588073038044, 0.008985360830816394], "NoiseHL": [0.09791307801463253, 0.1350736672214579, 0.12375374350372435, 0.13771750855312268, 0.1238111208177121, 0.14048333626260653, 0.14249678452313932]}