{"FilterHL": [0.04107784232125303, 0.0901249093633237, 0.08185977980939114, 0.06218194621458405, 0.0436765300879617, 0.08285618551643852, 0.07769503251944723], "NoiseHL": [0.07492661707584924, 0.18317504441710625, 0.07718512956348335, 0.13868201806152045, 0.10849316704587741, 0.17634170304252184, 0.060987693989508956]}