{"FilterHL": [0.04170861836959855, 0.03813169258016143, 0.03155465769627033, 0.02033356960202279, 0.03698421081403375, 0.02867542417961365, 0.0641546131753956], "NoiseHL": [0.16666189954990349, 0.21243907688864838, 0.15059659735092717, 0.22326581717755098, 0.17048476940382384, 0.20912362757610528, 0.15651461017779]}