{"FilterHL": [0.0065206314718309006, 0.02822537311363995, 0.0068161664427441445, 0.008875196361674892, 0.011816736174412016, 0.007943870470855305, 0.026903231764271594], "NoiseHL": [0.2244007494012523, 0.25536602626181665, 0.2679287419480042, 0.2876471465140002, 0.22960120711353432, 0.24057517138880205, 0.2716690313453355]}