{"FilterHL": [0.012794588362195446, 0.0112935541309425, 0.016315197480672887, 0.020681681469879053, 0.015338091922270097, 0.015645722082593832, 0.010069001654943182], "NoiseHL": [0.05694803580086534, 0.05038197791634964, 0.07051223195016705, 0.058927827120820404, 0.09069671053700204, 0.11283383938376093, 0.09458806181212229]}