{"FilterHL": [0.09672725174852825, 0.016631720116770485, 0.05694857349252433, 0.026772297587828918, 0.10175923692290403, 0.026981137719918443, 0.09178943582889454], "NoiseHL": [0.3062943899588638, 0.43489413780918856, 0.3960793195595573, 0.5034531691644518, 0.32092227074543034, 0.40058852051943095, 0.389251581367071]}