{"FilterHL": [0.017621501703481802, 0.04732696263957873, 0.020499174762733004, 0.03942659639033221, 0.0341836735774523, 0.0457115511513892, 0.02636520125773178], "NoiseHL": [0.0449802116634729, 0.04818398879345339, 0.04780817594221778, 0.05080369680188945, 0.07177112194894927, 0.08599599728063458, 0.05185267817594028]}