{"FilterHL": [0.0695932244395212, 0.10084817659516947, 0.007479582685592175, 0.06299224999379505, 0.20454912308526968, 0.27765696446552085, 0.139710660904215], "NoiseHL": [0.3236697305671881, 0.4176496124909641, 0.31777228979354366, 0.4403784072249271, 0.2560026795426451, 0.2830066941936416, 0.28116046080308316]}