{"FilterHL": [0.008683326621162439, 0.04326364008159219, 0.035223067186790184, 0.026683748312197143, 0.1588637520963593, 0.1451545824300794, 0.19042833898252126], "NoiseHL": [0.4375399731647029, 0.42272835398050257, 0.4670794603394854, 0.4530711470204979, 0.4857851453132421, 0.4676907747486289, 0.5193870487238145]}