{"FilterHL": [0.06943405955876876, 0.04082605485622829, 0.04146360956922045, 0.05404644810963427, 0.0469408496576392, 0.07276579033467133, 0.0769531383480714], "NoiseHL": [0.09779504051287004, 0.12920223867666844, 0.2300914831814406, 0.2541829834787586, 0.12788130996524993, 0.09795236024550937, 0.08632205261742482]}