{"FilterHL": [0.00702968352747342, 0.0394693076736517, 0.022865177873828555, 0.03574805190174993, 0.007883135910640313, 0.02150127919282631, 0.010313065501079867], "NoiseHL": [0.16183480183680787, 0.11361655782258222, 0.15565880221058856, 0.11910396655893372, 0.21095218713126254, 0.18464406381427284, 0.1913616545556063]}