{"FilterHL": [0.006792218888946219, 0.009596773632330483, 0.006276732709096602, 0.01687109317762973, 0.006742825428852513, 0.012881344829741308, 0.014775768623907143], "NoiseHL": [0.23735888347390205, 0.25209014074733804, 0.20963322027361667, 0.275495955355011, 0.20102936206176836, 0.2606750271329958, 0.2054465201143361]}