{"FilterHL": [0.020926843984187173, 0.011959417564211271, 0.010047846661224675, 0.013802946276532523, 0.45359926851293775, 0.4601750253713409, 0.4656823771731235], "NoiseHL": [0.18594627936612404, 0.20233036945752847, 0.26880794028329624, 0.22264388998109869, 0.4130732236437839, 0.42128802561169426, 0.45633554131315884]}