{"FilterHL": [0.046289968864518145, 0.07956666351937011, 0.057468097472696274, 0.09412879208061495, 0.05708158563842971, 0.08130263907558799, 0.08132163845959287], "NoiseHL": [0.10325958822052006, 0.13475607635121212, 0.12757040326651645, 0.11680747258178259, 0.1193532147304616, 0.1088641691472983, 0.11181000864846109]}