{"FilterHL": [0.010140106951437473, 0.023521153884982715, 0.0005241669299377604, 0.002465510561328865, 0.014270679942357162, 0.010477295713182724, 0.0218385700476953], "NoiseHL": [0.22553243499149347, 0.18715238185205718, 0.21353571220183779, 0.17119627933210926, 0.2699284176078105, 0.24729251202534527, 0.26067827146014666]}