{"FilterHL": [0.02193684804476499, 0.0536856957337192, 0.019402979673574607, 0.055830795620445586, 0.019199930944819955, 0.05120861415524206, 0.017503128460368545], "NoiseHL": [0.1989402590618785, 0.1944014759925144, 0.18714509964999407, 0.19074995191414487, 0.20327911709411417, 0.2465364856233709, 0.20454007023306756]}