{"FilterHL": [0.014695595648616921, 0.04034976758822729, 0.013004646646372579, 0.019180888556728684, 0.010484911471408, 0.025585104582957947, 0.031179029851591003], "NoiseHL": [0.08345730314940274, 0.10914531719173, 0.08805433802021591, 0.10385738819655967, 0.10279822032666773, 0.09654778546717414, 0.10072984835103765]}