{"FilterHL": [0.01978038009579421, 0.014626021195001351, 0.01153538500351535, 0.011199760109792137, 0.08605167426676127, 0.0615345548083591, 0.05156789120520535], "NoiseHL": [0.1524295765858824, 0.1386783900554983, 0.14398288075569604, 0.14221950575396936, 0.16137869389653584, 0.17109869137142392, 0.15487442446206037]}