{"FilterHL": [0.02164691553910778, 0.03888957677952234, 0.03379385366309507, 0.02008230018384462, 0.03309887230845016, 0.03536015552466002, 0.026571409231259856], "NoiseHL": [0.31708580573278994, 0.32137229456820593, 0.3132298939093574, 0.346102886313653, 0.32660575615192516, 0.3044341386525471, 0.31790435997171174]}