{"FilterHL": [0.0175823966319685, 0.05917386766606621, 0.16418514406751486, 0.23655276746919618, 0.09092057929683743, 0.16306400071908328, 0.31011210568432424], "NoiseHL": [0.3550079240687466, 0.3533102466912571, 0.5705686912052649, 0.5455665521381372, 0.3537922046725012, 0.3466789770168358, 0.5487177559066663]}