{"FilterHL": [0.04624882436392991, 0.03551489758520932, 0.05090788367753474, 0.044445069616580984, 0.050103972913916446, 0.05840920500776461, 0.033016062300992646], "NoiseHL": [0.3461087042813259, 0.2983587801301635, 0.1221571643747315, 0.0363509358660068, 0.2828816334445403, 0.2741294990225748, 0.10976161566867358]}