{"FilterHL": [0.02420186359866562, 0.03959761747847605, 0.013106070981599278, 0.024066296751794995, 0.018604526661951958, 0.030871299223632923, 0.025762259208544823], "NoiseHL": [0.1276722996949411, 0.13513398820075825, 0.11961914181305773, 0.11064054957541522, 0.14487179434799102, 0.14172211694628806, 0.13927546421284748]}