{"FilterHL": [0.023649902531457618, 0.01751903587457861, 0.009546823846686986, 0.023742890291079143, 0.007438676684158498, 0.013814956295450745, 0.029544859447850902], "NoiseHL": [0.08433523771869342, 0.0982588757892833, 0.1094524052461481, 0.11603129693975507, 0.10051511163514758, 0.08317792894433583, 0.11769486732163889]}