{"FilterHL": [0.0, 0.0026498695734646993, 0.016333329028400914, 0.023021357853023294, 0.0, 0.0004826196754538988, 0.014701415279479293], "NoiseHL": [0.18239580959790105, 0.19053478273184227, 0.1739669519640016, 0.19377878280354782, 0.18239580959790105, 0.1865064993035597, 0.20473835574299845]}