{"FilterHL": [0.004757268580389013, 0.010575414523613057, 0.008848732292583983, 0.012169036843430599, 0.0032441160876268945, 0.013385537869027625, 0.005577320467121739], "NoiseHL": [0.20003636101551792, 0.23447411073681915, 0.20272072315811202, 0.2490022566769277, 0.19846884590298938, 0.21260566292104652, 0.21623863600832133]}