{"FilterHL": [0.0025677742498133142, 0.010764371682214932, 0.004750289998328495, 0.004998031244342818, 0.002795054418196246, 0.0038875580577914168, 0.023605916122230956], "NoiseHL": [0.1152068901427609, 0.12148014235122369, 0.1316123736824441, 0.16197724998743163, 0.1351311289651695, 0.10724157779493375, 0.16677230413082986]}