{"FilterHL": [0.028417765061080822, 0.05886026557618677, 0.02823559238998531, 0.04149169853969121, 0.026491794343055812, 0.14705247301509364, 0.06314820983190217], "NoiseHL": [0.18737452047523773, 0.2003000693275974, 0.19831423947071683, 0.19904904370061832, 0.2456176516448217, 0.24806178624658087, 0.23784374685577517]}