{"FilterHL": [0.031139376227493024, 0.06752546534832997, 0.06885993797836697, 0.04184008713105072, 0.054601301595138145, 0.05875181316382678, 0.06284420999781405], "NoiseHL": [0.025594078183462394, 0.07004074031394582, 0.08849271942859273, 0.034568984856354505, 0.06343172714641934, 0.06373840522463857, 0.04323109508495945]}