{"FilterHL": [0.043785983659530126, 0.09444642803021944, 0.053513914193674496, 0.05534970626575666, 0.04370628529747945, 0.09819282297811181, 0.038653543858444245], "NoiseHL": [0.07427910788457119, 0.13344559302044878, 0.1071167853291551, 0.11971708590933015, 0.09708859048783403, 0.13796956869740729, 0.10065547894048577]}