{"FilterHL": [0.019408409393962423, 0.0764156759147146, 0.03925971581745418, 0.03719974025028665, 0.21244175691401465, 0.05071176427687023, 0.13397604952218223], "NoiseHL": [0.32930648961199743, 0.4070658122793646, 0.29045090060504974, 0.3934222481544403, 0.3332116062175722, 0.4117853367252925, 0.31776884582059034]}