{"FilterHL": [4.878666016321955e-05, 0.00026156957429595396, 0.0, 9.076906413725765e-05, 0.0, 0.0, 0.0], "NoiseHL": [0.18100629468644155, 0.1892008488779991, 0.19836422482717905, 0.2339226017491985, 0.09129907836937948, 0.14567520307051546, 0.15880924869119284]}