{"FilterHL": [0.005021128193157669, 0.031377330185735755, 0.023630184153205915, 0.009417679398590562, 0.01798109093110864, 0.007043214057496588, 0.0033568919248857347], "NoiseHL": [0.1440210593055569, 0.22855550676638514, 0.1523923641663423, 0.23269374833776676, 0.18886124101904814, 0.25731354364029113, 0.1867078487486643]}