{"FilterHL": [0.013497202048599182, 0.03046293715865259, 0.007114530083491239, 0.016196416994131744, 0.015729537947697523, 0.028697679739989657, 0.027469396619878482], "NoiseHL": [0.3118866754295707, 0.3591171897669249, 0.2625846474584375, 0.32474845043289524, 0.3184127741318314, 0.36382034834468785, 0.2992515628364096]}