{"FilterHL": [0.014178318322677649, 0.0355723725967568, 0.020077009782151004, 0.02223263161538763, 0.007823479743192844, 0.018809374223355144, 0.02377356483299746], "NoiseHL": [0.15382475127607553, 0.18168015698489298, 0.14114762817521292, 0.1968448238001468, 0.162508085041113, 0.1940554192625907, 0.1715954656240233]}