{"FilterHL": [0.016118737001615396, 0.02203023764830073, 0.030285812038870135, 0.025350533989156366, 0.024146993566531678, 0.0074536622093038084, 0.03665383629289008], "NoiseHL": [0.11143057683021869, 0.1569868305064347, 0.14009890429614727, 0.17747195094936483, 0.10567397832672487, 0.15157679980468958, 0.1236524020324195]}