{"FilterHL": [4.9166008074608354e-05, 0.005880888416630096, 0.0, 0.0053704483044747725, 0.0026782782137645582, 0.007640184171984612, 0.01156196635749755], "NoiseHL": [0.13129518424232384, 0.16225098952211026, 0.1572246532975914, 0.21181050862202297, 0.16950843122097695, 0.16082373302375308, 0.2034297098849552]}