{"FilterHL": [0.05181998383143565, 0.04677173073299535, 0.04538694616187213, 0.05855454860254097, 0.025463608743862224, 0.03158410614736799, 0.025905899031038886], "NoiseHL": [0.18158000184289486, 0.20922121360181326, 0.20709629495281445, 0.20223277158514535, 0.14850481322569745, 0.1550106917241181, 0.16786878748997888]}