{"FilterHL": [0.04878697226318307, 0.055651551806616316, 0.030307041518805956, 0.12353890292699458, 0.09064027796922489, 0.21995685471816911, 0.04806432380264143], "NoiseHL": [0.3140745958078373, 0.34565646797575317, 0.48416696273815996, 0.5042679274924419, 0.45252591431455513, 0.4592011226485986, 0.4136760978029201]}