{"FilterHL": [0.0004740519335974714, 0.005282488112019508, 0.03615440025136718, 0.03895754959653553, 0.050756276309688556, 0.023849723380091142, 0.0524272137908108], "NoiseHL": [0.12552469113872008, 0.3316173557392925, 0.16694452954521527, 0.3416100899403636, 0.1515923185029692, 0.33098157899455394, 0.2128183295823895]}