{"FilterHL": [0.010481831704971451, 0.0030535597925030367, 0.01481423896800014, 0.0265919918209616, 0.008812870923612314, 0.002230449611803979, 0.01617909607103981], "NoiseHL": [0.12191415128741565, 0.15102658878512504, 0.12552269937823116, 0.16814982178022658, 0.18179433466269485, 0.2146432735497891, 0.18305845380638525]}