{"FilterHL": [0.009740636011478964, 0.05953309930473809, 0.026900281601259013, 0.029596814161354883, 0.029464146657484237, 0.027206400649064866, 0.024203609082229346], "NoiseHL": [0.16894408211572737, 0.20068405031185343, 0.19450815269157132, 0.21296135859960352, 0.19331338161727588, 0.19460485911239098, 0.18847504661277678]}