{"FilterHL": [0.025480505959451873, 0.04218483915631028, 0.035598452759235434, 0.03332941057679579, 0.03410193528968614, 0.05677882498160626, 0.03752057705331957], "NoiseHL": [0.06722739338607267, 0.09064986413998703, 0.12922090115355742, 0.12989671526144672, 0.08750841962310678, 0.07403876227139457, 0.1572449855016543]}