{"FilterHL": [0.04700822744654431, 0.04311209247083615, 0.049375344799767504, 0.04974127629121261, 0.026006513892827016, 0.04018557771682248, 0.04393944501301201], "NoiseHL": [0.04643421302709121, 0.0639572147937345, 0.02994663785837112, 0.08849021077277903, 0.08050492046914932, 0.06951742568658874, 0.04982883934176697]}