{"FilterHL": [0.006125196042106805, 0.016437009676204338, 0.0061424655165871105, 0.006140724699562731, 0.01352772599961684, 0.03144245235177992, 0.03420998420077294], "NoiseHL": [0.15848417700201617, 0.22684188958122303, 0.1623571024436905, 0.2146256721601089, 0.2787999334141753, 0.2937219348251569, 0.27793325695406007]}