{"FilterHL": [0.07822387281576511, 0.06752993047683284, 0.10710079048604652, 0.11303698914202792, 0.16056263700968676, 0.2655214231003593, 0.24380081234957618], "NoiseHL": [0.2626684315739217, 0.3205874949812404, 0.2711897925662843, 0.3098812438631108, 0.26213128479207665, 0.28232135477546827, 0.2719584380361357]}