{"FilterHL": [0.28266698911901267, 0.17923532479163404, 0.19855653302604848, 0.2746171376944626, 0.4795966088027257, 0.5523921574359508, 0.2310038992104186], "NoiseHL": [0.528938990183768, 0.4819617764096982, 0.27680341889571586, 0.2588472642846529, 0.5165146261439459, 0.5034044717007135, 0.289116298657591]}