{"FilterHL": [0.034095967336497134, 0.021782108221730576, 0.017524094391963566, 0.03533373031632732, 0.3374654919966805, 0.3741342526365505, 0.22377572885981575], "NoiseHL": [0.5449937805145133, 0.5607786570059888, 0.555300590156136, 0.5516854039683913, 0.4329558925340036, 0.39230425042618555, 0.412488319447693]}