{"FilterHL": [0.019240596254881864, 0.0750520662896758, 0.021091127757710413, 0.031263823288292164, 0.307459439967254, 0.2994409329492558, 0.16310305818357135], "NoiseHL": [0.19130812043594606, 0.30764293892884687, 0.19640665477175692, 0.2721116120401123, 0.4904594280470126, 0.5026619963733314, 0.4973966542100404]}