{"FilterHL": [0.027101520981949713, 0.02343450495550492, 0.007087733670064912, 0.04305982233221753, 0.011575507546688499, 0.009652870607745126, 0.027648359274285647], "NoiseHL": [0.10537494691028991, 0.21418532380317895, 0.12756877023981109, 0.20744948533227697, 0.13037625554359553, 0.15728904353244044, 0.14387245305455787]}