{"FilterHL": [0.020775438705616343, 0.009834413520119066, 0.00198802488094939, 0.03271790263358014, 0.008207688613382702, 0.027506118467609093, 0.014766203529918922], "NoiseHL": [0.23443330549599198, 0.26980082996454446, 0.2612425717314288, 0.27111415642305564, 0.224946127755034, 0.26328526607970826, 0.2260825058343479]}