{"FilterHL": [0.018796153373246024, 0.011839196992433985, 0.04086779746241623, 0.023570928663869964, 0.18803751971503258, 0.1838908436743876, 0.16274327411751752], "NoiseHL": [0.39164526978987513, 0.3926506525086865, 0.40041038720325256, 0.4222830280629724, 0.21355094100095795, 0.2268266799706221, 0.24544301027857157]}