{"FilterHL": [0.032453731130045536, 0.017281012056790567, 0.03649305459970053, 0.010402455027803355, 0.1297479083238919, 0.13838609318526282, 0.12921206007360528], "NoiseHL": [0.28040171636519484, 0.2856526451618329, 0.3632370761318157, 0.36465856634458177, 0.416749081641329, 0.42788728039887336, 0.4615854386938781]}