{"FilterHL": [0.015456585897843574, 0.023386857186443465, 0.014968333419333991, 0.015532989058490538, 0.03480663855244834, 0.013976307171810778, 0.025595090635318115], "NoiseHL": [0.12569983263183981, 0.17249172255664627, 0.13534049365313236, 0.1490863402733474, 0.17748734995949747, 0.18920250760491675, 0.16513304747135882]}