{"FilterHL": [0.031787097349217364, 0.042409050492805606, 0.02931327164271482, 0.027300893774557862, 0.04487421928503469, 0.04028959430468333, 0.23343737290765987], "NoiseHL": [0.033570213011129696, 0.03513134281901718, 0.04780130257827698, 0.06654862828385412, 0.03971122642598371, 0.05580586112985553, 0.052562925853336356]}