{"FilterHL": [0.20988287580143225, 0.3132163139680854, 0.250231161725072, 0.3135029619766353, 0.33777614447945553, 0.5069440521679126, 0.44303900922425676], "NoiseHL": [0.3911142272970398, 0.4061051100125718, 0.3354696297363472, 0.3655011147887013, 0.37701472671272374, 0.44302988279886, 0.30539103325126643]}