{"FilterHL": [0.04748882268211865, 0.0590394793066455, 0.07157770745245978, 0.04269901935888698, 0.05323237254148585, 0.04214364687928969, 0.05934070648629517], "NoiseHL": [0.2044502201726334, 0.21101305405560042, 0.18507625354045407, 0.19914683114332962, 0.24433153231398777, 0.23533882122349992, 0.22239843592667946]}