{"FilterHL": [0.017340440653359115, 0.03468351457978384, 0.01569779743042773, 0.02922662276566921, 0.014909268020022999, 0.026018736962489766, 0.01948151339213529], "NoiseHL": [0.024917890528333694, 0.06426107922213677, 0.04162495832379318, 0.06264453409171936, 0.038531262386338874, 0.08548887344608881, 0.04161023650523266]}