{"FilterHL": [0.00445380805129525, 0.0033785146936129336, 0.0017746429272525984, 0.004917020095036536, 0.0047232698641766265, 0.004530391510354163, 0.02954403637581892], "NoiseHL": [0.09596738337284537, 0.1905388896919071, 0.1731436413009649, 0.21798200346149416, 0.11793814010086291, 0.17486396991294728, 0.20437296747081218]}