{"FilterHL": [0.023283085505162643, 0.024365844851293974, 0.013671987284504384, 0.0344072711045981, 0.010036551913165428, 0.026368846313199617, 0.04559857694255403], "NoiseHL": [0.2492639594295169, 0.34039003895511566, 0.2459734207985473, 0.3729021185555764, 0.22809095922176809, 0.3651732837655264, 0.22626565347196265]}