{"FilterHL": [0.12137936125763787, 0.11544550988996645, 0.07831652015828176, 0.16921791069051276, 0.15972559138417042, 0.2839156853979673, 0.2191844550866973], "NoiseHL": [0.23429069942114822, 0.3808828035822518, 0.23649069493390915, 0.3481185177372631, 0.24721609435356456, 0.34911783252216627, 0.23729199080472946]}