{"FilterHL": [0.13670231075810238, 0.15138636204810793, 0.11917441053570582, 0.1674902694591662, 0.18683641831886028, 0.23098042123123946, 0.23658207644070048], "NoiseHL": [0.2859310344235428, 0.2733750943467671, 0.5863373786355446, 0.5798121045697827, 0.27195063598955505, 0.2842364846765569, 0.5584706943432561]}