{"FilterHL": [0.06405809054374872, 0.05636646216215558, 0.04118647272159563, 0.007637914316968422, 0.0517034893129784, 0.04309433234067474, 0.05445912195208522], "NoiseHL": [0.09882736851939024, 0.14039746196085748, 0.1141873298481612, 0.12134958000957982, 0.1629108814563363, 0.19446687158696607, 0.1572290748482658]}