{"FilterHL": [0.004784910001620961, 0.034616664294370575, 0.026682546836235305, 0.023341130717014345, 0.01711705934187514, 0.010808181256037285, 0.023480217813853142], "NoiseHL": [0.09683010471768272, 0.11246000477538284, 0.15738677332486736, 0.16362709536047537, 0.1277161333757446, 0.10336179369531732, 0.1637057277065232]}