{"FilterHL": [0.00022421463504482524, 0.0, 0.0, 0.00016030263536386287, 0.12422649703752695, 0.05643999865758152, 0.07764539418506505], "NoiseHL": [0.6277260690961932, 0.6315807534059049, 0.6373774391990981, 0.6457854203850912, 0.49869734808728755, 0.5411961001461969, 0.5252005434678936]}