{"FilterHL": [0.026180373321050377, 0.048746502441809426, 0.025427889386543192, 0.048864021037735926, 0.033766881761980616, 0.02570607009220041, 0.05064740277083337], "NoiseHL": [0.02386955096810733, 0.04527427967389472, 0.02248151466947228, 0.05112174420649847, 0.03087430943828717, 0.04579442265043769, 0.03960009185296952]}