{"FilterHL": [0.021740542245852538, 0.09838105507783891, 0.022557064851776814, 0.05704451432923134, 0.025253546618844557, 0.08209560465007157, 0.03254241616808236], "NoiseHL": [0.2513608726593957, 0.30104920124847667, 0.23439903141335236, 0.31576298179441475, 0.2572034004858408, 0.3053698911937582, 0.24605105497232418]}