{"FilterHL": [0.09617116702845702, 0.08668319370255816, 0.08295783701443583, 0.10616487526761474, 0.12506349226096908, 0.08191040528577308, 0.09629124231573678], "NoiseHL": [0.21966740550583008, 0.1792301356607898, 0.2303288163443872, 0.24506873910039628, 0.153891001688373, 0.15354932256703288, 0.20483421492371753]}