{"FilterHL": [0.014506932606214808, 0.02452515114350666, 0.014950143537198157, 0.01072033751219893, 0.032743440766886275, 0.02587620546583024, 0.03172812342981015], "NoiseHL": [0.09235312410163957, 0.13278588196308108, 0.1170083658987261, 0.1283876473623222, 0.12040095805966186, 0.14998118158848842, 0.15549477173078405]}