{"FilterHL": [0.021650689463474333, 0.028984384934165552, 0.003952761942378764, 0.01152861546625345, 0.02298454323857651, 0.033538128408011805, 0.004125830577800599], "NoiseHL": [0.12356053463622575, 0.19585452030823403, 0.13531067272597316, 0.20074644179905277, 0.17390607925261753, 0.21798377040743785, 0.18567542741942325]}