{"FilterHL": [0.02816037926440869, 0.03071416342022426, 0.016030296341021495, 0.047708207263946596, 0.019355642913535538, 0.03546754040936177, 0.02481660839341462], "NoiseHL": [0.14638547169015492, 0.16867178416610895, 0.15316027657338052, 0.20863454120791117, 0.19608253529032132, 0.2574907025468535, 0.20262953054384994]}