{"FilterHL": [0.011853024893365352, 0.0460914524712656, 0.0059252178019496785, 0.021137826545312034, 0.015177869207860614, 0.023460724291061687, 0.005443514157183649], "NoiseHL": [0.1619388921155963, 0.18650795723459945, 0.13324544151606718, 0.17644539074911206, 0.1423930013802166, 0.20204854028983654, 0.1407906702585483]}