{"FilterHL": [0.024524631407587462, 0.008699080829216064, 0.016646213217900586, 0.012675623029086645, 0.006149624996851439, 0.003448450951236387, 0.003538412527074208], "NoiseHL": [0.09193686265159189, 0.11124998388801517, 0.10080658251848137, 0.11842400895451928, 0.13185524195039405, 0.14874754815030772, 0.14359982706603178]}