{"FilterHL": [0.015720158597120244, 0.031092020830000816, 0.00990114685739166, 0.03204658024366418, 0.017174198845378824, 0.011130616009913151, 0.02364657278576692], "NoiseHL": [0.2015418371783996, 0.19176804517269022, 0.2162855490214158, 0.2255073366623275, 0.20787735257693182, 0.18879454389906242, 0.2159264879685756]}