{"FilterHL": [0.03980692636354036, 0.025633720984933692, 0.015021333131558106, 0.04263620884842964, 0.015590328826985803, 0.02907257851849757, 0.038015098359527585], "NoiseHL": [0.023191862420259918, 0.01492662667922579, 0.022697187704559463, 0.02856642664338812, 0.04021062204775082, 0.05082201227190409, 0.04994217503692819]}