{"FilterHL": [0.019639218663614226, 0.02252274983799662, 0.007773117001041284, 0.010426614582777277, 0.030920653383861445, 0.03727884784080839, 0.013127968224332615], "NoiseHL": [0.2574421350720149, 0.28202905237125636, 0.26811340715841453, 0.2914463575800904, 0.2642387297302366, 0.3086993481460478, 0.26826510746778504]}