{"FilterHL": [0.019938178008189436, 0.03173039427810531, 0.008763121196959519, 0.02015226870097745, 0.021038482161262577, 0.022860425501568613, 0.03755339478371515], "NoiseHL": [0.13147752792937248, 0.15617304444884633, 0.12474210504760155, 0.15636137616678158, 0.167101287577416, 0.20619292644542808, 0.1544917438989763]}