{"FilterHL": [0.03323943951310495, 0.020828165206577785, 0.015373031678753696, 0.038022138277166266, 0.009378852992307061, 0.02740872557866775, 0.03861648370088011], "NoiseHL": [0.18571150000501752, 0.18317289482666335, 0.1727227658415938, 0.173315779731511, 0.18805622751926318, 0.1728124059580626, 0.18918912483547923]}