{"FilterHL": [0.100838863804551, 0.10621529749510683, 0.04526607986593295, 0.04143846100425073, 0.13162200487145156, 0.15083740118049124, 0.11966589343538947], "NoiseHL": [0.1101378850479536, 0.09762458353976491, 0.065689234937337, 0.03778655429248707, 0.12701372549558407, 0.12997963789535807, 0.1299672527572833]}