{"FilterHL": [0.0, 0.08682821821673352, 0.00021213583607678489, 0.01469475861402972, 0.08754923428894787, 0.01371738355721669, 0.06290182491171929], "NoiseHL": [0.3157471010468728, 0.34449322409804495, 0.2954782282049058, 0.3125031259553189, 0.3301431960346418, 0.3864374473300789, 0.3096971555048015]}