{"FilterHL": [0.008161545906991925, 0.021668779413895237, 0.014847358630594998, 0.01267687769890359, 0.007150172845016261, 0.01587676057665828, 0.041148594908030744], "NoiseHL": [0.10628027061172653, 0.15881902469499679, 0.10177496529384487, 0.11085595232084844, 0.12351409049052096, 0.14045259498847992, 0.11082636035793175]}