{"FilterHL": [0.019843260664477256, 0.057346378992833576, 0.022591668002663174, 0.03397048664736569, 0.009426909248621744, 0.024002518751824773, 0.025181035007242933], "NoiseHL": [0.1360127806501595, 0.18359638703200226, 0.1527619545699501, 0.21091849975953253, 0.15778524508681957, 0.15354508982882586, 0.15960792589014708]}