{"FilterHL": [6.543601005347528e-05, 9.285560405957075e-05, 0.029545397168375207, 0.0022309118951680724, 0.00019723261113327334, 0.00201206614707853, 0.03859914003363156], "NoiseHL": [0.12147973842516742, 0.1665177944500141, 0.15131039490585835, 0.20155189679904628, 0.16801938030584954, 0.20467814417459612, 0.17740721369711432]}