{"FilterHL": [0.028875439751001174, 0.03855681946449551, 0.040958657553974764, 0.00815417646716206, 0.039015358443411155, 0.03274140772386327, 0.02886509681175568], "NoiseHL": [0.21347029773578854, 0.22753112590530475, 0.20587923696943403, 0.24930128638506022, 0.22144190230923141, 0.21715827242958397, 0.2363804626043456]}