{"FilterHL": [0.020534985315785743, 0.050444623204277075, 0.021172971140088506, 0.012735091646886854, 0.004979906140979514, 0.020314617086556762, 0.02642219325138559], "NoiseHL": [0.04429873350838758, 0.05208521655782957, 0.05480389778082143, 0.05162612603528285, 0.05263786508194023, 0.07353709579101993, 0.07033024092395937]}