{"FilterHL": [0.018392652756790095, 0.05028419020159403, 0.022414165942541274, 0.05696006536376791, 0.03475550476481705, 0.04094048337400768, 0.03732410145808242], "NoiseHL": [0.14284006291336995, 0.1287884601024938, 0.15622787035140265, 0.12160677896646609, 0.19375025751623112, 0.16225693783079786, 0.20589975268360422]}