{"FilterHL": [0.02444174902520028, 0.05019061434684376, 0.03318101079610767, 0.028776378354177734, 0.011536414396649387, 0.02599207972084517, 0.027816987695832348], "NoiseHL": [0.04125667055924333, 0.045694462024549506, 0.05349862157545153, 0.0347202940129744, 0.029157952336325958, 0.029714990278021026, 0.025007091100070093]}