{"FilterHL": [0.022966852339269903, 0.04017013513984652, 0.03435838739152244, 0.02847528651575471, 0.023310848743607438, 0.0440329819302131, 0.022129768876269378], "NoiseHL": [0.22666178712959842, 0.2016274400370628, 0.17014606264312748, 0.23164920843128053, 0.24446254223051245, 0.20906841623221184, 0.17869085433746143]}