{"FilterHL": [0.05457540856490313, 0.040005136458685996, 0.0808755130306414, 0.07582644037115725, 0.03542322924644376, 0.04335056450138839, 0.04542025133887807], "NoiseHL": [0.1682265729761723, 0.212646536828683, 0.17572157933157168, 0.22861237125796924, 0.1906823886760955, 0.19174366807351553, 0.16476899220932456]}