{"FilterHL": [0.06755837734909932, 0.07040440944803594, 0.06336865547761737, 0.058486054568795805, 0.05789759612145294, 0.07665939925275872, 0.06496028824653989], "NoiseHL": [0.09668569688015688, 0.10480832728015434, 0.09438117781598973, 0.10367137993660737, 0.09031582405760784, 0.10524303404330165, 0.09866519425248091]}