{"FilterHL": [0.03852766411026983, 0.020015031876159994, 0.008693271784852897, 0.032615893912367966, 0.025170306671678484, 0.016398313021735472, 0.0174739867116185], "NoiseHL": [0.38259547106768876, 0.39809884847814125, 0.435767284207986, 0.36745732198694386, 0.3811243591393047, 0.39668825279064035, 0.4282838971683442]}