{"FilterHL": [0.027991671003037476, 0.04073597651729893, 0.03324547811058149, 0.037912522351612285, 0.040573895553991456, 0.04646298491355364, 0.015602446728840303], "NoiseHL": [0.08314073063609673, 0.10554003413107368, 0.11417814941001853, 0.13970243882230934, 0.0956403251317322, 0.06715677182407066, 0.12422268631322325]}