{"FilterHL": [0.003857930832021886, 0.014090740571339579, 0.010426152234580266, 0.004459434426981992, 0.003923634868142668, 0.0066408743770029754, 0.016401809796249986], "NoiseHL": [0.29128299870072055, 0.32172238173103945, 0.29824283349348285, 0.32341033902486094, 0.3415921406996372, 0.3737430503160522, 0.3366952675945114]}