{"FilterHL": [0.016751454966278608, 0.018210224133418967, 0.0026711405985493683, 0.003328712325194683, 0.005623013523349955, 0.013927243251208622, 0.010528132473385635], "NoiseHL": [0.39342688699206174, 0.48080501097662465, 0.38750146170195576, 0.4982219565390698, 0.39799527322654804, 0.46170888772551505, 0.3818122501643765]}