{"FilterHL": [0.022565881102000147, 0.03293522787764858, 0.022187531842349693, 0.04160044710166116, 0.09314593254993712, 0.08830026460086456, 0.1120498171417152], "NoiseHL": [0.16478151571239621, 0.18735907064801174, 0.1636081115691879, 0.14917868876310378, 0.20134832748633597, 0.19973126565378446, 0.1999327588353909]}