{"FilterHL": [0.00015532819702099797, 0.0, 0.0001283066476803173, 0.0006427998026969898, 0.0, 0.0003990114262856479, 0.0006427998026969898], "NoiseHL": [0.16801938030584954, 0.24685785366827007, 0.19707921959999697, 0.2592282347903943, 0.2237906173230538, 0.25720215815045966, 0.2592282347903943]}