{"FilterHL": [0.003685378105235653, 0.001026472892865283, 0.06685579074663114, 0.0406798328622392, 0.0, 0.06895260682608634, 0.04478979680706919], "NoiseHL": [0.49934881661868424, 0.5926492561997911, 0.5207952360195623, 0.6302950320587496, 0.5894750573120889, 0.5397625630582189, 0.5207677239451333]}