{"FilterHL": [0.0, 0.0, 0.0, 0.0, 0.00021114508860126666, 0.009486148467420918, 0.003973176977582545], "NoiseHL": [0.20342970988495518, 0.20960401046104254, 0.2071544063142342, 0.2203211650582041, 0.2226395172490795, 0.2582168997340125, 0.2404665476109235]}