{"FilterHL": [0.0011630293661542789, 0.00158441032481381, 0.016464834126531356, 0.01604337455769731, 0.0, 0.0, 0.023679818382309103], "NoiseHL": [0.16950843122097695, 0.27879713016662017, 0.2275153454344272, 0.2780370504831873, 0.22493644505680488, 0.2701392032139025, 0.24692420447081856]}