{"FilterHL": [0.02209978546350084, 0.0, 0.008663660818619997, 0.014114630647489374, 0.0, 0.002864813732190389, 0.036871538877274714], "NoiseHL": [0.16747479133765253, 0.2404665476109235, 0.1771080792945039, 0.22389925489241608, 0.20467814417459612, 0.24685785366827007, 0.2343507344379887]}