{"FilterHL": [0.0, 0.0, 0.0, 0.0, 0.0035345230261460726, 0.011360526812647743, 0.00014080556669645564], "NoiseHL": [0.15562474979979976, 0.3183155034171673, 0.2436805101854153, 0.2730507170196538, 0.19053478273184227, 0.3479977451053712, 0.2672010060207921]}