{"FilterHL": [0.06555065828080597, 0.08032090133703187, 0.034728969531080796, 0.04862424429850301, 0.10811268136028362, 0.14363105233221599, 0.04996161735354834], "NoiseHL": [0.24611817309841896, 0.27826586050056373, 0.24747293145069588, 0.2690173712152374, 0.25328229240462863, 0.28153953622797767, 0.24441062147102094]}