{"FilterHL": [0.0017616123608212475, 0.010422192677896529, 0.010357820359671236, 0.015138507289603085, 0.004847067392103926, 0.012393375694279325, 0.008040668669504028], "NoiseHL": [0.07526909560355718, 0.1782545633391904, 0.15404182835634597, 0.2034013443468144, 0.10155495397565922, 0.16557215048765994, 0.18559696474867807]}