{"FilterHL": [0.05702714002899756, 0.053753239607425715, 0.06822487041513577, 0.03223621136804826, 0.06768285194039277, 0.044080719766769465, 0.06756181243059706], "NoiseHL": [0.1557504538234936, 0.04909379796931776, 0.18082386038127995, 0.04752716574084008, 0.14679740029334942, 0.07592264977549756, 0.1811113159998473]}