{"FilterHL": [0.041163881968596466, 0.03819011495820435, 0.034477169684532384, 0.049519068977411346, 0.06960476601324382, 0.036217685528623554, 0.08005028423819102], "NoiseHL": [0.08693247764657967, 0.08928882388605691, 0.06532463702427381, 0.08406065568426252, 0.08154144969746155, 0.10637050835066961, 0.11524535070110832]}