{"FilterHL": [0.031854445535472106, 0.04817392213374717, 0.015638467183792415, 0.022934322609936938, 0.014842086511846264, 0.03624099070162518, 0.02511047912017975], "NoiseHL": [0.18364139167534577, 0.19829280914819927, 0.22220320904225535, 0.2375107583466568, 0.20691389914066263, 0.18084904162023846, 0.23816907521989886]}