{"FilterHL": [0.013263952841439322, 0.020189382380470848, 0.0038263488367508724, 0.03771689322099575, 0.006162604800542932, 0.02148207438858362, 0.017610863445223234], "NoiseHL": [0.07666321466435033, 0.11943127998413794, 0.12746084591641152, 0.13685803341549774, 0.09135450036158374, 0.12745909198129818, 0.12764765035854234]}