{"FilterHL": [0.018276403006028712, 0.06434405480806882, 0.012315200475167518, 0.026928610102349492, 0.028397822853533684, 0.030389427957931828, 0.04945809028190234], "NoiseHL": [0.023476963907207552, 0.05237082680733808, 0.03530445591093673, 0.038188249727098854, 0.019823574241600053, 0.030756101438606746, 0.05231922108263575]}