{"FilterHL": [0.07301808560587417, 0.0651385068358787, 0.026934537048066965, 0.06988862570469771, 0.05782158133193902, 0.10254247614552962, 0.10159196547819173], "NoiseHL": [0.038300128492076105, 0.07897058422059085, 0.16274265475687036, 0.143288124201277, 0.11145369766214756, 0.13795777652770336, 0.18233095067257074]}