{"FilterHL": [0.008179056738056816, 0.02656217310231262, 0.009371996979050867, 0.017572282393585246, 0.010657953804724668, 0.02921353943567495, 0.03246679417035835], "NoiseHL": [0.15886520299761978, 0.11315134871053109, 0.16353577619850607, 0.13318160703149198, 0.14962692223445917, 0.11672441642839046, 0.17146207837755603]}