{"FilterHL": [0.06537214551111252, 0.04070066713566896, 0.049844640419662564, 0.05637363579306376, 0.04231821677130753, 0.05853806854914638, 0.07334331136348633], "NoiseHL": [0.09779504051287004, 0.12920223867666844, 0.2300914831814406, 0.2541829834787586, 0.12788130996524993, 0.09795236024550937, 0.08632205261742482]}