{"FilterHL": [0.030637293772289183, 0.05002967860829709, 0.03794816052961722, 0.028695049935544274, 0.04873347981950893, 0.03632724170492302, 0.028733966682624984], "NoiseHL": [0.07643924549577037, 0.07616736083074331, 0.13006063057938433, 0.13331110907116245, 0.08631833508232341, 0.09070235021114807, 0.15408216056301385]}