{"FilterHL": [0.02005720377960847, 0.03147508820119537, 0.014333427472418192, 0.024458109734659065, 0.023963451623781423, 0.0215814724402659, 0.03640572852201402], "NoiseHL": [0.08683288629196988, 0.07693813559508209, 0.08696775932154541, 0.10880622448444276, 0.15364131914488816, 0.15944972766829066, 0.14487638002756206]}