{"FilterHL": [0.012973517014879749, 0.011842682087022762, 0.002863683153855389, 0.015978611304438128, 0.00967890640716077, 0.009032402574218739, 0.007271917262936914], "NoiseHL": [0.16811936067074823, 0.2479352364845507, 0.21798596127520373, 0.2582677018950205, 0.18519091964487938, 0.2239458978207543, 0.22269627910090925]}