{"FilterHL": [0.03076198970914985, 0.051764861771981543, 0.02148963533034877, 0.04503228596079034, 0.019906295069844735, 0.03265168950835033, 0.02358399283752956], "NoiseHL": [0.045824266480255824, 0.0513695186151405, 0.14209024580650062, 0.16182567900663652, 0.03335402122268543, 0.013881483605377238, 0.1493466223669631]}