{"FilterHL": [0.01942103515049359, 0.039774589041865385, 0.021171861490210837, 0.054275829745754935, 0.08506299692033807, 0.042491849305440144, 0.062294052757798486], "NoiseHL": [0.21309200489395255, 0.31057606024034806, 0.20925443997091592, 0.2976137369855334, 0.23243796192316163, 0.3213541197927254, 0.22566757246474511]}