{"FilterHL": [0.00010375207925624284, 0.0, 0.0, 0.0, 0.0, 0.0, 0.0], "NoiseHL": [0.35670015035662817, 0.39674702561008857, 0.3527635782183037, 0.3675635571657941, 0.3399474501591288, 0.37062668702463764, 0.3871796652770323]}