{"FilterHL": [0.014789363889282722, 0.021136937723719662, 0.005966961723889708, 0.03502364893815859, 0.006892655190560701, 0.02732668100011625, 0.012657451961780523], "NoiseHL": [0.21680195129452995, 0.14801429776726785, 0.2563692780608342, 0.16276591966456103, 0.21562371252960794, 0.1479746055565645, 0.2773847656504115]}