{"FilterHL": [0.026143272048710454, 0.05012485615138271, 0.02822820212974573, 0.03931370517152286, 0.026872984146374273, 0.03132970001299793, 0.013791046058333506], "NoiseHL": [0.10568067471276013, 0.11257397424752011, 0.1042454599857123, 0.11358817627565813, 0.10843332463799323, 0.08737979887681631, 0.12910958912612316]}