{"FilterHL": [0.023254150310198295, 0.021212717981610445, 0.00849076152452925, 0.041029845656265204, 0.020059131289966375, 0.044326830238811336, 0.0422542275223867], "NoiseHL": [0.21882514491654287, 0.22334599958997595, 0.23945005309487247, 0.25061802659325494, 0.24080292779625978, 0.2925255147242134, 0.267146091182713]}