{"FilterHL": [0.011485419612906504, 0.03991223940630151, 0.011042550110406323, 0.033480710360299225, 0.010114703691248056, 0.02284943259229819, 0.036377792229180986], "NoiseHL": [0.08151570639626926, 0.06454967176123708, 0.10225427414485747, 0.06947658268355793, 0.08600842953263575, 0.10156189804213471, 0.08880427102444952]}