{"FilterHL": [0.08786880072541385, 0.17613348500751633, 0.15103232790581533, 0.12132559857718578, 0.11708593891218869, 0.15519038717951134, 0.12435198128609402], "NoiseHL": [0.3222435434732911, 0.3426792324465514, 0.3090416755066712, 0.3916672892845976, 0.3464913740195926, 0.3489493281595755, 0.3641481731957826]}