{"FilterHL": [0.06531403252444254, 0.07459345192009911, 0.0721865679859846, 0.034005893336835326, 0.06562069750816743, 0.0618654777357331, 0.07028487594812283], "NoiseHL": [0.11267282024662918, 0.0917759044645735, 0.11525794562254074, 0.09014168875038873, 0.103717277373626, 0.11259303065156098, 0.09869479536913878]}