{"FilterHL": [0.0055421836618128415, 0.013282646939693759, 0.0010009784798171207, 0.0009934736879961153, 0.008375859700673241, 0.0064350194202329805, 0.013494738899467684], "NoiseHL": [0.1852393837371048, 0.17971680463493883, 0.15734248514248017, 0.1541931135658093, 0.17246185531215033, 0.14908851830571815, 0.1725532825597358]}