{"FilterHL": [0.02677341735182479, 0.0261857744410532, 0.014883892212529063, 0.025711118367800833, 0.01942514474881069, 0.03579357003965857, 0.0416616956945743], "NoiseHL": [0.10296113306098664, 0.09616643348711662, 0.12364699439061033, 0.14877351225190497, 0.12807852839133801, 0.07833019451448765, 0.11916376294278348]}