{"FilterHL": [0.012488630263168614, 0.015215196184466278, 0.027590002915619888, 0.023494826394992518, 0.16208919822048484, 0.2054453012216623, 0.16642746493396435], "NoiseHL": [0.22039684431941808, 0.20586534243104926, 0.20511440859965402, 0.19388190978208142, 0.2603718222122047, 0.2487248704830835, 0.2531325787916251]}