{"FilterHL": [0.03376473326351729, 0.025626386189563467, 0.011803803662361384, 0.03786603462161183, 0.011465680625794544, 0.027430947252937873, 0.03148572682699436], "NoiseHL": [0.06706332276855481, 0.11749790514771309, 0.05829635610371063, 0.11805148869614471, 0.04982211778623958, 0.11387963430009937, 0.07303853163405469]}