{"FilterHL": [0.06671685606604517, 0.08434232436333347, 0.06855143411738504, 0.08196521085280774, 0.05653721039427436, 0.0751823429459125, 0.060368879675986545], "NoiseHL": [0.1295283137710955, 0.143015454377039, 0.13172267153717487, 0.09781560820910644, 0.07182598980989748, 0.06827961035575819, 0.08287843660405826]}