{"FilterHL": [7.79338176368817e-05, 0.0, 0.000168185927138773, 0.0, 0.0, 0.000168185927138773, 0.00013370244396027924], "NoiseHL": [0.12549508256710148, 0.1665177944500141, 0.17245022900462764, 0.16193431328727034, 0.15237707995139405, 0.1724502290046276, 0.1753456551944575]}