{"FilterHL": [0.029545981079290837, 0.03793769441132816, 0.02127909735404151, 0.060693257252298516, 0.039425212176100496, 0.04799949272338423, 0.06745749697386311], "NoiseHL": [0.2715332880788849, 0.289461970412081, 0.2905352076379586, 0.3005209970144749, 0.34044305355250354, 0.34816977048835746, 0.340338086127989]}