{"FilterHL": [0.011716123368010999, 0.020361865734685475, 0.013310213378855205, 0.029216404272967875, 0.08085338823060456, 0.054031373975893075, 0.027708960025157325], "NoiseHL": [0.34979313245476984, 0.34440002147817156, 0.3411378528042191, 0.35379076915892255, 0.3931268166607562, 0.37321312844027904, 0.34190074478201743]}