{"FilterHL": [3.835373616118381e-06, 8.259157309260649e-05, 3.494060068368828e-05, 7.026228730462371e-05, 0.0, 0.0, 0.0], "NoiseHL": [0.10627440321039956, 0.2144269219230429, 0.1634756284592911, 0.2622422036792348, 0.1781969793463003, 0.23281618951149585, 0.2071544063142342]}