{"FilterHL": [0.014296457120176223, 0.012931797219852995, 0.005822030416821645, 0.011586609387522867, 0.010985324091285324, 0.030952085422476586, 0.03376103976500452], "NoiseHL": [0.3834969325594751, 0.33509500570365064, 0.3524010283471909, 0.29920224079032504, 0.37807878793316513, 0.33480239671121964, 0.33951163362724984]}