{"FilterHL": [0.024848781546172708, 0.05576741631191745, 0.028708344981838135, 0.03038392665377633, 0.021565960876809072, 0.04113286173529703, 0.025736910042355763], "NoiseHL": [0.02649246560588834, 0.0494941947292781, 0.04219661699077882, 0.06150077564618627, 0.028373413786500712, 0.03898492937973572, 0.04324020710373638]}