{"FilterHL": [0.011960968478696059, 0.027727277131936724, 0.02066150757900127, 0.025189426063586966, 0.006531663647968812, 0.006586822295926517, 0.02787202677124452], "NoiseHL": [0.15550383667462486, 0.15750312783952114, 0.1819003558833968, 0.1545650232920635, 0.16502351908716759, 0.15008248794116205, 0.1621144650798738]}