{"FilterHL": [0.0, 4.2146849766967993e-08, 0.0, 0.0, 0.0, 0.0, 0.000517837207894101], "NoiseHL": [0.11082626344894847, 0.14221124107492278, 0.11733130495004837, 0.15400905983632326, 0.10392551679435674, 0.14567520307051546, 0.13129518424232384]}