{"FilterHL": [0.010944096832243734, 0.021497200431017303, 0.01141699720265773, 0.025091591237064746, 0.005267735503971189, 0.013859151317019276, 0.03239604931509183], "NoiseHL": [0.20223386277052277, 0.30361010229467084, 0.28105817049612886, 0.3161029199561175, 0.22264057291402484, 0.27530986419089176, 0.2985488332823837]}