{"FilterHL": [8.05009388896468e-06, 0.0, 0.0, 1.9429964112918606e-05, 0.0002553084789370454, 0.0004367762478017865, 0.0], "NoiseHL": [0.19707921959999697, 0.2034297098849552, 0.2009115892650161, 0.2120278888000165, 0.18650649930355973, 0.18514569594605018, 0.19448580951758207]}