{"FilterHL": [0.027978952708529445, 0.01900044776391462, 0.04347447941194154, 0.05476249287320513, 0.02493421033191801, 0.06279969804962426, 0.04485507794353903], "NoiseHL": [0.03351239262026433, 0.03263503544461878, 0.04156543966371728, 0.059686325780925045, 0.03977365292492555, 0.08560781674213397, 0.04362366265366933]}