{"FilterHL": [0.005462305777647825, 0.029984934803816893, 0.020099395985897706, 0.012414339014306887, 0.038498639474374347, 0.07381401221970237, 0.04670436915762398], "NoiseHL": [0.19193193538346479, 0.21046319495270027, 0.19483869978475482, 0.20853288854985122, 0.1596396985889159, 0.17320972857827122, 0.16382209654214408]}