{"FilterHL": [0.0, 0.0010416257705427893, 0.001081598849525918, 0.0, 0.15924967006407745, 0.0, 0.32250919447139037], "NoiseHL": [0.5869365126601472, 0.5729805499479051, 0.6193978193748945, 0.6142867091907471, 0.6444889706710051, 0.5958248630955267, 0.6647233658755217]}