{"FilterHL": [0.020474277867096397, 0.05323518704872659, 0.02879793445056442, 0.018210908900901483, 0.15346143256074546, 0.17941596786697606, 0.20344710542980132], "NoiseHL": [0.23859707528097293, 0.22735604836148773, 0.27682593933435135, 0.25366509963364375, 0.4458887328312201, 0.45827486714996635, 0.47765126984474227]}