{"FilterHL": [0.038211010906773375, 0.1830945640698313, 0.1322618518019675, 0.05466735762669251, 0.15262328891031787, 0.2568506531916699, 0.24610884550980283], "NoiseHL": [0.2118932947855524, 0.23741491907741008, 0.2826356691396467, 0.2509046498328067, 0.26057416195863553, 0.2816472724896293, 0.2252874512572999]}