{"FilterHL": [0.023501538621807507, 0.018624228476656905, 0.03532820817408046, 0.030534282619010398, 0.022805972733414056, 0.02682322407609493, 0.028153764587763044], "NoiseHL": [0.10045182251149552, 0.12146779822105497, 0.10330015123562208, 0.12159594186645631, 0.1774600432867407, 0.19504130835936348, 0.17127076171825312]}