{"FilterHL": [0.010255315609532193, 0.017658742885126425, 0.008065637201001735, 0.020968950657853615, 0.014838359105746272, 0.01410957949538118, 0.021428404212573603], "NoiseHL": [0.12647580805607503, 0.1358568520721468, 0.09209232442322067, 0.10780636890510416, 0.12961351584582093, 0.152560454099961, 0.08785110388987104]}