{"FilterHL": [0.031890387812606676, 0.056342642870932595, 0.027468263379317195, 0.02638127040796259, 0.03484847824007326, 0.07085998251233941, 0.042241588010754026], "NoiseHL": [0.03843761418649822, 0.04273982250145068, 0.0350757504126122, 0.027944200040780052, 0.037186031932341865, 0.044985795916776955, 0.055245929907852]}