{"FilterHL": [0.0, 0.17488749815863464, 0.0778763417819837, 0.09223395195708067, 0.02163128610996464, 0.25534336391924173, 0.7071067811865475], "NoiseHL": [0.46703880973662104, 0.6104593582939015, 0.6386681620397536, 0.6335109494745331, 0.5188245741686462, 0.4720754980203755, 0.6549517703458594]}