{"FilterHL": [0.0, 0.0, 0.0, 0.0006601170384030177, 0.0, 0.004818333319999269, 0.0], "NoiseHL": [0.35591531537694115, 0.3644827734688218, 0.3423770863549488, 0.37062668702463764, 0.359827365101645, 0.38420521071217134, 0.35904736240794594]}