{"FilterHL": [0.026442638324474552, 0.05668394153293613, 0.03283630986391713, 0.05731884572486134, 0.025351538099934418, 0.06042317281957116, 0.037715847267934643], "NoiseHL": [0.21883029108466473, 0.2931737499560558, 0.21532553356425302, 0.31231169704161404, 0.2369668924222343, 0.2745656546378294, 0.2265330757030713]}