{"FilterHL": [0.026194885039785, 0.017384370426770254, 0.049483996696948196, 0.03223003617009814, 0.029603234494807836, 0.25076676244160917, 0.13990130596913242], "NoiseHL": [0.35205177603190857, 0.5744071384507349, 0.34617351845327005, 0.5749914329965133, 0.3492955761265598, 0.5840958281218963, 0.36957196922042196]}