{"FilterHL": [0.09923138717700968, 0.07582613864409318, 0.06565152887747372, 0.07116521174509624, 0.1426488224931759, 0.1912767803133835, 0.1860273090142097], "NoiseHL": [0.3277717917091295, 0.33474773943682024, 0.3416789807048253, 0.3459298579079415, 0.4544220330691694, 0.5130392901551527, 0.5047028480766409]}