{"FilterHL": [0.03571729588246581, 0.053351867580464334, 0.02337057281716858, 0.03636203206155337, 0.034193011928015916, 0.04620396578354547, 0.035394245238891765], "NoiseHL": [0.029868650965627682, 0.050717269981800546, 0.029674087800745715, 0.04155242240584044, 0.0429407881605792, 0.04815060818393481, 0.042402353026523155]}