{"FilterHL": [0.016353876415627473, 0.005845503999927709, 0.0017938777003184546, 0.02643636428209374, 0.012624712952119813, 0.01039027518641731, 0.030537133242716022], "NoiseHL": [0.11495577927051455, 0.1255066325334448, 0.14906245551422512, 0.15165130481416594, 0.17318968264271356, 0.1865756742039877, 0.2060535945409026]}