{"FilterHL": [0.005919141473395657, 0.053810063191658, 0.023852415472353238, 0.029235184988729755, 0.019079301649315844, 0.0078092108208791386, 0.0150098290802648], "NoiseHL": [0.3881902774836767, 0.24813397764137174, 0.2468809957306895, 0.3729438882449339, 0.3276023758216952, 0.21561761325433199, 0.20510885910415266]}