{"FilterHL": [7.902578255114058e-06, 0.0, 0.00014390398383556076, 3.597325025306942e-05, 0.1546629117413721, 0.45244692637042566, 0.16006562186739484], "NoiseHL": [0.26023620398396025, 0.3675635571657941, 0.3660254037844386, 0.43509181710065176, 0.5520248108869579, 0.6913914166264181, 0.555204252359586]}