{"FilterHL": [0.028093165591536743, 0.03289045738569165, 0.023511816473540215, 0.014701787780181639, 0.06464085970855263, 0.03541653390441411, 0.035828430013462996], "NoiseHL": [0.3218017920512227, 0.36964605911652476, 0.3224883097218741, 0.38889190325761247, 0.34371761877776663, 0.3618533940264821, 0.33300837707937475]}