{"FilterHL": [0.0, 0.0, 0.007658330222377846, 5.479092429181228e-07, 0.0, 0.04004260097742682, 0.011523010783822427], "NoiseHL": [0.2662155203826279, 0.3667950360788852, 0.38954103282536473, 0.48823293576466004, 0.4097615956493523, 0.4023725067822903, 0.4104805534285719]}