{"FilterHL": [0.005085435123305736, 0.023202275523023494, 0.016639960500372503, 0.036025052486191936, 0.02642010852922987, 0.017069388979199112, 0.018406679027420058], "NoiseHL": [0.21686094362692912, 0.28863987105280026, 0.22853483459850435, 0.2826128210231344, 0.27529824460300006, 0.2987429972471428, 0.27050584495927094]}