{"FilterHL": [0.008814619016489623, 0.09227263043041002, 0.044814541919625486, 0.030700403676781864, 0.07878784075689733, 0.07236743598356629, 0.08447821003901668], "NoiseHL": [0.2714037954740981, 0.2793345072173589, 0.28504235978974646, 0.2888314671969091, 0.3106403602802735, 0.33423688347525027, 0.3078346168720531]}