{"FilterHL": [0.011258407276389163, 0.043187054585407635, 0.01443016898420602, 0.008187489055925184, 0.021466833860966542, 0.010487686011955025, 0.014567120794998403], "NoiseHL": [0.11311880458116219, 0.09838372937011343, 0.1099781736699247, 0.1233452957111759, 0.14470398290201086, 0.16181278953823736, 0.143041484304425]}