{"FilterHL": [0.006399241495556203, 0.008179453865074609, 0.0021096735046724165, 0.008756907845596207, 0.019574135133563576, 0.031885632063565005, 0.02423135912643316], "NoiseHL": [0.22724695525857608, 0.2632730425505252, 0.22721458957923168, 0.25922854371584414, 0.2673625238068307, 0.30708765674445154, 0.27235170980790296]}