{"FilterHL": [0.00915298626565049, 0.01287060797859447, 0.00291935321491929, 0.012103675334810675, 0.009469779873714045, 0.027984629892411197, 0.010057293544577675], "NoiseHL": [0.09177777497615784, 0.15722884689659647, 0.1015272357133386, 0.1523971401611894, 0.142393308715713, 0.19056914469832065, 0.15239168406338136]}