{"FilterHL": [0.012078265021745343, 0.031906449135000035, 0.0064907246025323485, 0.007612739553454623, 0.005785306509164617, 0.01840953086961129, 0.01937085398357935], "NoiseHL": [0.1526746642420375, 0.15195016401105016, 0.16416762685111028, 0.17837661017709933, 0.21093826803276283, 0.23000494274299352, 0.18287689088228068]}