{"FilterHL": [0.014262401286017554, 0.032602001001579145, 0.005726743411147018, 0.024079552390475236, 0.0027848860661686377, 0.501550063114371, 0.010606548055827381], "NoiseHL": [0.27021754572757206, 0.32382365670053753, 0.4286735785985999, 0.3271136858769006, 0.2825784063670928, 0.33556798922356845, 0.434237904405856]}