{"FilterHL": [8.429370204608392e-08, 1.791243330496599e-06, 0.0, 7.164967876905749e-07, 0.0007757167703230009, 0.0009329880957257148, 0.0], "NoiseHL": [0.14395320073022042, 0.18650649930355973, 0.2009115892650161, 0.2144269219230429, 0.17677669529663687, 0.1753456551944575, 0.2059196678858405]}