{"FilterHL": [0.010755871069151041, 0.051700519239493405, 0.006661386671277846, 0.01666098618865277, 0.013324555229307661, 0.021618239011505006, 0.005147042416335834], "NoiseHL": [0.09906457767979493, 0.10857417912230323, 0.1108287796867905, 0.12027278990669885, 0.07982302154125692, 0.13698288000133274, 0.11527036408603092]}