{"FilterHL": [0.02520767713782693, 0.04221103765458271, 0.027759089453407174, 0.02868842124417581, 0.04466415871416196, 0.03507721409262422, 0.02876176178557335], "NoiseHL": [0.05079748683439466, 0.050549989133275325, 0.02917216696428375, 0.04895214504146961, 0.021450600514431192, 0.04541661657156753, 0.049956216468593904]}