{"FilterHL": [0.021236623448802623, 0.018959865666440468, 0.011468181363637904, 0.03418893876923563, 0.007661580460816024, 0.013489039386802099, 0.03151256509189572], "NoiseHL": [0.246265079165389, 0.250576642583443, 0.42002727151509534, 0.3807919912541255, 0.2621284722477105, 0.24288562752340523, 0.39321032419548707]}