{"FilterHL": [0.0, 0.00043601713603655216, 0.0017101744759217014, 6.016718603964966e-05, 0.0, 0.0, 0.013617997942139639], "NoiseHL": [0.3782104902694655, 0.2489564445084177, 0.3886613478333254, 0.3053053667491258, 0.3819644642571112, 0.25720215815045966, 0.4097615956493523]}