{"FilterHL": [0.0307437330457254, 0.08248277272515717, 0.02898324309143659, 0.05170613069584632, 0.04379528076263726, 0.14414306154126086, 0.04634809347294517], "NoiseHL": [0.08566640309552279, 0.22274548552324488, 0.11285110540071362, 0.19565777119970887, 0.09424827065134508, 0.22637280364307688, 0.10001588785090243]}