{"FilterHL": [0.013808966678024419, 0.029153090222062677, 0.02886664421991664, 0.011479764345715505, 0.01452283567348058, 0.006780750466830474, 0.011678042733565427], "NoiseHL": [0.0494480453421935, 0.0518812384055895, 0.05973415285050938, 0.0467534186158438, 0.0680193275667086, 0.07973037705657149, 0.07893367365594922]}