{"FilterHL": [0.023265519486259108, 0.024430871943646355, 0.021779037411045258, 0.034786397468214256, 0.07469725557111559, 0.06439478689457881, 0.08973070759886766], "NoiseHL": [0.15848841297742797, 0.13423138978672564, 0.13942708198449583, 0.13107731436973474, 0.32783910038131286, 0.3450308321916426, 0.32466573740918103]}