{"FilterHL": [0.028138228935890543, 0.036504160199526105, 0.010860967880313644, 0.027923434081242832, 0.015147336681994493, 0.031188577420097823, 0.00787058432399389], "NoiseHL": [0.14363304479385172, 0.1532615137353441, 0.17682879344502117, 0.1779084466131971, 0.1988369333069095, 0.22032511204261893, 0.21304626509990265]}