{"FilterHL": [0.04413890916635124, 0.021060436052484578, 0.038558422614212905, 0.05970431837120332, 0.05144348314497913, 0.048055696432944675, 0.029990043761810418], "NoiseHL": [0.1544656031400613, 0.19096724410024132, 0.15327543642070265, 0.20470989301787657, 0.13619708249710438, 0.108835743955654, 0.13489595038958854]}