{"FilterHL": [0.028421905452472616, 0.05723612512786614, 0.03509265133238613, 0.044147448146695724, 0.03297343150638482, 0.03720988233964757, 0.020403323035998677], "NoiseHL": [0.033072359247408006, 0.039730231929842784, 0.035527673757413135, 0.048794300597073834, 0.03205997971762164, 0.055944811919547734, 0.04652846263928989]}