{"FilterHL": [0.19658972767141186, 0.05196037115082621, 0.19305905832160772, 0.02226549777771098, 0.37068010957601827, 0.38853917652892916, 0.3612095799885411], "NoiseHL": [0.5443943017551996, 0.6060328732712401, 0.5446415745647439, 0.5774476049497111, 0.5508625453152881, 0.58154874722017, 0.5487326496075211]}