{"FilterHL": [0.0, 0.0, 0.0, 6.235901206011024e-05, 0.0, 0.0008160334620188258, 0.000503243861718572], "NoiseHL": [0.1015235126358928, 0.12938974008971083, 0.12938974008971083, 0.1422112410749228, 0.13866442710839363, 0.1490620996510314, 0.14737794897420034]}