{"FilterHL": [6.343129151514435e-06, 1.5004437263044248e-05, 0.0, 1.5004437263044248e-05, 0.0, 0.02070090937398451, 0.0], "NoiseHL": [0.31746116200074787, 0.42464124206469855, 0.3621602913026009, 0.42464124206469855, 0.33504918376432147, 0.45018393309200055, 0.34479412517909835]}