{"FilterHL": [0.0, 0.0006996677373946941, 0.00030769679425403807, 0.0, 0.0, 0.0, 0.0019211131726927415], "NoiseHL": [0.32508767843708475, 0.3350491837643214, 0.2740154435715323, 0.28444670306439407, 0.32759952141623117, 0.3259265977491048, 0.2672010060207921]}