{"FilterHL": [0.0947949171298829, 0.06828593459099226, 0.047828150843879196, 0.04433358776365033, 0.041980836031638304, 0.15655409660264635, 0.06697571267832687], "NoiseHL": [0.2822565587337049, 0.21266789139376494, 0.23429291093803076, 0.2279938677438881, 0.23183764865428183, 0.26132742822235006, 0.22224490965304244]}