{"FilterHL": [0.017728825207456018, 0.047307730705195665, 0.010771401964252438, 0.023561465218493737, 0.016908468432638317, 0.03452296206041696, 0.009704483165048473], "NoiseHL": [0.08297894600985477, 0.07592072280017396, 0.09105602486994784, 0.07790479515387824, 0.12039327099393003, 0.13210940032974275, 0.11779234521154577]}