{"FilterHL": [0.0, 0.0003361799585120787, 0.00012396474776336572, 0.00017404575712743432, 0.0042752138276339, 0.0, 0.012570812821120115], "NoiseHL": [0.2816336424931959, 0.30176153952158696, 0.24154202878078954, 0.3008703820942616, 0.22721260617900388, 0.26423520936170475, 0.2108191091580861]}