{"FilterHL": [0.02291925243982973, 0.044085987415734454, 0.03787403308730224, 0.03411086131918934, 0.032603360984574746, 0.03471070565100001, 0.031717822915340754], "NoiseHL": [0.0662361249566377, 0.06691899228630271, 0.03353886807353092, 0.06605677065449497, 0.07185437698868666, 0.06523381970158547, 0.05343115268101124]}