{"FilterHL": [0.02495039166473068, 0.008483920111822425, 0.012871615713580961, 0.0266778510209616, 0.01857412764170054, 0.014684482727426942, 0.0345158695725508], "NoiseHL": [0.19062617201695803, 0.35025657773685803, 0.1986506391845946, 0.3462806867419886, 0.20593490207055792, 0.33048384831474054, 0.22001540164852565]}