{"FilterHL": [0.018904708982123698, 0.028081777431151658, 0.008029289695641647, 0.03483400889505806, 0.015264570642965257, 0.02277753750803454, 0.039704488322223286], "NoiseHL": [0.0673215732694817, 0.09235559462283169, 0.22536854960530414, 0.24064108015898836, 0.09077384451561864, 0.07137107405854394, 0.2072615818618402]}