{"FilterHL": [0.029247791273316857, 0.04155102322018866, 0.021778630510337293, 0.039036451483872685, 0.025096644221041235, 0.04493769116661706, 0.02116891404920248], "NoiseHL": [0.09001363649598279, 0.07361919036497959, 0.09399901651852395, 0.08874562189680837, 0.13939468051026666, 0.15472679933390557, 0.14126453723394833]}