{"FilterHL": [0.0023316105480750272, 0.022761992617667943, 0.008189733330971661, 0.007514233059072061, 0.0009579519971555315, 0.0099753976406616, 0.022813147368956357], "NoiseHL": [0.11089620835911478, 0.14046004295104308, 0.10152364468715858, 0.10392567441669792, 0.1423114778141419, 0.14588137029274018, 0.14571738050453414]}