{"FilterHL": [0.008051736273538454, 0.01561710087761021, 0.0077811123813712295, 0.03014919736883555, 0.008909819837846786, 0.009798386429149146, 0.01527114941217723], "NoiseHL": [0.09659670233567196, 0.1921866902339871, 0.13142257250887293, 0.19527273108060084, 0.13722060071865938, 0.17003835960632133, 0.16913534060886357]}