{"FilterHL": [0.0, 0.0, 1.6858741414075958e-07, 1.9809046546794124e-06, 0.001013894985132556, 0.0, 0.0], "NoiseHL": [0.11733130495004837, 0.16500333021764652, 0.14567520307051546, 0.1781969793463003, 0.13502822103059414, 0.16801938030584954, 0.16347562845929112]}