{"FilterHL": [0.05445987171699353, 0.04626742122255018, 0.027816419207540723, 0.033518757850643455, 0.04439087490875683, 0.046251345266831355, 0.053346574835559185], "NoiseHL": [0.30312959343839135, 0.3301420364694629, 0.2941662331320295, 0.3244587021122634, 0.29459672019832756, 0.3397804492927988, 0.2750479150911952]}