{"FilterHL": [0.014990863089788685, 0.04278074690349018, 0.018480133875357525, 0.006119613977962029, 0.011333481020159523, 0.01896083096642434, 0.02833957946692699], "NoiseHL": [0.2492044825337964, 0.244106049700133, 0.2708698233965059, 0.27572404654524346, 0.16438479761381505, 0.19980259142407178, 0.17799611228800824]}