{"FilterHL": [0.009697899166912815, 0.007970652392880358, 0.0016995708521430827, 0.00602467700820487, 0.020921267295274187, 0.02998071148179713, 0.01483034927689654], "NoiseHL": [0.07030509842384515, 0.07007897392650082, 0.11734362159613924, 0.13328887062029615, 0.20477398993619483, 0.22867006730703102, 0.1838476719562025]}