{"FilterHL": [0.01208497421555818, 0.013502685141035815, 0.010403981081096199, 0.023275491058579883, 0.005774812525878214, 0.0049456580081493045, 0.013003870034479953], "NoiseHL": [0.22151383804675956, 0.2536155937983065, 0.2116610486554736, 0.2760110501950232, 0.30717551716026353, 0.3019867149515555, 0.28362804452969237]}