{"FilterHL": [0.011615301796765936, 0.0209441450079364, 0.004739634798583991, 0.007033984057344586, 0.0037186954470134538, 0.017469424233458326, 0.005674332153354456], "NoiseHL": [0.1339614229754412, 0.16980307452908366, 0.14596451174905076, 0.1335873667060427, 0.15562591645372995, 0.1486090350289298, 0.15239310891191585]}