{"FilterHL": [0.03409759831905022, 0.006731715851651538, 0.007137114185891116, 0.022687014290182682, 0.02806887915964879, 0.0174793812489198, 0.008146074946496084], "NoiseHL": [0.08269499838983252, 0.12560942984526566, 0.11747010728854335, 0.13543461637342885, 0.0901857656984741, 0.07354529613292789, 0.12759794314078943]}