{"FilterHL": [0.23587631247933963, 0.21416371502953416, 0.2690125132965254, 0.2491875179526313, 0.3594163441643409, 0.3212449644271757, 0.4448077865676383], "NoiseHL": [0.570224735880521, 0.5602023923852656, 0.7148504838779218, 0.7241560519161467, 0.560865394314795, 0.5567986860988671, 0.6985465421354929]}