{"FilterHL": [0.0016033880180021474, 0.029633626913996906, 0.02230156086189752, 0.006766325184109197, 0.06320171376470993, 0.07174637962872754, 0.06557483540392971], "NoiseHL": [0.2157508812998546, 0.22039843432714307, 0.21325190145147116, 0.22958289510349875, 0.1492460657289255, 0.17644063256664114, 0.1666633916726449]}