{"FilterHL": [0.01038537958243651, 0.012004686653991238, 0.014944117222628174, 0.022494206870887688, 0.018334957136384115, 0.01626802121647233, 0.040494114091917006], "NoiseHL": [0.12772746545657257, 0.19539029795305335, 0.1807915741461154, 0.2344810769670168, 0.16281522426459594, 0.19840288222485283, 0.20972653439719424]}