{"FilterHL": [0.009254256122835147, 0.03887559127154149, 0.009295850072770503, 0.032341230351965254, 0.008174337037948079, 0.016492802501942076, 0.028729146488312134], "NoiseHL": [0.2080516330508543, 0.09579651413426918, 0.21082666977738376, 0.12489788518253427, 0.20259687007170607, 0.24483946214747565, 0.22180064279302494]}