{"FilterHL": [0.020722990148775565, 0.03614619329817734, 0.010801720982845616, 0.026216498200338577, 0.008629604466826231, 0.03284604068951627, 0.007048016280731888], "NoiseHL": [0.13721302011461678, 0.1401601581166341, 0.1799534291223728, 0.17689383351731958, 0.13509241653217846, 0.08829305899060193, 0.17495837756508542]}