{"FilterHL": [0.03491770083191828, 0.07572233411295307, 0.057175754048495626, 0.0727853812789523, 0.058276977864645335, 0.06911309210157617, 0.05671364572876429], "NoiseHL": [0.11443270070122898, 0.12393459110154514, 0.09319447116986977, 0.11332543316831029, 0.10512434362351326, 0.08486038615372268, 0.10611440367065336]}