{"FilterHL": [6.539385930556125e-05, 0.00011070736399974572, 0.0001350303220154193, 0.0, 0.0008689697558629917, 8.490992434962249e-05, 6.539385930556125e-05], "NoiseHL": [0.19053478273184227, 0.1996416327232974, 0.18785815120172258, 0.1957864663624126, 0.20467814417459612, 0.2009115892650161, 0.19053478273184227]}