{"FilterHL": [0.0, 0.0, 0.0, 2.7332759524458947e-05, 2.5984009523331482e-05, 0.0, 0.0005353833641886977], "NoiseHL": [0.14395320073022042, 0.1957864663624126, 0.1753456551944575, 0.22721260617900385, 0.22834309600589234, 0.18239580959790105, 0.24261333094355136]}