{"FilterHL": [0.0001964948358823251, 0.0005692537395707286, 0.0, 0.00042707654771660875, 0.018257572209737234, 0.0, 0.01612670171239757], "NoiseHL": [0.33750491859769377, 0.3908770817240729, 0.3767019529958348, 0.39013940086761484, 0.4274417481787708, 0.36060618173820735, 0.42464124206469855]}