{"FilterHL": [0.0, 0.03463286676447876, 0.0005358473309652976, 0.007103452202057973, 0.0, 0.0283215769286752, 0.0017747762009494448], "NoiseHL": [0.33668782285012294, 0.277580046874577, 0.36370975920756327, 0.29291269055763003, 0.3399474501591288, 0.2833208344001155, 0.3683309749787435]}