{"FilterHL": [0.012593457126889402, 0.01607407484579953, 0.010415048602016766, 0.02498711009607147, 0.006735351652788869, 0.009080516051961512, 0.014335759770148837], "NoiseHL": [0.16809641846580764, 0.2624738674020989, 0.16313689339128248, 0.25563595210999523, 0.3053467892126295, 0.273051166442416, 0.2866484676150196]}