{"FilterHL": [0.07405646062219336, 0.0655928816918233, 0.05704643908106047, 0.0836313498146998, 0.06726968841993694, 0.04015083983791625, 0.041958452961583834], "NoiseHL": [0.06101817192504192, 0.16062852796589122, 0.11331215275029559, 0.2060459877456126, 0.10420845967660403, 0.11868443842929412, 0.12356097030980383]}