{"FilterHL": [0.0028220054545651306, 0.022949006380751164, 0.030334707401323352, 0.01047225971953071, 0.021070988278776903, 0.018689025256379416, 0.033494095630453136], "NoiseHL": [0.17098889503339706, 0.2014380850125668, 0.23573218448083083, 0.2703147208521522, 0.22538341297387698, 0.22257612375161617, 0.25711477986509235]}