{"FilterHL": [5.234832356844108e-05, 0.0, 0.021622733754619313, 0.011195204793562128, 0.004536063245288514, 0.0021913860691952993, 0.01871480874456119], "NoiseHL": [0.1572246532975914, 0.15400905983632326, 0.14222703891937502, 0.1513482132189201, 0.18785815120172258, 0.1781969793463003, 0.1722121698030004]}