{"FilterHL": [0.01989084905045925, 0.017514921727783014, 0.0068004455914917605, 0.0003597366062630635, 0.018383481656226167, 0.007398783374699342, 0.013493743295375539], "NoiseHL": [0.2179811479877534, 0.265529732749519, 0.2396050474690782, 0.27323454282031373, 0.26744250197961317, 0.28281586928010344, 0.29348667768912406]}