{"FilterHL": [0.025906197768558382, 0.02525785128925666, 0.032652693909553915, 0.019590695993286455, 0.028049597455411225, 0.030593043865422984, 0.0187976070381073], "NoiseHL": [0.16291463534578404, 0.16563157022795233, 0.10967625680615481, 0.1176183245600321, 0.15741576026854304, 0.19939478488713802, 0.14247815282005513]}