{"FilterHL": [0.05029823497244358, 0.08815155291704975, 0.030534573276301442, 0.052977405674085244, 0.06042723310431952, 0.05592204740154848, 0.0620220324171111], "NoiseHL": [0.18084600346362237, 0.1871901788932699, 0.13580682203040134, 0.15868961628471998, 0.17038330106006738, 0.1823064670581399, 0.12467627584333321]}