{"FilterHL": [0.037780812677876384, 0.040037424887832296, 0.026154692637544278, 0.06024826035982331, 0.030969697942118523, 0.028535239224426554, 0.038679796069785465], "NoiseHL": [0.03391619406916276, 0.06507299158764687, 0.04154930160835328, 0.10371465526214291, 0.03385660140265428, 0.04086702769673044, 0.044808241595306456]}