{"FilterHL": [0.028094114351780896, 0.05404951076312226, 0.023205276048225636, 0.018962803062576427, 0.03207892450212567, 0.031750857550319214, 0.010785239502895706], "NoiseHL": [0.07074835456599889, 0.07061964378208237, 0.1115682527547365, 0.0932487679903376, 0.07452939109795162, 0.09862675846513769, 0.08748181742651213]}