{"FilterHL": [0.10012624203065636, 0.08085133782982529, 0.07426982685931567, 0.13468004878493917, 0.07088100082018017, 0.13983855928272096, 0.11328489856082351], "NoiseHL": [0.11062250556869428, 0.10800471129688846, 0.12501943178055794, 0.14882575858362915, 0.11251198585418257, 0.1486373589350898, 0.14509348784818665]}