{"FilterHL": [0.006628146202743545, 0.02906998288689158, 0.007586280081959424, 0.009379464088862224, 0.010964068275405109, 0.01766873132647778, 0.008208684608724854], "NoiseHL": [0.06521398947086803, 0.1874256294303194, 0.1669756302230591, 0.21673333223552838, 0.08856359998316787, 0.1851819382334654, 0.16503178486611686]}