{"FilterHL": [0.009806351442222661, 0.025753864017229226, 0.006195257866227475, 0.013466147658522352, 0.01600707268698817, 0.026852210712260474, 0.00514297871682165], "NoiseHL": [0.15888135467915077, 0.12772110165572356, 0.17683561908169504, 0.1865711477684349, 0.12745904706795905, 0.12203898403867978, 0.16953542784060968]}