{"FilterHL": [0.06070583528781907, 0.07874023092943724, 0.05378738183773074, 0.015382676017624589, 0.05938212970922712, 0.059343051381719615, 0.016349702723980796], "NoiseHL": [0.15055919345005522, 0.259227644306345, 0.16771109800127476, 0.260051992109803, 0.17960501792338998, 0.26295051044234863, 0.2037391382802565]}