{"FilterHL": [0.03215103446070742, 0.04235929205347373, 0.018076389840281565, 0.048532695648597045, 0.026793389611844586, 0.027002954824200225, 0.037510535080704094], "NoiseHL": [0.12435657641361862, 0.13100771780355566, 0.10846510794001754, 0.11623093127446374, 0.12944648555763122, 0.134054552585413, 0.12702567358412747]}