{"FilterHL": [0.0, 0.0, 0.0, 4.237992618263025e-05, 0.0010932281902973247, 0.0, 0.0013224349462079854], "NoiseHL": [0.10392551679435674, 0.14395320073022042, 0.11303511652045509, 0.14567520307051546, 0.12350322450529108, 0.1422112410749228, 0.11942301505899512]}