{"FilterHL": [0.007869749362375947, 0.03635929871828503, 0.0322471004667787, 0.015548710927902455, 0.025509400349352007, 0.02770249164997506, 0.022973367921139857], "NoiseHL": [0.2430764178296688, 0.26724467533715973, 0.2378022896277704, 0.23617355931615713, 0.23417352134819386, 0.24465529690402785, 0.22949092248070166]}