{"FilterHL": [0.023098267805589674, 0.021332690406907332, 0.010748547769549225, 0.022313374761796196, 0.008098743083940464, 0.02257285233739581, 0.03017915174227803], "NoiseHL": [0.245118257413799, 0.2621811415471442, 0.2763814183170188, 0.2951730866275391, 0.25860923514455375, 0.27353755820717074, 0.3106640688933192]}