{"FilterHL": [0.018001853031030912, 0.02204721449763205, 0.04372328988140046, 0.03332444124742188, 0.014643558370291354, 0.019164602013712756, 0.022593339000924268], "NoiseHL": [0.24849880147068482, 0.25268138676982754, 0.23343800511631582, 0.25717510431009705, 0.2515198604036751, 0.25661928317173066, 0.23769679635998003]}