{"FilterHL": [0.04027584767442208, 0.07069430744647111, 0.03142929207057132, 0.05158481186584062, 0.04781735000125861, 0.07743182803839191, 0.11848155540063653], "NoiseHL": [0.22648189510425867, 0.30770542322064437, 0.21150763174801693, 0.3231893938261305, 0.2764227146140787, 0.2811240741395927, 0.2786980581893315]}