{"FilterHL": [0.044504409269261386, 0.0389424494582506, 0.04421208724699265, 0.022865536373951043, 0.040760433702713365, 0.053297223515241986, 0.06848882685243175], "NoiseHL": [0.11863716224203569, 0.17645579116129895, 0.14351855559826263, 0.19328355990949303, 0.2823876147335583, 0.30062006958151205, 0.2864262086123286]}