{"FilterHL": [0.018927338426696624, 0.034766230042926935, 0.015109730235852539, 0.012871521387572188, 0.026601351652404535, 0.032472419888167244, 0.017346011666890985], "NoiseHL": [0.11745194095863383, 0.11426142053821503, 0.0977193158288164, 0.10155633950042438, 0.11854445532465471, 0.1362172163177257, 0.11509569839394793]}