{"FilterHL": [0.09060151764442406, 0.25869914141853245, 0.15301641046025752, 0.1892900608439355, 0.3198656689765722, 0.37704539735000964, 0.5041850889388297], "NoiseHL": [0.5537322230906319, 0.6008671225836429, 0.5607633744069426, 0.5568211841418402, 0.5734083292775577, 0.5976138648245791, 0.5689659831921484]}