{"FilterHL": [3.3191422201033264e-05, 0.0, 0.00017564773349261487, 0.00024373508503525463, 0.005905834333192213, 0.0, 0.0], "NoiseHL": [0.09395759443969061, 0.16950843122097695, 0.14737794897420034, 0.18920084887799915, 0.12549508256710148, 0.1753456551944575, 0.16500333021764654]}