{"FilterHL": [0.018751585158164243, 0.03396084626519657, 0.011660945490078324, 0.022073595063696376, 0.009436251878559343, 0.0276653751550765, 0.0026022266348189023], "NoiseHL": [0.1710694322445609, 0.14302267661326834, 0.21697327637984545, 0.20169661633955321, 0.1505062285188062, 0.11693212583199014, 0.20475397405454604]}