{"FilterHL": [0.004463087911641687, 0.012578013555293388, 0.0068014636541716585, 0.005343943232478891, 0.005334437527349635, 0.005581105680528771, 0.014013633437249196], "NoiseHL": [0.10901280399512131, 0.15884144458492802, 0.15432174382345215, 0.18673170113438242, 0.11757977477715523, 0.14449539483377064, 0.1879012425731774]}