{"FilterHL": [0.02544033784017518, 0.04578926219166673, 0.024715748057759144, 0.02761780256376005, 0.02235589615025513, 0.022948664704378178, 0.049443597323440835], "NoiseHL": [0.25053478091407927, 0.2415282661545989, 0.27246271129563465, 0.2487572642061209, 0.24480319995034, 0.23669391679641977, 0.23835800511171717]}