{"FilterHL": [0.0, 2.3180770480615465e-07, 0.0, 2.676329945246024e-06, 0.0, 0.0, 0.005221845991632111], "NoiseHL": [0.1572246532975914, 0.1837755367050545, 0.19186013665193044, 0.20960401046104254, 0.1957864663624126, 0.19317708832355046, 0.23281618951149585]}