{"FilterHL": [0.0, 0.0, 0.0, 0.0, 0.0005788077567293567, 0.0026086230284876476, 0.0003731823783061609], "NoiseHL": [0.20838248111736035, 0.2622422036792348, 0.23502440593598806, 0.30794192249105196, 0.25516228884138725, 0.31916807257306506, 0.2592282347903943]}