{"FilterHL": [0.0215356665277561, 0.028747527017198852, 0.03859579920222117, 0.019007390256024513, 0.03190360990780583, 0.026580016792631188, 0.05265488109196401], "NoiseHL": [0.1083959283949532, 0.1246862859685376, 0.09875399287290865, 0.08759443779850046, 0.15665839198268086, 0.16224425719855298, 0.15328216297553296]}