{"FilterHL": [0.0, 0.0, 0.002423812656952529, 0.001517222615666066, 0.06729126429540618, 0.08457980684398665, 0.025693644494114334], "NoiseHL": [0.14567520307051546, 0.17534565519445752, 0.21653911411903007, 0.20621629543905182, 0.23830281775681836, 0.2612408472229728, 0.2907409605441689]}