{"FilterHL": [0.020056683237902325, 0.12334643643764259, 0.011468580724881616, 0.09376368504630342, 0.025296964308224593, 0.03564766612216031, 0.019850190834733678], "NoiseHL": [0.325617369845627, 0.12948482058172062, 0.3665369420692338, 0.15115417794972008, 0.3051664524854876, 0.31860497659316894, 0.30840946390734786]}