{"FilterHL": [0.004169343970921628, 0.01819839826292579, 0.012820777970139528, 0.005183576535230713, 0.004992128547175202, 0.010824375358592242, 0.023833925604817893], "NoiseHL": [0.08856528420443983, 0.11942551739303561, 0.11520533071497398, 0.11520295244384651, 0.08577246263329225, 0.13866442715187374, 0.11949038654323071]}