{"FilterHL": [0.9097918226662559, 0.04494316710892094, 0.03411834242547676, 0.03455225510916361, 0.028000695908628963, 0.035086124355351196, 0.04389620833839596], "NoiseHL": [0.12785585724124304, 0.13779329163197562, 0.12478503875370177, 0.16261184930736183, 0.120784393101936, 0.15222718247739633, 0.1364600029311637]}