{"FilterHL": [0.008739782535404982, 0.011245062273685219, 0.011724850123658193, 0.01254831151093711, 0.00725651778095245, 0.015261209455008, 0.003688546041729184], "NoiseHL": [0.13629386431472815, 0.2034300072779312, 0.23289895982523806, 0.2572090134367638, 0.16500824043698176, 0.19496942993890806, 0.24719493728675868]}