{"FilterHL": [0.003591134185848726, 0.005398420719077463, 0.018800314806839438, 0.0026319045033435847, 0.011789771104844788, 0.020286123857505372, 0.014643418206040818], "NoiseHL": [0.19054598249317742, 0.2191979227312009, 0.21286015342643383, 0.20467903373837476, 0.18537107378064582, 0.21646560382380697, 0.19886739516867055]}