{"FilterHL": [0.0017354731626999542, 0.0696992653419615, 0.009795793586101262, 0.038200933857678164, 0.01124427819407726, 0.09132820354886695, 0.01652236087678759], "NoiseHL": [0.28138542333449884, 0.23356254065794185, 0.2920383585028901, 0.2814280269864816, 0.2138436794682089, 0.20577186240519524, 0.2288984251069103]}