{"FilterHL": [0.052245339585264394, 0.0569926824477294, 0.046532673547257354, 0.0409315905244969, 0.044615200846737646, 0.04123203250962585, 0.026700980386751446], "NoiseHL": [0.16615850854610462, 0.12367168760080886, 0.1951475666133382, 0.15871551913831447, 0.17160384341813686, 0.10571860876271037, 0.1888525358983325]}