{"FilterHL": [0.017013656570337928, 0.038570803766378906, 0.03312699214297731, 0.041961102186627554, 0.01863301461872117, 0.015424577142026032, 0.01805351276819469], "NoiseHL": [0.1053057442282134, 0.12254040008961295, 0.12162235518732774, 0.1384798817115596, 0.11628705931435428, 0.10065138001797189, 0.13171370993599948]}