{"FilterHL": [0.011728221284847263, 0.03878401048016287, 0.05569897671825774, 0.04936894802837244, 0.029214315885819773, 0.04791983069727055, 0.07553370063724511], "NoiseHL": [0.029582031635489944, 0.06051149641567158, 0.0705365290620157, 0.06722644836323931, 0.025767081309353627, 0.0644781840644425, 0.07822420099537097]}