{"FilterHL": [0.04913245534399455, 0.030661994497455995, 0.029129985709688392, 0.04220672880609379, 0.04494490986013875, 0.06119282665677004, 0.028541292612625276], "NoiseHL": [0.0651739888922078, 0.06721296353776371, 0.06307813611403425, 0.05746498422763425, 0.0587337095868273, 0.08314007793618133, 0.04540599141805328]}