{"FilterHL": [0.0022843960310749297, 0.014530804799943687, 0.012808394272372835, 0.027759681925197826, 0.004233280132947667, 0.009960579469097997, 0.04576919166329001], "NoiseHL": [0.2929713354463788, 0.31660736034170006, 0.27635851876522316, 0.28229564834597953, 0.3088419548472274, 0.2964371604223273, 0.27255025960810125]}