{"FilterHL": [0.035639428821268894, 0.0409587719744871, 0.012719406365584138, 0.03977638437254623, 0.018716311789928358, 0.04575764446719483, 0.026219330023114416], "NoiseHL": [0.10896873222671688, 0.1313383252232135, 0.11697008912163673, 0.12076306640494804, 0.13265582824149783, 0.17392723020415143, 0.1296553554667283]}