{"FilterHL": [0.0836158335553165, 0.07236675248836671, 0.14985541661568133, 0.02753432537811663, 0.11729470719529969, 0.08146568175163138, 0.13861673129801316], "NoiseHL": [0.3285016951673125, 0.38116880470855097, 0.33788581022015013, 0.3760757363819398, 0.3410850700193613, 0.3561634717512302, 0.3607193506255423]}