{"FilterHL": [0.02268639231994186, 0.1819872948136191, 0.027519805574294086, 0.14497351750838416, 0.0231476712287929, 0.19957121220819907, 0.09621034534467311], "NoiseHL": [0.5301547905775919, 0.41647522378035357, 0.49551324480763337, 0.3965789402070772, 0.4793285707703118, 0.40673748068292215, 0.44608195813253304]}