{"FilterHL": [0.021308194573271995, 0.032691793573527916, 0.031803648995352075, 0.04732708339818323, 0.12184403396565982, 0.08757301334145687, 0.2566386976722649], "NoiseHL": [0.200893020948521, 0.4655944022232132, 0.42815887288987486, 0.47799464595442054, 0.34241880266155883, 0.4862547780993331, 0.5157575011776697]}