{"FilterHL": [0.002826513900576172, 0.004981067037338157, 0.008856300347499967, 0.006587938630749016, 0.0007620120172199198, 0.023127571286707036, 0.030049469927876923], "NoiseHL": [0.2926512564843282, 0.3252483401346166, 0.2740727797870122, 0.3395172657780291, 0.26327132547534526, 0.2692639978571289, 0.25318579756442533]}