{"FilterHL": [0.060193213132303046, 0.0731082555807553, 0.06419282404085254, 0.08933487220734523, 0.0678216022528402, 0.09189014668238189, 0.06311430627022035], "NoiseHL": [0.29952577328530217, 0.28728871659086863, 0.32668355241120717, 0.31601994148221757, 0.2774283849785679, 0.2978490910106487, 0.3241917686919722]}