{"FilterHL": [0.005169432937796303, 0.01641672112665007, 0.007867458598073095, 0.009273484486288999, 0.00585741577681052, 0.010855963479762245, 0.015335546841468565], "NoiseHL": [0.1370748915292646, 0.2741247156132705, 0.11739336601610631, 0.2490673903651997, 0.14415701749439208, 0.2566712238058324, 0.13317613274168139]}