{"FilterHL": [0.014817282315391027, 0.0019635131623183884, 0.01034951826007686, 0.02275123863829672, 0.026253181173568972, 0.037910858070917465, 0.015341545502084535], "NoiseHL": [0.07540843086894493, 0.11972164730833965, 0.10604426138923458, 0.13577109171445798, 0.09492671164610923, 0.14781450176686792, 0.11478921163571966]}