{"FilterHL": [0.0, 0.00047743209144841413, 0.022706929947895672, 0.010596757032246764, 0.0002506495853811178, 0.0025811901252748826, 0.04944081088005149], "NoiseHL": [0.17098527586296225, 0.2120278888000165, 0.2037103983919576, 0.27229459224500496, 0.20467814417459612, 0.22946862650151673, 0.2227639236945294]}