{"FilterHL": [0.03493534756517345, 0.046161947482834455, 0.021056475430177055, 0.03002608392806504, 0.032523613490486415, 0.03178615067880896, 0.016033312998324552], "NoiseHL": [0.03633893874641557, 0.0567103654699709, 0.2285548516193639, 0.25724192578917865, 0.03827731413421242, 0.02786253743665129, 0.21427976673225876]}