{"FilterHL": [0.02950852142598556, 0.05828056325228017, 0.029067222659369226, 0.041971881190498245, 0.05234301525208867, 0.02768270625813978, 0.07169236437894021], "NoiseHL": [0.31524378561160116, 0.23937512019828322, 0.12207292247853951, 0.13321633123149498, 0.287555774553016, 0.2501422851944784, 0.12721883756238653]}