{"FilterHL": [0.026707194930015218, 0.042419506979627625, 0.027966369441231254, 0.030130470309301088, 0.01587123751236723, 0.029553194395499496, 0.029612450637820274], "NoiseHL": [0.14946289459380493, 0.22125934399664288, 0.14780671734747625, 0.21714147760868824, 0.1480066444270322, 0.22558956821719198, 0.17080008229248794]}