{"FilterHL": [0.011098581526059166, 0.03066508315288586, 0.003371939315950122, 0.005086501448678418, 0.012396419185724742, 0.009176163518519577, 0.015546012192284887], "NoiseHL": [0.08592939997091723, 0.08590955391300116, 0.09156220846164248, 0.08616741209587192, 0.10425635724912923, 0.1278686496206358, 0.09947106094131772]}