{"FilterHL": [0.03734744818186407, 0.05140909670505027, 0.04366720442244599, 0.051482231839349926, 0.8255912837172746, 0.027412694247508505, 0.03378660542448954], "NoiseHL": [0.04617329104054413, 0.08402053355375762, 0.05106729034036646, 0.0670022350515644, 0.046188378325022546, 0.053753560924212976, 0.07536811658170404]}