{"FilterHL": [0.04603722581946684, 0.06759570301911691, 0.034110567816491646, 0.07659155808682608, 0.07391158458688085, 0.04717657321000158, 0.028943018408084293], "NoiseHL": [0.2221949460706405, 0.22235037905726163, 0.19443398929851627, 0.20659745007781316, 0.2591434397674101, 0.2565523320922465, 0.20252445724819398]}