{"FilterHL": [0.005119655696971261, 0.0027528169056302335, 0.0031011694982446118, 0.006595152502419663, 0.004718135053895005, 0.004631096754512011, 0.0009180033517593808], "NoiseHL": [0.06274553429234132, 0.12156054346894272, 0.10858838803089872, 0.12960493003744403, 0.0626034910690229, 0.1351108860401202, 0.101543476469748]}