{"FilterHL": [0.004302403234593943, 0.015220377300953979, 0.011215581902324488, 0.0051973435976623615, 0.005969328818445662, 0.008577349751560027, 0.016368892388599232], "NoiseHL": [0.18612740651376367, 0.20592374373678124, 0.20841231057478954, 0.215628522449862, 0.27212479094788666, 0.263408816391857, 0.2749925776715722]}