{"FilterHL": [0.039819826437964084, 0.06258013084561825, 0.03604534773840368, 0.039139851590446154, 0.03026279690723918, 0.03596810105552999, 0.023678268782168575], "NoiseHL": [0.030832975181892094, 0.04238058653135536, 0.03268644977259568, 0.04704318323521366, 0.030602095952610108, 0.035634350795054344, 0.04638614547724684]}