{"FilterHL": [0.0, 0.0539565030941898, 0.013382640325659027, 0.017117545262284057, 0.004096019457162354, 0.039244007935448195, 0.039599527666623675], "NoiseHL": [0.13502822103059414, 0.14095814506960544, 0.1137521306853946, 0.11752809809207272, 0.14737794897420034, 0.13771177914629626, 0.14493080502067912]}