{"FilterHL": [0.023585234268895926, 0.0899814296966127, 0.019669829315968584, 0.03313987449044723, 0.046869807971939084, 0.0963954609331626, 0.08782034767699337], "NoiseHL": [0.32933554489565664, 0.44288157152485486, 0.3355664504339466, 0.43945942811439087, 0.326232488115132, 0.4331127511218982, 0.3010444581841537]}