{"FilterHL": [0.00787932897915302, 0.04001957968311222, 0.027333058678478867, 0.03839740689219759, 0.012074165302721162, 0.03248233384196664, 0.17493738513657608], "NoiseHL": [0.24234450221130893, 0.24355161576560622, 0.25714257124419515, 0.25324501386441506, 0.23644025974434876, 0.25510118717569413, 0.25543938900322793]}