{"FilterHL": [0.034496744118264734, 0.049113890276751115, 0.03275699969833216, 0.05397041249201961, 0.025127644645655214, 0.04025033180761931, 0.04088755568730241], "NoiseHL": [0.054875758066790084, 0.06922089056512842, 0.04387096883453877, 0.05588945575308213, 0.03762481330654341, 0.0770049094451252, 0.04484563860567858]}