{"FilterHL": [0.18992352001254134, 0.014216137411700254, 0.25832388105370496, 0.2611620423827409, 0.19527086641810282, 0.012796733265505712, 0.25503503961282864], "NoiseHL": [0.6053631417196702, 0.3791857385544301, 0.6772991382208645, 0.679299088684108, 0.6130103905257699, 0.3747897766539977, 0.6746388901163464]}