{"FilterHL": [0.019408806283256717, 0.0488351507727339, 0.026315252302023518, 0.04528806739497894, 0.028291933602446397, 0.017005485901392933, 0.04038681734384723], "NoiseHL": [0.14095522807700153, 0.12641436958735774, 0.12881619491645976, 0.1326069211338153, 0.13988130271658514, 0.13730768985514846, 0.1173735982753184]}