{"FilterHL": [0.011979487290343874, 0.03836854560552845, 0.02137468666954373, 0.006426796599099205, 0.014638193092161841, 0.022841860824281537, 0.019768167827404502], "NoiseHL": [0.2395078863869562, 0.31493080355505126, 0.24064368852617601, 0.33203112267008117, 0.24970488109493585, 0.3136629755185223, 0.24862921950505473]}