{"FilterHL": [7.4898916565207e-05, 0.0, 0.0, 0.0, 0.0, 4.804903980707367e-05, 0.0], "NoiseHL": [0.13317431117202394, 0.18514569594605018, 0.1957864663624126, 0.18514569594605018, 0.15562474979979976, 0.19836422482717905, 0.21680194274139555]}