{"FilterHL": [0.0001772075560731656, 0.0, 0.0006570796362778394, 0.00019339618823637603, 0.006116802644755721, 0.00018578664178763761, 0.001408834261169937], "NoiseHL": [0.13129518424232384, 0.277846286164513, 0.2972843603127713, 0.2108191091580861, 0.19186013665193044, 0.294571808286785, 0.30176153952158696]}