{"FilterHL": [0.08555603624003713, 0.05264338005656009, 0.06903231624480169, 0.08605012815958092, 0.08332445490123436, 0.0350086877060608, 0.05623916373410406], "NoiseHL": [0.13286561747926223, 0.13576806208732817, 0.1252993927767935, 0.16568362150780236, 0.13777558212003524, 0.14345297914791186, 0.15604592597175185]}