{"FilterHL": [0.02227293061718254, 0.022641520799321333, 0.02022966793186884, 0.023727281009847813, 0.01739650567588313, 0.023084052305331625, 0.042700781791733214], "NoiseHL": [0.2337477325238679, 0.16754976586403597, 0.22788300377431833, 0.15656668491140582, 0.23897766548242144, 0.16413706953902898, 0.18417712678720471]}