{"FilterHL": [0.026474594623944612, 0.041409758451266425, 0.033237220146069495, 0.033387275591934606, 0.013607171425497812, 0.024849679744669693, 0.027099250340378685], "NoiseHL": [0.07894320399540808, 0.05824563572660391, 0.08198396688669293, 0.0563059864502838, 0.08239134831628495, 0.05211496498281895, 0.05986804706113261]}