{"FilterHL": [0.012135756655003695, 0.03492670341656974, 0.01265005329290482, 0.003026237800306164, 0.2869855281236426, 0.2770663853280559, 0.007574343233642351], "NoiseHL": [0.33424129475631714, 0.37272720873100784, 0.34514143564563987, 0.37698472141257405, 0.36405189904273094, 0.37244526397938743, 0.3665383418396033]}