{"FilterHL": [0.011682298056293911, 0.06731308898297479, 0.034421679171519344, 0.027160681546495737, 0.08054422370821578, 0.096791939751217, 0.07175280289098732], "NoiseHL": [0.11325940600021629, 0.09029362284197574, 0.11443391652093327, 0.13319050658455392, 0.087992229211544, 0.1174157197898197, 0.09952958383646152]}