{"FilterHL": [0.022627049805470582, 0.040942088043298464, 0.09833732585281041, 0.047372888720713956, 0.18772308952495845, 0.16603800624806364, 0.1330565431472421], "NoiseHL": [0.059430489148385536, 0.09320815019715867, 0.10577736670177056, 0.06001381787400435, 0.13962873913764567, 0.1647790472974316, 0.13401084889026066]}