{"FilterHL": [0.0449950175218261, 0.061196996706880544, 0.04242320492878723, 0.03702072076293587, 0.03797034623546012, 0.05969982239828815, 0.060863218230329565], "NoiseHL": [0.071797767986358, 0.06886455942456707, 0.059940111445116594, 0.03873559306043115, 0.06779053412760788, 0.060806266932591974, 0.07747881829002598]}