{"FilterHL": [0.02175809518102977, 0.018001075574291803, 0.022807972229265294, 0.034320615912198975, 0.011167441520600362, 0.015437622667426163, 0.030173146792376836], "NoiseHL": [0.08053853703477801, 0.22474268965735486, 0.10277968665253716, 0.2260973155431419, 0.10950578979318121, 0.22401411395275259, 0.11229824039611885]}