{"FilterHL": [0.0049114643283344524, 0.05060790341277755, 0.025611214527630453, 0.027963509382373422, 0.007599295406053717, 0.012724178502697567, 0.022147119109968447], "NoiseHL": [0.35364412461965583, 0.21917148813963958, 0.19467302733497066, 0.35878727974458285, 0.3783278509558806, 0.25720919625835176, 0.24596089844929353]}