{"FilterHL": [0.0, 0.0010802902968552824, 0.0007094344642521372, 0.0, 0.01222193739806921, 0.025281326918007496, 0.004410641562102953], "NoiseHL": [0.41333255667942487, 0.44335650636772816, 0.3871796652770323, 0.4232371131703468, 0.46167640777834235, 0.4770215473180774, 0.45018393309200055]}