{"FilterHL": [0.021209147547900452, 0.03327038966706729, 0.022513598752338573, 0.0495547268360305, 0.019327996383762473, 0.02805387114770233, 0.03758845485577034], "NoiseHL": [0.02139203612098352, 0.012574104431530333, 0.01734565701486793, 0.042324058283754434, 0.041491881473490026, 0.023539079439134133, 0.027507299460837936]}