{"FilterHL": [0.04966917382728612, 0.03605733253904407, 0.03803031243171996, 0.042487367360503445, 0.033872437134658415, 0.04793481169956803, 0.05104419008004229], "NoiseHL": [0.11876233593720871, 0.1394347845726954, 0.1018535727005102, 0.11131400516844711, 0.10787276117414127, 0.12437222346192424, 0.13174263872990966]}