{"FilterHL": [9.875696242939451e-05, 0.0, 0.0, 3.072572012261502e-05, 0.0, 0.001563247651306241, 0.0006931496298071736], "NoiseHL": [0.13129518424232384, 0.1810062946864415, 0.16347562845929112, 0.1957864663624126, 0.16500333021764654, 0.20838248111736035, 0.2034297098849552]}