{"FilterHL": [0.0, 0.00042163633942304666, 0.00042163633942304666, 0.0030580444372641704, 0.0030580444372641704, 0.027044053627150014, 0.011827371258076124], "NoiseHL": [0.33257992735227315, 0.3383205474006166, 0.3383205474006166, 0.34398982727819466, 0.34398982727819466, 0.37896325629565314, 0.35904736240794594]}