{"FilterHL": [0.004322761527160413, 0.0, 0.028551232811426682, 0.002294868755035737, 0.13631397596357284, 0.0, 0.1382188889270512], "NoiseHL": [0.16972637905049098, 0.2816336424931959, 0.1827381123971509, 0.302650597456391, 0.21475619576863658, 0.29183887160721417, 0.22503313985628148]}