{"FilterHL": [0.026754992632806843, 0.02126013920463613, 0.024749711495681906, 0.0282066689231408, 0.0822223290822725, 0.07617159359746195, 0.07505118175333665], "NoiseHL": [0.17889081803645124, 0.14767396338388541, 0.16848159609765687, 0.1745841636186803, 0.521095986889753, 0.5198620900254408, 0.5289978174919049]}