{"FilterHL": [0.02665391567012084, 0.03948697817539543, 0.006166571077225778, 0.04705600913653853, 0.01959159797232316, 0.019518821883663225, 0.03667511908475537], "NoiseHL": [0.13353931168760572, 0.08234585454458589, 0.10883860970364456, 0.07049352727768578, 0.11670424941112682, 0.06003190337099801, 0.11125849282479154]}