{"FilterHL": [0.024749729046178164, 0.05428307160991783, 0.03312550116755679, 0.03373736409928659, 0.02457529605762091, 0.033564461026631756, 0.03194550915458221], "NoiseHL": [0.03289542595383807, 0.03194288869148365, 0.038899940076093396, 0.03353018275759549, 0.025751761890849385, 0.03540249766781381, 0.04213488236421614]}