{"FilterHL": [0.03455383887116648, 0.03920767881897712, 0.02448813103328534, 0.04712818885797721, 0.07198258294342662, 0.07216134284284176, 0.07952447979873052], "NoiseHL": [0.1979593594627315, 0.2582935067473092, 0.2859561106857966, 0.31279540393099475, 0.19860933824951466, 0.19400869198769446, 0.25583758061935524]}