{"FilterHL": [0.022837092373846603, 0.03570532808771635, 0.02741954724910655, 0.03873324795068722, 0.015859936978579167, 0.05256805809171088, 0.013851309229955797], "NoiseHL": [0.08063045084909799, 0.07480894320607656, 0.08212647114028428, 0.07953247354056009, 0.1264683511277467, 0.13813314368038113, 0.11883977502478231]}