{"FilterHL": [0.0, 0.00011690394804313578, 0.0006481362503011307, 0.00046499048013015095, 0.0, 0.0019269241759476928, 0.0], "NoiseHL": [0.2652269334169895, 0.29997710552629714, 0.2393868301256415, 0.302650597456391, 0.28723702582719046, 0.30618621784789724, 0.272083122635683]}