{"FilterHL": [0.0066910906348141026, 0.02259287913759797, 0.02075319208571657, 0.019205637200140617, 0.013948254919241027, 0.012470080028541315, 0.024597059318783164], "NoiseHL": [0.12255521764962485, 0.09630934007218746, 0.10582124778528086, 0.12685905285298021, 0.13040008825525157, 0.1270892729760829, 0.13361283562566206]}