{"FilterHL": [0.052589685853529695, 0.08879689179966614, 0.08461634784352921, 0.05568321797151881, 0.06452336777153538, 0.0627543092156603, 0.06760296258472105], "NoiseHL": [0.09115548660694801, 0.1165423276718402, 0.10714022955048905, 0.10359879917176024, 0.1118414767661557, 0.0888762580044217, 0.08649050357659192]}