{"FilterHL": [0.0009780829414356258, 0.0, 0.0, 0.0009169302147172787, 0.0, 0.015919706274824103, 0.0], "NoiseHL": [0.29997710552629714, 0.35904736240794594, 0.322560925753623, 0.3908770817240729, 0.3415686218479229, 0.42464124206469855, 0.3683309749787435]}