{"FilterHL": [0.03949313183368359, 0.016741529174304996, 0.04168567791153107, 0.048792308874379374, 0.05821341165776704, 0.031415844292002594, 0.05103798073532834], "NoiseHL": [0.059055904722337266, 0.07973622105291103, 0.09450780328918545, 0.08777184089289575, 0.08533261527595008, 0.0922563612393056, 0.05836255685289294]}