{"FilterHL": [0.0070481670094405995, 0.0023276776223343774, 0.013055465917454021, 0.0014840753456559484, 0.012072267521611368, 0.01093601332755045, 0.012629844493050234], "NoiseHL": [0.12352841721070501, 0.1386648827360293, 0.14575182631497918, 0.1368725446582459, 0.15237709565434426, 0.13317813254854494, 0.15722493370690335]}