{"FilterHL": [0.19319202494201862, 0.2074684530791254, 0.2776716848078795, 0.26489244677879464, 0.6783765277166491, 0.7533878492919751, 0.7371250483348473], "NoiseHL": [0.2828165407712824, 0.28178731693380127, 0.3182164770315565, 0.3317811376217678, 0.3274688948132199, 0.2866441591891809, 0.32620677934721465]}