{"FilterHL": [0.02533943246294613, 0.032444619516416154, 0.02537110126699221, 0.03379168525390528, 0.016776498776084503, 0.02452029214870192, 0.024757028314487974], "NoiseHL": [0.12576663873940966, 0.11771844938820131, 0.09066863074912697, 0.09897183711944366, 0.1224156216753095, 0.13236748255219608, 0.12324626642708293]}