{"FilterHL": [0.004144455666062308, 0.036980657782774366, 0.015910445443430295, 0.05561651736046906, 0.012621047977461919, 0.02943007594832317, 0.031788362984152954], "NoiseHL": [0.18672443058559512, 0.13167322286454394, 0.2083146951503708, 0.14363583790884196, 0.1655907470158605, 0.11968051469185267, 0.17654947938168974]}