{"FilterHL": [0.10631904683579478, 0.07282143952976844, 0.06805724829420674, 0.030873999297334868, 0.07939499970352286, 0.07682411741524935, 0.09312764426978398], "NoiseHL": [0.23021931763196654, 0.2400518369671636, 0.23571143223549404, 0.23589707951233008, 0.23130436093134052, 0.22171164091469633, 0.21854082152780463]}