{"FilterHL": [0.03703552557612374, 0.05361041716474662, 0.016262736645572737, 0.04205500335816869, 0.024444958279307653, 0.03128846682100367, 0.029243124868570357], "NoiseHL": [0.04071692065895258, 0.059782336377230634, 0.042395569437120216, 0.06205783733859629, 0.0518182189348571, 0.03964868897643977, 0.053254639978813675]}