{"FilterHL": [0.007190498011382141, 0.015772816772020918, 0.019506954484473454, 0.017427449759622536, 0.01288214662142407, 0.019874646491963664, 0.037264128611233], "NoiseHL": [0.06691973287342103, 0.11694753659577474, 0.07086266224132333, 0.10564914108986477, 0.08291491962999226, 0.1510837647891605, 0.07416923943769965]}