{"FilterHL": [0.016048690002102458, 0.01802599729856176, 0.030496191509433505, 0.016269579773237598, 0.02431973130337239, 0.020993241731092138, 0.024949081180747016], "NoiseHL": [0.03365554157272337, 0.04833938906248292, 0.05388329178878374, 0.04556991245890267, 0.1017782807933098, 0.11725632253153678, 0.10400422388013647]}