{"FilterHL": [0.08181351934098322, 0.07434586254930495, 0.13861478384042678, 0.18319248957402395, 0.12082164075598303, 0.08928507184074934, 0.16117402661903524], "NoiseHL": [0.1770390631297377, 0.20525105406801655, 0.3024795254739682, 0.29333940722801066, 0.18961318090087254, 0.19271604688993596, 0.32876055773855667]}