{"FilterHL": [0.013470370372697363, 0.001035856334546238, 0.07027791154635678, 0.033537641274960825, 0.0071479030466093775, 0.009537762225442902, 0.059148233059481616], "NoiseHL": [0.2420527406807942, 0.19265590475605668, 0.1922875048754899, 0.24121542932911094, 0.21720203908485589, 0.1711590434205965, 0.19439706767883194]}