{"FilterHL": [0.20826819094100066, 0.3214856573716136, 0.2314539567827087, 0.3156203517217812, 0.47794919787097906, 0.600734951283559, 0.35010304057964664], "NoiseHL": [0.3921110558821341, 0.37279962711001396, 0.40053437992476676, 0.389102194991146, 0.40198909205015043, 0.4200301763008098, 0.39555004764812757]}