{"FilterHL": [0.013914600057442906, 0.04341410623282547, 0.026414956455232657, 0.03794957545420869, 0.02465069464237722, 0.031031870494535433, 0.03424546871993648], "NoiseHL": [0.09794844814766787, 0.09256964963778835, 0.09743855551073362, 0.11487490489280047, 0.1443441156972204, 0.1732878312371419, 0.1451516338645257]}