{"FilterHL": [0.018641256691411236, 0.011267674201388293, 0.0028798928359595765, 0.006368951063547419, 0.03616653039153795, 0.02595577510237826, 0.0260943038954632], "NoiseHL": [0.12763834038811708, 0.13477035914260624, 0.15737909099395575, 0.1783911674295832, 0.19015144706435022, 0.19230268073996468, 0.20858003185746626]}