{"FilterHL": [0.014554196809622711, 0.03624132798453171, 0.014056528395943093, 0.054983555426783674, 0.027403897015643285, 0.03586747391787278, 0.030174809691838455], "NoiseHL": [0.08576336501989405, 0.06787791618334095, 0.07949524138273528, 0.0781228628128924, 0.1278415422682753, 0.11986553863404334, 0.12731193555543968]}