{"FilterHL": [0.018827635324477676, 0.025868996914933964, 0.008818808157675514, 0.027412343737154368, 0.028055024133254287, 0.024811346666961373, 0.031156760260400814], "NoiseHL": [0.06096155914134506, 0.11661878139085799, 0.07236448025800979, 0.10641839563489246, 0.05964598062336352, 0.12389847008893101, 0.08362990421132471]}