{"FilterHL": [0.03916325792991729, 0.03971147309171709, 0.04596121468566283, 0.054596310403006464, 0.03988766694563546, 0.02217260110506699, 0.040661746357006374], "NoiseHL": [0.05044338808486469, 0.06835726211382401, 0.05245305260759178, 0.07832602642608373, 0.06106186307997378, 0.05398052991004854, 0.04582283706344129]}