{"FilterHL": [0.026655865077868067, 0.04827299881331229, 0.01847665503661175, 0.009788201388653984, 0.014102982099532415, 0.015929561055495027, 0.016237759879069107], "NoiseHL": [0.19085382554617042, 0.18211129721216424, 0.1986844420991469, 0.20486590485982512, 0.19691912661880512, 0.17810503210534806, 0.20655180275440685]}