{"FilterHL": [0.10275361433220018, 0.09618973473899825, 0.16705239105401504, 0.1075297941628546, 0.15050033840531782, 0.22916375646253292, 0.12002296257076718], "NoiseHL": [0.17486080876054216, 0.12557622472607957, 0.1561558083775181, 0.15697231454891966, 0.15807606330020477, 0.16264369274417126, 0.13180701688291158]}