{"FilterHL": [0.003924474384820505, 0.02487466624169641, 0.011720120246495202, 0.011534747993016773, 0.008518100432684665, 0.005591553518154224, 0.033384798415295465], "NoiseHL": [0.12360684989211397, 0.1779766403364991, 0.2281755198894798, 0.28652955601489366, 0.11902297705610577, 0.1764432033910906, 0.23162930678776122]}