{"FilterHL": [0.014744813796471579, 0.03025053434343243, 0.008092345090689379, 0.04006127064073656, 0.01575904691952919, 0.011185970922588407, 0.051068728485528854], "NoiseHL": [0.13563178760130032, 0.12078623124957459, 0.08084125019621644, 0.10444015660394658, 0.1378862564546504, 0.13219064673555003, 0.08676534240600871]}