{"FilterHL": [0.009698827286340302, 0.013389501558035323, 0.02468828123020301, 0.0034325505341635935, 0.0046436661618893425, 0.005637373248101417, 0.01289532296443187], "NoiseHL": [0.16548278383445938, 0.1650287800205413, 0.2479361017295254, 0.2469035033470111, 0.11942457656186392, 0.13096086293547637, 0.20751906805742654]}