{"FilterHL": [0.003964064260235256, 0.0012356662208501108, 0.0035744047603658183, 0.0008182065358825855, 0.000849199938402386, 0.0010397474713913467, 0.001146945144926588], "NoiseHL": [0.11942301505899512, 0.16950843122097695, 0.14567520307051546, 0.1781969793463003, 0.17677669529663687, 0.17245022900462764, 0.1996416327232974]}