{"FilterHL": [1.7490963764754918e-06, 0.00018570232594234206, 8.956262028861593e-06, 0.0, 0.1048177723532784, 0.23508228578711624, 0.0], "NoiseHL": [0.4954356373656398, 0.5360880145209728, 0.33586924850133365, 0.5348095654765895, 0.5691740822020113, 0.6053631417196702, 0.47104275297015685]}