{"FilterHL": [0.0299010737215299, 0.01420896362158544, 0.030126368850947983, 0.016888479949860587, 0.07829296814607521, 0.026184043062324393, 0.0354167186020502], "NoiseHL": [0.25263930423504805, 0.21358369495288188, 0.1869615009142656, 0.1068506866051622, 0.2680093144052333, 0.2538228242345282, 0.18698904769692576]}