{"FilterHL": [0.0, 0.0, 0.02408019114176176, 0.011120105435625256, 0.0, 0.0009882122686991014, 0.009189542845156499], "NoiseHL": [0.12350322450529108, 0.15237707995139405, 0.11809282280936509, 0.11084375846067065, 0.1490620996510314, 0.15400905983632326, 0.12549518724446387]}