{"FilterHL": [0.08164552596193655, 0.04050172921325022, 0.060957645645604776, 0.06906456592729732, 0.060236353584421004, 0.0614285423317737, 0.02922785844458371], "NoiseHL": [0.23880645463860678, 0.2477282564667259, 0.3743639224756056, 0.3518064257075752, 0.23363281136698918, 0.2453989006366422, 0.3479576400213543]}