{"FilterHL": [0.004351364127187259, 0.019632657462578213, 0.012869080079262414, 0.006596692255397924, 0.005767136086296842, 0.0060806000357671395, 0.019654649141312378], "NoiseHL": [0.1634766134276063, 0.14223513914081418, 0.150796122268545, 0.16652054275736403, 0.19964454377767632, 0.22150562909333282, 0.19966627320745842]}