{"FilterHL": [0.017810008455563225, 0.02216713086466078, 0.014840832319947723, 0.03603748468162947, 0.014484496770904989, 0.021184911701570348, 0.024111895629219875], "NoiseHL": [0.057010195838267656, 0.0681004311001487, 0.10855459942952549, 0.1171606885714353, 0.07143720119516392, 0.06524666675775775, 0.12245251926575283]}