{"FilterHL": [0.07216465041926941, 0.05191434471120683, 0.06954742620172422, 0.07975030164841637, 0.08513461781778114, 0.05880522547399191, 0.07208701507193517], "NoiseHL": [0.14780061234131966, 0.13178748164299436, 0.14069081429656322, 0.15070871380712098, 0.14323975105161557, 0.15618305325088222, 0.15864480203719936]}