{"FilterHL": [0.048929465574194926, 0.06886188237223674, 0.06893843916979331, 0.07312057799847127, 0.05805727907949334, 0.19519175810153222, 0.05577336352800782], "NoiseHL": [0.2620611437136308, 0.25566397338878055, 0.27283549559893816, 0.302176624231807, 0.2687332749601199, 0.26543364054229684, 0.27630069282709085]}