{"FilterHL": [0.03691481652752181, 0.05183128071787753, 0.024464910285875083, 0.045557814275678656, 0.030654205220231504, 0.023795352061622452, 0.03976551643561492], "NoiseHL": [0.03766834451223592, 0.05394208445304419, 0.016058126659041896, 0.03544382401044785, 0.027049046299035644, 0.014607921142465044, 0.03992655492833947]}