{"FilterHL": [0.04706094216979051, 0.05316362258496493, 0.033574691327983304, 0.049942101499965634, 0.13757738348545323, 0.25080280475902994, 0.14353121207183722], "NoiseHL": [0.15943944573684687, 0.29929716876470946, 0.143311791025667, 0.3216818327950127, 0.15064669863933225, 0.3327747819699626, 0.14911672081316069]}