{"FilterHL": [0.0033473018293198233, 0.006362197467898315, 0.0, 0.0, 0.0, 0.005534275536361472, 0.011321633678520168], "NoiseHL": [0.32843355267654617, 0.4232371131703468, 0.37896325629565314, 0.38420521071217134, 0.38345924946823057, 0.4211259772110817, 0.4337063337698549]}