{"FilterHL": [0.0, 0.0, 0.0, 0.0004961581838337978, 0.0, 0.0, 0.0004961581838337978], "NoiseHL": [0.2108191091580861, 0.24474362140675346, 0.2108191091580861, 0.2541370758203428, 0.23502440593598806, 0.24895644450841764, 0.2541370758203428]}