{"FilterHL": [0.026930670261364725, 0.021684159134999367, 0.011704714902391363, 0.035331262575101725, 0.0093746093441708, 0.03556227430645278, 0.02689283497550999], "NoiseHL": [0.04751668251782682, 0.05582865131032016, 0.04566273051250266, 0.07562627176504648, 0.055120289498335015, 0.06099964027236656, 0.05985613025453309]}