{"FilterHL": [0.01432840284343573, 0.024850874417438273, 0.009284882542592864, 0.01215402091439346, 0.022011452867471342, 0.02855062884221133, 0.023754981140906434], "NoiseHL": [0.06438248672893417, 0.05608893019931275, 0.07041972441927831, 0.0591094696580213, 0.12526659269605475, 0.1400461742262055, 0.13485815418926042]}