{"FilterHL": [0.03138019899555766, 0.017464207333236267, 0.01796436561413927, 0.03666642402687632, 0.01364557808806527, 0.0229073238262464, 0.03300347692487727], "NoiseHL": [0.18270686146624615, 0.17000923407411378, 0.19648696854646447, 0.184602634217262, 0.2094749763416177, 0.22084477494545213, 0.19308908760002516]}