{"FilterHL": [0.006561205557814049, 0.012029102157189343, 0.006116299833098021, 0.005548616329144995, 0.006557697913082713, 0.0021489184873956057, 0.01545921350053417], "NoiseHL": [0.10468348727957465, 0.1557734915923565, 0.12162602425241965, 0.17836330206464948, 0.11116646083782837, 0.1461824429202227, 0.13510607299579658]}