{"FilterHL": [0.013805238721727077, 0.04999796146643041, 0.014257447358177657, 0.04242213148687433, 0.02764965965968664, 0.032704861666272844, 0.011618092103515316], "NoiseHL": [0.11241017232482686, 0.11371274477737311, 0.117361772407516, 0.10047125436962041, 0.18254342570341414, 0.19785893207056185, 0.17339555924282518]}