{"FilterHL": [0.009963915728514343, 0.011792980901048758, 0.017123826367167434, 0.0035334177533041197, 0.02077741852132258, 0.030608749989541377, 0.019420798463974147], "NoiseHL": [0.14628654701242405, 0.12965904838543765, 0.16470043301222975, 0.1681680806338911, 0.20670118481703717, 0.24346797069745238, 0.22203881572867437]}