{"FilterHL": [0.0368558685955987, 0.054550294067328024, 0.03557668090192518, 0.04442059913808716, 0.07021848866670063, 0.0668479145693406, 0.07094358564159553], "NoiseHL": [0.02542631782043944, 0.06162430031101067, 0.06623973378390897, 0.06313744212283537, 0.05000446418021227, 0.042149247212398815, 0.05513711669890689]}