{"FilterHL": [0.002784641755067283, 0.019599640018099843, 0.003236175010288703, 0.025222386200586068, 0.038072475643806974, 0.07318409130825962, 0.054412334073559866], "NoiseHL": [0.19538505945527734, 0.20647524886913904, 0.19804577901805506, 0.22668677559958544, 0.16327051207652132, 0.17238607658964678, 0.17637338018588516]}