{"FilterHL": [0.046649453483442564, 0.05854372333968544, 0.03352777238059761, 0.06393136562051822, 0.01823438452905853, 0.06027848395487241, 0.1501418985331951], "NoiseHL": [0.06605034138419978, 0.0649246560785875, 0.10521398940033787, 0.12200851400684627, 0.05524174359382487, 0.05597949904205649, 0.089581867367298]}