{"FilterHL": [0.006411244122566855, 0.01738351719521677, 0.008760362969625042, 0.00740019861669102, 0.006102653610126814, 0.006588220514530977, 0.01696897519297079], "NoiseHL": [0.26128184040567665, 0.25426053455532427, 0.38799046340134513, 0.39462105063753256, 0.3923961075546247, 0.40186269564371363, 0.40991824974117624]}