{"FilterHL": [0.0858241588371062, 0.17517094630960606, 0.11916823849979756, 0.11579049340451643, 0.05703719870225834, 0.12240978582684718, 0.17301950737560703], "NoiseHL": [0.35025999796773755, 0.3895831678291407, 0.357853202206125, 0.4372789285902428, 0.3772602283705802, 0.3852829787125527, 0.39963647808424524]}