{"FilterHL": [0.014688427107649069, 0.010238383747818283, 0.0014737419123845138, 0.004089651566528004, 0.0673969256831682, 0.08209973321482539, 0.12288511935861683], "NoiseHL": [0.40435023028348366, 0.3653399912462331, 0.345326053673873, 0.29398530454674415, 0.39327990592218853, 0.3213009398107967, 0.30285758284955017]}