{"FilterHL": [0.028287998242021387, 0.02438654809846426, 0.021999119543658796, 0.03366050091274685, 0.068199283120923, 0.06386169340317528, 0.0710058016054064], "NoiseHL": [0.2171774864025098, 0.21939172419537453, 0.22634884591867907, 0.23757146214463296, 0.28663127735625404, 0.3143840517599232, 0.2864114680679867]}