{"FilterHL": [0.0, 0.0002821662287803063, 0.00013441907625165927, 0.0, 0.0, 0.0030315887381511687, 0.0030315887381511687], "NoiseHL": [0.13129518424232384, 0.16801938030584954, 0.14567520307051546, 0.16500333021764654, 0.1572246532975914, 0.17960676365291375, 0.1796067636529137]}