{"FilterHL": [0.01582833046337813, 0.018743486511858896, 0.029122863502596186, 0.038517298657953065, 0.029916370620823435, 0.019133936026602315, 0.022205805046253874], "NoiseHL": [0.11378565308194738, 0.18639936413451788, 0.11065329685434641, 0.17832299711613, 0.08843708891578175, 0.17007947298432838, 0.14597458495796892]}