{"FilterHL": [0.2586432134711337, 0.2463689669806859, 0.23905194726409537, 0.24300318191201506, 0.2626413321223821, 0.23591097247332513, 0.2896608361907795], "NoiseHL": [0.5224928647296685, 0.5058915008323871, 0.5872422329260226, 0.5694920634172778, 0.5346013507888487, 0.5065826943536722, 0.6006257632670277]}