{"FilterHL": [0.03788789375664242, 0.039328105238529476, 0.02769589359504241, 0.05375586880492578, 0.028377705356539173, 0.046092009634105716, 0.05101731483351162], "NoiseHL": [0.030741682676591914, 0.03557507721798502, 0.03369938375284436, 0.033301960355292225, 0.035083919599076516, 0.052238020910192536, 0.04614321624386878]}