{"FilterHL": [0.01699144349544168, 0.04971129265633392, 0.011795468003858169, 0.036967380789113886, 0.014918316037726191, 0.022198460511807704, 0.0235989838071693], "NoiseHL": [0.07268331339970158, 0.1738371465373577, 0.08623763521641134, 0.09022255876395222, 0.07896572300430944, 0.16360683189110378, 0.0880279737864669]}