{"FilterHL": [0.05509604245412637, 0.08079627088064754, 0.066735703546781, 0.04188016761122028, 0.18571022456665662, 0.1949582239096813, 0.20778112153444284], "NoiseHL": [0.30714884761684486, 0.210709756522965, 0.26878988439977847, 0.14544873105808542, 0.29045508247561613, 0.20169043339311668, 0.2596365859279706]}