{"FilterHL": [1.5531284245142808e-05, 7.479353828975743e-05, 1.321316046021755e-05, 0.0, 0.0, 0.004365792944829179, 0.0], "NoiseHL": [0.12549508256710148, 0.15237707995139405, 0.12745679692125242, 0.1507282797138842, 0.14044858014632036, 0.17390359233227098, 0.14395320073022042]}