{"FilterHL": [0.01904084553673945, 0.01862838474306168, 0.014120577749110977, 0.03778338469447795, 0.06324554890828422, 0.015775811564884622, 0.02806125513661052], "NoiseHL": [0.10582835632086035, 0.17349663857822228, 0.0899958483992528, 0.16859355421141278, 0.1383759631324622, 0.17324240644166317, 0.12923547866772647]}