{"FilterHL": [0.0, 0.0, 0.006273081176445737, 0.009563539959579597, 0.0, 0.039632738109472994, 0.007853275982012629], "NoiseHL": [0.34719885517251775, 0.516194331483702, 0.4047912027895154, 0.5392815986389776, 0.3938189753398941, 0.43175396732982124, 0.3952872363520685]}