{"FilterHL": [0.02714689317764888, 0.05721680672503491, 0.0417799774177029, 0.033752569070927156, 0.028354239362516097, 0.032210598284388915, 0.04112679493067792], "NoiseHL": [0.05799723550397861, 0.02701474954135939, 0.04916947984336043, 0.027811908734214994, 0.05275003758618746, 0.03568542081045766, 0.04830883373378142]}