{"FilterHL": [0.026355039634272603, 0.042041861748494974, 0.03414819312686752, 0.03610008585825068, 0.04105965808283821, 0.08124093636992719, 0.05924409961185681], "NoiseHL": [0.17846193252048964, 0.2130174893754606, 0.1844764186107906, 0.20415825799761533, 0.17178425872386033, 0.1529845317337719, 0.1561111314421637]}