{"FilterHL": [0.026844484531692532, 0.05300615235870064, 0.03622688725229122, 0.04667756212100432, 0.026306727448058634, 0.041089286664690756, 0.020840963080664784], "NoiseHL": [0.022035770005059012, 0.043945048959414354, 0.02889064498881259, 0.0401792118649228, 0.03457518224099532, 0.04971719917458534, 0.03475178831869222]}