{"FilterHL": [0.011223217907083655, 0.009529305154115927, 0.019252718064842456, 0.021892267294657347, 0.021333214097944878, 0.012871817180325009, 0.025026756391661208], "NoiseHL": [0.1047168027338802, 0.1079116730559297, 0.08007300080646014, 0.06513270866012401, 0.09413195248815304, 0.11275441140119578, 0.09234654327557908]}