{"FilterHL": [0.10446417764362323, 0.11837242404485686, 0.035043753225867794, 0.054194737967115915, 0.1545873146998357, 0.13008900508122562, 0.13585400255440658], "NoiseHL": [0.3306389157770218, 0.34307771229269957, 0.359993740222522, 0.35286942773194474, 0.18777468084345506, 0.20111758544103045, 0.19047508509788513]}