{"FilterHL": [0.031330127687849464, 0.048982334454628566, 0.030315691549034848, 0.022268694903338278, 0.02603859836897386, 0.0497150236721607, 0.031817809790485575], "NoiseHL": [0.21999574317513043, 0.25870047219927383, 0.26831736693886227, 0.30125030971277483, 0.2407448871135828, 0.22938363434701803, 0.28454776859105235]}