{"FilterHL": [0.018284669784332207, 0.02126345188698331, 0.005604153890149309, 0.004427658235221817, 0.04455332919512874, 0.02713058319040889, 0.017448117990791788], "NoiseHL": [0.09921585998716025, 0.09886627701154944, 0.09812271589738758, 0.12694910555853275, 0.09749707356632946, 0.09727941457772211, 0.10062826190049214]}