{"FilterHL": [0.0010850864865402895, 0.026831887373768612, 0.005135327000070842, 0.0040971080897848015, 0.00971451990930233, 0.01328109326574124, 0.03771062373635688], "NoiseHL": [0.09369317211731015, 0.1885825916635746, 0.10685865753298235, 0.1803294981772496, 0.15131487747696298, 0.2194373689285989, 0.1590902015468507]}