{"FilterHL": [0.009362950970621106, 0.04324392805751245, 0.023959382998542087, 0.034428408207968164, 0.004733407343446818, 0.010876240709418674, 0.024971874959883733], "NoiseHL": [0.2583461896305369, 0.2685064918996111, 0.29371111336923944, 0.2855903235110824, 0.26866619386120355, 0.2920621886190192, 0.2756879820457724]}