{"FilterHL": [0.3796725777991353, 0.03312378586666023, 0.20493044347566808, 0.03074498851219984, 0.31631112472900075, 0.0894595544738471, 0.4406075645972798], "NoiseHL": [0.46947042689887397, 0.26833738336651414, 0.50647906528239, 0.2731176290415318, 0.4985199056971429, 0.28619806638720896, 0.5248206278132334]}