{"FilterHL": [0.0, 0.004606765434323968, 0.0, 0.004832447047258578, 0.009736227699491735, 0.0019390746102203214, 0.007400015778775893], "NoiseHL": [0.1422112410749228, 0.17337504225922012, 0.1665177944500141, 0.1784509615185978, 0.20788961968394526, 0.1957864663624126, 0.19996114272514404]}