{"FilterHL": [0.013010992835902225, 0.04560785192850174, 0.0010001409859692093, 0.025495582794805, 0.16856951719845312, 0.1382746417300745, 0.07856243776068854], "NoiseHL": [0.19090463831881754, 0.22996835228191023, 0.20628197513271945, 0.23831609745098384, 0.1510126436271848, 0.14142529757732306, 0.15641675598242816]}