{"FilterHL": [0.027285718275083276, 0.05434318002705129, 0.020747899889731823, 0.07728978070249029, 0.02939255694391892, 0.05092030654967274, 0.028184104240250547], "NoiseHL": [0.07520452631912886, 0.09732674722979824, 0.0469503003916495, 0.12640579412175756, 0.06770801937170944, 0.12527852541175336, 0.07435995922448851]}