{"FilterHL": [0.027488886851266336, 0.04539841443174237, 0.008912662761355411, 0.09979921379018912, 0.01490981865899824, 0.02205732707070997, 0.07197308260436792], "NoiseHL": [0.19024621385835083, 0.1756522785448259, 0.280449113239969, 0.2814376048235569, 0.1698502927106577, 0.18924615739997358, 0.26377662267356183]}