{"FilterHL": [0.03510153250247127, 0.03169773960619261, 0.016039070377950864, 0.03584015840523741, 0.017810664820620662, 0.0212967558042275, 0.040402233559760324], "NoiseHL": [0.15744017066982394, 0.1717539837367182, 0.1526097634161957, 0.2150790436813345, 0.174538528783466, 0.19998493564283643, 0.1721064789068544]}