{"FilterHL": [0.01438714312986463, 0.027190417445307147, 0.0032843874229618684, 0.01251996990619222, 0.08323829717536986, 0.09832375025780982, 0.08174942346138366], "NoiseHL": [0.3209426593642181, 0.3234585530954729, 0.29432816714332133, 0.3011173080553935, 0.452053522279069, 0.4667306597801062, 0.4412101361241225]}