{"FilterHL": [0.022716168982960597, 0.017173448027158245, 0.012394655278037011, 0.024433286168577793, 0.006366501238640894, 0.014154320882121572, 0.02366952698574039], "NoiseHL": [0.07487095549378361, 0.0625833235955751, 0.06180867296686333, 0.07283302645850932, 0.05001010958159104, 0.0736405592821596, 0.061754399771258954]}