{"FilterHL": [0.08518111667655126, 0.07701919849527566, 0.08398046435329061, 0.08817993281179787, 0.08640231191486283, 0.09144773932108619, 0.07800631472286275], "NoiseHL": [0.22286141634569337, 0.20555202427328453, 0.23249900665820655, 0.22068545432463937, 0.23452544046269794, 0.2505974942175173, 0.23926278997932227]}