{"FilterHL": [0.04134144289431444, 0.06493088756844591, 0.06582627789843662, 0.05973781507248254, 0.04363570095369986, 0.03502979286701833, 0.030195486529278285], "NoiseHL": [0.2583622798532835, 0.2378208764157859, 0.27131798631900766, 0.2177005938827047, 0.20466482162159333, 0.30984255409633354, 0.21352677739077014]}