{"FilterHL": [0.03362482050482973, 0.038555596841476476, 0.02596232879554897, 0.04706712198848755, 0.027056165770345614, 0.03769495282430201, 0.038908144537901264], "NoiseHL": [0.021080495862150935, 0.05542701001201972, 0.05183994322913802, 0.05219145525843715, 0.034181839624901574, 0.06140850659008831, 0.058696151675916]}