{"FilterHL": [0.029360809933845905, 0.03743082547224145, 0.032680409356072096, 0.052121332021639794, 0.04177941046750927, 0.03930169993829127, 0.06850268719673254], "NoiseHL": [0.03673524768351096, 0.06473130043371628, 0.06421675402680069, 0.07426720494594477, 0.04377213461922055, 0.06739323548837305, 0.06638005113060758]}