{"FilterHL": [0.11623162634150547, 0.08153218737192444, 0.0798304993677256, 0.3863276232866936, 0.1849195320979747, 0.6920990050116143, 0.08880108746529632], "NoiseHL": [0.5656581257676656, 0.5549702682962513, 0.5587070514737086, 0.5859371329803453, 0.5749750681227063, 0.6081613092563388, 0.5633134162664529]}