{"FilterHL": [0.016415432442920864, 0.02256652202501364, 0.013907182939929891, 0.03900139887097306, 0.010994744220898108, 0.023666391402122136, 0.03042255543237941], "NoiseHL": [0.1454266306643, 0.14771634877924467, 0.19416286406169725, 0.1863919094430434, 0.16072221066911138, 0.14565306993850433, 0.18483335056375955]}