{"FilterHL": [0.007872097447121472, 0.04478821364210282, 0.023905320556279166, 0.011353341759770123, 0.02572043038291235, 0.012705458523666094, 0.03109622765726107], "NoiseHL": [0.06338600039976032, 0.05121614774252087, 0.07139029885132764, 0.06009710247936249, 0.05636628274035812, 0.07507888302969146, 0.06808220582397026]}