{"FilterHL": [0.04212909313826637, 0.015314315202759532, 0.04475819634696853, 0.020349075042549777, 0.03999927515426287, 0.022941915116939382, 0.0293345721555512], "NoiseHL": [0.23610300687399802, 0.3218241301368307, 0.26204313294487197, 0.3637201547253618, 0.24482187340295639, 0.307065086819715, 0.2704571597128274]}