{"FilterHL": [0.008426926169597304, 0.030185196406136032, 0.002570896341303059, 0.011252452777312598, 0.00509582019033906, 0.026674275074259075, 0.010021944404185574], "NoiseHL": [0.16323808151714436, 0.21358527778809192, 0.2098880966227356, 0.25636268264091505, 0.1697742644050951, 0.20106717761937806, 0.21800919561099633]}