{"FilterHL": [0.0308326712738596, 0.015399153715784276, 0.03972197897217019, 0.012981860343798297, 0.04651733397589273, 0.040770804723529036, 0.03588651404837674], "NoiseHL": [0.1455366707744562, 0.16423600225190216, 0.18849821747902878, 0.2114345887807085, 0.11804306822036717, 0.08704678053997592, 0.1961539690021332]}