{"FilterHL": [0.017723613910780412, 0.06344466490725363, 0.037648138355456634, 0.04806531545799354, 0.006308390898894, 0.14857835672347364, 0.015927496181069725], "NoiseHL": [0.26243588842810733, 0.31588197891690895, 0.24984943259782347, 0.41447466090322205, 0.27499943426901896, 0.3814892251359552, 0.2834765779863897]}