{"FilterHL": [0.019800182150386036, 0.04189395549109322, 0.02429225490319814, 0.03341203227878657, 0.008345200718431393, 0.0260429664924786, 0.033079058569757756], "NoiseHL": [0.05514632171765702, 0.07276343171704425, 0.0889324951079239, 0.11240823130681275, 0.07415831887000497, 0.06868622933294843, 0.1011754173717296]}