{"FilterHL": [0.032446402315468074, 0.029330308708029437, 0.047627787528214574, 0.03877433687082423, 0.020098781162301103, 0.03813534384882048, 0.06307768998500575], "NoiseHL": [0.12569687436895297, 0.13876758345892695, 0.13951965183554849, 0.160493057928745, 0.1389357834101811, 0.15745069487480534, 0.148264871408776]}