{"FilterHL": [0.029568029169558165, 0.058965020903465816, 0.16600002551045126, 0.05600974091659017, 0.04579833144307265, 0.0404241878983126, 0.19011219366663826], "NoiseHL": [0.046139024353823714, 0.033042146851484565, 0.16333878273013716, 0.14251044654521974, 0.05961797800122429, 0.049509957342726715, 0.15792126410929536]}