{"FilterHL": [0.059075255627029435, 0.10827172049143084, 0.08597857009083117, 0.08067166508267588, 0.07946197628190642, 0.09415426703244298, 0.0749734076484097], "NoiseHL": [0.09748612239631181, 0.14719174306584698, 0.12286792305689202, 0.12363515487413297, 0.12900254916616613, 0.14363164746536727, 0.12992182018317727]}