{"FilterHL": [0.0004489432337591746, 0.0, 0.00014712888140250963, 0.0, 0.000760738365996338, 0.004308416334061538, 0.003986019751840342], "NoiseHL": [0.17245022900462764, 0.16950843122097695, 0.17098527586296225, 0.16801938030584954, 0.17390359233227098, 0.18920084887799915, 0.18785815120172258]}