{"FilterHL": [0.017726566675297005, 0.04276479724362952, 0.023362531325415797, 0.013269005490166144, 0.015459059096243627, 0.07875218308856437, 0.18621822402494204], "NoiseHL": [0.28895739260390013, 0.30268962471094196, 0.30462399250806965, 0.31305829638846494, 0.3131447730465309, 0.30007422497599534, 0.31143312799686845]}