{"FilterHL": [0.11741701790376743, 0.11402136709782901, 0.06355949736673792, 0.05042763378985419, 0.11082573950606917, 0.09764656252285388, 0.11363923860652152], "NoiseHL": [0.14577466231337483, 0.1345105750540507, 0.06171839579624148, 0.04350310627728456, 0.1218437294062848, 0.12230084410742242, 0.08507909540422189]}