{"FilterHL": [0.010559759571805048, 0.020690674608156892, 0.0009147639697733561, 0.0012699612999399943, 0.00893275696265766, 0.004838057806535475, 0.021780664288660326], "NoiseHL": [0.1651463695813536, 0.15973793538254666, 0.15860953639898878, 0.15401988367081082, 0.17731054855883432, 0.1522152287590666, 0.1836764243353846]}