{"FilterHL": [0.018094060676833827, 0.039918492284709194, 0.01314909590577385, 0.012204440538932274, 0.02327920450055243, 0.010052231363448431, 0.04296110732015665], "NoiseHL": [0.11912377021658271, 0.13004245158895691, 0.15133058706071034, 0.15229548641905932, 0.17078651970390038, 0.196768890748899, 0.1728395186098777]}