{"FilterHL": [0.004718646257003384, 0.03212109325933448, 0.01722584885598212, 0.013936128061483803, 0.00734961670760551, 0.008878592394113318, 0.018882059493720398], "NoiseHL": [0.18114994342106194, 0.23281790982079598, 0.18974319904083692, 0.27401547042543073, 0.19059135145380182, 0.21212571529628094, 0.20746876859309665]}