{"FilterHL": [0.047198065815418154, 0.03806307881561395, 0.05476611240855115, 0.06675843103784815, 0.05581586094380132, 0.0521121389931615, 0.040758194067854095], "NoiseHL": [0.1949077206845806, 0.20800859052271592, 0.25914439756244434, 0.25077697822014583, 0.25973397470094123, 0.2524667710000021, 0.21472887442385843]}