{"FilterHL": [0.00451693255273061, 0.04716573695972095, 0.06192513497953097, 0.0004693977377285758, 0.008979310790237128, 0.0567412059034602, 0.039420049067792694], "NoiseHL": [0.31916807257306506, 0.26246405079083435, 0.2664558104142087, 0.2034297098849552, 0.32843355267654617, 0.2664571500022059, 0.30596369344789254]}