{"FilterHL": [0.030448796913540622, 0.03426403792201767, 0.02092426656202772, 0.02252649437916729, 0.026951641282945662, 0.01561556235989577, 0.04052855764506607], "NoiseHL": [0.08551542915070436, 0.13751064953893952, 0.13844761392114924, 0.15010423939960585, 0.10255474131130278, 0.11538431524025466, 0.15897630613371175]}