{"FilterHL": [0.02920174660353866, 0.05559281698414879, 0.04047788715284464, 0.05943416495227299, 0.0729540283220596, 0.06418783419655757, 0.11599420160834496], "NoiseHL": [0.17457109536122942, 0.09972385646291256, 0.1669233528605302, 0.12043689918555159, 0.15605502066038193, 0.07703943093340662, 0.1652286937556777]}