{"FilterHL": [0.031038741508356876, 0.04755107431219303, 0.03262840889592992, 0.025381006669641347, 0.05457104169569769, 0.0517048024604147, 0.041699644063208065], "NoiseHL": [0.033482047215745006, 0.05262134594112737, 0.020472821301131917, 0.04973413366814249, 0.05964572798294856, 0.0558956331711164, 0.04197696467442434]}