{"FilterHL": [0.004041192141276718, 0.034595688888026326, 0.028139316505168342, 0.023380038509011346, 0.014925462265606652, 0.010184617167987933, 0.02320740974428271], "NoiseHL": [0.14429810720267597, 0.15957711649054995, 0.22289352987386155, 0.22081706513345012, 0.17856331622534338, 0.15471964058173993, 0.22669828314286902]}