{"FilterHL": [0.02762074121387753, 0.017596990836133072, 0.020559721970119967, 0.016165924050649382, 0.020087967803127688, 0.04399563492134034, 0.04248391439876934], "NoiseHL": [0.2507772915429251, 0.33644844192552126, 0.23272798272122075, 0.355287289186247, 0.3085690380103058, 0.2707867585879407, 0.2955039272588974]}