{"FilterHL": [0.015854323437500886, 0.023267424938186478, 0.008300035127827768, 0.008869806643169588, 0.008141583337782653, 0.004032209198219871, 0.0013527926816962904], "NoiseHL": [0.13827256954210707, 0.12941111983378173, 0.15021916215496972, 0.16803535126041985, 0.10988343817763371, 0.10643604527974379, 0.14284471940569043]}