{"FilterHL": [0.05797255072432184, 0.08501449727803959, 0.5315194868122474, 0.11312913548701296, 0.05857043623008004, 0.08496817489253725, 0.10344686638584925], "NoiseHL": [0.1598188165358981, 0.26240732618506274, 0.14803367178099372, 0.21276983748762102, 0.16769218072684758, 0.2118656855803186, 0.16779962487126276]}