{"FilterHL": [0.02591868906424812, 0.03893598268401219, 0.017686900879036942, 0.04490428823450707, 0.008786355237995465, 0.05756128172988159, 0.015429398689677458], "NoiseHL": [0.15027404427750532, 0.2395771687086312, 0.1603572218651195, 0.23641641828985385, 0.18235847863474852, 0.23213723466869476, 0.16208821141412066]}