{"FilterHL": [0.0329269598770405, 0.008179656630410526, 0.02509673435789729, 0.0024824553397468697, 0.017066947104187897, 0.01729978960402023, 0.02993930048197403], "NoiseHL": [0.1553250423148918, 0.17235280840293343, 0.18302609373596523, 0.20424060850954168, 0.21834437860160635, 0.23174452816207353, 0.2412097986798196]}