{"FilterHL": [0.024773009846864164, 0.013537637591365894, 0.011718177275106847, 0.03032081817411372, 0.014465700366564627, 0.019933498563809986, 0.037851148315632396], "NoiseHL": [0.21894095799445762, 0.19985127375912248, 0.18796432729027593, 0.19594980394719588, 0.16635626883386234, 0.16612307210589666, 0.18722258622731514]}