{"FilterHL": [0.04161874011485552, 0.052556311251972895, 0.044453645709242776, 0.02482794982168517, 0.04904922052024218, 0.03733717177340276, 0.052467865621067374], "NoiseHL": [0.09757831986181091, 0.12576992254629812, 0.13468739872156577, 0.11903581901432268, 0.13341320879661195, 0.11455833312851217, 0.14574067255725923]}