{"FilterHL": [0.02583103595169988, 0.0416591270604779, 0.02621745640532684, 0.04504122046481406, 0.08341963915768355, 0.07177632507959106, 0.0959966292158411], "NoiseHL": [0.04885043975491321, 0.05319277295841307, 0.04496325940325715, 0.03226397830540848, 0.04928730597637158, 0.05785023566454713, 0.06522888324341612]}