{"FilterHL": [0.18119643906496957, 0.17655829760177033, 0.17099201578078066, 0.12170635033738193, 0.13254187779407142, 0.19414599017990772, 0.12389525282504635], "NoiseHL": [0.4880326778550053, 0.46192578858576355, 0.4862159006689959, 0.4744080831354355, 0.31700795612860555, 0.3061333244938365, 0.32222340570387914]}