{"FilterHL": [0.00013035114376874925, 5.226228528901185e-06, 0.0, 2.9398037949619466e-05, 0.00553060108487571, 0.0043679769955871596, 0.0021254568119368983], "NoiseHL": [0.1753456551944575, 0.20838248111736035, 0.18920084887799915, 0.2071544063142342, 0.22946862650151673, 0.22607708161584836, 0.21915374002515098]}