{"FilterHL": [0.006964559291139896, 0.029392637165929773, 0.0008365314111323427, 0.009443306495604055, 0.01625912909908938, 0.023902635189240254, 0.012168163783753972], "NoiseHL": [0.0737043101754391, 0.12148674863370847, 0.11734693228859339, 0.15408853711926868, 0.11002958397197812, 0.127672685596233, 0.1280186628104515]}