{"FilterHL": [0.020135626460491645, 0.01743804834227608, 0.019433477693641767, 0.023661008795608392, 0.014813028563758697, 0.012966018918436236, 0.03234007314891081], "NoiseHL": [0.09395762441043023, 0.0943637938128952, 0.11884860210369506, 0.13734592643681756, 0.12614022712159417, 0.14548809493994336, 0.1273166987780767]}