{"FilterHL": [0.020148301872503986, 0.056842979811598734, 0.031442833009017734, 0.043900515997505773, 0.022521174259849876, 0.08102589266598981, 0.037029754903527556], "NoiseHL": [0.031873373283552026, 0.06869653208790648, 0.04089251869542651, 0.048848073820993536, 0.03697926473259925, 0.06700036295118328, 0.031947364511215305]}