{"FilterHL": [0.045540095961814395, 0.034255606230143905, 0.03742012867473462, 0.0482051658375383, 0.04454123837890247, 0.02503488002727185, 0.02225766155734088], "NoiseHL": [0.160977339247936, 0.24765131973502308, 0.17699343759058828, 0.26675849037841165, 0.18815304636787938, 0.2562100953336584, 0.22542829567671913]}