{"FilterHL": [0.032746721994162606, 0.02267882662388429, 0.017474045144228234, 0.037026130076985304, 0.01361267173832668, 0.020977592865224375, 0.030278678623857875], "NoiseHL": [0.022275589384918432, 0.09402368608472847, 0.04563996541419097, 0.0968549726152617, 0.044635248378716345, 0.09958072797228361, 0.06371119126142973]}