{"FilterHL": [0.047614649452231914, 0.05869242755344735, 0.01719495351207617, 0.0073042853612503515, 0.056271323281496796, 0.03292020864838188, 0.049507546202245], "NoiseHL": [0.4199081029610784, 0.49099930521043594, 0.44084963284066697, 0.4654506733710249, 0.4803942076160388, 0.4960879699566732, 0.49645396352932925]}