{"FilterHL": [0.0011615306896393474, 0.09953457977496918, 0.0, 0.03207976245904271, 0.2686605399528692, 0.003820882949642928, 0.07687854888701191], "NoiseHL": [0.24790907888765304, 0.36747431123364754, 0.3698625321544197, 0.3835869369303095, 0.44011142382504903, 0.3996616021907821, 0.40780312758823895]}