{"FilterHL": [0.025926619931891808, 0.055766616504926016, 0.01847002309442668, 0.03139281824319186, 0.0541959054521034, 0.03932613849387554, 0.02612173479830636], "NoiseHL": [0.31087776707361336, 0.3166304861577217, 0.3456394698899025, 0.3329574163483326, 0.3418881343732409, 0.32282823088056495, 0.3351736752230871]}