{"FilterHL": [0.02458816238991893, 0.029315358945408525, 0.007554183057699244, 0.006521249713153946, 0.00987224591336302, 0.008781599827849693, 0.004608893991388318], "NoiseHL": [0.17513290209046034, 0.2017507284418866, 0.19055974896068797, 0.23963428572486467, 0.17101405025244873, 0.19859116025584983, 0.20592970332142424]}