{"FilterHL": [0.007863962070981055, 0.013465606989864307, 0.009978683709748807, 0.005805546100433815, 0.02341361855639985, 0.00600728692212312, 0.004258483143545784], "NoiseHL": [0.2120291301370159, 0.2275431332227022, 0.21325957475722904, 0.21919711201675104, 0.20790163214853244, 0.24049707856420655, 0.23287069209553304]}