{"FilterHL": [0.02728939846423453, 0.08203548859139295, 0.060239352393211196, 0.08725537412013351, 0.03150762421193816, 0.068218315572216, 0.04785111029504989], "NoiseHL": [0.2215665648565564, 0.29231061550584353, 0.2100311982734566, 0.2656617103485888, 0.2447589782934554, 0.2694448842769611, 0.22175841409372904]}