{"FilterHL": [0.030594272880866982, 0.02559338008403834, 0.024009765529387477, 0.014836754622934685, 0.03152420992391478, 0.03292170323666054, 0.020582401005647264], "NoiseHL": [0.20043633253152382, 0.19792967242403728, 0.152532055817766, 0.1641256490301962, 0.19897823048547364, 0.2223075273629382, 0.1829908981189869]}