{"FilterHL": [0.03659275024012904, 0.03968049969883152, 0.01726648192963507, 0.02613079390464203, 0.028252750431504242, 0.023765737307993202, 0.01502802539121871], "NoiseHL": [0.07154060582999644, 0.16327868194428802, 0.08348064479629733, 0.1563540695003654, 0.0782179214581203, 0.14851703251056694, 0.10357115806523026]}