{"FilterHL": [0.029403697082124255, 0.04339042729407968, 0.03601950465579201, 0.03603823325576146, 0.03072048659269713, 0.024921876819103166, 0.0436413847212976], "NoiseHL": [0.03609870860268797, 0.03561743262570258, 0.02963450346242593, 0.051418184188655146, 0.03665724058992127, 0.03712045445540891, 0.05214694926110863]}