{"FilterHL": [0.016210480710989045, 0.03624872406546285, 0.020376862082159355, 0.024740383594126763, 0.017551117058428434, 0.012565921093278754, 0.033761431589956495], "NoiseHL": [0.08749945454250406, 0.09609944792434891, 0.07937284016987355, 0.08015129222347524, 0.12114837812783098, 0.1385050353403684, 0.12187213064838211]}