{"FilterHL": [0.030674007276320327, 0.04493386997876414, 0.03381063062792034, 0.03145294999356576, 0.036069207436914365, 0.026716689438854812, 0.03990221725438708], "NoiseHL": [0.021113735583657946, 0.02524178695245235, 0.02793409990323569, 0.030481991053099483, 0.04771605369250655, 0.01703172262461398, 0.05804385486144239]}