{"FilterHL": [0.02741340537392484, 0.03057703772463596, 0.03153353539450431, 0.04604659821961006, 0.02244265844282329, 0.054825936393345806, 0.03144937814787609], "NoiseHL": [0.06676430847055743, 0.03756949022222045, 0.05410416322557129, 0.07053589889904475, 0.051421814752116, 0.06821758547094069, 0.07498376300131657]}