{"FilterHL": [0.04765980763809936, 0.06374837685505788, 0.04236235876436292, 0.03402401111161232, 0.049373811737696956, 0.08160611332297628, 0.03321336979956175], "NoiseHL": [0.19376920527735061, 0.4058384361736954, 0.1726514338707192, 0.4243302013976319, 0.2583214121901492, 0.44670174425487125, 0.2623640991621749]}