{"FilterHL": [0.02146121966282177, 0.12788222673805588, 0.0033334878726470948, 0.16011622565194927, 0.3020246431796865, 0.1123303959588511, 0.2312211961661419], "NoiseHL": [0.5035896720700318, 0.5849798582986336, 0.4980796532275202, 0.5968869376266424, 0.6279334981518383, 0.5726605802992372, 0.6276212590982504]}