{"FilterHL": [0.02068814749424095, 0.052657636076021495, 0.008436237962037605, 0.01023190908215981, 0.016293449568931338, 0.02267399090789144, 0.01256281637665687], "NoiseHL": [0.10772023034643871, 0.11885962306735387, 0.16041628710352887, 0.12941429201910085, 0.11645345410450783, 0.10125169964340269, 0.13266389179205854]}