{"FilterHL": [0.025458865381350747, 0.041463796839559953, 0.030371740889581767, 0.032416750288221996, 0.03576029399566708, 0.038615513815447644, 0.043851438413288896], "NoiseHL": [0.07463622361583862, 0.06704351143664715, 0.06516535600995635, 0.038956178098115316, 0.060270067605857264, 0.04959295344201353, 0.04310839863875254]}