{"FilterHL": [0.07103661709141695, 0.08541524241963087, 0.08393887735158437, 0.043225128904764966, 0.06983379346014312, 0.06822965102043836, 0.03591915718405191], "NoiseHL": [0.27772150670710394, 0.28762975125155366, 0.30182281807216155, 0.2585693614251989, 0.2755272958366588, 0.34457434937415915, 0.29577376846527853]}