{"FilterHL": [0.0021577971006586124, 0.0, 0.03125763592130254, 0.0, 0.0, 0.0, 0.03475501882623018], "NoiseHL": [0.4796688314116496, 0.4836288173711282, 0.6514070386851328, 0.6660402152187195, 0.6270843284861195, 0.6328673317417404, 0.5372495403581514]}