{"FilterHL": [0.0, 1.2644055683734778e-07, 0.004435800694541613, 0.002888746399298805, 0.004810164434818695, 0.07868231533228892, 0.030685923487308583], "NoiseHL": [0.2622422036792348, 0.22946862650151673, 0.1456753970415959, 0.284758783919854, 0.21680194274139555, 0.35748376388368475, 0.1679572678153168]}