{"FilterHL": [0.005784494297306332, 0.00829834959591225, 0.01849989856785744, 0.018430006525719685, 0.016596596424021216, 0.0030446592653220056, 0.004729746814537127], "NoiseHL": [0.16034657296510987, 0.17354199648627347, 0.18173575439801773, 0.1971861315004622, 0.16985536289730385, 0.1954095475423756, 0.20655093552854262]}