{"FilterHL": [0.003845090683562683, 0.023692533035552906, 0.013182590162706584, 0.0044150322939512055, 0.008737643175532704, 0.01371235281498123, 0.021211831436189734], "NoiseHL": [0.24154227151691043, 0.437323903859226, 0.39061176111395335, 0.43430690235831815, 0.24528043036286729, 0.43579585433008555, 0.3738647168529805]}