{"FilterHL": [0.015953297583163363, 0.01768413215341087, 0.023356683762334855, 0.03073529942901217, 0.006619262619762714, 0.017633760304969888, 0.03115789992233127], "NoiseHL": [0.0704501489975624, 0.13525186105262024, 0.08303983735165738, 0.12578100908326378, 0.07750769573577561, 0.12969680317042143, 0.09930840523932734]}