{"FilterHL": [0.006511798014654711, 0.013694878120742906, 0.004720217304261615, 0.02152991009154476, 0.014595087375694314, 0.0035929176343662667, 0.017800979302992515], "NoiseHL": [0.13550920783047063, 0.1591957507315667, 0.1492209128185444, 0.13037720811699174, 0.18594082369226814, 0.17504573863191802, 0.171244411394299]}