{"FilterHL": [0.019985531307020545, 0.03994626171844116, 0.04145433910502785, 0.04771624166192646, 0.06360446540491681, 0.034952439458178323, 0.07339415510174196], "NoiseHL": [0.14559051560300026, 0.21317115221868652, 0.1433407569614173, 0.21466672393269162, 0.1636221972839695, 0.19514590066496315, 0.17475638223164836]}