{"FilterHL": [0.0295539016873363, 0.0647112077013175, 0.04418290884627654, 0.0737564345617645, 0.05753293942134416, 0.1338095457363696, 0.06839842886246174], "NoiseHL": [0.2493505065210798, 0.15444504348405563, 0.23120546431323066, 0.16677011018461835, 0.16134829616690805, 0.2217056224367904, 0.13088039061137147]}