{"FilterHL": [0.002619921535353201, 0.0220118875768993, 0.01300941818307154, 0.019088091002845455, 0.007521323280695423, 0.012458249613857459, 0.031422789296963655], "NoiseHL": [0.3045744325395541, 0.3801690965932799, 0.34308000115239273, 0.43226318098839456, 0.3941730689217141, 0.4190252168088525, 0.38200299492313533]}