{"FilterHL": [0.028649066624825376, 0.027261218581919516, 0.03507293477230089, 0.047889837204159694, 0.017285978240728427, 0.01608447859386996, 0.03557560696632274], "NoiseHL": [0.025511375639797423, 0.035843562421068044, 0.0730112138944646, 0.06029200788569801, 0.05482747336005807, 0.05926557913926629, 0.06584707401698725]}