{"FilterHL": [0.02729684568715847, 0.036779309305764674, 0.024054982715223508, 0.027008354748003182, 0.7902160898243178, 0.05180755288939863, 0.0335694079993371], "NoiseHL": [0.0813133731343989, 0.058809084529526226, 0.05262916447316592, 0.06618310988537714, 0.05758220408188087, 0.06655499504142379, 0.07197886525437716]}