{"FilterHL": [0.01923292809064027, 0.020181803397816583, 0.018973923668137063, 0.03345151526325653, 0.017577337418335382, 0.012658760138984535, 0.011468456592944144], "NoiseHL": [0.029572345576144573, 0.05357692627841367, 0.040466996914756824, 0.06271072555959592, 0.03875793837451034, 0.04011808687436724, 0.060551556977992534]}