{"FilterHL": [0.014862983344202402, 0.05578201182114142, 0.024774919630701622, 0.023413784571700222, 0.022155310813267597, 0.031146976579581605, 0.029473887141016133], "NoiseHL": [0.15246980163283586, 0.14001839235548777, 0.1524333488610469, 0.14756033250756082, 0.1928053652854135, 0.22801688863320627, 0.2065200367660451]}