{"FilterHL": [0.017428726220003434, 0.634026908055304, 0.04866599118767518, 0.03949853474058609, 0.054727097169075964, 0.053127256071765876, 0.05964719048943921], "NoiseHL": [0.11598025625672038, 0.0781128041296312, 0.10243064033276134, 0.06675862605901879, 0.07370406776802373, 0.08748894308936665, 0.10033946602380985]}