{"FilterHL": [0.028931132735447482, 0.028607312717792925, 0.01952860771572576, 0.024013491991965282, 0.02955448229916405, 0.02215222520334634, 0.034304555114722954], "NoiseHL": [0.07095550988596346, 0.11412150343089981, 0.12805789645597715, 0.16327526464650055, 0.12185563086670952, 0.07588802579813556, 0.14780242653067327]}