{"FilterHL": [0.04233294604868709, 0.0746719711216343, 0.03857603825622928, 0.04909087173220542, 0.065735374592642, 0.08612162988677546, 0.08252185458581521], "NoiseHL": [0.18209240417865077, 0.18106111022115268, 0.2306814568508013, 0.2500964614268207, 0.18908979362296846, 0.16567933733573914, 0.22764378561171933]}