{"FilterHL": [0.22692318646755527, 0.33533631801247765, 0.2490590725240255, 0.30734693461653667, 0.4584897281139041, 0.5391157411729852, 0.3528896916630078], "NoiseHL": [0.39169771025757566, 0.37279962711001396, 0.4005431844105066, 0.389102194991146, 0.40186487042577307, 0.42003951478200685, 0.39527653640042165]}