{"FilterHL": [0.027844933195916112, 0.05132192737269285, 0.015840166723281465, 0.035653948380925615, 0.03387784955134482, 0.06996287337196141, 0.048610420735541796], "NoiseHL": [0.19362687694731925, 0.20142814505481751, 0.1520606846973884, 0.17047124951024537, 0.16063710386285673, 0.18340204650090533, 0.17738307937606854]}