{"FilterHL": [0.06420189744911407, 0.09930342075765101, 0.04957808865677886, 0.09552851975035857, 0.05985133656195334, 0.16226250986720495, 0.018841038592986546], "NoiseHL": [0.1628027423563568, 0.1608468589430093, 0.18812525741968247, 0.13457493007989374, 0.19397595912749677, 0.19897102010422918, 0.2089246374788232]}