{"FilterHL": [0.021500763496639232, 0.021241188228268957, 0.01317271137342988, 0.015355709146875635, 0.03450242962810328, 0.044791427184342196, 0.010966292626868435], "NoiseHL": [0.05414150325946891, 0.07701721769150448, 0.07721906388607795, 0.08969812033418688, 0.12374226506048476, 0.15627806069708816, 0.12292287559487405]}