{"FilterHL": [0.0043873103711842675, 0.030552680215415864, 0.02381761068710218, 0.04042838462881896, 0.015448761501698886, 0.008945093350082178, 0.010736363322885726], "NoiseHL": [0.08871908000269225, 0.08434401818943496, 0.0980695430393236, 0.07725475998863188, 0.1079501459055464, 0.09531155985224381, 0.09796938188043669]}