{"FilterHL": [0.0, 1.2644055683734778e-07, 6.322027559250747e-08, 4.2146849766967993e-08, 0.0, 1.2644055683734778e-07, 0.0008867778346827574], "NoiseHL": [0.22721260617900388, 0.29908168989284245, 0.24474362140675346, 0.322560925753623, 0.2317051022141721, 0.29908168989284245, 0.25516228884138725]}