{"FilterHL": [0.0, 0.016930581103832144, 8.927266050983654e-05, 0.019896227562545943, 0.0, 0.030046235293513374, 0.0056342789810233385], "NoiseHL": [0.3053053667491258, 0.2447867204804649, 0.33422761671951423, 0.3117091386730977, 0.30176153952158696, 0.23461185902651024, 0.34559705550635744]}