{"FilterHL": [0.002507689157308526, 0.015176355757651933, 0.006886293696382242, 0.008867906524463306, 0.02672821056754707, 0.023959674929715877, 0.0232187662184921], "NoiseHL": [0.19226317264715673, 0.26725064386451725, 0.1984700421574066, 0.2520758918072511, 0.19376602039903976, 0.22328479997469028, 0.20123108103252987]}