{"FilterHL": [0.041846893921317935, 0.046148196705799935, 0.043401832237212216, 0.04079292042936626, 0.03868904525266186, 0.0791540732286696, 0.04301356742551027], "NoiseHL": [0.18648321214962288, 0.369077368703139, 0.1714642606340001, 0.38813439015967693, 0.3064744704365266, 0.19604485128729313, 0.309606173070552]}