{"FilterHL": [0.013318068203652262, 0.014288228914206997, 0.026913203646524032, 0.0309121839233431, 0.0022850115294112306, 0.010832659608074809, 0.016786307266070728], "NoiseHL": [0.0941317578509797, 0.18928498647042635, 0.16114213328933705, 0.16143024370102255, 0.12941922551596602, 0.1810451137309282, 0.14135184583267235]}