{"FilterHL": [0.018478929712739654, 8.058936676108793e-05, 0.016268183662104852, 0.012056690609498572, 0.010318537524488997, 0.009246108106056994, 0.011471496112218083], "NoiseHL": [0.2867798035880416, 0.3208679543044806, 0.2850445422489914, 0.3159568455593412, 0.2969188974717125, 0.3342886569482367, 0.2862130113876621]}