{"FilterHL": [0.022817100841329548, 0.028722867328219808, 0.01241013830384749, 0.03227257096433506, 0.015370191608986162, 0.01572953486612505, 0.03099950118519014], "NoiseHL": [0.07980974316612124, 0.1039351369496467, 0.09400899834720437, 0.09706571060292998, 0.0840393833763816, 0.11526940251927094, 0.10895939152179221]}