{"FilterHL": [0.02452927585724381, 0.021618475825102366, 0.006875080512356247, 0.023666388585952994, 0.005698268346291246, 0.01773569713631984, 0.02909835726662221], "NoiseHL": [0.1210006830798307, 0.13229989163166778, 0.23444764290353637, 0.2727110095544436, 0.11924157460240443, 0.10871005356895228, 0.2375101868946598]}