{"FilterHL": [0.0, 0.0, 0.0, 0.0013323158571293822, 0.0, 0.0, 0.0], "NoiseHL": [0.2203211650582041, 0.2701392032139025, 0.25, 0.3157471010468728, 0.2701392032139025, 0.29092325922431733, 0.3008703820942616]}