{"FilterHL": [0.007890816114541494, 0.0015381202254589666, 0.004472727904403039, 0.009652641279221167, 0.015950878187855077, 0.01003892137682136, 0.012790807084264413], "NoiseHL": [0.19783526147215316, 0.23836670039969657, 0.19190569122857135, 0.22726764756103945, 0.22148402020059696, 0.19318071146101307, 0.21061812247221712]}