{"FilterHL": [0.051141674222013975, 0.05755587590528354, 0.03252663189232834, 0.05657303617398805, 0.08253133688531115, 0.0765745261315423, 0.043069502569998204], "NoiseHL": [0.1651364753072346, 0.12844807082600027, 0.036150869495176034, 0.05135536762911792, 0.0918146050645144, 0.11857111448260066, 0.0434783803645191]}