{"FilterHL": [0.006808737936862722, 0.03346713000199793, 0.012067094889231569, 0.001675203383983967, 0.011773667976659597, 0.02135499940288683, 0.027766837642586896], "NoiseHL": [0.23656324131346648, 0.23783254743550958, 0.2685122696857402, 0.24585306376961288, 0.22809351506219433, 0.214500529505288, 0.2717763850285854]}