{"FilterHL": [0.0787091101853229, 0.07360979995762511, 0.08594322544061418, 0.037542232956520684, 0.07076537806247994, 0.1679152531305409, 0.06350376212769533], "NoiseHL": [0.38568169054132606, 0.37867521550832, 0.42224072256644435, 0.38171566264507945, 0.37439372899864587, 0.3594453249850029, 0.40523431297295814]}