{"FilterHL": [0.0, 0.004701475959642455, 0.0, 0.00490308961954535, 0.0026405987785147766, 0.009879838503522028, 0.001512225374152826], "NoiseHL": [0.11733130495004837, 0.13609226805736813, 0.1368579400081564, 0.1351058216565445, 0.14121194534132242, 0.15880924869119284, 0.1353555918592015]}