{"FilterHL": [0.00015170278095786484, 0.0, 0.0001392669020068954, 2.143199726347449e-05, 0.0, 0.0013427669711413215, 0.002287870774748693], "NoiseHL": [0.17098527586296228, 0.20217423592924638, 0.19448580951758207, 0.22946862650151673, 0.20838248111736035, 0.23721445063730046, 0.24154202878078956]}