{"FilterHL": [0.07731844734966424, 0.1254235553583224, 0.10741965368029226, 0.10541991777909847, 0.08591734403001333, 0.08448534279840468, 0.06277050366892098], "NoiseHL": [0.09330726540310041, 0.12288431208302401, 0.13118499499557879, 0.11826655323331162, 0.09166400965199159, 0.09048519595385766, 0.08314923212001173]}