{"FilterHL": [0.0816469299883259, 0.06375489230787795, 0.11189732121090297, 0.017584796361750973, 0.228838833420301, 0.0705951715205811, 0.044513745726006755], "NoiseHL": [0.3736073915275844, 0.3369061930534727, 0.38552473650389746, 0.3832634617248289, 0.35624246354219935, 0.3402546783009511, 0.3664434804716958]}