{"FilterHL": [0.009533489992422574, 0.015299652163258135, 0.025487138977005195, 0.025929605992267766, 0.09348025726915564, 0.09055195688579502, 0.08498725754373557], "NoiseHL": [0.20987602455446652, 0.23790656938389718, 0.20659632938864075, 0.2338197410606581, 0.21327800116388212, 0.21371014018972598, 0.20549163343058266]}