{"FilterHL": [0.00045520604476659125, 0.0002645420329213355, 0.004301172343218251, 0.004801951744535793, 0.0, 0.009206474259101203, 0.017873280734063763], "NoiseHL": [0.1753456551944575, 0.23830281775681836, 0.15472239738921081, 0.1541354785333083, 0.2071544063142342, 0.24790907888765304, 0.2024624769560513]}