{"FilterHL": [0.014111120024097092, 0.039170248774705554, 0.025615043212786938, 0.01688352434349871, 0.019789630350098657, 0.01795980943853512, 0.01849789981510163], "NoiseHL": [0.0629485642407989, 0.06544647533486475, 0.07395705432892699, 0.07739303508059853, 0.1004261302775413, 0.1298221143304234, 0.12710896594545787]}