{"FilterHL": [0.004442472033739494, 0.0, 0.0, 0.0011954311082336708, 0.0, 0.0, 0.0], "NoiseHL": [0.12745679692125245, 0.17677669529663684, 0.16950843122097695, 0.1422112410749228, 0.1556247497997998, 0.1865064993035597, 0.18785815120172258]}