{"FilterHL": [0.03753021002622639, 0.052036716578480954, 0.0500842638232172, 0.043167191163195166, 0.048475759610311905, 0.06852849675963198, 0.05654340507328782], "NoiseHL": [0.08331022924262407, 0.050167080543117096, 0.10142057042031094, 0.0931823705030468, 0.05024094865556857, 0.07169314601313949, 0.0849031592453372]}