{"FilterHL": [0.010618693382435996, 0.009574817058128876, 0.015531538143516557, 0.024432292956345563, 0.011731389663237057, 0.030286999520125105, 0.012415279038265673], "NoiseHL": [0.24065189753027202, 0.3061934264764022, 0.2473109820594293, 0.34559770888368385, 0.3201037447569312, 0.2920834879185426, 0.30127326005190047]}