{"FilterHL": [0.026167587583319815, 0.06189660836351705, 0.03704721131873005, 0.035693404609054166, 0.02443129677703953, 0.03429247912720801, 0.036014434365908586], "NoiseHL": [0.21729641028564267, 0.19911144132457684, 0.36374171886672957, 0.35849608476785827, 0.3331175323308492, 0.36901663413429936, 0.2341841201019546]}