{"FilterHL": [0.0, 0.0, 4.3096465915646764e-05, 7.972525841168628e-05, 0.00014135358506590242, 0.0, 0.0], "NoiseHL": [0.1439532007302204, 0.1781969793463003, 0.15562474979979976, 0.19448580951758207, 0.16801938030584954, 0.18920084887799915, 0.18514569594605018]}