{"FilterHL": [0.011622279985982163, 0.0371738777994258, 0.018305049353226983, 0.0360640539275534, 0.007461612810296197, 0.012980454822481214, 0.01945090042465457], "NoiseHL": [0.1893116061322128, 0.20353638175227912, 0.218068292692771, 0.2015885434477862, 0.2049405072416151, 0.21853357922669986, 0.21370172521655725]}