{"FilterHL": [0.02129283695846368, 0.015916268585649908, 0.017933630146481454, 0.014051669434278213, 0.026326135140104075, 0.045523463401510006, 0.07273316239242991], "NoiseHL": [0.32166223321672016, 0.2152278567065144, 0.4499713825743647, 0.3814945076944697, 0.3112706108039564, 0.1804930772310107, 0.4294601110737207]}