{"FilterHL": [0.032627679458610295, 0.010103927277574934, 0.035126456371695786, 0.005493258064846041, 0.0778121588864806, 0.12819994926589343, 0.06014444449281113], "NoiseHL": [0.22714191680342485, 0.2374194592941397, 0.23312944391452278, 0.23508855778894644, 0.2701675539693513, 0.29536034901779107, 0.26546281111420283]}