{"FilterHL": [0.0429531363812169, 0.05852697696438817, 0.018734519019244267, 0.009531819440271705, 0.01622165135531686, 0.02866202419392288, 0.02173138318999485], "NoiseHL": [0.14878838417359194, 0.2260172138049386, 0.1594122078855378, 0.254769866434229, 0.17063819833783336, 0.25299648213656334, 0.17779278571450688]}