{"FilterHL": [0.01370691321736091, 0.01249159940758062, 0.009133226971379482, 0.008790644713645723, 0.01478840209313026, 0.01047557452060063, 0.020218657082809444], "NoiseHL": [0.26788586210612286, 0.29119784075962435, 0.28208527668412187, 0.3009344832718074, 0.27032398951100844, 0.2934539763624023, 0.2803267220219747]}