{"FilterHL": [0.02488617865337943, 0.027994580792709934, 0.007812321987129788, 0.05229129679954739, 0.018484741886518444, 0.030721473595411664, 0.006019791776036857], "NoiseHL": [0.1275275902199678, 0.17963197556550747, 0.11652967000231651, 0.16410143926265616, 0.1354504379225122, 0.18800544977401182, 0.16008655553340975]}