{"FilterHL": [0.03719466422347312, 0.0400933362023201, 0.03254438863769962, 0.0583699468993923, 0.06079750697085025, 0.027257332405532377, 0.03350024691804311], "NoiseHL": [0.04725767210386012, 0.04440120693492989, 0.03315362689416068, 0.052580628620022114, 0.05492262432230535, 0.03254186896702278, 0.04267422833631504]}