{"FilterHL": [0.005710369493442994, 0.030845380540235584, 0.019891661165530445, 0.021574882740661647, 0.04543029947068393, 0.04957460080133688, 0.054516099716957665], "NoiseHL": [0.12475723118144556, 0.19344072461948708, 0.11181597163269869, 0.212134238494295, 0.13124586546654182, 0.20707113710607705, 0.12190336716341674]}