{"FilterHL": [0.012710509174282908, 0.01235334889792982, 0.02033049732306915, 0.021743010375342615, 0.020005011821892536, 0.012791871498168714, 0.02626267563179313], "NoiseHL": [0.07494177780089549, 0.0706655505924449, 0.06349582355951112, 0.060528670826264154, 0.04952100109173952, 0.08061974564344687, 0.05944700274369255]}