{"FilterHL": [0.020739542724541836, 0.032923353046022445, 0.023784828547216814, 0.018020929504976142, 0.0391229445288424, 0.02290886420237629, 0.03742867535787009], "NoiseHL": [0.13424999717851296, 0.12927519471849355, 0.13974595898750425, 0.1615360432094315, 0.16725030994667955, 0.1714725599101461, 0.1495045591880868]}