{"FilterHL": [0.03857091979905212, 0.034623328261405635, 0.02938614226813814, 0.051991830940107994, 0.04466100294341394, 0.03135839876021029, 0.030915190948353863], "NoiseHL": [0.03573336195251904, 0.03668969027641953, 0.03215680930655599, 0.08505080438264902, 0.03665815587296329, 0.038064170629145154, 0.03601781281197331]}