{"FilterHL": [0.005544879625136855, 0.015397995054329202, 0.000794901598492994, 0.004149500575161972, 0.01120358605452525, 0.006149572123468926, 0.0135432976417695], "NoiseHL": [0.3140747614474474, 0.30547844801473273, 0.30276106074065673, 0.28357569455910797, 0.3036286024148908, 0.31057434667443157, 0.28070785923786296]}