{"FilterHL": [0.01845378709682323, 0.03265528578074537, 0.01777827735445048, 0.03189508577086106, 0.01773396488098348, 0.010632944451011591, 0.018147638579712345], "NoiseHL": [0.10172094280407835, 0.11978347525385714, 0.13687190612775663, 0.14270193402937617, 0.16291725730040296, 0.15643702180653074, 0.18250152731637445]}