{"FilterHL": [0.009510322738370602, 0.00449891676863396, 0.00308991501028415, 0.005546331761092388, 0.008756862821763932, 0.0019516256813979314, 0.0028392173086242496], "NoiseHL": [0.10392749711115244, 0.17246185531215033, 0.147378667421988, 0.18651603484885032, 0.11740343123445672, 0.1540096780398697, 0.16951258708012268]}