{"FilterHL": [0.016221223738528533, 0.03818678514213055, 0.021501144321794473, 0.015186637891582299, 0.02462600416334408, 0.02434506085872027, 0.016762130158994592], "NoiseHL": [0.1102741161096037, 0.20505488005186998, 0.12855114278000979, 0.1944734467219332, 0.111855852634271, 0.1952593964167458, 0.1304183228392632]}