{"FilterHL": [0.025684843465082527, 0.029366771139854923, 0.06178881850986972, 0.04588600787066328, 0.019947473283465203, 0.020355820137872606, 0.08698100444231592], "NoiseHL": [0.40638361473656953, 0.41983955398045986, 0.495518877820309, 0.5344663453429048, 0.42133230714459313, 0.40213742048506557, 0.5042782100567502]}