{"FilterHL": [0.05356342078896881, 0.035343239915834795, 0.05794170127026829, 0.049282923661922315, 0.04026572742865776, 0.05209852286716476, 0.05424145790790369], "NoiseHL": [0.07959008099666602, 0.1564335858036765, 0.09866749901611717, 0.15098281067820188, 0.10281634225995392, 0.14483505290197418, 0.12652213899936074]}