{"FilterHL": [0.00521893762106191, 0.011838857035121733, 0.019602418764359666, 0.06133782048266646, 0.016135956368759304, 0.02265620977199748, 0.2354639414581193], "NoiseHL": [0.2520772864647159, 0.310567326652112, 0.24835298212345244, 0.31314334332392807, 0.36144046826733794, 0.3858702853291561, 0.20802874398711085]}