{"FilterHL": [0.01124623859044386, 0.03587575183213859, 0.030260518207335246, 0.0024562593027750365, 0.01081000112139924, 0.027901801491210437, 0.019350166882789867], "NoiseHL": [0.13132183019429453, 0.2226397571915748, 0.22032757011009513, 0.24896269214002337, 0.15255651918795557, 0.22297079189713997, 0.2130147966667032]}