{"FilterHL": [0.004753837872510709, 0.01565280375509277, 0.007376406535219881, 0.010058179145433532, 0.004817081606196513, 0.013031204577521676, 0.02043983556027597], "NoiseHL": [0.2240924699498665, 0.20368741555421002, 0.19908626867244822, 0.17394818718664998, 0.24021521854714417, 0.23102185415256507, 0.23675844251744885]}