{"FilterHL": [0.03210637185607576, 0.016838263887602886, 0.008793335396015931, 0.021738076588799525, 0.04491699390278274, 0.05082310292237057, 0.06549456787337518], "NoiseHL": [0.16633121562602204, 0.19460201455040504, 0.25592786085819386, 0.2611091679445198, 0.05821453057557218, 0.056879487528159925, 0.16946182844592048]}