{"FilterHL": [0.0, 0.0019557685917765797, 0.0003001703467246071, 0.0, 0.009690166087199577, 0.0034529027751450557, 0.017795495385453455], "NoiseHL": [0.5894750573120889, 0.6091846036532638, 0.5647318302272059, 0.5977310274800882, 0.4967412056849906, 0.5513886602445205, 0.4756956482917972]}