{"FilterHL": [0.0, 0.015292931557420177, 0.0, 0.013349561917374408, 0.0, 0.023607756130790643, 0.0], "NoiseHL": [0.13317431117202394, 0.16976037264612814, 0.2203211650582041, 0.24160536960572027, 0.18239580959790105, 0.1673213908835334, 0.19836422482717905]}