{"FilterHL": [0.001336567874414717, 0.00776387206497004, 0.007057821562940392, 0.01521898284446574, 0.008559204200880575, 0.008047171148602877, 0.013807628585744282], "NoiseHL": [0.13685927708585882, 0.1017227863829239, 0.1603790823096009, 0.12837633515416697, 0.13526556995404534, 0.08859047214403973, 0.1667060622120655]}