{"FilterHL": [0.0014758020024305469, 0.017565684306375912, 0.005076257928841935, 0.010521214166828666, 0.011378028848524499, 0.004593942029044355, 0.004580007234058456], "NoiseHL": [0.1878598123696146, 0.16729957526573636, 0.16352398199148957, 0.15422835584567937, 0.16980119162701376, 0.16348012600071637, 0.16950857057263052]}