{"FilterHL": [0.0035651326460630203, 0.014618135429198511, 0.009290001055878834, 0.003462491140624007, 0.005729645336675449, 0.0069870513177023395, 0.01770341737614986], "NoiseHL": [0.20941720833147823, 0.28469747147335306, 0.27219674343476297, 0.33504923688452587, 0.20972106414723196, 0.26426954570882055, 0.2890992323586764]}