{"FilterHL": [0.08229925569795608, 0.12337414555740504, 0.04682664363531883, 0.08079317693226601, 0.0998658399514466, 0.2393588483546799, 0.08881813696167398], "NoiseHL": [0.410882643398832, 0.4082908068447479, 0.4376510762860159, 0.45051235590903926, 0.4547582391363577, 0.4589244572875938, 0.4620193258377018]}