{"FilterHL": [0.00010739832605852234, 0.02614191728168575, 0.0, 0.00024780367003618674, 0.0005186385853445332, 0.014357694243752318, 0.0], "NoiseHL": [0.3767019529958349, 0.34302795438068373, 0.3945522710850319, 0.4232371131703468, 0.38121562704251255, 0.3574857060153349, 0.4190088037356047]}