{"FilterHL": [0.057763607629051514, 0.05770041818851551, 0.11363679855914524, 0.04529321626294294, 0.11632637846760764, 0.08156892835307578, 0.14140203563830822], "NoiseHL": [0.1711555403079196, 0.1966948081685326, 0.1830260859539973, 0.21521123616410384, 0.18808073360247013, 0.2243591399874889, 0.19295890759599366]}