{"FilterHL": [0.06340846444059307, 0.0889153055342003, 0.04435016948160957, 0.07403706973938233, 0.08989728273212413, 0.11959541009109714, 0.04908794307865113], "NoiseHL": [0.11885750920887073, 0.09277775749101477, 0.09298901354188892, 0.13252708767505844, 0.08867797629161331, 0.09984958274168305, 0.08343516801729205]}