{"FilterHL": [0.01759145907266141, 0.006508546044425908, 0.02745537978771314, 0.008593882098958339, 0.010973338879884685, 0.00512663640237266, 0.027936802184790683], "NoiseHL": [0.1523802284650545, 0.17501931119793634, 0.15073398593738918, 0.19026114781060177, 0.18522498408002355, 0.19453450699160282, 0.178214824258799]}