{"FilterHL": [6.579429151213316e-05, 0.000776518440354589, 0.004793629471948265, 0.00851412514750186, 0.015565144320794711, 0.01897052592877553, 0.005605410762651656], "NoiseHL": [0.2059196678858405, 0.2120278888000165, 0.1998786011812726, 0.20623625104704946, 0.17706420377454365, 0.17577038953444188, 0.2404665476109235]}