{"FilterHL": [0.005675063542327087, 0.014383580163081392, 0.01224484333149672, 0.004993657986480688, 0.007522593858654326, 0.006840533562177367, 0.019500808824161185], "NoiseHL": [0.2114544673470638, 0.30364919978910265, 0.23059182465612194, 0.30882136748721195, 0.21931864535097878, 0.2801369511361521, 0.25726157146151474]}