{"FilterHL": [0.0386587508505049, 0.02433029251518679, 0.028202704098381954, 0.022572612225725167, 0.6201232386038598, 0.010339069215817353, 0.023197549154465175], "NoiseHL": [0.06872566014818958, 0.11368763366035849, 0.0892487209431658, 0.11283614530526037, 0.0793137670486145, 0.12964660885084014, 0.10426115283846217]}