{"FilterHL": [0.06617738605904236, 0.02685798401519488, 0.011618002460685586, 0.030367228489666807, 0.11299793432299358, 0.03835491827897323, 0.04208850969032651], "NoiseHL": [0.4577186775886282, 0.2948404036127635, 0.4646733579937717, 0.2921057615787512, 0.4352115046721688, 0.30230891480492855, 0.4591831935504087]}