{"FilterHL": [0.0005022527060734183, 0.0, 0.0002678728879347298, 0.005054805383872825, 0.0013703839929771241, 0.0063085698103449335, 0.0008867567347975768], "NoiseHL": [0.1214797384251674, 0.34559705550635744, 0.2681834254622317, 0.3698625321544197, 0.35904736240794594, 0.19448580951758207, 0.35748376388368475]}