{"FilterHL": [0.019429503827533445, 0.014073368301734304, 0.014333585851874353, 0.026472029547007187, 0.004499732549684008, 0.010590492399515546, 0.026339069558781555], "NoiseHL": [0.07469218976716456, 0.10185407640478483, 0.07921171147901206, 0.09157301062084972, 0.0916363085656825, 0.10861057192605368, 0.09790534062124172]}