{"FilterHL": [0.014931055695082383, 0.05424721475015973, 0.002678096424369318, 0.035415496945875896, 0.010801556741674044, 0.027884808571355287, 0.11345043083323673], "NoiseHL": [0.2914494717062402, 0.30004534767757973, 0.2883693710380091, 0.2853263564311454, 0.2722389207566442, 0.27270648366766204, 0.27336369752476253]}