{"FilterHL": [0.025138263212771073, 0.03827478997155507, 0.032127525991712036, 0.029664141919591654, 0.042620480709118724, 0.06181118017213574, 0.036992271136799135], "NoiseHL": [0.0812272464684024, 0.09988336614663228, 0.1341601778182852, 0.13296121124448176, 0.1007117305908028, 0.08728870776099085, 0.15657552135807368]}