{"FilterHL": [0.013971389051231705, 0.01999003176689325, 0.003380083919469501, 0.00603377445105689, 0.008955178010373117, 0.0011322636756858182, 0.020591645801318288], "NoiseHL": [0.3242124954341709, 0.36141817498917395, 0.30374330404894406, 0.38337582067115733, 0.3024221233123591, 0.32608045098251137, 0.2884782710535187]}