{"FilterHL": [0.0, 0.008470046715262492, 0.21899224665937234, 0.0, 0.0, 0.10303325841052242, 0.08578901210389756], "NoiseHL": [0.46970975656915476, 0.6464340644499939, 0.7154434955017999, 0.7338932343111674, 0.4895453847323274, 0.6568531657013362, 0.7253070279176798]}