{"FilterHL": [0.034774157165815604, 0.03515374060450498, 0.02489512077827405, 0.03508105384299472, 0.02499516110088557, 0.006480116289179046, 0.04609225556746373], "NoiseHL": [0.23077343371968814, 0.2138200100521582, 0.2684944169816681, 0.23245411752284853, 0.23749249008478818, 0.219532315632863, 0.2422092541092119]}