{"FilterHL": [0.05855236088908016, 0.03118917353493559, 0.06268743154051237, 0.07524269247830406, 0.04817644719565883, 0.06892424969307402, 0.13255781862500585], "NoiseHL": [0.28555379910766443, 0.36450713645796173, 0.3429164044633135, 0.3553115979685159, 0.26300754409495636, 0.1895652772595262, 0.35136529686594514]}