{"FilterHL": [0.041007484598110946, 0.022126342157994187, 0.020199387124497602, 0.020283099876114638, 0.04103702766856612, 0.05565037210292712, 0.04741169231014401], "NoiseHL": [0.25632319334704934, 0.41471875571345773, 0.24142932937276798, 0.4342293850450061, 0.25846898131432794, 0.43248695236143153, 0.2692981508165242]}