{"FilterHL": [0.021915967176085734, 0.05196318076946578, 0.024814157897293774, 0.03523187728327028, 0.012346052259299531, 0.0212597207995441, 0.01562522482268903], "NoiseHL": [0.027153749936302225, 0.05283025365507675, 0.04079911846719644, 0.03250095886657799, 0.07923245145015555, 0.0877322916409298, 0.09331757880801148]}