{"FilterHL": [0.033175992977521176, 0.04376831139922918, 0.03523309443851835, 0.024861997783520967, 0.019260219071963278, 0.03332757126453933, 0.036087409956005984], "NoiseHL": [0.06505125827038323, 0.05528203216844887, 0.05341412010323483, 0.030518212748299644, 0.026410826356774202, 0.03782503433334771, 0.040071470280357076]}