{"FilterHL": [0.020442056663992972, 0.004372735159143927, 0.012425334759078253, 0.050348138442172785, 0.03234065024695854, 0.033712691027459676, 0.01518268263205052], "NoiseHL": [0.23144326586656264, 0.22832639048953984, 0.2427626265902881, 0.24181326739752176, 0.24058271820083746, 0.2147892716933546, 0.24602928698510595]}