{"FilterHL": [0.0022679918725713156, 0.005170111574843476, 0.003738659282974555, 0.013616206393910268, 0.02063588329192796, 0.036475582949466616, 0.019416304130603294], "NoiseHL": [0.19339463628229703, 0.22610687115336675, 0.21443272537315258, 0.2672258455441731, 0.18805727612970052, 0.20949552823519166, 0.21224915469937808]}