{"FilterHL": [0.009019094945212813, 0.020763325590003427, 0.010503876330363237, 0.011900083238295483, 0.020386981244365866, 0.011980285535701525, 0.01611543597543057], "NoiseHL": [0.05036459493930902, 0.04909619630645219, 0.059101622098345956, 0.055424928317426576, 0.07622779025796339, 0.09459429430523185, 0.0934805623809494]}