{"FilterHL": [0.07562017678909974, 0.08306035701773852, 0.044828414864067925, 0.06299152361577998, 0.10730102220814085, 0.14171104328208825, 0.11837081576777969], "NoiseHL": [0.17244917383534525, 0.20429976669196478, 0.1424357053422114, 0.19383352685131877, 0.12833574585198707, 0.16672006194594347, 0.12575585632976957]}