{"FilterHL": [0.0, 0.3638274165238071, 0.23471071980364622, 0.23251579414365497, 0.47379627385883716, 0.33836315873663886, 0.2569711631945743], "NoiseHL": [0.6886897922581707, 0.7396921499391352, 0.5699261867760593, 0.6035827609471661, 0.721060601307693, 0.7477730274859082, 0.5915343166237007]}