{"FilterHL": [0.001212233690071896, 0.016242485771020623, 0.010748795039527278, 0.0022765931031196772, 0.002687614808452375, 0.0010109518308885962, 0.0322024458256262], "NoiseHL": [0.07697223027868658, 0.10399494178104966, 0.06996282999549451, 0.09438990185484211, 0.0965605467709143, 0.09171436736508448, 0.09932333332947776]}