{"FilterHL": [0.017401639805036735, 0.030188617797548493, 0.013867090105245842, 0.027366070992983934, 0.005069469132561111, 0.030860227153504297, 0.03476507593303211], "NoiseHL": [0.17831357389671376, 0.18180256934433733, 0.08803412772236724, 0.09562729132170243, 0.1879909393263772, 0.1604806035935965, 0.1607283098746818]}