{"FilterHL": [0.03397606520725492, 0.06327388074437966, 0.044511478589583695, 0.05578756118508501, 0.044325624851286195, 0.062155842904845354, 0.04550528355989893], "NoiseHL": [0.08683524181627172, 0.09633036840364628, 0.09347816372522133, 0.06170793426997374, 0.07935451800335969, 0.10984823557360297, 0.0868361376601722]}