{"FilterHL": [0.0, 0.000356589030813254, 0.008209297716497223, 0.030599963823197348, 0.0, 0.006619760973533205, 0.03304226180240835], "NoiseHL": [0.1665177944500141, 0.17390359233227098, 0.1605819551377766, 0.14847926479461454, 0.1572246532975914, 0.18920084887799915, 0.1781179936672214]}