{"FilterHL": [0.032675354450878935, 0.04547219612439545, 0.04418511187357788, 0.05729529069904094, 0.018493840837359783, 0.052081573942815776, 0.027092029504849353], "NoiseHL": [0.03288393917928375, 0.04340560831049393, 0.05215657880569271, 0.024805785487574287, 0.020207851448139302, 0.02460094459045955, 0.04254178314809017]}