{"FilterHL": [0.006393898826412676, 0.017855891711971092, 0.008305572643052941, 0.005208029818654003, 0.007765303870629597, 0.02120368123040901, 0.018814256358530467], "NoiseHL": [0.17142747625401014, 0.1194567219144001, 0.13339062997549592, 0.12383576325439612, 0.18432016182770064, 0.18651768553556491, 0.1839324314043254]}