{"FilterHL": [0.8576262835822931, 0.050614365370009774, 0.023745169838494014, 0.036367785672126875, 0.02895716426133107, 0.09042995813213503, 0.2404669559560278], "NoiseHL": [0.07015996739309907, 0.1032564762814995, 0.08677960446907342, 0.09925328859746581, 0.12271237849064673, 0.11817155456368286, 0.14391392919770535]}