{"FilterHL": [0.02673406439377171, 0.057444204613722634, 0.022293213880980878, 0.025749644915255533, 0.02470037575825583, 0.05492038315170043, 0.04258141926579164], "NoiseHL": [0.06427911638713374, 0.029931834334993516, 0.06069669820948781, 0.051892186330191215, 0.07007146667828397, 0.07282351525397812, 0.06234950543096413]}