{"FilterHL": [8.577403903560328e-05, 0.0001952090008567078, 3.144224804547456e-05, 0.0, 0.0, 0.0010888803562634209, 0.0003773993012528465], "NoiseHL": [0.15562474979979976, 0.20591966788584048, 0.14737794897420034, 0.19317708832355046, 0.18239580959790105, 0.2226395172490795, 0.17390359233227098]}