{"FilterHL": [0.020273779184687778, 0.05930346782437457, 0.06506042445759011, 0.023090260095623098, 0.03766529587701597, 0.03498422445002544, 0.04608482899247498], "NoiseHL": [0.06259344904448548, 0.06562343553612224, 0.07054673996673708, 0.04336386965361967, 0.05663229069034997, 0.041552722167585, 0.04095389636171361]}