{"FilterHL": [0.055590254868580276, 0.05386270630877389, 0.06067767827308482, 0.03628252336016937, 0.06015727784638789, 0.05453601670446923, 0.06447256298720974], "NoiseHL": [0.13370279243122793, 0.13746098819342914, 0.03881718746934303, 0.052920123164561225, 0.12228531438454823, 0.10942692648942849, 0.05626637031418765]}