{"FilterHL": [0.011547570204378134, 0.011890600982321123, 0.002966781043327083, 0.00681521302658238, 0.008835561816390322, 0.0022083731408361704, 0.030272568041416224], "NoiseHL": [0.21738586447441985, 0.19085838388912457, 0.20353281114996163, 0.1712124403521935, 0.13325867814283493, 0.18016154073287877, 0.14637172566214984]}