{"FilterHL": [0.1885885378777669, 0.07628802463734298, 0.018498467929107715, 0.04877771579050669, 0.25400226692819894, 0.21918548073212132, 0.12502449489336526], "NoiseHL": [0.4936248933594311, 0.47124709597175185, 0.49859880226684217, 0.48131800516789497, 0.5000615534813245, 0.5024130561841941, 0.5047911822812868]}