{"FilterHL": [0.016614777775173274, 0.0023775670093588164, 0.002671549992481996, 0.014796662577749784, 0.0005935901124424433, 0.0053044155423640806, 0.016727539004166268], "NoiseHL": [0.1153958025796508, 0.16540279109544265, 0.11822826452003907, 0.18388126766785617, 0.18771963558326868, 0.1561543338527647, 0.17502450180155563]}