{"FilterHL": [0.014901034036904622, 0.038333528448274014, 0.019806276641052754, 0.009635767661614449, 0.020697157920094935, 0.024068342983160913, 0.014673700728722865], "NoiseHL": [0.19778413209962606, 0.30327763320477447, 0.20443140700844367, 0.29832668009426977, 0.19698835409063184, 0.28144996136656514, 0.20331581659931366]}