{"FilterHL": [0.008296103330817267, 0.008008747985327217, 0.001857802597318429, 0.00788805439266225, 0.01800510922272086, 0.036119671909153155, 0.034591994430763384], "NoiseHL": [0.18894487020136647, 0.23835432315057797, 0.21600269434807104, 0.24457941708369318, 0.18939025849562283, 0.22286597925779245, 0.1639390966069032]}