{"FilterHL": [0.034448863460478436, 0.09574302704551131, 0.04444346940947711, 0.03142627674672531, 0.06127634786845996, 0.08817349034173948, 0.06111011800551129], "NoiseHL": [0.2411870868687548, 0.24947404450533586, 0.24046571646918063, 0.2711310593192037, 0.3183656215504528, 0.29976431573920204, 0.31064232114205503]}