{"FilterHL": [0.026839063165562692, 0.028057762570312943, 0.020022846099791866, 0.018526201908007262, 0.013054726811798886, 0.036447155812657554, 0.028145402724378824], "NoiseHL": [0.05735204411216389, 0.12839086639698485, 0.0655756699211814, 0.1230632489712148, 0.07222596522391937, 0.12148930292805502, 0.09574316808823459]}