{"FilterHL": [0.015086243443841891, 0.030373838199538716, 0.02342023217841298, 0.028900943499082114, 0.009591859858485046, 0.03399709157526406, 0.012950496343037122], "NoiseHL": [0.16987663010857362, 0.2508205306700043, 0.17800041229523542, 0.23822455981124335, 0.16916374150593386, 0.2587250996867534, 0.20766694079077638]}