{"FilterHL": [0.03172481247274392, 0.0425108592966223, 0.03515823617320145, 0.033958064716146596, 0.03784719285483885, 0.02614681258002925, 0.0332161348950762], "NoiseHL": [0.04329504651772615, 0.05873011621178226, 0.022571052816550825, 0.036051592008665805, 0.043523548149793694, 0.04308424766638215, 0.04796015709926184]}