{"FilterHL": [0.00709668184439533, 0.017533787149269932, 0.008562170725198234, 0.0031231942115139705, 0.004578163808311475, 0.08520677626455904, 0.018355763891973832], "NoiseHL": [0.26564326354071677, 0.27089588131917847, 0.2725057286485845, 0.3114420228984443, 0.2893429825069895, 0.2248953355238661, 0.3072311075495848]}