{"FilterHL": [1.812316808449208e-06, 0.0, 0.03589121917017602, 0.02602045035006438, 0.0009602725600221216, 0.0002272080167885691, 0.022429734297928522], "NoiseHL": [0.13866442710839363, 0.17390359233227098, 0.1675080593529599, 0.1822094625533409, 0.1556247497997998, 0.1665177944500141, 0.15066421540449282]}