{"FilterHL": [0.029402912282028522, 0.028006580902658926, 0.03596285346883439, 0.05480818687669437, 0.06985037048181893, 0.04413988398040282, 0.057629965110499365], "NoiseHL": [0.0707827984818058, 0.3089902739095575, 0.07734738535062195, 0.3263433461234184, 0.09085288749013053, 0.3055958354293953, 0.09108605968982428]}