{"FilterHL": [0.1583926980270716, 0.0774825307052304, 0.07867069921770685, 0.077658960809141, 0.12046893686041597, 0.08507930633433214, 0.05745200641059256], "NoiseHL": [0.35980163973364776, 0.3519269649720611, 0.3558217325720068, 0.3725295048876364, 0.4025594099491674, 0.3957077895439979, 0.39959736066289886]}