{"FilterHL": [0.007128449816741945, 0.017422794805603752, 0.011292480919675265, 0.007214168171695277, 0.006402882285343937, 0.009378368814315603, 0.01715728428888164], "NoiseHL": [0.12356342834171001, 0.0965764497373418, 0.11527492182498393, 0.1039769090461085, 0.10877931632629427, 0.08002234188777593, 0.13872110585915803]}