{"FilterHL": [0.06673423895221405, 0.07111359957080163, 0.060826770230663116, 0.06024892347411202, 0.05565476337461919, 0.09213786506754604, 0.05739807141303], "NoiseHL": [0.1338706319935959, 0.09705826077395875, 0.15115213264135766, 0.1256494504733807, 0.12578674900014009, 0.12816395908907813, 0.11498794157553377]}