{"FilterHL": [0.03174798970848633, 0.031199081310127507, 0.03611175142693527, 0.02702885038426559, 0.03294046322868529, 0.03166571978494939, 0.034112789887701195], "NoiseHL": [0.07214039033812163, 0.05569423251544968, 0.08198040489260677, 0.08289037409178793, 0.05658328752163195, 0.07380008580169878, 0.0731487845392513]}