{"FilterHL": [0.022743483851379285, 0.0, 0.024519874075607323, 0.010163849031035722, 0.02209978546350084, 0.014600426370547107, 0.013173123548633616], "NoiseHL": [0.32263506683968596, 0.3644827734688218, 0.33933591291536386, 0.37098202226556615, 0.3498567968244657, 0.39872265017317116, 0.343600596118585]}