{"FilterHL": [0.00035618843384761686, 0.0, 0.0, 0.0003227499297571732, 0.04151828510167583, 0.08947378933558289, 0.05101467115049278], "NoiseHL": [0.31488735035330745, 0.35038649663459137, 0.33586924850133365, 0.3797150298555193, 0.17819976649528022, 0.24700874725831226, 0.17536679599720614]}