{"FilterHL": [0.012330883730452314, 0.016789842698991992, 0.021819413875866663, 0.025039382689434776, 0.007715064100717224, 0.0114683056418643, 0.0240800709803533], "NoiseHL": [0.09920463827954064, 0.10187065242788601, 0.12389094832598892, 0.1474535093206668, 0.11955013405932664, 0.14240731637476564, 0.1276179640246992]}