{"FilterHL": [0.017103413669835525, 0.023005170585498055, 0.009235239816000156, 0.031084427223030297, 0.010084818098767809, 0.015300674759964834, 0.034821779222109855], "NoiseHL": [0.1351107938257333, 0.15419498540253912, 0.157346877241872, 0.16530068105035942, 0.15723302375808207, 0.17969115976226546, 0.18820839970111686]}