{"FilterHL": [0.01908272772364182, 0.05606485453280163, 0.031006229025805254, 0.039146176844095305, 0.012325227265332103, 0.018876005777090532, 0.03718160439208153], "NoiseHL": [0.02895549821791521, 0.06763438027680234, 0.03776041156065275, 0.02573571162662665, 0.02089045985078588, 0.03261809785870684, 0.04320423924693815]}