{"FilterHL": [0.03139280186515549, 0.02052218569912524, 0.03736436409159836, 0.04778909474035924, 0.03748045931981239, 0.044717166599046225, 0.04618763052490386], "NoiseHL": [0.05893429209743903, 0.054671285962120675, 0.06916368652680796, 0.06311249548862947, 0.05588564759563723, 0.08290417104453122, 0.05912162994197321]}