{"FilterHL": [0.034430694782042304, 0.02530058898190563, 0.011695577627617212, 0.03881525094995486, 0.00696864067382483, 0.007974369508750469, 0.02686589851772592], "NoiseHL": [0.38083230572085763, 0.3874461566414853, 0.38326065516752994, 0.38495530332019984, 0.2605876987777587, 0.24200970616195067, 0.24614178578630838]}