{"FilterHL": [7.35079245943432e-05, 6.400288603442014e-05, 0.023811765007201512, 0.010238292551589402, 0.0005301532143266398, 0.0028632479568554176, 0.03176791244039278], "NoiseHL": [0.19053478273184227, 0.2520758735267398, 0.2632161539213518, 0.3009373490486507, 0.26916281322186875, 0.29183887160721417, 0.311650674977553]}