{"FilterHL": [0.003406549854656698, 0.0033124616549117794, 0.0034495013390349314, 0.010120835406072691, 0.008098479983616359, 0.014827408533473745, 0.004836748943069868], "NoiseHL": [0.19057712128775833, 0.1796221967343837, 0.181020545497903, 0.15238835799679765, 0.19069528163854388, 0.22609303580528767, 0.17103032976830018]}