{"FilterHL": [0.004224109900753926, 0.019657813189353245, 0.014090342865934571, 0.006061509131156076, 0.005689131752592255, 0.012074975071299825, 0.025721879962741116], "NoiseHL": [0.0990645402668698, 0.12938991803272107, 0.11306384576970233, 0.1386673738053388, 0.11520657955141124, 0.13504536231159545, 0.135040375753055]}