{"FilterHL": [0.03845259853372546, 0.05124832979416665, 0.02142111446381188, 0.044869487665387404, 0.05881833819888686, 0.04243861286089303, 0.042130806215705786], "NoiseHL": [0.0524675118232497, 0.06187863882219769, 0.022884200891451927, 0.057876212400532645, 0.052297959930166206, 0.039958338400807196, 0.051606078976634454]}