{"FilterHL": [0.025243677514363263, 0.045574181933611804, 0.02346307972521168, 0.043185007160147, 0.29744255634394495, 0.3103159581877213, 0.2904392865813754], "NoiseHL": [0.11572674345346506, 0.14966840364069092, 0.11837605520658363, 0.14535145609051534, 0.163810482117109, 0.18852472250946, 0.16658320808660837]}