{"FilterHL": [0.029901715077863156, 0.0527092380950624, 0.038036727540475164, 0.028678358196643668, 0.022677846152837897, 0.027737012136045607, 0.04433546837932825], "NoiseHL": [0.045918839540338985, 0.044111204811544444, 0.009039023582768866, 0.04383174271745972, 0.03401179702823728, 0.030448406723500045, 0.03388751074100602]}