{"FilterHL": [0.07933073071678082, 0.25719389955002636, 0.22045639639587544, 0.14155739076755508, 0.2330899899579782, 0.4351324334507349, 0.2000838594523207], "NoiseHL": [0.37825180868640296, 0.5404009273388917, 0.4707945639126676, 0.513682769682576, 0.3882836678946785, 0.5744931453153654, 0.3820665290090312]}