{"FilterHL": [0.0, 0.0, 0.017637002130453393, 0.05735938310383518, 0.056784800762282005, 0.055663579601214534, 0.0736504356962482], "NoiseHL": [0.1957864663624126, 0.16801938030584954, 0.19177743798448632, 0.1719223636415438, 0.21034719470246388, 0.21136493676135082, 0.16748890655405493]}