{"FilterHL": [0.0, 0.0030898852052802933, 0.0, 0.007400984178573219, 0.004628169451847242, 0.001225913322954031, 0.005389505354769125], "NoiseHL": [0.10857362109362227, 0.156039103467701, 0.13502822103059414, 0.16195924350285576, 0.16849798205490335, 0.14395320073022042, 0.15891327712791642]}