{"FilterHL": [0.04864506119043051, 0.06249074488613704, 0.0724799140626542, 0.058082477951368616, 0.04789617624527092, 0.07285420126797226, 0.05330116162362127], "NoiseHL": [0.23461589701610225, 0.15623068906638474, 0.24469728765245305, 0.11627966486105919, 0.20758153650277547, 0.21601872286689325, 0.18869188130663483]}