{"FilterHL": [0.027980844520421308, 0.04122238071222806, 0.03375484969425247, 0.038288088228223376, 0.013870738391341078, 0.02299738916256748, 0.025438331859054097], "NoiseHL": [0.06869833772458701, 0.06874572506216438, 0.08864458061070914, 0.07912729525535468, 0.07103300023869176, 0.06984724865522587, 0.07345177388351001]}