{"FilterHL": [0.011005308098368732, 0.005122418226749441, 0.00406790749395481, 0.030099903746178703, 0.003710693107747231, 0.011189011213580003, 0.03087143780156686], "NoiseHL": [0.139428647322723, 0.13505800112909228, 0.14739893404079438, 0.15310838405376287, 0.15244700207944847, 0.17719873532424357, 0.16985040003971452]}