{"FilterHL": [0.00700791607878266, 0.01781789650938309, 0.01034268114788554, 0.029578376695948896, 0.01048855894302327, 0.005365656122296886, 0.026155606968420557], "NoiseHL": [0.3527105998944984, 0.35860889541164537, 0.5464977238371518, 0.5706636922300641, 0.37327311910122224, 0.3699404827250401, 0.5611166478946591]}