{"FilterHL": [0.009392110876148734, 0.026675171804510924, 0.0063628541648313875, 0.014318904472832418, 0.025396334648698674, 0.03652803958532913, 0.01762442099105918], "NoiseHL": [0.27377313707882217, 0.3257350190279321, 0.2556519914055696, 0.3089501253837633, 0.4161209063295823, 0.42458166875681697, 0.403356494131737]}