{"FilterHL": [0.028113113423033943, 0.05571581619953333, 0.03166566497335498, 0.039211675666422384, 0.04053514860235258, 0.0454613078408346, 0.023541633013506716], "NoiseHL": [0.05167350733152743, 0.11782255136800118, 0.035745784303087745, 0.056482730755924485, 0.07160653067432834, 0.0950897495896535, 0.06317492276904188]}