{"FilterHL": [0.015294258126880267, 0.03232657908067306, 0.033032593604876315, 0.05908310938976255, 0.03272554361739039, 0.01575678732934405, 0.010704587750601334], "NoiseHL": [0.18639723122910265, 0.13682438141692818, 0.18505243906450056, 0.14865950268466496, 0.1737855655099409, 0.21424576916127444, 0.20316293801242152]}