{"FilterHL": [0.00340525469276585, 0.007772725005725159, 0.004044701140708371, 0.006135408667871694, 0.03405095604173901, 0.039502333869318854, 0.04109233250036111], "NoiseHL": [0.09402135429266777, 0.08309893806203172, 0.1254993848201321, 0.1294549508986704, 0.13866838398630887, 0.16992337476983288, 0.16688406008588036]}