{"FilterHL": [0.01942757156657138, 0.017719258873080266, 0.010803860016548088, 0.027712452497488386, 0.0070684140804483896, 0.009231554103291744, 0.016252398240714835], "NoiseHL": [0.03537080313145923, 0.10888188212357093, 0.0508289064940953, 0.10654146200302551, 0.045299880197510474, 0.1025896981494337, 0.05263325035091262]}