{"FilterHL": [0.08216060769995158, 0.10648175101074624, 0.05903494104813913, 0.041623720049503314, 0.1337750365751767, 0.11414325780556368, 0.14751805257848932], "NoiseHL": [0.3147901102831165, 0.23746881376997298, 0.38386122882404194, 0.34082697976905724, 0.3322059932353686, 0.24563766146865507, 0.4617198183702153]}