{"FilterHL": [0.02978288336111085, 0.06321689431583147, 0.026177302435996364, 0.06429383289475928, 0.05588373189318726, 0.0342002947320696, 0.030582356275365565], "NoiseHL": [0.02236416542439721, 0.042483502069225215, 0.041144960322511366, 0.07391293081099415, 0.05690951198918091, 0.02176063755864904, 0.035196729562129624]}