{"FilterHL": [0.013496137570585704, 0.02041078323496731, 0.00900134212603547, 0.032720629314201916, 0.005349669408076238, 0.011189277687964485, 0.014299620400623634], "NoiseHL": [0.07066699128908716, 0.09966694286361816, 0.08022414564113642, 0.12144370792919695, 0.06452040539272824, 0.11960837856849241, 0.0857725396529083]}