{"FilterHL": [0.02619696525832107, 0.021690236464806504, 0.014762094914170075, 0.012286957710989277, 0.008365879475619153, 0.01944760739010216, 0.025694671493867203], "NoiseHL": [0.08644602764201621, 0.08758081465353809, 0.11609566938921047, 0.11668402656295401, 0.08598643955632297, 0.10616967670384012, 0.1382214581780557]}