{"FilterHL": [0.03129891030700645, 0.0037763640398223077, 0.03504151513041908, 0.027283140620230933, 0.03396936607652184, 0.017767629878497733, 0.045739826384581975], "NoiseHL": [0.1622060098802622, 0.13239458007955102, 0.14381987592347362, 0.11847109691670916, 0.14949656600406702, 0.16880371270593234, 0.12121681983958006]}