{"FilterHL": [0.026354798542456603, 0.02619386286427689, 0.02368462620805692, 0.051759464249347034, 0.026198374652532667, 0.02252947636482448, 0.028143866031655865], "NoiseHL": [0.13299989661697642, 0.1497664854355705, 0.1642129209877567, 0.13759105826769819, 0.13808937668236176, 0.13060677073764737, 0.12474669788169963]}