{"FilterHL": [0.0432781126507816, 0.06657398910558132, 0.03777381965434696, 0.055057300763887096, 0.053596745698747214, 0.05273554081904469, 0.06612863412271881], "NoiseHL": [0.10107814087948248, 0.06889358458843423, 0.0979532792595522, 0.05791034931579087, 0.09706788093976533, 0.057441250512866346, 0.12452886558992253]}