{"FilterHL": [0.028464781468268932, 0.03855430171211132, 0.028717410187209972, 0.0186674080068332, 0.027262909876921353, 0.04910305740567612, 0.042618255313231275], "NoiseHL": [0.1342810090114479, 0.12210633549742685, 0.1318970878106181, 0.12599551651824106, 0.09218260757191121, 0.06750316757831612, 0.07846960795101017]}