{"FilterHL": [0.011679973061042988, 0.019039154911158537, 0.01915259710922306, 0.029692082261636065, 0.01329414984929818, 0.01656529214268271, 0.02574848955988291], "NoiseHL": [0.04442042988540234, 0.04953705034134395, 0.06296941998698971, 0.049611216481473853, 0.064991340620487, 0.08018820658398326, 0.0769490712930889]}