{"FilterHL": [0.02489950388877958, 0.06099996914168592, 0.03219698842601464, 0.0517273481756361, 0.04147794351988853, 0.05809514845088383, 0.15098492530886137], "NoiseHL": [0.33269917661042403, 0.3213526269323547, 0.32610668804877324, 0.3485157994340123, 0.3359483599561802, 0.31069862932700865, 0.3200244611838731]}