{"FilterHL": [0.031788187453806425, 0.045299962622923774, 0.01991994458249398, 0.03101215410503842, 0.05143790091084425, 0.0710945469569527, 0.06346114312632734], "NoiseHL": [0.020899222490014573, 0.032735021873010986, 0.045848433882209355, 0.04375384657421783, 0.027993258205877454, 0.06131597652468782, 0.06290469919893107]}