{"FilterHL": [0.019774210083345047, 0.042210576677329366, 0.048522185206192045, 0.035555788954585235, 0.06800906895854776, 0.27497814072434024, 0.049660767755142776], "NoiseHL": [0.36491590124154183, 0.3661801774477551, 0.37328855465239535, 0.34705453578242285, 0.36352748010372604, 0.346624991801453, 0.3613314311826347]}