{"FilterHL": [0.055153048499920705, 0.0755383496961292, 0.044333118488609116, 0.04597904034980625, 0.11571975128707543, 0.05951580158446814, 0.045756877331564215], "NoiseHL": [0.20576905463826545, 0.21266919202551365, 0.12107487718503238, 0.11458628712862665, 0.21098013908704769, 0.20954315187380712, 0.09373274375828851]}