{"FilterHL": [0.03817393109620584, 0.03211579357207629, 0.03192530624660895, 0.039645778264248074, 0.02705346913466415, 0.035568674094570624, 0.029761775097658233], "NoiseHL": [0.059491867045114666, 0.0872115228947734, 0.10546442365441411, 0.07441263567143196, 0.058705083547457716, 0.08413784082441163, 0.0716646681200796]}