{"FilterHL": [0.004546596590748264, 0.017235391033394037, 0.013330182455887777, 0.004924774756560235, 0.004505929416057104, 0.01107195290260969, 0.024414368513787307], "NoiseHL": [0.088572519473183, 0.17098604546471616, 0.13132601991234924, 0.19054078712373276, 0.12556238394354763, 0.1665392642649243, 0.14906312915643677]}