{"FilterHL": [0.01152024638875792, 0.007278150423740959, 0.020396622139498256, 0.011336871298021595, 0.009046254161429755, 0.023578803358812038, 0.022559521229171403], "NoiseHL": [0.08636742891152076, 0.08033635656484786, 0.08574624023480187, 0.08596892253098402, 0.10443064226602683, 0.09409090846848166, 0.11316448858093062]}