{"FilterHL": [0.26246152263936917, 0.3125984905899568, 0.38800712419895494, 0.1584509832752731, 0.7610957106838366, 0.6689020006808044, 0.590844322607497], "NoiseHL": [0.6482345452161279, 0.6662654588667039, 0.642672968360236, 0.6523095901265871, 0.6620481535451004, 0.6898331721486847, 0.6705019670870276]}