{"FilterHL": [0.044515603568885787, 0.021844496137606605, 0.023395900417351328, 0.018357163791323516, 0.04500579013951613, 0.05625681454119894, 0.05059432750967909], "NoiseHL": [0.2563589804943358, 0.41471875571345773, 0.2413902091414339, 0.4342293850450061, 0.25831352652922546, 0.432533934981033, 0.26926171802334736]}