{"FilterHL": [0.011734072884806941, 0.03313060614601329, 0.01278586799335261, 0.03871166481828534, 0.0587505696616985, 0.07806521803172176, 0.05245723227131848], "NoiseHL": [0.09134585606270318, 0.09571161992903547, 0.08960185394642248, 0.0929473876927919, 0.2759040715418274, 0.3060388589681246, 0.28044757580356333]}