{"FilterHL": [0.035232891566105526, 0.019543936553279705, 0.031101825133367653, 0.05006301704280415, 0.044182987635196284, 0.04704253521580092, 0.0344513569486418], "NoiseHL": [0.14130698277293688, 0.13905494321949724, 0.13017972503641964, 0.14850536224477434, 0.13627865427582486, 0.1183476074569999, 0.15049242684504033]}