{"FilterHL": [0.02003302443762283, 0.0507499863910498, 0.01921790929111982, 0.02965822446115687, 0.01721377645626843, 0.0208725560731206, 0.008020460339841736], "NoiseHL": [0.06691113484308524, 0.07170924208172015, 0.09352070592977367, 0.11377108533475576, 0.08313116146595849, 0.06965212714250374, 0.1164991470077225]}