{"FilterHL": [0.006783597212248648, 0.0020457406636072237, 0.0031598783574372773, 0.023490350362848807, 0.005008182778496297, 0.0065116904681607685, 0.010670102732220209], "NoiseHL": [0.05452024306768885, 0.05963545823243817, 0.0913066635382386, 0.11028749259603435, 0.1293955718215808, 0.14074347542514545, 0.15566507578094146]}