{"FilterHL": [0.003134828059695895, 0.012843745376941025, 0.005089650613133814, 0.0047810895766837455, 0.005822151489087069, 0.004899726696478935, 0.01671052964118425], "NoiseHL": [0.24582672722449136, 0.23840343015296542, 0.25121561906091994, 0.25319635584405165, 0.24283821628501, 0.27509601171110837, 0.24054727065661266]}