{"FilterHL": [0.01652706446841967, 0.012709365445165622, 0.03189333057037131, 0.0753874029992377, 0.016710596159558392, 0.013418157321268874, 0.001395455133089634], "NoiseHL": [0.2065370319786255, 0.23660276561498061, 0.19374152490229968, 0.22769422412624107, 0.20294063246304705, 0.23064298754452664, 0.17147175059480166]}