{"FilterHL": [0.00038770978382732024, 0.00015572868016835615, 0.029387727753028347, 0.02413382421408727, 0.016994126270872236, 0.021399099148777, 0.02624654272075406], "NoiseHL": [0.3698625321544197, 0.4302321458813472, 0.3885397109137704, 0.4350337717617155, 0.4902011206418737, 0.47834593397109937, 0.47313595540714876]}