{"FilterHL": [0.02633232847541786, 0.0520523724444852, 0.023413571977315032, 0.043212066441792304, 0.028508935547189918, 0.03432949387378092, 0.024763513884711832], "NoiseHL": [0.04786679420440685, 0.056384788704462764, 0.24525130016556504, 0.26148266016202704, 0.04729563119178332, 0.030103569405119816, 0.22630946673133978]}