{"FilterHL": [0.026312442670811377, 0.04526644753833729, 0.015693020221882497, 0.038408533168891285, 0.02729787089562667, 0.03180902523854893, 0.026399825076639922], "NoiseHL": [0.190272635845834, 0.1909633287758291, 0.21599084867568727, 0.22434832019600645, 0.20691574688400993, 0.17929606161004716, 0.24124926504889976]}