{"FilterHL": [0.03798730769446328, 0.03932655432439818, 0.026766996470434214, 0.03455761337474006, 0.0492632427634093, 0.0684337485506593, 0.02881818755380797], "NoiseHL": [0.12783921009090682, 0.18451991106548518, 0.13417217012667584, 0.18884500427876685, 0.12307651058335384, 0.18074253768386148, 0.15325826815953186]}