{"FilterHL": [0.0, 0.0, 0.004080347354869449, 0.029454117387541483, 0.0, 0.0, 0.02941853289650491], "NoiseHL": [0.16193431328727037, 0.22379061732305383, 0.14739741548967522, 0.15730636166184989, 0.18239580959790105, 0.2071544063142342, 0.16030170519335687]}