{"FilterHL": [0.009321542168019399, 0.01740781403918811, 0.00919131549268682, 0.00281168343613086, 0.00494280026057076, 0.02658720358642194, 0.016374515951399094], "NoiseHL": [0.17392599341815254, 0.2361236237960922, 0.17315598665742177, 0.23995426298625883, 0.16054305853367765, 0.2120371686934693, 0.1892454269467742]}