{"FilterHL": [0.024659932186934002, 0.030845740946529445, 0.02277742110764589, 0.013292646707767686, 0.05464533555601093, 0.04701920399385757, 0.03958532646009617], "NoiseHL": [0.17374118777939734, 0.1789469601780651, 0.17959959502142722, 0.1746548461744347, 0.22122468039501278, 0.24524840131288242, 0.2299602562207043]}