{"FilterHL": [0.010112832254806577, 0.01263586109406611, 0.012226427088846095, 0.003340304637719473, 0.017257172070994416, 0.0228672358264503, 0.00756423853135093], "NoiseHL": [0.1604279672157271, 0.19055041201541562, 0.15373043777970843, 0.20259112911661534, 0.19981599607312503, 0.25311391587555676, 0.20259734524372452]}