{"FilterHL": [0.018074104184530034, 0.025433964314961054, 0.011215312012875144, 0.03629651206015294, 0.01518252251331763, 0.015293135133792504, 0.01876237811559926], "NoiseHL": [0.10969188364034228, 0.1582908365625873, 0.12595859520981406, 0.17312756116319808, 0.116873444760916, 0.14961895894340768, 0.12598751055201862]}