{"FilterHL": [0.011326106118041341, 0.020879432007604302, 0.02895007932260969, 0.02970808030846968, 0.016121148684259852, 0.023435210023945066, 0.01963768813832251], "NoiseHL": [0.1387645771157932, 0.169634997525701, 0.12434060908289206, 0.15092895667792788, 0.09691387403256917, 0.09215671485298794, 0.12029678711199733]}