{"FilterHL": [0.01001316325091771, 0.0009674676736001233, 0.0020220369577489956, 0.006716773044449214, 0.005014971862710033, 0.008332712800767451, 0.021693415339662892], "NoiseHL": [0.12306235984909245, 0.17677739053546407, 0.1541244643848621, 0.18834835997609947, 0.12749544673171684, 0.1811565890532861, 0.16929154927138423]}