{"FilterHL": [0.028269202233842272, 0.01737452358689708, 0.03720607236208818, 0.060604474946966906, 0.04097360844710326, 0.03560860956287723, 0.03441751796237304], "NoiseHL": [0.03639523393868325, 0.041262607681674945, 0.04184576106328582, 0.058256282801463354, 0.038230114364035006, 0.054874927574593106, 0.03328870353999207]}