{"FilterHL": [0.006018545158434548, 0.014791847114302842, 0.004939139397922882, 0.0072220336787013175, 0.006916809620331495, 0.003180103302125123, 0.014524669505292733], "NoiseHL": [0.0835658182054885, 0.1320421468361025, 0.13157145426040615, 0.14585840188149182, 0.1112852951409939, 0.10185884184761823, 0.16041202509617206]}