{"FilterHL": [0.050115873188836556, 0.0643384861633463, 0.03494311960226312, 0.046667026669398814, 0.06450816634395641, 0.037274444180211246, 0.06507732914958993], "NoiseHL": [0.19329659674353167, 0.23709930164081103, 0.18865773200191174, 0.2541451804963312, 0.21566092302967615, 0.24074365816994975, 0.23261053509094862]}