{"FilterHL": [0.01927189765661248, 0.042139371937308996, 0.021810247889768295, 0.04801863828938711, 0.019749433303789705, 0.025342605937034645, 0.05155542952823285], "NoiseHL": [0.10080029197276376, 0.09646622348449439, 0.09239492391965655, 0.10992078284385162, 0.09905759538710363, 0.07397712425424285, 0.10515842281531007]}