{"FilterHL": [0.005835828948359277, 0.021091675874982636, 0.014992955660963992, 0.007158329568011456, 0.006945051495408533, 0.012846591444821467, 0.028918110477343065], "NoiseHL": [0.08856218300192335, 0.1350292478083991, 0.10862280778668085, 0.12549789272548414, 0.1130351674056251, 0.13686963175204087, 0.11946875674937281]}