{"FilterHL": [0.16520263623009254, 0.05978699477230348, 0.22617531470991492, 0.20364983486447272, 0.5518149782536838, 0.6430701468907187, 0.7071067811865475], "NoiseHL": [0.7628563710621742, 0.7727734974453995, 0.6042468628699066, 0.6174710122487339, 0.6868779193248273, 0.7772762758653874, 0.7225094976435603]}