{"FilterHL": [0.018056035930064246, 0.037715007971257423, 0.034610251036138545, 0.021379825789719642, 0.024177498509356098, 0.025276086551659478, 0.0324363118493766], "NoiseHL": [0.11006600121447374, 0.12625841393904902, 0.10191867819802164, 0.04274107566477512, 0.10514022774476181, 0.14380805107751907, 0.08461116553813028]}