{"FilterHL": [0.0, 8.575296305508029e-05, 0.0, 0.0, 0.0, 0.0, 0.0], "NoiseHL": [0.3044224920897379, 0.44472620418400155, 0.3879209633523797, 0.48165043551804065, 0.3350491837643214, 0.4683751169737779, 0.4683751169737779]}