{"FilterHL": [0.0, 0.0, 5.226228528901185e-06, 0.0002548446963018311, 0.012515482981092101, 0.00898430541419955, 0.012525716202077205], "NoiseHL": [0.47037645864927213, 0.44882260281898695, 0.44472620418400155, 0.47303921954380396, 0.3923497825059227, 0.4003881833183576, 0.39308481444302484]}