{"FilterHL": [0.0078040090605170885, 0.029563188998224504, 0.04989986705363311, 0.05464712300704251, 0.04378913181121404, 0.02013734094858905, 0.05597829796387026], "NoiseHL": [0.22599253833155783, 0.30906402744621875, 0.25874592267213936, 0.21671451896298488, 0.20970412484761758, 0.3133101977771383, 0.244309672107655]}