{"FilterHL": [0.01703384246950802, 0.06340882265304118, 0.015903751590316807, 0.032808141299138414, 0.010619740827032579, 0.03612175309467487, 0.03075763607527828], "NoiseHL": [0.2688592838528861, 0.26897809449734045, 0.2587335050702354, 0.24842298682272088, 0.2562709951778142, 0.24216619088151978, 0.22505814598748375]}