{"FilterHL": [0.0, 0.02171557297840919, 0.0026809647193109507, 0.026359078918382673, 0.0071304463335412245, 0.014097354006964328, 0.03049890895430154], "NoiseHL": [0.29275215217742273, 0.2697089314188471, 0.302650597456391, 0.2770488494948665, 0.3096897498415317, 0.2900960650675995, 0.3431841512317855]}