{"FilterHL": [0.0342668257321238, 0.040806149173217524, 0.04213907249197928, 0.023927032189203407, 0.033533300713833175, 0.06691429806895657, 0.03253876270147426], "NoiseHL": [0.11836281438257402, 0.1728549341672403, 0.15366481148265423, 0.1868161780692177, 0.12789629820196044, 0.1739500977605039, 0.1469393697886202]}