{"FilterHL": [0.4565824677346723, 0.41803205650723446, 0.31338812935558796, 0.28449922118721427, 0.4435540589796086, 0.578285476128641, 0.3548108866409973], "NoiseHL": [0.41788331931570916, 0.4075771761030788, 0.40216564523535797, 0.3925884202967522, 0.42654362361062964, 0.4456310131927765, 0.411024621653625]}