{"FilterHL": [4.4044828443471044e-05, 0.0, 0.0, 0.00019567274436678813, 0.0, 0.0, 0.007664427648602966], "NoiseHL": [0.17390359233227098, 0.2034297098849552, 0.21915374002515098, 0.2305892712780783, 0.21561738357673682, 0.21680194274139553, 0.25516228884138725]}