{"FilterHL": [0.12862428998397477, 0.10967386513306442, 0.04887446290127586, 0.0654677603955204, 0.1748230376074411, 0.1461989674345698, 0.13103230230061086], "NoiseHL": [0.25097058061185334, 0.4582076919718139, 0.3427077150224475, 0.46481405124582575, 0.244076092465637, 0.4602910875469266, 0.35599162218905256]}