{"FilterHL": [0.008047598004348303, 0.00414910899645481, 0.014409910691839613, 0.0020603994542887287, 0.022579565243191817, 0.005750093635866881, 0.02310824736840692], "NoiseHL": [0.20627097241912917, 0.25030857238295595, 0.1984386077757475, 0.25709099122896084, 0.22971345085981676, 0.293537656108705, 0.23465214572109566]}