{"FilterHL": [0.030644666033240148, 0.07862107620574708, 0.045107371647560277, 0.04012534400621701, 0.015330128703460582, 0.03769467361407462, 0.031171524741362155], "NoiseHL": [0.027588031262111297, 0.06739173600110267, 0.04304017308544718, 0.027586602188382863, 0.023166150021398033, 0.03976350207076409, 0.039013434442518695]}