{"FilterHL": [0.04510073473457901, 0.036815196777645096, 0.05805118023811821, 0.04593054037415095, 0.05014276818885011, 0.035189128946611095, 0.04721395102977961], "NoiseHL": [0.07579086729482204, 0.11414239196805988, 0.07199155526850667, 0.1324053939859043, 0.08852312618680776, 0.11850052519132798, 0.07667237477084828]}