{"FilterHL": [0.0300154355253811, 0.03948170570263169, 0.022228364166245462, 0.041410158185458186, 0.20721935614872614, 0.2099771848593896, 0.20782091879266423], "NoiseHL": [0.08783129951985928, 0.08349714057259698, 0.06547495516906675, 0.074537954948651, 0.12642999659982265, 0.1072159650876622, 0.14802318745159176]}