{"FilterHL": [0.01783108504788958, 0.022585006830335503, 0.009294589831593685, 0.02885587002456566, 0.005406934777612075, 0.026290439281120122, 0.0032185532781113463], "NoiseHL": [0.17101061315727997, 0.16181844865164996, 0.22882331832726774, 0.1760535126610287, 0.18524411947440003, 0.1597516714770045, 0.24399260159283298]}