{"FilterHL": [0.026732709930054263, 0.04661749001108936, 0.042105448709551845, 0.0278847163446482, 0.03497211025063621, 0.05650699226184584, 0.04026906438422791], "NoiseHL": [0.1587583956846632, 0.20114544304463466, 0.08643040000555001, 0.06389017837157483, 0.1527565420695368, 0.15798456431950894, 0.08705326305669608]}