{"FilterHL": [0.025612723424667933, 0.04033893366546978, 0.020202666520404245, 0.045056986225408595, 0.013917465829119268, 0.6905760991709028, 0.03619327839550808], "NoiseHL": [0.13269668353118114, 0.12703712949049775, 0.17471483653216824, 0.17602238306212764, 0.1485785638568647, 0.11847454975651577, 0.19190714071610676]}