{"FilterHL": [0.019424234246362047, 0.03733975007537607, 0.04334225158908369, 0.03503561098584195, 0.03790251798913665, 0.043720680619030436, 0.03549092394311578], "NoiseHL": [0.09448646652912887, 0.09764362730363897, 0.0740301007409731, 0.06357209111538692, 0.07787490930677192, 0.05173575204157032, 0.05934236110453993]}