{"FilterHL": [0.0272521519811019, 0.04933387933847241, 0.03329917814110277, 0.06642710656778301, 0.027121387011331332, 0.037302006553381124, 0.030070166521313328], "NoiseHL": [0.08603082465010753, 0.0878512187837043, 0.09560587390694922, 0.06528564983974015, 0.0824464544201119, 0.08532536952417906, 0.09650450259683942]}