{"FilterHL": [0.5756534787814181, 0.03832227365506659, 0.04428229763176041, 0.018737123957095043, 0.029266365523590816, 0.03341340614501147, 0.027818031095024568], "NoiseHL": [0.05642786161966267, 0.08049628337397176, 0.0693770874895605, 0.048729703869283485, 0.05706354486075309, 0.09949770534481288, 0.06992958270973554]}