{"FilterHL": [0.0, 0.0, 0.0008083750122871476, 0.0004651802657761387, 0.0, 0.0, 0.0], "NoiseHL": [0.2816336424931959, 0.3479977451053712, 0.2768927248622021, 0.35038649663459137, 0.29366312361983693, 0.34559705550635744, 0.301761539521587]}