{"FilterHL": [0.0, 0.0, 0.0, 1.0536712912769736e-07, 0.00041779869829910413, 0.002073377269156323, 0.00041779869829910413], "NoiseHL": [0.13317431117202394, 0.15880924869119284, 0.14567520307051546, 0.1422112410749228, 0.16193431328727034, 0.1753456551944575, 0.16193431328727037]}