{"FilterHL": [0.03323490796331491, 0.028101409293725357, 0.01901036298845255, 0.03790060576043769, 0.015142485904997128, 0.02528339956421486, 0.019263158765902913], "NoiseHL": [0.038355934974013337, 0.05857232921217403, 0.05007457423603677, 0.0545192811972091, 0.04471280610158255, 0.06671328064794169, 0.0614842432777997]}