{"FilterHL": [0.013563804651359574, 0.005956872028175331, 0.0010842264202504648, 0.02160069481429634, 0.007576176624076614, 0.0034588615816649533, 0.013680044703609234], "NoiseHL": [0.4451241733986893, 0.46732267303013925, 0.262574828918109, 0.2887975179970675, 0.4549268061681375, 0.4585376211483636, 0.27803201998327565]}