{"FilterHL": [0.00015998646239360944, 0.0, 6.630010093928803e-05, 0.0, 0.015518785976114332, 0.013345349145298628, 0.004708861386178044], "NoiseHL": [0.17098527586296225, 0.16500333021764654, 0.1996416327232974, 0.1837755367050545, 0.17010084627790004, 0.1742545868551265, 0.16510255279950745]}