{"FilterHL": [0.008049566041932826, 0.016530302466753622, 0.003056990178089103, 0.009052952658281066, 0.007660575384154989, 0.005929607923708903, 0.017582785880066114], "NoiseHL": [0.242572763770283, 0.24866451520869728, 0.2790677449463496, 0.3065038678803709, 0.2705455232680188, 0.28499604587688826, 0.2552970596215367]}