{"FilterHL": [0.021334615687652946, 0.04589837864716842, 0.019768609938753914, 0.03835208292318653, 0.024861217360641397, 0.04067193273850378, 0.025947034348093534], "NoiseHL": [0.03846416254631489, 0.05539788819231722, 0.019477195476003243, 0.02343344831628899, 0.02832258013344167, 0.0404139079962136, 0.04956222188656512]}