{"FilterHL": [0.02312597831973343, 0.08421731121657328, 0.013411828230006738, 0.049115677888064146, 0.10298781318873461, 0.05763846377950437, 0.09231475414575642], "NoiseHL": [0.04586179235337376, 0.11229498716360466, 0.049739681669013526, 0.05820068708245341, 0.13966221423916367, 0.058714757896231026, 0.14874786585811145]}