{"FilterHL": [0.11717427552341665, 0.050489968284620206, 0.0753469561413313, 0.10792992242248574, 0.1376438038094845, 0.1825550585624241, 0.15651508602851688], "NoiseHL": [0.2546643732450732, 0.3310092807152512, 0.3452234323335325, 0.3711757043729397, 0.24650037825700155, 0.26327834584591703, 0.3407756907713162]}