{"FilterHL": [0.014160233605643785, 0.04199430802215278, 0.030240547445663714, 0.005082015622710568, 0.04379230608284308, 0.10176130366657232, 0.00971281167242138], "NoiseHL": [0.23776639316574916, 0.26907046216683617, 0.2931374370617043, 0.34055426347630907, 0.2621487886987597, 0.29176698533722084, 0.30660789923656045]}