{"FilterHL": [0.0361172601197143, 0.06459387919649338, 0.04383807998308691, 0.03524136250026642, 0.0719589524265305, 0.0349954945732008, 0.06303669944453741], "NoiseHL": [0.15277427586984546, 0.047340793299102145, 0.15860094537428865, 0.03556731625607253, 0.1422536184765931, 0.0392279882058662, 0.15364636635805562]}