{"FilterHL": [0.01590629683374445, 0.0045048011639350375, 0.0, 0.0, 0.010064838041909071, 0.0038747658793248916, 0.0], "NoiseHL": [0.22379061732305383, 0.26023620398396025, 0.28908494657548534, 0.32759952141623117, 0.24474362140675346, 0.2622422036792348, 0.302650597456391]}