{"FilterHL": [0.04875837703563046, 0.04409254473097353, 0.045098131519898194, 0.05035421208876046, 0.045700914090721606, 0.03347248524179993, 0.06750432124078894], "NoiseHL": [0.08966283147443062, 0.09183559898754239, 0.07199966449649772, 0.08685652800641723, 0.08349051037620313, 0.07955741073561098, 0.09768601735008296]}