{"FilterHL": [0.03682348780702241, 0.04169431311223776, 0.024777106554501067, 0.04164873769198322, 0.05396077365059855, 0.04992175330957981, 0.02063813548164137], "NoiseHL": [0.15045078858462052, 0.3287493769158352, 0.17686543514682007, 0.3377468242856514, 0.17162260794870038, 0.23144341163751703, 0.19065258411906008]}