{"FilterHL": [0.014923154281996321, 0.015393652002895603, 0.00298759504389365, 0.0188888353769049, 0.01681518429374243, 0.022673252169315837, 0.003029271899319581], "NoiseHL": [0.08243373268838755, 0.06557698959267227, 0.1468994786094974, 0.1521755788943717, 0.12910754735295216, 0.11176400643767692, 0.13855831474693403]}