{"FilterHL": [9.804036628546809e-05, 0.0, 0.00013907720385242573, 0.0, 0.017266064447862613, 0.013694573754805347, 0.035092985317212264], "NoiseHL": [0.14044858014632036, 0.20217423592924638, 0.18100629468644155, 0.22607708161584836, 0.15763758597920716, 0.1665202643191514, 0.1798890043090219]}