{"FilterHL": [0.006905799912203143, 0.015305451334198632, 0.0025412108521231116, 0.007298146879334581, 0.009769439845882568, 0.00699582652444822, 0.018507485037009285], "NoiseHL": [0.4178139625173027, 0.4143342931629786, 0.4021462569666891, 0.39326202179367536, 0.3695174944337399, 0.3849871565805681, 0.34078779581661306]}