{"FilterHL": [0.0, 0.0, 0.0, 0.00039291779437284404, 0.0, 0.0, 0.00010583865749477827], "NoiseHL": [0.16193431328727034, 0.2144269219230429, 0.16801938030584954, 0.2226395172490795, 0.16037899096361255, 0.19707921959999697, 0.16500333021764654]}