{"FilterHL": [0.009841339991929298, 0.009388316350867091, 0.00158561714097949, 0.005993105135590823, 0.01364457672474771, 0.00814176226743704, 0.015020979979484697], "NoiseHL": [0.18543433462940748, 0.2404728769662902, 0.19451105569893856, 0.2372375839675098, 0.20001657426804392, 0.2047197862839202, 0.21970560274472786]}