{"FilterHL": [0.0470711567158426, 0.03295126255204747, 0.03099901031808514, 0.04425298160411683, 0.029274426611730783, 0.04844771167302922, 0.01792087777784316], "NoiseHL": [0.09565394526384537, 0.09611837353098528, 0.1497937684703755, 0.1573948729342376, 0.08941125975328061, 0.1076008551775894, 0.15519197260786105]}