{"FilterHL": [0.06160919219333762, 0.0794435429117339, 0.10426623245079293, 0.1116005079085829, 0.11919621262269502, 0.1671596517088522, 0.09880157289759005], "NoiseHL": [0.12960125407549639, 0.08509242030324753, 0.13211117933549113, 0.07103438970452895, 0.17532938119513714, 0.06957398879792619, 0.10752134123086528]}