{"FilterHL": [0.3181122065856097, 0.23095167244778775, 0.2665635492539501, 0.23706191619839306, 0.3042500527494392, 0.28252491139190555, 0.25898450361149966], "NoiseHL": [0.5851531991295611, 0.5990186321895178, 0.6047528752254713, 0.6135038746660925, 0.5925327795684885, 0.6018076728623846, 0.6228389721583609]}