{"FilterHL": [0.006637398058757, 0.026191538926409814, 0.020231962442299977, 0.00797936367463233, 0.0205028325462136, 0.022712104366005924, 0.025652952114406154], "NoiseHL": [0.0369125557558241, 0.0770687760164792, 0.050722877044836794, 0.07976302802037125, 0.04672643871808517, 0.08706728151455503, 0.055292709299702314]}