{"FilterHL": [7.218016208411279e-05, 8.899867145632837e-05, 0.0, 0.0, 0.0, 0.0, 0.0035665256618200377], "NoiseHL": [0.1015235126358928, 0.15880924869119284, 0.1665177944500141, 0.1781969793463003, 0.16193431328727034, 0.17245022900462761, 0.2034297098849552]}