{"FilterHL": [0.02848227900609924, 0.0490368653155858, 0.03797273478169622, 0.028329279238929157, 0.045935517570784, 0.05786202620914864, 0.03941786135013135], "NoiseHL": [0.1296202599983344, 0.11776676194023136, 0.12057710510377885, 0.09492504196444627, 0.11611118405966918, 0.07829885976708162, 0.10000873245425518]}