{"FilterHL": [0.031034640374589452, 0.049836408263511586, 0.028677492207746087, 0.031953263575309296, 0.06416144908513152, 0.07405944462918689, 0.057648573336441446], "NoiseHL": [0.156495491469935, 0.13196268745370152, 0.14735533289885427, 0.1587859448148594, 0.10473292320783667, 0.10617557882494812, 0.15894968577871804]}