{"FilterHL": [0.02454411067807043, 0.06353610998909605, 0.03473060045600958, 0.03293389351288795, 0.05199593406060468, 0.06324338066971735, 0.04507852829682841], "NoiseHL": [0.14654963473894592, 0.134420271824929, 0.149993446276502, 0.10368250523657885, 0.11631272371713303, 0.06978007819619954, 0.1093006424027662]}