{"FilterHL": [0.027478540258905188, 0.0535001571998653, 0.020514941614412262, 0.026144192723307882, 0.034141208134397694, 0.029635358107215355, 0.04713005696394254], "NoiseHL": [0.03906193431490829, 0.05687611892756122, 0.03335694101975374, 0.04266636007742137, 0.03174269633527401, 0.03490600010277033, 0.04216756420859577]}