{"FilterHL": [0.021943247389295404, 0.03305887880341587, 0.015142547564306802, 0.009492869727403964, 0.0269937690390377, 0.02907307022738995, 0.05131705653657532], "NoiseHL": [0.21459095683559468, 0.21916009463546363, 0.23066030818443994, 0.22982235077710814, 0.23834758549289706, 0.1931618966574075, 0.23848434921769415]}