{"FilterHL": [6.052546482844382e-05, 0.0, 0.03372749334872302, 0.012304340855409828, 0.0, 0.0, 0.033408377534569225], "NoiseHL": [0.13502822103059414, 0.16801938030584954, 0.13199620373442209, 0.110818112357376, 0.16037899096361255, 0.1665177944500141, 0.14695127761442484]}