{"FilterHL": [0.00883157416772277, 0.054438015598171866, 0.021882929568262797, 0.03488653644210954, 0.02073572946684177, 0.03275555423657141, 0.021676608945291605], "NoiseHL": [0.10166986408404831, 0.19661343429554384, 0.11584561515550623, 0.1791403649745272, 0.11737736384347902, 0.1696749673853433, 0.12985975578668227]}