{"FilterHL": [0.010104026603991244, 0.024715349763872362, 0.01091554568189451, 0.00532265022650518, 0.0029858290202639617, 0.05040970115302441, 0.02641252795756578], "NoiseHL": [0.1190842477778174, 0.312682703742601, 0.13310804807166315, 0.3172358407280599, 0.1712245312027281, 0.3334281577916019, 0.1980734739452168]}