{"FilterHL": [0.009776990677941282, 0.0038880181143584333, 0.015411810493220109, 0.02680840575444187, 0.006958601909113038, 0.014064150717182105, 0.011700563934391065], "NoiseHL": [0.21083235968971156, 0.2510486375268047, 0.22749639457672538, 0.2765097150407203, 0.2936748278678166, 0.3135984305921362, 0.3035380779547529]}