{"FilterHL": [0.02771760940099072, 0.007944238170492111, 0.05139012395871176, 0.004535819745910834, 0.230237961331955, 0.601507763697807, 0.2314140841408939], "NoiseHL": [0.39197424404369047, 0.4112740928446982, 0.412421797432013, 0.4040106845535937, 0.5815976312808123, 0.5965159770561674, 0.5981928763839476]}