{"FilterHL": [0.0250903010046167, 0.04442095434537493, 0.001848705667142729, 0.0055144911972477275, 0.14408951985788726, 0.17739863324689814, 0.06128227545338199], "NoiseHL": [0.15772693321221434, 0.2071554763322018, 0.1464424194576259, 0.21431638733243288, 0.1720789650346405, 0.19374232101840083, 0.1690937699062165]}