{"FilterHL": [0.009014297533672657, 0.04089169365307039, 0.020860340051703168, 0.05950312037539184, 0.023838734481389973, 0.03243102635013113, 0.027999409921512546], "NoiseHL": [0.13659767662537717, 0.12318725036358145, 0.13289046992134798, 0.14468560700719316, 0.18573472023084014, 0.20368001497867763, 0.18297800332488512]}