{"FilterHL": [0.06860442479446709, 0.07341772659825518, 0.061531579287865366, 0.05688699542857373, 0.0373442711226279, 0.09808571987019749, 0.0865277038873561], "NoiseHL": [0.0899073722671988, 0.09114457480911821, 0.09533750643311653, 0.08245131073237143, 0.0653598583079449, 0.10527245340797135, 0.11554976875402223]}