{"FilterHL": [0.04171260666454857, 0.05489893217776963, 0.04840792050611536, 0.049413206093932065, 0.052969324419047586, 0.05539276801930308, 0.06881847630506566], "NoiseHL": [0.1660360261741675, 0.16018847945587517, 0.1696034196286098, 0.1649786629933231, 0.16659835940802442, 0.18244057478455328, 0.20164946796759445]}