{"FilterHL": [0.02386331372051361, 0.01863716182029665, 0.012811021502724876, 0.025246766386711725, 0.02270563806347109, 0.03383569615218715, 0.02679128209432453], "NoiseHL": [0.08014443905463685, 0.07855995304854199, 0.08652269712758406, 0.09380277210820692, 0.13936740821820748, 0.15381383453802797, 0.1303213772792453]}