{"FilterHL": [0.0, 0.00014569559177881594, 0.016137527024102826, 0.026326819893162136, 0.0, 0.01433916244176663, 0.014371598436372425], "NoiseHL": [0.277846286164513, 0.35670015035662817, 0.2417978610519708, 0.2729565557641913, 0.3140257650798779, 0.37443152810313624, 0.2714474389171937]}