{"FilterHL": [0.006938924443325589, 0.013430640250752992, 0.010034771972596892, 0.004861800895195608, 0.007286153079631808, 0.00733234468848702, 0.014271670550392006], "NoiseHL": [0.2554924680893625, 0.2633458859639066, 0.14906331026262856, 0.172774729390273, 0.27309926652578653, 0.2632605193342213, 0.26840315309937124]}