{"FilterHL": [0.08080648120358924, 0.007908540297888773, 0.07851513426917099, 0.013736877246958467, 0.05212844710696254, 0.09863818483768735, 0.03964436901934261], "NoiseHL": [0.1470529464085488, 0.10779991581453599, 0.13930947648776712, 0.08049769771075749, 0.16156554795038586, 0.14792911158704333, 0.10969072745212069]}