{"FilterHL": [0.0, 0.013928624692305052, 0.0853664766319836, 0.14418378971599063, 0.5101020311384837, 0.05140229541856813, 0.25552563113396054], "NoiseHL": [0.4549328562787095, 0.3612003966987194, 0.6806347212961023, 0.6006507455780197, 0.6136484808284991, 0.3459603638012128, 0.5437469730039513]}