{"FilterHL": [0.018055265188741607, 0.03136860445763471, 0.010885669515256505, 0.04449641021938704, 0.026353189595714182, 0.015039947104416317, 0.05087628163941513], "NoiseHL": [0.1759543947037819, 0.1366682612312024, 0.15124809339901174, 0.15041005484730174, 0.16538696514652948, 0.15450109734019046, 0.140224468985778]}