{"FilterHL": [0.5032317697046339, 0.468404008145684, 0.46868691243399657, 0.23794097084722882, 0.4865127703793171, 0.4660809709170572, 0.5149116517130159], "NoiseHL": [0.5826775346218764, 0.577369949463275, 0.6299642043759093, 0.6515780406503107, 0.5717557404325959, 0.5790584994890825, 0.6273293423629327]}