{"FilterHL": [0.005501552028512453, 0.023337732875020598, 0.02383812717133462, 0.01958064213160636, 0.016489653723678093, 0.020484159907828172, 0.07254376534510966], "NoiseHL": [0.32943472269162377, 0.36933703721499406, 0.280910480471041, 0.30194613402416376, 0.36672984986201945, 0.39914816441572265, 0.26206075858769134]}