{"FilterHL": [0.03504922489566477, 0.037618786145005065, 0.03187009530927925, 0.021486637454057576, 0.012079005099340647, 0.04664107447218353, 0.02373999411083093], "NoiseHL": [0.19032033716315494, 0.20717948824412927, 0.19518396392526607, 0.19231406892638014, 0.24034506051724802, 0.23862971875286462, 0.23062831939958997]}