{"FilterHL": [0.03109188430376573, 0.1671071706498241, 0.10728121340133577, 0.01173331319901769, 0.7071067811865475, 0.5619121391307442, 0.4977153255653897], "NoiseHL": [0.5277702329922367, 0.5526912739554916, 0.5482584057728072, 0.53033038858169, 0.5762091694480852, 0.5717153599469024, 0.5691756756430834]}