{"FilterHL": [0.03755441273741487, 0.05080604786612946, 0.5500217958386568, 0.8325425915384584, 0.04132962579337203, 0.7683745712076048, 0.07024082506845238], "NoiseHL": [0.08435565001294641, 0.10350565484816868, 0.05408732132253356, 0.09385964449805803, 0.07911402551979854, 0.13660939825190835, 0.0744377428856884]}