{"FilterHL": [0.050767328909025564, 0.045705483471080645, 0.04800507096545861, 0.067633781674272, 0.038527154551191656, 0.08975789801472517, 0.13044466279937483], "NoiseHL": [0.09767893100558675, 0.08034272549486518, 0.059514271332150065, 0.10903860151374085, 0.10526755431957707, 0.13923555053590597, 0.1515820819818671]}