{"FilterHL": [0.012826787263363676, 0.04789543269882941, 0.0170469862568136, 0.03713402353319436, 0.026459056857461954, 0.015526287668632401, 0.031108420818011], "NoiseHL": [0.32539195231040136, 0.3581985737333284, 0.33072020802343, 0.33309819197935564, 0.3525535838874072, 0.3495592332697269, 0.3620794039104179]}