{"FilterHL": [0.02017449773997236, 0.018903423357745645, 0.001684234512121964, 0.03782038328286989, 0.018511906776584, 0.02535287351399761, 0.027166268410843065], "NoiseHL": [0.21483740388066155, 0.24048090556541027, 0.20468879565865297, 0.24489512052130136, 0.11317804182219901, 0.17103207928574224, 0.1179646452879729]}