{"FilterHL": [0.007257287869611106, 0.01805090865373093, 0.0259367868120522, 0.005906350820007126, 0.007412199018950568, 0.010822979463878446, 0.025376821879404488], "NoiseHL": [0.16038225593890634, 0.15617476924742243, 0.21916672982183147, 0.2301030164684916, 0.1406830260424217, 0.11831655486276488, 0.20839185696046483]}