{"FilterHL": [0.0, 0.0, 0.0, 0.0007348328051412996, 0.00036907090265878007, 0.005095176787262701, 0.0], "NoiseHL": [0.277846286164513, 0.33668782285012294, 0.30706506372943193, 0.3527635782183037, 0.2909232592243174, 0.3683309749787435, 0.32424710260113027]}