{"FilterHL": [0.010667742827413665, 0.0036350937618522846, 0.015932028436120144, 0.028328684352772016, 0.005428516123365519, 0.0165813324104384, 0.011144645498796912], "NoiseHL": [0.21680212344228228, 0.26423887720259076, 0.2038433983229956, 0.2846554309872312, 0.28164830820824355, 0.32301419761424527, 0.2909304688641358]}