{"FilterHL": [0.02250198507660495, 0.01910524075295395, 0.01092604739270099, 0.02266345516827516, 0.006731646063810716, 0.014807255210785606, 0.02921551398945322], "NoiseHL": [0.21122753015716006, 0.20447156838147856, 0.21652449792020784, 0.23584412769338853, 0.20756126795518717, 0.17398007521417935, 0.214780301119973]}