{"FilterHL": [0.0, 0.0, 2.3180770480615465e-07, 6.322027559250747e-08, 0.0, 0.0020484802105814135, 0.0], "NoiseHL": [0.1368579400081564, 0.18785815120172258, 0.16950843122097695, 0.22721260617900388, 0.20217423592924638, 0.23830281775681836, 0.2144269219230429]}