{"FilterHL": [0.3155539130596514, 0.30810890933191576, 0.18842471354648485, 0.16712638850696793, 0.2379497441891078, 0.49545617029316047, 0.15609895284589942], "NoiseHL": [0.5589077634451001, 0.5833763533032944, 0.5614444809180523, 0.5455526295551401, 0.5671438999144004, 0.559722897852118, 0.552259717745725]}