{"FilterHL": [0.008477321009509356, 0.014051484851057382, 0.0028912785146518374, 0.012007751812711461, 0.007847204597823813, 0.0012970684110923322, 0.02039400916675891], "NoiseHL": [0.261835876363964, 0.30200948144239315, 0.26358527385699554, 0.3041904175090464, 0.2665076902870855, 0.2857303453430243, 0.27567865411423564]}