{"FilterHL": [0.034585116913972064, 0.0461294926829565, 0.03565935248151729, 0.026817595077192682, 0.05154079075082602, 0.0765009091840223, 0.09128636506904196], "NoiseHL": [0.2882560911753683, 0.35774693334120666, 0.20208138358936284, 0.33742898562586904, 0.2848358280085055, 0.3177668204525092, 0.25084635508633046]}