{"FilterHL": [0.0469467245304027, 0.072592016223791, 0.04231850692725367, 0.055735000621541506, 0.05619018967218268, 0.06313497031475773, 0.03353738338390991], "NoiseHL": [0.10021220332286733, 0.05388970518341076, 0.07359183619531562, 0.07494588295064852, 0.056847631906484064, 0.07490571493858825, 0.0583439441054248]}