{"FilterHL": [0.02635877524775372, 0.01747975833584804, 0.02232895236789623, 0.03351234149056921, 0.0277556117071024, 0.03145700890854638, 0.02051647508264593], "NoiseHL": [0.062148565284891, 0.08176915232770526, 0.09768171603783705, 0.11549640755796427, 0.09066666484357032, 0.0723999010619846, 0.08585036006922972]}