{"FilterHL": [0.04627075264685262, 0.13531064360556463, 0.11332752633823018, 0.12411952811787774, 0.14383205465988055, 0.14608914426998482, 0.13011227926305255], "NoiseHL": [0.41279746179426735, 0.41020232542650803, 0.45990576297284896, 0.47038436636649134, 0.5070957334880982, 0.5091703837026074, 0.5145762274865519]}