{"FilterHL": [0.06098679863573985, 0.09262305878268304, 0.04366688585996978, 0.07952320344348625, 0.06377384006428716, 0.08115901318691783, 0.039978926489738865], "NoiseHL": [0.23057267574488916, 0.2501931779264333, 0.26328940996305883, 0.26172809386144746, 0.244279098687728, 0.24052630557607482, 0.250360179204906]}