{"FilterHL": [0.021516638797892944, 0.028576943934297463, 0.012458331255233965, 0.03428402580355157, 0.01679837158703897, 0.022309500291160342, 0.03192699254113105], "NoiseHL": [0.07399883906148433, 0.13395551271095452, 0.07986322092033124, 0.1351989510430586, 0.07107782933549671, 0.13160557035432208, 0.09695507145224407]}