{"FilterHL": [0.05948428634186382, 0.03403220342446462, 0.05190706169239037, 0.06319583540465067, 0.05069605595858232, 0.04105363143544206, 0.025446966818238295], "NoiseHL": [0.33889616453961063, 0.3457094715479492, 0.40554932629547014, 0.40603544550627435, 0.3863500638735216, 0.40012094204747944, 0.41407029088868413]}