{"FilterHL": [0.009546661514795772, 0.07155625115340856, 0.0650270602433377, 0.013515683372955148, 0.09329481345876259, 0.14089085966205972, 0.2930525711412971], "NoiseHL": [0.3483957394305827, 0.329404490037569, 0.37020258641651, 0.3511937398378354, 0.34318507566284456, 0.3267655989209121, 0.3798036959164698]}