{"FilterHL": [1.1843363614066323e-05, 0.0, 1.019961090145122e-05, 3.072572012261502e-05, 0.0, 0.002337661541785953, 0.00010021123330694994], "NoiseHL": [0.1753456551944575, 0.24580271835700523, 0.20467814417459612, 0.25720215815045966, 0.22946862650151673, 0.27111262876644165, 0.2582168997340125]}