{"FilterHL": [0.019782661136830856, 0.0008486412193875931, 0.017302964703650576, 0.022419580803620026, 0.025955582599921426, 0.01765399555777192, 0.005309037551980039], "NoiseHL": [0.09044416727580437, 0.08528883745305824, 0.12224472750143839, 0.11193392277083171, 0.0696106076425203, 0.09901066274567943, 0.12135784541961138]}