{"FilterHL": [0.0, 0.0, 0.0, 0.0, 0.05416633321087405, 0.066364371995639, 0.07665926208437472], "NoiseHL": [0.2541370758203428, 0.29547822820490577, 0.19053478273184227, 0.24790907888765304, 0.22679911484864906, 0.26231362820128434, 0.24213453288754053]}