{"FilterHL": [0.013479626973425316, 0.02052995044142739, 0.01260582708136815, 0.02132847049418653, 0.01905741642751718, 0.01864267865602636, 0.004056854014255963], "NoiseHL": [0.24487692520188492, 0.3026962528985074, 0.25167051840895055, 0.35023505869178884, 0.2424459189496362, 0.31741345725288234, 0.27838479193352517]}