{"FilterHL": [0.019087271022769522, 0.004318174537874101, 0.0076858812454887095, 0.0012914332010094138, 0.014888573300250696, 0.002554730273464808, 0.02318760384380914], "NoiseHL": [0.13736512816930496, 0.1619383359602258, 0.1418205639347962, 0.16952555756768042, 0.1654971033313205, 0.18923482410569273, 0.18800754854378213]}