{"FilterHL": [0.0014387428363703762, 0.007489650097611518, 0.00926602997348031, 0.01634353451178494, 0.009317763929022184, 0.07399395127540598, 0.0093534580326516], "NoiseHL": [0.25648557231799474, 0.2088638307184749, 0.24931730720207876, 0.20339439684801403, 0.2890473814720155, 0.22070987785060858, 0.26398043952219286]}