{"FilterHL": [0.005803447887609631, 0.014424989630926336, 0.017600095563304496, 0.01975249811189819, 0.008697771974737374, 0.002157154283729533, 0.0161294437540484], "NoiseHL": [0.11315242713774223, 0.12353402407204045, 0.11741078868360941, 0.1460501902697887, 0.10400931429650614, 0.14248876386324977, 0.11310502190491944]}