{"FilterHL": [0.03329259724858297, 0.029449067667221884, 0.013439583995449316, 0.03450493146483109, 0.010848934018006438, 0.023249179130251894, 0.04410719277630574], "NoiseHL": [0.06649309952368064, 0.08584912404135703, 0.05868395680962843, 0.09139599200137122, 0.06282709168822587, 0.06641507975613578, 0.05858507278374828]}