{"FilterHL": [0.0295300731736121, 0.012718815263761717, 0.00978796822160708, 0.022932144637165076, 0.051077405231526644, 0.02268006156251472, 0.009556200971990995], "NoiseHL": [0.15033419628804937, 0.16373220119218523, 0.19730706302959788, 0.19748416469903235, 0.1597097163626906, 0.16040341914458128, 0.19330086129473525]}