{"FilterHL": [0.01233694299969148, 0.0022295939224224884, 0.0037481796679901505, 0.013796361361306391, 0.0687253699708215, 0.07238742571491716, 0.064387365345057], "NoiseHL": [0.33239999981006546, 0.339416802816566, 0.31632653056514987, 0.33630393289267435, 0.28780098375249574, 0.2802572142419692, 0.27425156417292024]}