{"FilterHL": [0.06300447828046009, 0.06053943957838799, 0.055388559188623634, 0.07666427924831623, 0.11845803748360949, 0.1281940173752653, 0.13282116765314617], "NoiseHL": [0.09729243812167157, 0.08480488820934763, 0.09904643075974548, 0.1233219276826812, 0.13648099842672162, 0.1330364352933122, 0.14071103478771468]}