{"FilterHL": [0.0712009307982698, 0.030230570163051987, 0.03615858952961103, 0.002865780271005287, 0.03722971304748183, 0.0449115362376298, 0.02793384822556351], "NoiseHL": [0.24015615554816433, 0.25027521701446775, 0.2146995529838159, 0.24792748633388378, 0.2722617417490541, 0.29058180865023525, 0.25768247354881624]}