{"FilterHL": [0.000859939290327109, 0.0, 0.0, 0.0, 0.007980719555672252, 0.005458135488403015, 0.004618721460155253], "NoiseHL": [0.3105607534363284, 0.3035375752754972, 0.30176153952158696, 0.3044224920897379, 0.333404535312594, 0.3267638742314115, 0.32424710260113027]}