{"FilterHL": [0.0, 0.0002915055441926134, 0.027182427608657585, 0.0007850837085382064, 0.00022438327593286093, 0.0, 0.03633184498140713], "NoiseHL": [0.2672010060207921, 0.24790907888765304, 0.25934728110930455, 0.2963824050818444, 0.294571808286785, 0.2681834254622317, 0.26674209389566256]}