{"FilterHL": [0.014537991024610787, 0.02626137412761394, 0.011535241758385589, 0.013267831279813033, 0.02311651868558474, 0.03608576412752502, 0.019929479535264027], "NoiseHL": [0.14845700446006094, 0.18857579140302666, 0.17823390095612426, 0.18164637663585562, 0.18504158703802198, 0.1943730914449098, 0.19451350695710504]}