{"FilterHL": [0.0005163398998299919, 0.0016567948462407138, 0.0162721845427106, 0.021139067160788165, 0.0, 0.014247344002072752, 0.010876762572813], "NoiseHL": [0.3399474501591288, 0.41617630313644177, 0.3118579547860504, 0.3290864377829185, 0.37594616768610584, 0.4260427756026386, 0.33995775953884033]}