{"FilterHL": [0.001976435865814929, 0.03255472095703736, 0.061370475922051436, 0.0, 0.0037251624677773396, 0.039644986376594187, 0.035470643221344786], "NoiseHL": [0.294571808286785, 0.28336068275539067, 0.2377368507150653, 0.21798069666140013, 0.30176153952158696, 0.31489712056116714, 0.29747406930106446]}