{"FilterHL": [0.019250252747565786, 0.029488941079118338, 0.033053104144777946, 0.04689272181849313, 0.0479078671324018, 0.024845163928401064, 0.03439724823552149], "NoiseHL": [0.16981037101359242, 0.16611865352901145, 0.1726237739165656, 0.16131829643363038, 0.17193457553307032, 0.16764744782328644, 0.14748098458651332]}