{"FilterHL": [0.014620264633459733, 0.006667733575934784, 0.0022536804948062278, 0.015693685312752125, 0.0014260994451155563, 0.004174683533926802, 0.015387314923533136], "NoiseHL": [0.08102041111454637, 0.16683645458108926, 0.09971659356350103, 0.17777140271079137, 0.19322060981628053, 0.15708843770371353, 0.17613802533008185]}