{"FilterHL": [0.005980196227729232, 0.01380728653694499, 0.011025426100194077, 0.02102683508520406, 0.006846736830875376, 0.005850058386387393, 0.024606735332520335], "NoiseHL": [0.17744577583207669, 0.2684042100088066, 0.185405750363958, 0.2728483130091251, 0.1950665173249903, 0.24370431729828218, 0.2114638932756279]}