{"FilterHL": [0.01694072118872605, 0.035378151577947055, 0.007610470927867806, 0.014151170003614206, 0.021079325055728102, 0.02683243671346999, 0.030534104420321406], "NoiseHL": [0.18738127564241996, 0.2000550210235391, 0.21051714963175486, 0.23613650689021742, 0.20516031909751054, 0.18877852262306902, 0.25355881777249883]}