{"FilterHL": [0.007576106638529579, 0.02715686134290894, 0.013874976405985263, 0.019123515890582646, 0.009755163142155236, 0.0020734482480616085, 0.03267361323097429], "NoiseHL": [0.13866512460868047, 0.11110468785154667, 0.15891037088240637, 0.13445545704865347, 0.13941189002494522, 0.12643216293828988, 0.1701247774406885]}