{"FilterHL": [0.00806470426520809, 0.01797645081345537, 0.002485015225417344, 0.02195448322301976, 0.0038876838156342284, 0.009939025044059208, 0.016396693341651326], "NoiseHL": [0.0993016393308616, 0.09656489626132743, 0.13164169676022436, 0.13989274152755038, 0.16202152370002235, 0.18518879746393482, 0.1904916328791202]}