{"FilterHL": [0.0053885313631551034, 0.030873367507360385, 0.023241359031268945, 0.009813118604429395, 0.01694130598936011, 0.0059689844605845446, 0.02325739364930675], "NoiseHL": [0.08286177076388394, 0.08335683954224954, 0.07341613187937436, 0.06658136574759298, 0.08283639412937037, 0.09738812408128537, 0.1041833936441338]}