{"FilterHL": [0.038752076788210715, 0.04697487283310481, 0.030381416635761258, 0.022299094616182267, 0.026637263903453143, 0.07355569876686625, 0.022817687653199095], "NoiseHL": [0.11184217321198574, 0.10302194199696699, 0.15158348789190312, 0.18751617781473517, 0.14987515734845205, 0.11404551816355145, 0.17603514027609127]}