{"FilterHL": [0.015103519453905402, 0.018416905836846083, 0.03389816975901404, 0.007975827271632437, 0.04465121145919992, 0.026874933384817345, 0.03279026039111022], "NoiseHL": [0.07678263915567912, 0.1101642038507801, 0.11975692928117139, 0.13522263710930382, 0.07429832210706491, 0.06848600411139617, 0.10980389498544607]}