{"FilterHL": [0.04360006654826211, 0.06529993958397809, 0.031680568511043165, 0.044715338814110266, 0.03885377706207634, 0.055980215606293855, 0.027325133551911615], "NoiseHL": [0.05551211757197427, 0.091383500488141, 0.03787386234714242, 0.09392680065082105, 0.04568622959059981, 0.09079286961100193, 0.05647859813426929]}