{"FilterHL": [0.00723359104346869, 0.03802797860228838, 0.022211260995479883, 0.015184239993882763, 0.01041036182082736, 0.009077044938280508, 0.022272769363823944], "NoiseHL": [0.10763098710956573, 0.10463828407518105, 0.13211436646834368, 0.14261744981265256, 0.1113016270807863, 0.09018102386310158, 0.14916114179957912]}