{"FilterHL": [0.007460087132616456, 0.027213213081189583, 0.005373322170803216, 0.013473070920597635, 0.010909795101076938, 0.016514415736791327, 0.007676332768235869], "NoiseHL": [0.06857958069529385, 0.1705934143183159, 0.15664342525825814, 0.2160646954336, 0.09140545650656871, 0.15723923305609025, 0.14737800436811424]}