{"FilterHL": [0.01202523223141549, 0.017081915463663902, 0.009604024079955777, 0.0011713145500002462, 0.007845684286464257, 0.00403137325379934, 0.01975853460608414], "NoiseHL": [0.08606154883463732, 0.08059693799690328, 0.10627594616592784, 0.10238532860373753, 0.08574227313977757, 0.11119451353400843, 0.10654519982722904]}