{"FilterHL": [0.07753461529324719, 0.03742034044552836, 0.08356179124223385, 0.08241186730187387, 0.11182744000726909, 0.10594883833121023, 0.08755063080656797], "NoiseHL": [0.15442342318875552, 0.12147015424445284, 0.19053618748816012, 0.18918169354860614, 0.06930916342231042, 0.0661601039882243, 0.14484976205767097]}