{"FilterHL": [0.027616515550197177, 0.045411086876215104, 0.028974091161857448, 0.0346621420297961, 0.033334798381554766, 0.022024535558114414, 0.03801223577298654], "NoiseHL": [0.021020168437040482, 0.02389044033164053, 0.040127283445213054, 0.02977930096713389, 0.0349855925660344, 0.03710876330231912, 0.03907834989177004]}