{"FilterHL": [0.014076480626420125, 0.006332273949288673, 0.02024998714193817, 0.02505684269223536, 0.026194039078272956, 0.014597085370424652, 0.03337771408397195], "NoiseHL": [0.1258870488887731, 0.11551486361827693, 0.13622138089605398, 0.15253875081171941, 0.1659220009989153, 0.1824750611069164, 0.14088643583375585]}