{"FilterHL": [0.016024758373872548, 0.02886583611678543, 0.029824023030807202, 0.033791116092055526, 0.015183600896615083, 0.010174515801974517, 0.011099652838146835], "NoiseHL": [0.2898253593368611, 0.41063351346525406, 0.27192575121096335, 0.41343342258663374, 0.21971944688708064, 0.20664314621509572, 0.23980087716561646]}