{"FilterHL": [0.046900874584301304, 0.047646973086657274, 0.026272627971521776, 0.0286908019824474, 0.04155462365350862, 0.03796325369542244, 0.052922750311575006], "NoiseHL": [0.15863847835408154, 0.16227686496463872, 0.14830224291604538, 0.1666932522827144, 0.19363669646785533, 0.20824023607319908, 0.18726047949198865]}