{"FilterHL": [0.10372380865312084, 0.3046205701425317, 0.26366822887976393, 0.3390651468586718, 0.08548946274100207, 0.5056973207554362, 0.19875815906832336], "NoiseHL": [0.7009185804156458, 0.6989165338515451, 0.7477730274859082, 0.7002404276872496, 0.6947808701929234, 0.6918910504026636, 0.730299927190276]}