{"FilterHL": [0.03151628684354037, 0.011543273799199248, 0.018570683033899058, 0.029253054985611114, 0.023642859369039784, 0.024010004189042995, 0.03253691494344184], "NoiseHL": [0.05284973399249969, 0.21839790452081223, 0.06603201832476585, 0.20736201420742106, 0.053765590437818755, 0.21156988780355754, 0.08687711188187344]}