{"FilterHL": [0.02883194202004254, 0.03210140288677861, 0.039765866019947714, 0.01559059089042224, 0.04130956287800697, 0.05545814760213869, 0.03505735033741423], "NoiseHL": [0.11491424476165091, 0.20282593119523243, 0.11980999980516738, 0.19160388574377918, 0.2727249498625092, 0.3080965892638329, 0.27049858764580526]}