{"FilterHL": [0.024401882960110328, 0.03634071042242005, 0.03080264538325305, 0.017661249392702368, 0.0732908129981885, 0.03761015669380362, 0.02962294532938088], "NoiseHL": [0.32169876935482344, 0.36964605911652476, 0.3218707602666023, 0.38644592821081475, 0.3434246596263854, 0.36184012345387756, 0.3312168571781168]}