{"FilterHL": [0.020344517257447545, 0.033843588538986336, 0.02811247175612902, 0.0383549597285491, 0.029473529623683062, 0.03590203329351424, 0.04521527018376111], "NoiseHL": [0.021128157299738527, 0.05605913325245118, 0.047452350025928416, 0.09531679120476101, 0.03649859260732548, 0.038929879310302576, 0.07423351732057394]}