{"FilterHL": [0.03759661711643, 0.019729035563804904, 0.03164421935068836, 0.024142370765828747, 0.09121028391219882, 0.07407962878567304, 0.09903409528839797], "NoiseHL": [0.08694662284559179, 0.11506960346466615, 0.09773800923848071, 0.09761140347455165, 0.16846935129025617, 0.23574185442087026, 0.17866190003527688]}