{"FilterHL": [0.20436082673327435, 0.2825732867046818, 0.2046509900828755, 0.17061741767513006, 0.26662966566178703, 0.30527633234654766, 0.23049663277840476], "NoiseHL": [0.5530482448517932, 0.5845041502456036, 0.5649929693324102, 0.6066796324751654, 0.5553008229658647, 0.5770043070816194, 0.5668125219192849]}