{"FilterHL": [0.0351094189904942, 0.03800794157032147, 0.026291227527445636, 0.027790265522232724, 0.01846909131407809, 0.05764474061838259, 0.023536119843069137], "NoiseHL": [0.04420579195594545, 0.02379498461603001, 0.025963452933190963, 0.0350322314456634, 0.016031429884962475, 0.04815741893216566, 0.01819576482965175]}