{"FilterHL": [0.0017284474180655114, 0.0, 0.008747693740430378, 0.003545922044047534, 0.013376297139337308, 0.018661714787009516, 0.0], "NoiseHL": [0.23612166756010977, 0.23170510221417212, 0.2034534237356516, 0.22033014028399658, 0.2048303010313208, 0.20642282807738885, 0.23058927127807832]}