{"FilterHL": [7.816565089321551e-05, 0.0008781058349945219, 0.020157131660115693, 0.013050652862998627, 0.0021863761592432977, 0.0022583573987599477, 0.017568055130887033], "NoiseHL": [0.21561738357673682, 0.22946862650151673, 0.20441662299879465, 0.23638086752750093, 0.2393868301256415, 0.2520758735267398, 0.2288435136544035]}