{"FilterHL": [0.0143406197422915, 0.02747183292213915, 0.012686034924847682, 0.005178496067985189, 0.006795769787322494, 0.015187035127861922, 0.035152713934681466], "NoiseHL": [0.22615409681812018, 0.23856387454250047, 0.2534307317309213, 0.24560751430579267, 0.2265881127879703, 0.22169509396237172, 0.26483838274146554]}