{"FilterHL": [0.06035491440433076, 0.06231691329239074, 0.04476226631710328, 0.02583630150308336, 0.05352440501545479, 0.027014258143973097, 0.056280072169306604], "NoiseHL": [0.08259870961275285, 0.10877309697963358, 0.06769849117063693, 0.10014753347943157, 0.08067977516486206, 0.0718680360465798, 0.0828291959841607]}