{"FilterHL": [0.0019123371822454855, 0.016923459491252086, 0.007996973004016361, 0.015153584913049712, 0.004394036907521931, 0.00965999334804312, 0.007835226793269309], "NoiseHL": [0.12451188522366564, 0.0966050330272614, 0.25002026907597025, 0.2594544470793116, 0.12160530594999139, 0.07017689621498967, 0.25313405794950006]}