{"FilterHL": [0.002993769396995945, 0.004759010278002945, 0.004759010278002945, 0.0034473332899128163, 0.007125379785784327, 0.0036977283880144556, 0.003851881551119057], "NoiseHL": [0.066364371995639, 0.1368579400081564, 0.1368579400081564, 0.16500333021764654, 0.1254950825671015, 0.16950843122097697, 0.17245022900462764]}