{"FilterHL": [0.023043395231087477, 0.042725941578145424, 0.013101168022753839, 0.038872813125782675, 0.013711074282892411, 0.017160248688588342, 0.0219970167785965], "NoiseHL": [0.06305738422456388, 0.07838123256639098, 0.09763904429845152, 0.0855310899516803, 0.0813246425552778, 0.06038541117989863, 0.07883900183079412]}