{"FilterHL": [0.007562702249062682, 0.008670422874118617, 0.003045195933058728, 0.006785043455288044, 0.009499855053552768, 0.0077336218443363755, 0.014992652177780008], "NoiseHL": [0.16221584302098074, 0.16502120311754653, 0.19710262537421308, 0.20482433160685914, 0.22623751254250402, 0.21952804789706415, 0.253119342973881]}