{"FilterHL": [0.03973353360102332, 0.14591587900072786, 0.024610358163615464, 0.10533352392317982, 0.04792685407718278, 0.2622303204691865, 0.04210982762835266], "NoiseHL": [0.17964092367808543, 0.30661161115369084, 0.14888201989659622, 0.31968982528701984, 0.19426801717989098, 0.3276685588639792, 0.17758639227270287]}