{"FilterHL": [0.03690740303193898, 0.05448281114015351, 0.03864790694003631, 0.050725675580855216, 0.08970975112156054, 0.04227843304494373, 0.09203192793164598], "NoiseHL": [0.2829904150921369, 0.32827197816873427, 0.29659139981103755, 0.3420531836837791, 0.22973256494672728, 0.29502222934091943, 0.23373948106569067]}