{"FilterHL": [0.005864458952671298, 0.013792970001850327, 0.010825263019689897, 0.012619261841292447, 0.005030008724816508, 0.007680021596503085, 0.0044894766535392506], "NoiseHL": [0.1488314370713322, 0.14579413741522784, 0.1949340285663953, 0.19455612028895997, 0.1832305211967927, 0.20468128058004112, 0.21798990395162668]}