{"FilterHL": [0.03731590717865001, 0.03162041863451248, 0.05003472357433454, 0.08948461378427564, 0.023268147531044326, 0.04617039550777855, 0.050243297042005156], "NoiseHL": [0.08992118026044132, 0.1524223373570536, 0.15690005855789518, 0.19800755222251865, 0.1290201777074759, 0.1718315023220244, 0.1682790653535402]}