{"FilterHL": [0.0403725483487422, 0.04122687052946339, 0.017757986760478434, 0.02607795800028683, 0.026272418350602757, 0.0038864938426622976, 0.04647845510254222], "NoiseHL": [0.12251095076565464, 0.16437770244348238, 0.1716011620156118, 0.2068663540205804, 0.13386748967566284, 0.17300878573554895, 0.17895267090594782]}