{"FilterHL": [0.0039033302955302817, 0.0136156313292374, 0.00821415897071196, 0.0045810324041501566, 0.005410125442185606, 0.005971583037768909, 0.014519926279687057], "NoiseHL": [0.14439485414472866, 0.13517086767720346, 0.17104708063063745, 0.17687474466407435, 0.16546590813457268, 0.18674286932157227, 0.20840309454908215]}