{"FilterHL": [0.009533790317835519, 0.014125310347297358, 0.009371724728089928, 0.010557121697727987, 0.008856290639214566, 0.013139163127117324, 0.017970789595581807], "NoiseHL": [0.23776999179629962, 0.275239202277006, 0.17572396684247968, 0.21848365921128413, 0.23646197508300665, 0.2767311283420428, 0.20867830144947108]}