{"FilterHL": [0.050368027039267446, 0.00919116648981378, 0.02783212127854112, 0.005488649597374217, 0.045282476561406375, 0.0035051797477622586, 0.02625650131721141], "NoiseHL": [0.2612220491757269, 0.32257259505468394, 0.2636129950444027, 0.3239901235164699, 0.24408735955348781, 0.3184616404895467, 0.2817477648311059]}