{"FilterHL": [0.0325204186104865, 0.04445168090825341, 0.0258340345306683, 0.053143860121885864, 0.036206771699989794, 0.04816732126494981, 0.036158835665995356], "NoiseHL": [0.04077475883100525, 0.051403619426391274, 0.031061720400896425, 0.06091895919050808, 0.039196937383033544, 0.05300164124144739, 0.03485843744513982]}