{"FilterHL": [0.27428479974932257, 0.12682799539760942, 0.2124425749890044, 0.12031856658579901, 0.31480082885858196, 0.13471938843105383, 0.22656804482056958], "NoiseHL": [0.4456779471979998, 0.3381735177258295, 0.4960498667625711, 0.4384597058475794, 0.49432145274935224, 0.3644969515883007, 0.49912349199363093]}