{"FilterHL": [0.020643471075211604, 0.016147123801534206, 0.006074828258787314, 0.008548432511898248, 0.008745295732233042, 0.008123339702960938, 0.005177871948263297], "NoiseHL": [0.13316442577461535, 0.1097006781006322, 0.13458879979846344, 0.1447386146276149, 0.1374779926374648, 0.12630990056764638, 0.13737096529256215]}