{"FilterHL": [0.003515288768498391, 0.013775162633252128, 0.023490821614761157, 0.011527838825636901, 0.01296084188243654, 0.006654540373920679, 0.01543588748430436], "NoiseHL": [0.2936688024172245, 0.301398049816117, 0.2704936582072662, 0.30273712928320373, 0.29192123559893035, 0.2977745507168124, 0.2872602413199204]}