{"FilterHL": [0.04923741908096618, 0.0613471643250593, 0.028013186949244016, 0.04455877862684605, 0.04041000454201758, 0.04258544324331077, 0.042901926056542895], "NoiseHL": [0.2357034377718559, 0.11139055078181707, 0.2345379975509385, 0.12822506181088644, 0.20461656903379313, 0.1140224676573843, 0.22430243191515956]}