{"FilterHL": [0.03142198394252731, 0.05721292757151614, 0.0389999442788804, 0.025935702060224625, 0.09031650591028306, 0.06669735527550322, 0.0714074152071163], "NoiseHL": [0.21317761403681243, 0.12762534649848326, 0.21545064119833754, 0.1406028095616844, 0.20741998584702936, 0.24580396072064017, 0.22454995673762837]}