{"FilterHL": [0.00028813241378048717, 0.0029624856617474515, 0.0004797728258576371, 0.0008873688821366183, 0.0018387922488890922, 0.029120992239203055, 0.0031333745489928342], "NoiseHL": [0.24261333094355136, 0.250302332384806, 0.24368051018541526, 0.24732918360550443, 0.25207587352673977, 0.27016629914821355, 0.2592282347903943]}