{"FilterHL": [0.04481979136516312, 0.030171405817204504, 0.01843572032505997, 0.017141003072160835, 0.029001016121016805, 0.027758777931984255, 0.042605437051919846], "NoiseHL": [0.19254234353998015, 0.22772360934648192, 0.22283850575617598, 0.277635594350717, 0.2089410516781097, 0.2422392826210002, 0.1979330886024077]}