{"FilterHL": [0.005106113026355154, 0.016614494176112753, 0.0112585582337549, 0.016904681174708048, 0.07889555023837741, 0.09075446215409622, 0.09882531565548379], "NoiseHL": [0.24677476802269213, 0.2592723684914665, 0.23036217263604888, 0.25417825791580406, 0.19584981630307619, 0.2166609556662142, 0.2172757534997178]}