{"FilterHL": [0.038708636708696634, 0.06296417124634912, 0.03835969633359504, 0.08723028778782994, 0.04006229251371541, 0.10584097251966576, 0.04873936343331337], "NoiseHL": [0.09072412158063507, 0.09371644821214796, 0.07912297694172381, 0.09253321620848975, 0.07931866901578687, 0.045901183859724554, 0.08805570222882877]}