{"FilterHL": [0.027511250023976308, 0.0, 0.03125763592130254, 0.011754401853117616, 0.018361028761435774, 0.030010862088599433, 0.014102071651230822], "NoiseHL": [0.23248465835772203, 0.32508767843708475, 0.30404623601488406, 0.3362123697861294, 0.2604958754077773, 0.37193548299371165, 0.28127918118633705]}