{"FilterHL": [0.012603874898819423, 0.012743037724621995, 0.013862063559619164, 0.012781167334660622, 0.020577783581037755, 0.016008494547428767, 0.017817035929277105], "NoiseHL": [0.18565581140799464, 0.2636962705002718, 0.18463617697830262, 0.27252616379082245, 0.166492026059437, 0.2573139032595019, 0.1994083484172039]}