{"FilterHL": [0.03407641669236866, 0.060963091498879025, 0.03483309269586892, 0.05238989272487389, 0.026471451552910107, 0.012173068921676912, 0.030598037753900055], "NoiseHL": [0.03527499314596851, 0.041503244640637614, 0.007261286302405545, 0.014300370736988255, 0.029203994627793238, 0.01256944085940876, 0.032713730293556766]}