{"FilterHL": [0.051945432706687444, 0.04518685402370652, 0.036155937756829924, 0.07203314148749344, 0.08866368588129682, 0.06953555188663531, 0.05716765021106993], "NoiseHL": [0.09537656164737007, 0.05576567843219012, 0.06578075387036464, 0.0745570592642594, 0.08624571959811438, 0.042059555834031356, 0.09572651171322386]}