{"FilterHL": [0.028329118902427664, 0.029347332808436145, 0.029129392557803984, 0.025371837543086664, 0.15645489733222917, 0.03263358643010113, 0.25959654109331753], "NoiseHL": [0.21351491496973324, 0.24363674040112124, 0.2532260493044744, 0.275517867763002, 0.21303339051820694, 0.264352478607385, 0.2889651610916093]}