{"FilterHL": [0.12562541543115666, 0.13486608457084193, 0.12152219449478828, 0.1156124767566787, 0.08863742483200344, 0.13488128673340552, 0.1300471346939103], "NoiseHL": [0.32711143638968765, 0.3372572553643195, 0.32847788175369863, 0.35419220510314, 0.31528492790272744, 0.32792921993516855, 0.32486466835486943]}