{"FilterHL": [0.09621965767359014, 0.1246565219574358, 0.12544274983370787, 0.10446586621341651, 0.09580697797458979, 0.15934575088537345, 0.181830264327825], "NoiseHL": [0.4193636084035258, 0.38995574401629773, 0.5158468693398, 0.5105654703385578, 0.41893779001189957, 0.39932176091893423, 0.49325248172557007]}