{"FilterHL": [0.08701714433766883, 0.01782786818019976, 0.061157333860384716, 0.06581199260821277, 0.09284258310235387, 0.10159286441271141, 0.08252080156639571], "NoiseHL": [0.3147375083863061, 0.33548360251760434, 0.3568931831707093, 0.3363942533677898, 0.3057029378291451, 0.3602960129055153, 0.3031609040378252]}