{"FilterHL": [0.0007176391306659096, 0.0016518706541846955, 0.030499149054887095, 0.010203709776019336, 0.012958940035909904, 0.0023514210813483836, 0.0032237420611910665], "NoiseHL": [0.09654494004896776, 0.1131669194025551, 0.14396563207077778, 0.1488919931887631, 0.12767448758272593, 0.12185504765610594, 0.1788209108319596]}