{"FilterHL": [0.014392075397478206, 0.0067571351207705915, 0.03558612524560527, 0.018937531184851635, 0.15766370808304467, 0.3473242051694984, 0.3312568179115724], "NoiseHL": [0.14083629946044599, 0.43370698191950485, 0.1388116484179781, 0.4495262417195339, 0.29477380852918766, 0.47404709425205466, 0.3124334037854604]}