{"FilterHL": [0.01055755558650986, 0.02277618819837939, 0.007959281687223187, 0.016283393393877257, 0.00910450746213592, 0.003143575304432155, 0.02875585509124732], "NoiseHL": [0.12426001893354806, 0.12354012815615363, 0.11950093676521388, 0.13395947151781298, 0.12356425651710513, 0.09868252973671866, 0.14134910312817558]}