{"FilterHL": [0.0, 0.00011523887420549576, 0.0, 0.00047429003672834876, 0.0, 0.0020622390026925706, 0.0030786805727057247], "NoiseHL": [0.1214797384251674, 0.15072827971388417, 0.16801938030584954, 0.1837755367050545, 0.17390359233227098, 0.19186013665193044, 0.1957864663624126]}