{"FilterHL": [0.454067342572284, 0.3430025311564533, 0.4057716212648104, 0.028128087899815638, 0.4803419320796028, 0.5079094072839119, 0.7042011926490799], "NoiseHL": [0.6558283367739906, 0.6535977271470468, 0.7743976440327157, 0.7579282869093619, 0.6777665638340918, 0.685289961548119, 0.7969261158167236]}