{"FilterHL": [0.029230736375389955, 0.032393932629597194, 0.03734629746210674, 0.03403860973592482, 0.021389695484568722, 0.04718507686983099, 0.037172681304440396], "NoiseHL": [0.17060504345353134, 0.189637190700573, 0.19135296934425058, 0.18036451941509857, 0.24421630452406315, 0.2418016080494446, 0.23298924289656406]}