{"FilterHL": [0.00045978193840664745, 0.0, 0.0, 0.0004386529442767203, 0.009864899608520212, 0.0, 0.0034570958007185803], "NoiseHL": [0.40256306355402854, 0.45560932187662384, 0.4302321458813472, 0.4895453847323275, 0.359827365101645, 0.45086383864879576, 0.3871796652770323]}