{"FilterHL": [0.010207933786800572, 0.06344698349233197, 0.010053585590366013, 0.043061358038430815, 0.014010401680167817, 0.028106472352891487, 0.026808907527551443], "NoiseHL": [0.25885069741360545, 0.27819550499529705, 0.319910543061197, 0.351591981828861, 0.31738713333376734, 0.3400000054291936, 0.2887547062462931]}