{"FilterHL": [0.02711010641264599, 0.030762571646415677, 0.013363841095669052, 0.025796062283889122, 0.011596088771736335, 0.03566524203152138, 0.006481847625006586], "NoiseHL": [0.21604041530272805, 0.20667567247032706, 0.21502400997775092, 0.22183081077855638, 0.2024192990167179, 0.17019762151983536, 0.2158112406977332]}