{"FilterHL": [0.0, 0.06115620013704659, 0.019516892234446578, 0.20249767213448452, 0.6895639767426278, 0.5473749357500299, 0.2306738734416318], "NoiseHL": [0.48626177859316316, 0.5136134861577729, 0.6171351521260396, 0.5732716921438735, 0.5520962361409223, 0.5100531155947629, 0.5532968430470178]}