{"FilterHL": [0.0, 3.074679446294091e-05, 0.0, 0.0, 0.0, 3.074679446294091e-05, 0.0], "NoiseHL": [0.07979932033519868, 0.13866442710839363, 0.14044858014632036, 0.1753456551944575, 0.14395320073022042, 0.13866442710839363, 0.1507282797138842]}