{"FilterHL": [0.030839364934773128, 0.06762283079755423, 0.034295000741842926, 0.07205497135128548, 0.06726410726855506, 0.061763447294281064, 0.10090002636198009], "NoiseHL": [0.04659403936043136, 0.04651806401138054, 0.036179729748360895, 0.0727239375058458, 0.0632753767180128, 0.041774150994014755, 0.07446385024913423]}