{"FilterHL": [0.02090768307829755, 0.10443816845894818, 0.027372201999740654, 0.062404472035762416, 0.015294529421387693, 0.07004664376573026, 0.05532761578443519], "NoiseHL": [0.2904076138041581, 0.25102502505319807, 0.29569782479633, 0.2601701732594192, 0.30349298618235226, 0.2759286528728598, 0.3111060752774508]}