{"FilterHL": [0.019462416757451903, 0.09561143443837215, 0.015480893784436537, 0.06539411318362129, 0.004996876892730165, 0.1394536451542425, 0.005377777302212526], "NoiseHL": [0.3007103957268058, 0.407978446858591, 0.281400516415502, 0.43101950869380207, 0.3005870825510342, 0.4125001863160287, 0.3042514388663658]}