{"FilterHL": [0.267515314653394, 0.18863736025827488, 0.4391036966621517, 0.2578597369752815, 0.40819247640127504, 0.3548082534761753, 0.5780168774125938], "NoiseHL": [0.6981847117065277, 0.6786319763494775, 0.7310167485737045, 0.6961406444087231, 0.7253070279176798, 0.7147448005560592, 0.7485142099630129]}