{"FilterHL": [0.0005698910422956757, 0.015835434887812323, 0.015554616795689133, 0.013278237902977096, 0.005404284676765809, 0.0010067110886734325, 0.005275613540559748], "NoiseHL": [0.09133187612141601, 0.10635733048648721, 0.1344219666083001, 0.14780838453020775, 0.1352056915661178, 0.1802789216852352, 0.17414222397112372]}