{"FilterHL": [0.005456953242826823, 0.019830541542211328, 0.012781497346869999, 0.003063345798372932, 0.01373704647861262, 0.00855621703495134, 0.01102259951465455], "NoiseHL": [0.13455995511327348, 0.17373434879666103, 0.132804493313596, 0.18140002243746994, 0.11742284057981642, 0.1595933783581993, 0.1294002440753427]}