{"FilterHL": [0.021493860007228985, 0.16107313316652844, 0.05330381597496417, 0.25119143719376025, 0.07211948178598131, 0.07316244602454007, 0.16379127592652018], "NoiseHL": [0.37669925665203047, 0.5742492220954892, 0.47063654112777253, 0.6451370568465131, 0.4805960969867692, 0.5032517296698714, 0.5592567330561253]}