{"FilterHL": [0.002221715491306662, 0.017039023237756374, 0.011606423654611312, 0.0056855442425378655, 0.003817633253986956, 0.012654169525688775, 0.02284838940419959], "NoiseHL": [0.11548206521297628, 0.17960876149665672, 0.1782347731502464, 0.22264097256196166, 0.14055721721810896, 0.1541628019138051, 0.17967186371952532]}