{"FilterHL": [0.0026492912718648143, 0.017446957455128254, 0.02264354912326937, 0.030873239376414997, 0.018468797907138727, 0.07709751344404336, 0.03157045414377511], "NoiseHL": [0.302925821308987, 0.2970411100971483, 0.29584383131839237, 0.3429109980749923, 0.2893158471800575, 0.3246259546393951, 0.33047041071661803]}