{"FilterHL": [0.021417939692511455, 0.023969066475114695, 0.021033828245518943, 0.02863749251707349, 0.008591983408241473, 0.04823545012616921, 0.03480723005584936], "NoiseHL": [0.21153850870436736, 0.2526912766457014, 0.25256966272101855, 0.27052907679304017, 0.26396208545694155, 0.30061832654236226, 0.2165889823693691]}