{"FilterHL": [0.034546761695403605, 0.05075258815998283, 0.011894765150279138, 0.009553853202720583, 0.016416193684313178, 0.03988768022418622, 0.02829215985409462], "NoiseHL": [0.1825895585150653, 0.17183564336491977, 0.13394464701756398, 0.1485184968266782, 0.1785829685332106, 0.19085442889984583, 0.11914633110888095]}