{"FilterHL": [0.011676986177027854, 0.0436138688702211, 0.022216742095292473, 0.07541418649000889, 0.1560358699080771, 0.0758182207943453, 0.10917397402474442], "NoiseHL": [0.30351877839345004, 0.33246769338157967, 0.3067582867557802, 0.3446574888930377, 0.2909990066599554, 0.3193878702634785, 0.2919583239418911]}