{"FilterHL": [0.003973736103158343, 0.004012953638701545, 0.0009147730399613369, 0.005250987281049423, 0.0035169910182474267, 0.010636285648386482, 0.009828620152006145], "NoiseHL": [0.054170984537219045, 0.11086180086200138, 0.09906473809342971, 0.12551084374796195, 0.09912361389490339, 0.15240527900602205, 0.14572402420110192]}