{"FilterHL": [0.0, 8.429370204608392e-08, 6.322027559250747e-08, 4.2146849766967993e-08, 0.0, 0.002940588723778518, 0.0], "NoiseHL": [0.14395320073022042, 0.2034297098849552, 0.1837755367050545, 0.2317051022141721, 0.18514569594605018, 0.10857362109362227, 0.2059196678858405]}