{"FilterHL": [0.013533452410445302, 0.02589095050733972, 0.018364510053734875, 0.015279609047682722, 0.03689668003118362, 0.038863821246432076, 0.08558985252252324], "NoiseHL": [0.2027460362416047, 0.34980086035411745, 0.18215537720498987, 0.36532644787620366, 0.23558544373312879, 0.2837109679422008, 0.23946273819544484]}