{"FilterHL": [0.058959438720499815, 0.019413334600411725, 0.06778816366653798, 0.06011056759252802, 0.061963773448616685, 0.007772969908079687, 0.11164725979140812], "NoiseHL": [0.48626547545567356, 0.3462945712815456, 0.29157322661716295, 0.31125232322351315, 0.4842943515329241, 0.33862504124661713, 0.28448778462002505]}