{"FilterHL": [0.0850124460493158, 0.045108704696367366, 0.02466753839764664, 0.052739393403581476, 0.08545886379673397, 0.08133942233201863, 0.04795478898056076], "NoiseHL": [0.14951886810962206, 0.27342828027668514, 0.2061464747243684, 0.289661398860142, 0.14869358858371878, 0.2921250787949585, 0.21027947255615942]}