{"FilterHL": [0.001321200845727103, 0.00977204133852713, 0.01620389718575384, 0.027960925425451495, 0.013015364441492323, 0.015427877207437433, 0.001660786843899564], "NoiseHL": [0.2973380180192683, 0.31284376811233583, 0.31368164507181223, 0.3408265380292669, 0.3458174241837962, 0.3644079513905231, 0.3431275770701932]}