{"FilterHL": [0.012427043113878338, 0.02764479326337861, 0.012300730989276523, 0.04665919704626884, 0.02433268841265206, 0.03781198744805228, 0.056014965591052804], "NoiseHL": [0.3296790181634445, 0.3120463602677078, 0.31642204815085595, 0.313315795502265, 0.3211222749985938, 0.30412424347982453, 0.3389245921005409]}