{"FilterHL": [0.0, 0.001069632014622964, 9.409910047704591e-05, 1.6226722862497203e-05, 0.0020955063775531793, 0.0, 0.008423423270073085], "NoiseHL": [0.4406105878332626, 0.4337063337698549, 0.4895453847323275, 0.4902011206418737, 0.4934750223599085, 0.4433565063677282, 0.5006509008105223]}