{"FilterHL": [0.014445611160927723, 0.013086324377513196, 0.018424422043622605, 0.024750237392667452, 0.03938280659590227, 0.04256489688551164, 0.03665665644973139], "NoiseHL": [0.03441036939852077, 0.0705265903851929, 0.049995382780384075, 0.051315956921129946, 0.08906501113817741, 0.12839721394176198, 0.07752244390111651]}