{"FilterHL": [0.011055938176925113, 0.017010261207780184, 0.03184353259711303, 0.04332935105801629, 0.017568992373115107, 0.022906851908231295, 0.021254347560153257], "NoiseHL": [0.08005656923952623, 0.09519697838211034, 0.1125635904431582, 0.10482694089379375, 0.10429015703650434, 0.11607275855169333, 0.11844527324362612]}