{"FilterHL": [0.03338667119296936, 0.06743859171528142, 0.019213971190933585, 0.03212731878855155, 0.031476824409101246, 0.0614414373301681, 0.035577962545992374], "NoiseHL": [0.021795600069440153, 0.05036575453973865, 0.02362720749120293, 0.022359320185057055, 0.016787364741558387, 0.025398191348926877, 0.03832814666641956]}