{"FilterHL": [0.018206636012482194, 0.05517830999952094, 0.04227276898547829, 0.027069261240899457, 0.029267539022566152, 0.037963696389688335, 0.031890431029417694], "NoiseHL": [0.06782434305429352, 0.09627163051222526, 0.12493711499242478, 0.12607428500915868, 0.08109372271448699, 0.07788860488940579, 0.122281205948574]}