{"FilterHL": [0.01640624343202333, 0.017245301853139425, 0.023376513896618715, 0.007274130771502746, 0.026021587366400548, 0.03605907883889592, 0.018853974653057985], "NoiseHL": [0.24333124051120236, 0.24299148886365962, 0.229223330842483, 0.22937453920306156, 0.23316850978599346, 0.2670296866977978, 0.2509367698717426]}