{"FilterHL": [0.03246754268036454, 0.04758761343697107, 0.02049572164159717, 0.0337684313451183, 0.022638119852923626, 0.02968626064491722, 0.03270353265897383], "NoiseHL": [0.07143983171424798, 0.09494434637188903, 0.02271973760797182, 0.031052744256632677, 0.06295221830243934, 0.08826775565746901, 0.07715241613629152]}