{"FilterHL": [0.03938695557641483, 0.03498135992769558, 0.02515501596958851, 0.0462003642362512, 0.02257620909759311, 0.034503065757977215, 0.055241090900584315], "NoiseHL": [0.055316504659306924, 0.06067648065891619, 0.06098231459401108, 0.11170392325441726, 0.04713907155053706, 0.0763690073739904, 0.06806487415319583]}