{"FilterHL": [0.00014240746773959065, 0.0, 0.0, 0.0, 0.0001930800004647825, 0.0002722578349230661, 0.0], "NoiseHL": [0.1490620996510314, 0.19448580951758207, 0.18239580959790105, 0.22834309600589234, 0.1507282797138842, 0.1781969793463003, 0.1865064993035597]}