{"FilterHL": [0.005019375638346458, 0.03189813642067473, 0.01734132948570525, 0.03954468760379977, 0.3696197654079223, 0.3289831888447334, 0.35805544649857635], "NoiseHL": [0.3842148024324529, 0.3326532688534634, 0.36731307904847044, 0.34162686309984225, 0.22157692161158468, 0.21243748366937495, 0.22457755134656218]}