{"FilterHL": [0.017231715470748546, 0.027640122730976758, 0.019941587486970537, 0.02203232989348649, 0.020792058682256507, 0.03454049189779699, 0.03502811892785373], "NoiseHL": [0.17784482992637166, 0.17703840357447886, 0.19281791959620626, 0.2188812135186706, 0.1724108512206566, 0.14443180787103638, 0.19774368957092844]}