{"FilterHL": [0.0032343018542613324, 0.014503370034582182, 0.010236775326417853, 0.004292086995107278, 0.004468588514332097, 0.0053396563648208314, 0.013788988213524377], "NoiseHL": [0.22954859278056505, 0.22148434023866878, 0.22951208296107237, 0.2552000177015103, 0.23505890755815767, 0.2532770501877726, 0.26324669723468713]}