{"FilterHL": [4.967180560635023e-05, 0.0, 4.967180560635023e-05, 0.00034539348532677464, 0.0, 0.0054502989482649745, 0.0010476405823440112], "NoiseHL": [0.28444670306439407, 0.3044224920897379, 0.28444670306439407, 0.31316232914598263, 0.2853793027819435, 0.33092608230775955, 0.31746116200074787]}