{"FilterHL": [0.13950814705477904, 0.05485527255351867, 0.0870919119468403, 0.13023277435767963, 0.14168978007132113, 0.07609204111439417, 0.15657324644725412], "NoiseHL": [0.325130668520084, 0.36283786589133205, 0.4806275730704338, 0.48881392777853583, 0.33932944704153056, 0.3471377351874505, 0.5194139022179669]}