{"FilterHL": [0.02846346318000542, 0.023393924837708528, 0.015140637393918178, 0.031227337371692598, 0.03030898816931936, 0.05230692225279913, 0.03808080148231114], "NoiseHL": [0.2268172961127594, 0.33587005959656197, 0.25518711451172665, 0.356701350096903, 0.34255026904411856, 0.39461392740653284, 0.3344833146859472]}