{"FilterHL": [0.052196624217897364, 0.03843784700007096, 0.06387467102143385, 0.007357371516603931, 0.06469761621076617, 0.1071864356721305, 0.05515385423556174], "NoiseHL": [0.26078969691302395, 0.2715300142122915, 0.2532670418410464, 0.2952235848818931, 0.2607737393572619, 0.22660186669398721, 0.2630546118451159]}