{"FilterHL": [0.052963226620780846, 0.037584449668207134, 0.030832935564828762, 0.033810074963609285, 0.07326947354587862, 0.0336758120074232, 0.054745989447970954], "NoiseHL": [0.1453376779344207, 0.16897330648009137, 0.12128145821929975, 0.13314904639045025, 0.16413360431115886, 0.14836851705752913, 0.130643023902217]}