{"FilterHL": [0.0208130130456123, 0.04497059267346433, 0.03314016244120612, 0.018019591315876552, 0.029268467299794394, 0.05124730988759847, 0.02668337486575509], "NoiseHL": [0.2121712390900475, 0.2504166872444413, 0.20123344642052496, 0.22155199207351728, 0.25544482424550286, 0.27477304771593736, 0.24266801114211928]}