{"FilterHL": [0.018386388547930167, 0.041467886612065595, 0.033013642514197715, 0.03459415911199189, 0.0262693736056412, 0.03473574226601147, 0.13306277728278348], "NoiseHL": [0.12477855538248102, 0.12078073183523157, 0.12479415945180898, 0.12463719207436094, 0.17574564813090668, 0.19106662170755684, 0.16729931433086126]}