{"FilterHL": [0.0, 0.0, 0.0, 0.0, 0.0, 0.072815623625511, 0.014692698559800595], "NoiseHL": [0.5064967143667914, 0.5443843857286352, 0.35748376388368475, 0.4218303540845904, 0.5354488648255004, 0.564731830227206, 0.333404535312594]}