{"FilterHL": [0.05039010489692966, 0.04454054112846734, 0.03258827520374629, 0.029572998344921195, 0.046566591381496825, 0.04840386252751242, 0.03944332926136123], "NoiseHL": [0.037783731869118986, 0.0544876141648572, 0.039935200424058084, 0.03565137088865737, 0.05742943002709191, 0.07358689944349986, 0.06281683665476663]}