{"FilterHL": [0.023641427102801253, 0.01535725817002965, 0.010224306819483836, 0.028458161483477868, 0.015078334420320756, 0.007810816817090296, 0.035994511037227186], "NoiseHL": [0.09211068351392968, 0.09765657990683697, 0.12820914150863572, 0.1319148551988906, 0.09877640557712351, 0.07697699801840459, 0.1462026033272394]}