{"FilterHL": [0.15088141045557332, 0.14846418582381118, 0.36438610215880435, 0.16356402012989243, 0.4090149617556818, 0.6863847894590019, 0.4787327520891182], "NoiseHL": [0.34833496055235524, 0.5481589825585426, 0.35897004295007084, 0.5567079215920475, 0.4802153062379798, 0.5574891909515047, 0.5077080237456604]}