{"FilterHL": [0.02903240840305849, 0.05969117848215455, 0.019424996015412303, 0.00433114741995759, 0.5425420555819833, 0.679747968631577, 0.5530913742326774], "NoiseHL": [0.39428002953088026, 0.5923321522425671, 0.5814706879518189, 0.6644012562088826, 0.4572044312536474, 0.5877907685485092, 0.4590673442310716]}