{"FilterHL": [0.0, 0.001390400675128871, 6.638440254565057e-05, 0.0, 0.05416633321087405, 0.06771980416899084, 0.07339932270790328], "NoiseHL": [0.3423770863549488, 0.35512924987693184, 0.24685785366827007, 0.28351157719282805, 0.3212332722334686, 0.3628233566464208, 0.3081530071614566]}