{"FilterHL": [0.0, 0.05396072909512566, 0.010029321517531973, 0.01830103613175023, 0.0003017936913735601, 0.03480754760210791, 0.041567390227937775], "NoiseHL": [0.18100629468644155, 0.18912415052140066, 0.19100624200140165, 0.177725226916273, 0.2203211650582041, 0.17314712187793363, 0.22702783003629023]}