{"FilterHL": [0.0266955644743457, 0.029305584289757856, 0.048037159252517204, 0.0521126046763038, 0.04337155064586117, 0.026888385491157175, 0.039110854928656645], "NoiseHL": [0.04073503170797061, 0.03346460596121712, 0.057937364247687126, 0.043861198769972014, 0.04986286312935169, 0.04757065281547257, 0.02748856231354265]}