{"FilterHL": [0.0055314244501967124, 0.02081351740931094, 0.013572790404657104, 0.006114591636031297, 0.005189990472375862, 0.013755599140129714, 0.026504775487493398], "NoiseHL": [0.13129595990321247, 0.16502403042152472, 0.14568959045213062, 0.1865067384896992, 0.14572326988925954, 0.14909048227542407, 0.17819795560762383]}