{"FilterHL": [0.03366838572695632, 0.03220679371033049, 0.016959866080517524, 0.01061035415810391, 0.09534842683648066, 0.034170359480840566, 0.10351250182382561], "NoiseHL": [0.21581677571873248, 0.3982059754514411, 0.23215196081174072, 0.40904518435664383, 0.26021443463936555, 0.39747691872394614, 0.27186995511711276]}