{"FilterHL": [0.006065335241070741, 0.0053326841414818825, 0.00491052290930908, 0.003913868986692776, 0.013347857669766153, 0.018942279576487996, 0.014268576484923709], "NoiseHL": [0.22161802055115937, 0.19965018102361884, 0.2157861740173557, 0.22381676268429915, 0.142404656534244, 0.12882349827324863, 0.1768968208010893]}