{"FilterHL": [0.047896244898742654, 0.05289464467915827, 0.03016658493689434, 0.05354873775951726, 0.031790259232816025, 0.036091669241675776, 0.060632684978249564], "NoiseHL": [0.09352693379450597, 0.07199243924012999, 0.06893125439729109, 0.11469783011708619, 0.1280743806219109, 0.14881381040746294, 0.1788088788389859]}