{"FilterHL": [0.010937572581668544, 0.049672544095365354, 0.007420294801492384, 0.02620775384663971, 0.007465819897064506, 0.025353354987884918, 0.023562686677882694], "NoiseHL": [0.20842911334942857, 0.13606675016165956, 0.24264114173807425, 0.19294196054006463, 0.23181848234196342, 0.12235787182557749, 0.2563947969682645]}