{"FilterHL": [0.16931503048347485, 0.1737855313540641, 0.17546943276543822, 0.13730322624070193, 0.17853905722506297, 0.14788143215638483, 0.14883357827103194], "NoiseHL": [0.2640498964287939, 0.280117658011702, 0.2736215687886202, 0.2531413033714391, 0.3227317092447434, 0.322467649831682, 0.29943014092640324]}