{"FilterHL": [0.028606087516306066, 0.03195957678654343, 0.029525264820923675, 0.013031326583317284, 0.01884050692377884, 0.03129176367923344, 0.020492653800261208], "NoiseHL": [0.10601688895099792, 0.09697638078068653, 0.10641239619539891, 0.11735042721114894, 0.13067397681386417, 0.15465414415222714, 0.1372505126447807]}