{"FilterHL": [0.009078315001097662, 0.028593653285953282, 0.015946008055902128, 0.01573163085355007, 0.01619594627785008, 0.01503703945130633, 0.016031269443483463], "NoiseHL": [0.09696998066879994, 0.09872040869248075, 0.09714229264726301, 0.11328257244255957, 0.08543100752362194, 0.08301510791774937, 0.08219753392522094]}