{"FilterHL": [0.011166029360527201, 0.005505235946983495, 0.002608320549284719, 0.0022951947906726684, 0.010476185948128006, 0.010940473935341682, 0.009439205976383706], "NoiseHL": [0.2183712263867683, 0.24900490185446283, 0.22721290666604546, 0.2339373831813534, 0.2522320620705408, 0.2673152922105109, 0.25517765539476345]}