{"FilterHL": [0.011419284548892319, 0.011001687605297662, 0.0, 0.0022602389453047333, 0.012207491533598423, 0.018197205427479143, 0.0], "NoiseHL": [0.2761052467194329, 0.26737822878936773, 0.24895644450841764, 0.27879713016662017, 0.2693407252095893, 0.28102282354601915, 0.2681834254622317]}