{"FilterHL": [0.09221274899550216, 0.1144922165731674, 0.07942766702271474, 0.08360177465494525, 0.3702208027779844, 0.09154562162865455, 0.5923626651023727], "NoiseHL": [0.3184918285623675, 0.5270454052013146, 0.28855850765969, 0.49601581637450937, 0.37702440733778886, 0.5443063496523514, 0.34557843898012813]}