{"FilterHL": [0.02312637351173778, 0.04898951640261766, 0.007043899343130114, 0.014669385027244564, 0.038058882290215125, 0.047741397059038924, 0.03710012026046447], "NoiseHL": [0.18508112464680798, 0.21369471972790835, 0.18711286822106565, 0.20613101443150064, 0.17391972147026777, 0.12774054204229215, 0.15412185134647094]}