{"FilterHL": [0.00307097634471788, 0.0, 0.002882862718147966, 0.0, 0.002152216709632376, 0.0, 0.0], "NoiseHL": [0.10627440321039956, 0.16651779445001408, 0.13866442710839363, 0.19053478273184227, 0.1015235126358928, 0.16037899096361255, 0.1572246532975914]}