{"FilterHL": [0.005262894985805254, 0.019130542136462, 0.012997975622681084, 0.005962508482908873, 0.0062411725498406284, 0.012187536651434603, 0.023614806672036484], "NoiseHL": [0.10159898296202628, 0.06998983951610337, 0.10857980881453685, 0.11520295244384651, 0.11304527359673824, 0.08856228603902226, 0.10857759980593594]}