{"FilterHL": [0.024179267256391863, 0.06801866043458171, 0.037522058441380166, 0.04173442305757672, 0.027623521674283873, 0.018545697097003846, 0.046114511136571286], "NoiseHL": [0.02758607096654649, 0.05649336737756203, 0.03529671828563086, 0.05103477502001968, 0.021524251721576827, 0.017405529440584114, 0.05286022127677115]}