{"FilterHL": [0.016589160284462657, 0.021226433389964668, 0.0015991786165325196, 0.0037234036317981478, 0.018296858679744524, 0.011937613665677319, 0.024189432981369382], "NoiseHL": [0.37671438182114514, 0.3996375472103473, 0.3681679982903642, 0.4092516355468084, 0.33825817867146557, 0.3906301503220749, 0.3476281517067656]}