{"FilterHL": [0.020033920859289688, 0.03563097481645206, 0.024253377285773137, 0.04406874873109897, 0.031901170041284434, 0.07211001293294794, 0.024207234726037637], "NoiseHL": [0.18778643241585455, 0.18558071312199056, 0.1919238280883973, 0.20485455444648581, 0.20434426878247472, 0.1964653976880355, 0.1851198427709633]}