{"FilterHL": [0.0442764903307718, 0.0499897672195963, 0.04606654416481382, 0.03448388555502937, 0.027178897654871467, 0.059766728443123765, 0.15083531032000916], "NoiseHL": [0.12183090765867394, 0.14097872859417904, 0.1815368728282482, 0.22334114727046997, 0.13475912135182014, 0.12283904905956933, 0.20265452117751911]}