{"FilterHL": [0.023907086087772183, 0.07479902408990709, 0.031102728415211327, 0.06207242592634523, 0.06147811220123272, 0.08183704696971648, 0.07832013982056787], "NoiseHL": [0.19319641507972476, 0.030250956161164574, 0.18781262675845284, 0.08174424983897326, 0.20051625016629493, 0.07198345116248703, 0.2008291128442483]}