{"FilterHL": [0.006121329289974342, 0.009578604789884863, 0.024484039506633817, 0.01575846513674821, 0.010009578798588523, 0.003385156218128777, 0.01786431261194123], "NoiseHL": [0.13336310250454525, 0.242633179071346, 0.1423657176039106, 0.16349036611168288, 0.15084544718668233, 0.1637831239997403, 0.17122257104855929]}