{"FilterHL": [0.1463330893283013, 0.36637936318605796, 0.19116821558908542, 0.29989842125245386, 0.3859990262166509, 0.3438065798286478, 0.3488685504518044], "NoiseHL": [0.4400705467322292, 0.44396042798431046, 0.46463237936967355, 0.40323567700838947, 0.3894881559661488, 0.48519862695485344, 0.4182547297360172]}