{"FilterHL": [0.08674963444636527, 0.1272156348635339, 0.026707381286308667, 0.029338863396164098, 0.09924926645097178, 0.1123998816905426, 0.03201121810342375], "NoiseHL": [0.17114978289191524, 0.2060457241219885, 0.1534307119483656, 0.22547711819619093, 0.1678212985580958, 0.18760624997966907, 0.19051325206398215]}