{"FilterHL": [0.035284093304464595, 0.03711899791592127, 0.023258556336873605, 0.02603528746897049, 0.014433759818792713, 0.055947174027593055, 0.03706290771495396], "NoiseHL": [0.09419921956124935, 0.20034693080191793, 0.09535273572757151, 0.1793882366432404, 0.09297413962559263, 0.18728200281351523, 0.12084075077371137]}