{"FilterHL": [0.023012176509984546, 0.012206025315222883, 0.04150777817204661, 0.027372692774972923, 0.05300576903629686, 0.03223343644531205, 0.06558171634571418], "NoiseHL": [0.23562293416166988, 0.23001193543777862, 0.15817698952406878, 0.18476109990957074, 0.2509506379224077, 0.22756406290860084, 0.241245188269168]}