{"FilterHL": [0.0, 0.0, 0.0, 1.2918127069123265e-05, 2.252784938862017e-05, 0.0065026439778277535, 9.287668025182069e-05], "NoiseHL": [0.13317431117202394, 0.1865064993035597, 0.15880924869119284, 0.16037899096361255, 0.1507282797138842, 0.22493644505680488, 0.19053478273184227]}