{"FilterHL": [0.0032830122989849823, 0.004769817882910502, 0.008012432730152463, 0.0023291192626481334, 0.006053260681756738, 0.01768011219486649, 0.044537307165703366], "NoiseHL": [0.14740802371631662, 0.14229224929707698, 0.16055417183170492, 0.1588115875284099, 0.11942342477567795, 0.11408683124383734, 0.1584339440175125]}