{"FilterHL": [0.003404519235183021, 0.015763332290489648, 0.012450077990616518, 0.005870998745541423, 0.005213007092829885, 0.00466068172294397, 0.021111545797055674], "NoiseHL": [0.10398273501569512, 0.17101336319770538, 0.11945515365485408, 0.16347837022350728, 0.1636239033984563, 0.20731608142747815, 0.15724570830629636]}