{"FilterHL": [0.00010516420728957268, 4.958750599259202e-05, 0.023836689551698036, 0.018343063566577177, 0.0867555935140583, 0.0729277197858478, 0.19469392941510197], "NoiseHL": [0.15237707995139405, 0.13129518424232384, 0.28315431475637143, 0.287219885135798, 0.33383490950667266, 0.32656205306920916, 0.27498279684311233]}