{"FilterHL": [0.02491752657100893, 0.029404654860147306, 0.025539560504850352, 0.027714186041289134, 0.03230787609067125, 0.032817166855687814, 0.042250083362980015], "NoiseHL": [0.14129070368994834, 0.13172414338381308, 0.09484651823133931, 0.12642327805513434, 0.24892995678337215, 0.2697888529414321, 0.24593002762549496]}