{"FilterHL": [0.05896012810574498, 0.05759501336753583, 0.054318960158131084, 0.05729261883747431, 0.0673722335774335, 0.11050908276164341, 0.04001933252699693], "NoiseHL": [0.3245067174410828, 0.297727167579273, 0.32196140854060445, 0.3230696033820332, 0.24127744312503413, 0.21498432521922917, 0.3044261167678927]}