{"FilterHL": [0.028095474388964495, 0.048372331539987094, 0.01680523771330751, 0.010417982126007478, 0.019841162012158114, 0.020669986771190356, 0.027110980075104762], "NoiseHL": [0.166349930848267, 0.14701233832698377, 0.12507338058538756, 0.10066384946748158, 0.1616875783177058, 0.16502769116160607, 0.08174396471627317]}