{"FilterHL": [0.0797348452639375, 0.0913201825341859, 0.06395747343881092, 0.0600804139254634, 0.23223586942145671, 0.08985586457226356, 0.22610285572976394], "NoiseHL": [0.1393597317757054, 0.1756520597848733, 0.1308706201030306, 0.10908484521680642, 0.23758132267390425, 0.13458997400850725, 0.23818974687611388]}