{"FilterHL": [0.030496659504139174, 0.04093160264611963, 0.025936445799544402, 0.034272988908341434, 0.07346244749916073, 0.09629450869549405, 0.06953659262772571], "NoiseHL": [0.04369067480725398, 0.04140053912714126, 0.02463771780539298, 0.02262185193718647, 0.03593001745277602, 0.059925955001642696, 0.06330111700848065]}