{"FilterHL": [0.0227687113657669, 0.026582321048501407, 0.0482385121069965, 0.06650028214712128, 0.007702942884206439, 0.037124011170743994, 0.030391271621310938], "NoiseHL": [0.2229209432726462, 0.2562604958798618, 0.3676944882721605, 0.39063820812542244, 0.25081965619551133, 0.28117735545275885, 0.3524154232468986]}