{"FilterHL": [0.023252601255657705, 0.02233127976956458, 0.012090533487519598, 0.02508496518020161, 0.007292060918484286, 0.017659550585553244, 0.030274901018962515], "NoiseHL": [0.06827914051817392, 0.07017910830824751, 0.08312343465806273, 0.09461483506734063, 0.06861591961964379, 0.06291429997512099, 0.09039571740283782]}