{"FilterHL": [0.009814520016671647, 0.04453832053865956, 0.02608971640747346, 0.01482993726487455, 0.14435941276274625, 0.24830023759874506, 0.2577853635911801], "NoiseHL": [0.36352140492880597, 0.34846409031057546, 0.40740296143176047, 0.37580221192664465, 0.514357926511009, 0.5220395873399836, 0.5483637670252847]}