{"FilterHL": [0.02787826031394701, 0.0592313419726053, 0.024247141398470447, 0.022896136734750466, 0.02699138261043827, 0.1097717978597649, 0.029823511939719324], "NoiseHL": [0.07159577673364029, 0.08520466337244242, 0.06746740603223414, 0.05262312911665249, 0.0709470698247111, 0.07460805120918888, 0.05419753427470585]}