{"FilterHL": [0.022856482329528336, 0.05306935278241886, 0.023978282654876323, 0.015625200848600362, 0.02895605562159777, 0.029718321682832376, 0.02951671317973129], "NoiseHL": [0.057579786805722476, 0.05362975198750092, 0.03357283756293726, 0.04311113277202016, 0.07021025506285772, 0.04582243962622274, 0.03721634386528069]}