{"FilterHL": [0.0, 0.012892130534322373, 0.028653275669651895, 0.013427364503093439, 0.0077493732302585236, 0.0026229638610393764, 0.044597443902304156], "NoiseHL": [0.45965819746008263, 0.4888893240112019, 0.4570846469176529, 0.44509237479055835, 0.48296971007602424, 0.4763587883063444, 0.4546969572203178]}