{"FilterHL": [0.011270434477855747, 0.006781365172847315, 0.012901255894680766, 0.025482503358028093, 0.007106726178522942, 0.004026524115505279, 0.030577477156639277], "NoiseHL": [0.17870762554658487, 0.14396223170488875, 0.1685541499875889, 0.1492189664436959, 0.1274580236776264, 0.1458208399673126, 0.12615630047346788]}