{"FilterHL": [0.012053703080971482, 0.027425492328817493, 0.013151724022736542, 0.01303636928675235, 0.00930448401254047, 0.018293610791352246, 0.024912631164578963], "NoiseHL": [0.04360518455384311, 0.09415151165269138, 0.06152416956096295, 0.09903368809704312, 0.06700250495016782, 0.1116540218498817, 0.07823479657613654]}