{"FilterHL": [0.0056047481463444475, 0.013357872349414506, 0.023891411665343868, 0.017583239048916708, 0.019215287380804993, 0.013448525310075678, 0.03728813492757536], "NoiseHL": [0.24796539379608454, 0.24741982436642104, 0.23295755802537735, 0.22889571971835568, 0.24751413501988334, 0.26296352537240036, 0.238340702532961]}