{"FilterHL": [0.013247106063615625, 0.006067893453208305, 0.012893383625107899, 0.007050109873836404, 0.011984137912053812, 0.021902620154527444, 0.002311114379713187], "NoiseHL": [0.12786748627187985, 0.2108194332009564, 0.14999394844878622, 0.19454167945526074, 0.14061090294902687, 0.18850174160049687, 0.159732736460367]}