{"FilterHL": [0.014468311649712746, 0.051190842362245734, 0.028475946319817952, 0.0417291265690237, 0.030126853009974374, 0.025142418564500547, 0.029807038893240732], "NoiseHL": [0.1522497833202179, 0.13016807869420746, 0.15082125706217214, 0.11736231286746374, 0.1513557689774456, 0.09643910077260791, 0.13221148324216095]}