{"FilterHL": [7.610023001505782e-05, 8.455163320412218e-05, 0.012924731721429097, 0.013812154098049045, 0.0, 0.006155725859765169, 0.01071226498256324], "NoiseHL": [0.1634756284592911, 0.22946862650151673, 0.17409351721788105, 0.23975426351238632, 0.19836422482717905, 0.25720215815045966, 0.20576727219155258]}