{"FilterHL": [3.346538962934399e-05, 0.0, 0.00045455234809398305, 7.751230282014991e-05, 0.0013121952592669408, 0.0, 0.0021370188232005464], "NoiseHL": [0.13866442710839363, 0.2144269219230429, 0.22379061732305383, 0.17245022900462764, 0.15880924869119284, 0.2108191091580861, 0.2339226017491985]}