{"FilterHL": [0.025123040557602175, 0.0155026014553811, 0.03267870947775112, 0.02370960572886421, 0.035925453683850264, 0.01876617440460754, 0.03628636289137111], "NoiseHL": [0.2790653226863619, 0.3836696224935057, 0.2918706098000721, 0.4083449668256686, 0.29380039605135255, 0.3903978549561578, 0.29837819537091437]}