{"FilterHL": [0.009970995458425608, 0.02609335101293069, 0.019873221457063925, 0.01728367145614177, 0.010059006157067908, 0.025113724800619724, 0.04066497427074575], "NoiseHL": [0.2978541191249525, 0.3226191765889848, 0.28956606347652625, 0.2839399240266009, 0.2963501105326672, 0.28983936911100416, 0.28580662881448027]}