{"FilterHL": [0.0, 0.0, 2.0947293980673875e-05, 0.0, 0.09459643692622474, 0.09107136796627542, 0.09832424569821502], "NoiseHL": [0.15400905983632326, 0.15880924869119284, 0.1572246532975914, 0.1796067636529137, 0.13564141322577963, 0.15713719838900883, 0.14048671134909216]}