{"FilterHL": [0.013913578883702633, 0.0018243143799081488, 0.009124366955638171, 0.013739124441443488, 0.035658421212001606, 0.001912610569373792, 0.044216748567681825], "NoiseHL": [0.11879741143878889, 0.2083930237581242, 0.15876012073280887, 0.2521125995134596, 0.13257452614043558, 0.20838253676973784, 0.1585764074845347]}