{"FilterHL": [0.021511304678566122, 0.052900922332771896, 0.028262492441751597, 0.02027874216483773, 0.015815312820239708, 0.027546613247839195, 0.016542226742835495], "NoiseHL": [0.11494587876228596, 0.15004024844212485, 0.1299410878348717, 0.18672560134037872, 0.20784022810503303, 0.20817407014834963, 0.19951422249544495]}