{"FilterHL": [0.013779860478267356, 0.051032274197666275, 0.017034949436402293, 0.05570188986983792, 0.03202221549776455, 0.03690235252111403, 0.0037977122718654737], "NoiseHL": [0.25008833300847977, 0.23604694923646524, 0.23204906817980964, 0.1798521730027979, 0.2473477623233052, 0.24078618671412286, 0.2335990109999992]}