{"FilterHL": [0.040081888046890495, 0.0550530319227512, 0.031243314349100094, 0.030786323717199107, 0.02113599178287511, 0.02200546800272142, 0.04259735572017574], "NoiseHL": [0.05590059323843038, 0.07381226753960769, 0.05147828113382218, 0.023030155071867536, 0.03681220835802613, 0.033745376520153726, 0.050631108912350585]}