{"FilterHL": [0.003481657615239531, 0.017239918419206794, 0.016180464204828934, 0.03411168709248417, 0.014618505122027524, 0.01938563662045904, 0.09227571783242657], "NoiseHL": [0.29092553454174613, 0.34345256932092594, 0.2542484225553514, 0.26077413588215026, 0.35371145852141433, 0.3730217381260112, 0.21692302485449289]}