{"FilterHL": [0.03744828058830764, 0.06521607494470212, 0.03583770693139585, 0.04545649330964735, 0.023391186186076694, 0.0407454485140539, 0.0460640579934184], "NoiseHL": [0.04213707172873236, 0.060550434102890446, 0.03229367341757455, 0.04104424542556088, 0.012261013156238584, 0.015392840057487164, 0.03431712621065566]}