{"FilterHL": [0.04214975777573113, 0.21638581495634215, 0.038920400427238225, 0.18072605897830896, 0.04847309861724419, 0.23705490745656188, 0.04631495484284892], "NoiseHL": [0.4330064460444106, 0.5768678696426099, 0.44908985096257126, 0.5686732585878814, 0.42579322937384356, 0.5908566950802978, 0.4654709678884168]}