{"FilterHL": [0.015639326283584453, 0.05209309491430902, 0.027886537492166272, 0.04063813546478707, 0.21384069627915087, 0.19362073599372093, 0.229706800419793], "NoiseHL": [0.03307084742456077, 0.05336492473749839, 0.03447355087481621, 0.06284094638912385, 0.049667325505599914, 0.0729654656654528, 0.052651162297499665]}