{"FilterHL": [0.05432186891941723, 0.06694529015997339, 0.03063430052593734, 0.03525706591570657, 0.05880836559771148, 0.06148037552269835, 0.021436590503364664], "NoiseHL": [0.0751856846723549, 0.08622684208826002, 0.04077622163404797, 0.0549781912000588, 0.07437755597312706, 0.08274584188636852, 0.026328956713426607]}