{"FilterHL": [0.03127419426018522, 0.05927406328844218, 0.041863042149342944, 0.046387239552028704, 0.03691052154286567, 0.04661376502687278, 0.03538373169586743], "NoiseHL": [0.04703242949266143, 0.08120364115221045, 0.058211041175428906, 0.05071892875011892, 0.05477823876192084, 0.05336885800136061, 0.061352927234443785]}