{"FilterHL": [5.1673924387001147e-05, 0.0002836630407794339, 0.011464468927221933, 0.00962434867785276, 0.016342408376344174, 0.01374530808091311, 0.03193893344791291], "NoiseHL": [0.11942301505899515, 0.10392551679435674, 0.1260276482272599, 0.12386595858993744, 0.143953272958338, 0.1422622706497548, 0.11120482992748386]}