{"FilterHL": [0.5725738283227336, 0.038045217469329484, 0.04175547741919723, 0.015582746967173421, 0.018827029724819436, 0.028368104377233243, 0.5547568633835335], "NoiseHL": [0.058422972783067365, 0.08043829952593239, 0.04763859876668256, 0.03139834950739392, 0.06506187235864407, 0.0897697678615331, 0.044040385187221955]}