{"FilterHL": [0.02293695172792244, 0.01886094187747419, 0.010690131279840077, 0.027150533166914192, 0.0064497844710981285, 0.011703846299425221, 0.02535989263989907], "NoiseHL": [0.04636400300892175, 0.0944638948184185, 0.07560293260967295, 0.0935199509485131, 0.08348475057884693, 0.10636390976063835, 0.09253433163930311]}