{"FilterHL": [0.37754855164612366, 0.2427121316149514, 0.13272741635040197, 0.17966354949898902, 0.6181524253419939, 0.5707206052184908, 0.592319242477335], "NoiseHL": [0.6066176794341754, 0.6227637586551762, 0.6249097753343412, 0.6159434543785992, 0.59676727076244, 0.5985301934942182, 0.6122476275997005]}