{"FilterHL": [0.02025459693712435, 0.019796056162470287, 0.020539874162572, 0.03444481784404442, 0.01339984632622131, 0.020470000805079727, 0.08704557431337993], "NoiseHL": [0.4144148541784135, 0.4323887373216747, 0.4486585652404471, 0.4385126011446561, 0.417558913757335, 0.3983952510161023, 0.4530012010640897]}