{"FilterHL": [0.01830163465247522, 0.027770791362799984, 0.014418777103516972, 0.03767480521283248, 0.045180371503521104, 0.011412522652708427, 0.040479076183000076], "NoiseHL": [0.25883626068286064, 0.24012026513535786, 0.26209487349439936, 0.2709252789632368, 0.2481195453344452, 0.23638703558747354, 0.25787165276919405]}