{"FilterHL": [0.010525206389381193, 0.02519075423019293, 0.007531980332268906, 0.012457057463546382, 0.01804520738039108, 0.005042311931704745, 0.0030811999963774282], "NoiseHL": [0.19536501611343832, 0.24382554390825326, 0.19147578691845946, 0.21181196701573782, 0.20376257943215909, 0.21068552192738646, 0.20256740919346297]}