{"FilterHL": [0.02663818168487138, 0.01919634018393738, 0.1605510087985148, 0.08236883745792965, 0.03556804339982331, 0.17551788369825466, 0.1339773519681026], "NoiseHL": [0.4829234772564633, 0.39325007723214445, 0.3563854325305419, 0.39250415130241095, 0.4759266287378549, 0.37971685373569575, 0.3412152028471524]}