{"FilterHL": [3.030423344837747e-05, 0.005195528311554427, 6.857624783954563e-05, 0.005340225286701046, 0.01402994888364305, 0.01351213838124623, 0.00808485027488858], "NoiseHL": [0.1572246532975914, 0.19574658662914413, 0.1996416327232974, 0.19090657058078106, 0.24162383868180085, 0.24154202878078954, 0.21603331819421212]}