{"FilterHL": [0.023509481583353534, 0.03314820182634605, 0.02720116009914063, 0.021585633994174104, 0.05417682633236091, 0.08601549863627554, 0.06706291991518967], "NoiseHL": [0.19187325828266077, 0.1957555383547731, 0.12929837754967585, 0.1413216402920309, 0.19594514571739438, 0.22980605016428204, 0.18316899019935878]}