{"FilterHL": [0.01120833062986225, 0.022822971378911414, 0.021347999081714662, 0.01559543012134027, 0.19704587239265073, 0.22093985555264797, 0.11105921567279914], "NoiseHL": [0.3105842907130511, 0.38773733463003673, 0.3071625445076194, 0.39015860273686936, 0.3138390408187107, 0.31164308209865893, 0.3348140180350129]}