{"FilterHL": [0.02090111340703974, 0.022367918387017457, 0.015457970518620625, 0.0252621583845237, 0.004060190255328372, 0.014570010549001016, 0.020354297930317625], "NoiseHL": [0.15886338786143056, 0.14037844790897333, 0.15033523946773808, 0.14983671136455545, 0.13374383972340834, 0.16237181578876642, 0.1249145445559202]}