{"FilterHL": [0.0038160552651901633, 0.0064665399717815306, 0.021141832777033458, 0.007678777320470615, 0.013886671814464619, 0.001042588667055017, 0.0072018000768936255], "NoiseHL": [0.10629261646295501, 0.11539712442949435, 0.12559800318924313, 0.12951768622442178, 0.13141248477561324, 0.11753163996989861, 0.15402238755617267]}