{"FilterHL": [0.018913404254569572, 0.02958186745498398, 0.011576607509508775, 0.03934597759620218, 0.026157248405443614, 0.0370869273017689, 0.030110231400965776], "NoiseHL": [0.11288971319964677, 0.11229306977297698, 0.12490091574372546, 0.1451328134649014, 0.1073155533713178, 0.08076288729562396, 0.19852854641484502]}