{"FilterHL": [0.0236484834988027, 0.10020576906183218, 0.047988480798797854, 0.04412261199284863, 0.4982387605813582, 0.5110170814151591, 0.4663296295611006], "NoiseHL": [0.4168324836922784, 0.27574656991893115, 0.4539863245746456, 0.27260309954578116, 0.5899743025227239, 0.37709360362233035, 0.6079625668135045]}