{"FilterHL": [0.011477516863515752, 0.014558932669446823, 0.017223626892601363, 0.020560359169656012, 0.019769849269661362, 0.01662199146785706, 0.034016467904934795], "NoiseHL": [0.15600109644624208, 0.14728905710597, 0.09947880789013337, 0.08494753434175514, 0.15693997490209813, 0.16263658924124422, 0.08579184540249898]}