{"FilterHL": [0.03195089539629832, 0.053279762484906734, 0.022500981839735614, 0.032796111117020056, 0.029305356366934335, 0.033677077186267154, 0.034164450790194874], "NoiseHL": [0.025832405774056554, 0.05704064205979385, 0.028787528769713158, 0.03391478821681802, 0.026283990588408565, 0.05007654368410018, 0.04129089289768611]}