{"FilterHL": [0.03542363926176606, 0.025290186334354797, 0.03983698566491365, 0.050112641431193115, 0.020570380122095885, 0.03361873822461472, 0.03668356374255644], "NoiseHL": [0.18243004911486038, 0.20144077404342448, 0.19328544767530953, 0.18218576544410703, 0.18371835955008567, 0.17302423084348587, 0.1494236532145939]}