{"FilterHL": [0.021572309007247534, 0.01807140871583334, 0.011375759485392966, 0.023196474102851545, 0.006362290115067736, 0.014533688984231683, 0.029272368507875582], "NoiseHL": [0.08955548731538861, 0.12757045559555688, 0.09440419263798092, 0.10890510748631684, 0.09237776555850528, 0.12751319397785754, 0.11563310020859571]}