{"FilterHL": [0.013954166667458636, 0.033872798756824384, 0.0164101963568734, 0.014383460479462113, 0.010514036652626043, 0.02473693217363708, 0.01823713702489022], "NoiseHL": [0.15679474608837576, 0.19814621641535732, 0.13618355441539393, 0.2284689493884422, 0.16384143753843391, 0.21245545616967423, 0.1596659079028159]}