{"FilterHL": [0.02226716550264737, 0.009978725582916228, 0.01191523028335042, 0.020189865993137057, 0.03977927353364678, 0.02154872146973724, 0.006872494576496926], "NoiseHL": [0.392143172573169, 0.386451126604612, 0.4316137494444011, 0.42460551461717816, 0.33633841777081175, 0.3705027076205657, 0.38584479572787767]}