{"FilterHL": [0.01705272720946152, 0.020340008170709637, 0.027371255499112457, 0.0423487663655083, 0.006258187437676091, 0.0179994094646126, 0.03744653502590312], "NoiseHL": [0.23857571750679848, 0.247996000306027, 0.21577833345768357, 0.24451388183689157, 0.22962064422546438, 0.2514090953907057, 0.23089880589692072]}