{"FilterHL": [0.002895049028071733, 0.04465091872860196, 0.024301779833590758, 0.0030679886460265532, 0.015956248565846085, 0.014768176240170629, 0.012206012543489788], "NoiseHL": [0.11528852517346834, 0.20224771531511132, 0.17717511044843307, 0.13185411212964465, 0.19832936665379525, 0.23904906753837962, 0.22176697664679113]}