{"FilterHL": [0.032446865326323716, 0.046832980187332195, 0.029954986502409648, 0.0341810509481823, 0.049166445736006495, 0.04980995242436975, 0.0326315075939104], "NoiseHL": [0.07458604106211929, 0.045754975280603134, 0.08271078179582396, 0.09172252532254925, 0.07690738692109615, 0.07315577052096181, 0.062282256120744055]}