{"FilterHL": [0.049042540857008446, 0.06501056394310036, 0.05042782539870593, 0.04143906859699001, 0.05048674565327333, 0.059895693774692706, 0.06605426222942494], "NoiseHL": [0.049938096051631145, 0.05774017284973797, 0.05134441795248049, 0.04865671903989769, 0.04063853832212781, 0.04096741962600171, 0.0530074160852622]}