{"FilterHL": [0.011529115573198894, 0.029553721388950797, 0.00636840891154423, 0.0058068082371781505, 0.026945411942354308, 0.015789940900146574, 0.003466504309327907], "NoiseHL": [0.20859206877916792, 0.28060227230157625, 0.24507280516196095, 0.3079420489835835, 0.22166613529070917, 0.2897585362787636, 0.26623180721860223]}