{"FilterHL": [0.00013855026480143998, 0.0, 4.212702997958198e-05, 0.00016106145106940155, 0.0007378494461696461, 0.001271533556351474, 0.0], "NoiseHL": [0.1507282797138842, 0.2144269219230429, 0.21561738357673682, 0.26916281322186875, 0.16037899096361255, 0.19448580951758207, 0.2214830616120933]}