{"FilterHL": [0.007855341836799094, 0.005345793995664475, 0.00608455537142885, 0.003537794409643345, 0.005417276711259435, 0.005650572226319297, 0.002305000618287596], "NoiseHL": [0.1152087055080107, 0.17681282555282396, 0.13130680136159267, 0.16953749153982237, 0.14742536420493774, 0.15079843280853852, 0.16040152979713015]}