{"FilterHL": [0.022077875422903636, 0.039958422816688585, 0.027678798686663043, 0.028435505221847956, 0.027855455387314862, 0.0337210127909869, 0.04575902682087863], "NoiseHL": [0.07036217794888251, 0.16174484398213348, 0.07986850591746336, 0.14336153558677653, 0.08338692466198572, 0.14441926099571187, 0.11660952921124057]}