{"FilterHL": [0.003918471624044691, 0.003103772892710637, 0.0009516182017736649, 0.0035508141277719395, 0.011619284351339205, 0.008821425157735157, 0.01114110881696951], "NoiseHL": [0.07054494531440347, 0.0734260715754886, 0.11555200182841711, 0.11733259813462796, 0.15348204648995267, 0.17120980334321648, 0.1810165043472175]}