{"FilterHL": [0.009183797371502544, 0.017652247394957434, 0.0015374494101899616, 0.0103471199969578, 0.018518289468699517, 0.02605248526630031, 0.021188648086277746], "NoiseHL": [0.1425773405145072, 0.16296122336731653, 0.15078289317444044, 0.16541367451000355, 0.2318762153383478, 0.2475326951059523, 0.24264512309322636]}