{"FilterHL": [0.023521820329672188, 0.07416039420709533, 0.08088731584571524, 0.06147417903312404, 0.0445789854298275, 0.03827277640169933, 0.04971817452175633], "NoiseHL": [0.3691669592001093, 0.33974909959765165, 0.37368914887499777, 0.32629461227778117, 0.37716163878471654, 0.35235375568379657, 0.37325593566398646]}