{"FilterHL": [0.021171642002672016, 0.04895239491648388, 0.013663626708541678, 0.04047406612368827, 0.031068374764342054, 0.012692689985474008, 0.0200631976275507], "NoiseHL": [0.09109071027445809, 0.12291468571655938, 0.10340162679481704, 0.13075017569328354, 0.08514781124627699, 0.13291554134873892, 0.10747370394229597]}