{"FilterHL": [0.001170902747151063, 0.0, 0.03527858460873688, 0.006923360218566052, 0.005953459249347307, 0.0, 0.012251299912613105], "NoiseHL": [0.2144269219230429, 0.17098527586296225, 0.18471389221171597, 0.18394021513164027, 0.22834309600589234, 0.2059196678858405, 0.20941784503563088]}