{"FilterHL": [0.013942212867978027, 0.05817652600774185, 0.0340571566095792, 0.029647266602894178, 0.029698671554473425, 0.027166617450745622, 0.030839540888560734], "NoiseHL": [0.02717434490230051, 0.048658573066974534, 0.035010346953939835, 0.014057741767850736, 0.03623608390928369, 0.046571439957639585, 0.03584120155892847]}