{"FilterHL": [0.016924828552488884, 0.009935848513899597, 0.008202354479387549, 0.0034501509380781502, 0.015320043840744453, 0.019379132591333264, 0.005900148481827451], "NoiseHL": [0.2566051739833061, 0.26621832109453564, 0.2722247422357723, 0.293672403523325, 0.26139952125507426, 0.24910880232095442, 0.2662155210063356]}