{"FilterHL": [0.010635765475896413, 0.014695557436629638, 0.009165826059690943, 0.021902607784572918, 0.018633162688136123, 0.01290737988364909, 0.046887195030601944], "NoiseHL": [0.3828009176718716, 0.39543998749683756, 0.35976636083799696, 0.41146407968334564, 0.39584220097674283, 0.3932878398832811, 0.3893115019777636]}