{"FilterHL": [0.01353395624421703, 0.025620150935390003, 0.012253493659025654, 0.007529263483072775, 0.017117503199762133, 0.012578165902417693, 0.009826794018545523], "NoiseHL": [0.16805737631446865, 0.29921568584745767, 0.19322280286379753, 0.34208793653161684, 0.17395875298931773, 0.2918732271754946, 0.22626879077007295]}