{"FilterHL": [0.018687419143393516, 0.06411668956006888, 0.03203362679336024, 0.03058017882009309, 0.09019839486002691, 0.10476533489086691, 0.1005396493832685], "NoiseHL": [0.018153015605349102, 0.05041321485617577, 0.03687651691319779, 0.03533841053275189, 0.05413229430882964, 0.0465008047906058, 0.057519142954359045]}