{"FilterHL": [0.046336902733249835, 0.04184655482714054, 0.028253802841866866, 0.04226840644518879, 0.09205778957985955, 0.06829685374493939, 0.10604843329125559], "NoiseHL": [0.16725110596255285, 0.14188354147113114, 0.18705667121820296, 0.19654447087691904, 0.1339933161453608, 0.11645932333157423, 0.19304789942348466]}