{"FilterHL": [0.026096518614373985, 0.03175072961376179, 0.020040398129327293, 0.03504038445798582, 0.042021891689881845, 0.10537660728926693, 0.03444930116655247], "NoiseHL": [0.20038314340565896, 0.24057414752060782, 0.1905876297853739, 0.26509520302585843, 0.33047779168688973, 0.3883098109456582, 0.31878815774318586]}