{"FilterHL": [0.009297150062757343, 0.028177228796976442, 0.029293320289314632, 0.005221255241767329, 0.09583325447931493, 0.11256597716339409, 0.10868447249504494], "NoiseHL": [0.13866453598266776, 0.14528149653436093, 0.1619361822268648, 0.15404068893316736, 0.17889369692673707, 0.193204689099308, 0.17451575744927383]}