{"FilterHL": [0.01430218279231802, 0.024521012365088895, 0.008975697638312583, 0.027278499169982973, 0.00621388194738492, 0.021345617138295525, 0.020949456619742714], "NoiseHL": [0.13306176172496023, 0.16892956474195597, 0.11561686049484662, 0.19000255717055775, 0.16060134546652516, 0.19531025764862595, 0.15923111665965844]}