{"FilterHL": [0.0036441866408224426, 0.017219157353455524, 0.012221341333170576, 0.017829122592390927, 0.004434721147270839, 0.011242973105471935, 0.014450920860102206], "NoiseHL": [0.08282514803563927, 0.058631651098462516, 0.09909860794530946, 0.09824977550089593, 0.07985890355758588, 0.0625643591065763, 0.10175967822990963]}