{"FilterHL": [0.0027764110574547396, 0.03346170036183886, 0.03148443281873184, 0.026400104005701867, 0.03176868146885605, 0.08625835765066264, 0.044227088923848294], "NoiseHL": [0.4014143520471441, 0.4458436965630552, 0.3686754329843506, 0.4186136825384608, 0.38782337577697246, 0.4472609479026701, 0.38443930981257796]}