{"FilterHL": [0.0, 0.05259950761263014, 0.010188075171270098, 0.06594748192775716, 0.0, 0.028744341781237966, 0.014129781110297146], "NoiseHL": [0.30618621784789724, 0.2710770259847575, 0.2579794241186545, 0.24196334540355025, 0.30176153952158696, 0.2641414308620957, 0.27684890479965973]}