{"FilterHL": [0.04112711235609005, 0.014770064022378505, 0.023218103972822857, 0.020992081984780225, 0.048141487325808294, 0.04148249772865701, 0.03444440678271006], "NoiseHL": [0.11182428790143528, 0.0970847384270251, 0.09896459484869632, 0.12622881088058863, 0.22902471515740644, 0.2538933681709226, 0.2340735601625717]}