{"FilterHL": [0.02368608480108008, 0.02810524626357771, 0.03194990147148489, 0.02958915067073088, 0.02329564515074008, 0.020201071849086333, 0.024002182423385497], "NoiseHL": [0.05147696359779125, 0.10737095887093727, 0.06895976201710333, 0.12968653175822556, 0.12105517382913678, 0.14856346820912983, 0.1280323198353929]}