{"FilterHL": [0.010265093111754931, 0.0071172895902081165, 0.0030084201534830326, 0.011811529063052457, 0.0028729646140425195, 0.0031789577664162946, 0.0002410380829900052], "NoiseHL": [0.22514909591484086, 0.27401544493296626, 0.25207669800041127, 0.22756358522672832, 0.25311701203682857, 0.2633166597721369, 0.24809038144953893]}