{"FilterHL": [0.024449360945854665, 0.04638170780817187, 0.028679881663611892, 0.033632426254604275, 0.040496419721206905, 0.0511564559176024, 0.035308886867810724], "NoiseHL": [0.04642058237668941, 0.06609126356008738, 0.06136249909665604, 0.04360481739318745, 0.051921078687011984, 0.0909923589527699, 0.06745835792760116]}