{"FilterHL": [0.014368613484722586, 0.013867419921551908, 0.01139397898451008, 0.0048693627305733, 0.020160781592194275, 0.037674173214045606, 0.053844871540913566], "NoiseHL": [0.08070854566091847, 0.08032117861696395, 0.08686964237657636, 0.08592140798590384, 0.17136903897713887, 0.22300568773281387, 0.19551797308586985]}