{"FilterHL": [0.0, 0.0005746107222430752, 0.0, 2.427700149175926e-05, 0.0, 0.010038971491577777, 0.034707021671482916], "NoiseHL": [0.3423770863549488, 0.33092608230775955, 0.39674702561008857, 0.4267425798781977, 0.09395759443969061, 0.294571808286785, 0.24895644450841764]}