{"FilterHL": [0.07258861724942096, 0.06181632038700115, 0.045054529739810285, 0.06456481068332688, 0.18406511386209057, 0.19934995919919432, 0.04272412239974021], "NoiseHL": [0.18372088670393708, 0.16602200304766512, 0.20688450166891226, 0.1675547943624315, 0.24732363604951643, 0.24748777484684825, 0.3504052757556391]}