{"FilterHL": [0.0111731366102117, 0.014589359695051367, 0.017772620804727017, 0.013929919677721966, 0.019660319282004884, 0.018484068941649213, 0.024013099646038674], "NoiseHL": [0.19798847665384103, 0.2570757075411284, 0.20501807318007617, 0.27513748211893047, 0.17961848104701308, 0.23063740432203925, 0.23011677186685078]}