{"FilterHL": [0.02464294890926724, 0.041880486881150945, 0.030733644639994135, 0.039189831523536334, 0.03471898712145607, 0.020214819118900808, 0.03289992277402274], "NoiseHL": [0.12542415414377442, 0.1544833867616145, 0.20624338773203676, 0.21989529307035166, 0.1370555516235618, 0.12652888359683023, 0.19516648686933968]}