{"FilterHL": [0.03468286815707313, 0.03528276932865388, 0.00486306298777748, 0.03818747622267156, 0.006785494370560552, 0.011664180222977882, 0.02704094699659216], "NoiseHL": [0.23173124452770621, 0.21190087373772737, 0.21742883864706167, 0.21464064980606676, 0.21115720554116513, 0.23852288832918894, 0.2184774622006997]}