{"FilterHL": [0.0670964053045831, 0.17797456361513148, 0.05948247978314076, 0.13523558726503512, 0.6920662841463309, 0.6922719843527402, 0.7333951602149426], "NoiseHL": [0.6898188343342885, 0.6963946919990871, 0.667975808199604, 0.6823228400049994, 0.33914680966169874, 0.30939135976446863, 0.3429962676745147]}