{"FilterHL": [0.002982703497926919, 0.007290578458446178, 0.003081742099776811, 0.005021723540654569, 0.00549571184058892, 0.006280682223976714, 0.015874463249154806], "NoiseHL": [0.15722615906819176, 0.16203815078133732, 0.1529908992465359, 0.18393298770470926, 0.17821368270430674, 0.2071713823657394, 0.1839174955669895]}