{"FilterHL": [0.012041345468834093, 0.02402104447900941, 0.032736128176743186, 0.022904487959805105, 0.01909947968497591, 0.019537345429054387, 0.009940730115085224], "NoiseHL": [0.29851374551451115, 0.18681242038617032, 0.2918344093463835, 0.1804014421760617, 0.2842934985033561, 0.2526778717149778, 0.3041378429776733]}