{"FilterHL": [0.02381041249038793, 0.018667202950226208, 0.008484451804044888, 0.024064673112473248, 0.009800669228172446, 0.011455536059906722, 0.030055980077348526], "NoiseHL": [0.06680002253461265, 0.06989868507114759, 0.09300013265599298, 0.09684306295526661, 0.06877543802541762, 0.06650563266480779, 0.1044046969196945]}