{"FilterHL": [0.0, 0.00013581018806752346, 0.0, 6.916636119499428e-05, 0.0, 0.0, 0.00013581018806752346], "NoiseHL": [0.2305892712780783, 0.29183887160721417, 0.2305892712780783, 0.32001888456532224, 0.2909232592243174, 0.3114298399318968, 0.29183887160721417]}