{"FilterHL": [0.012489583416111479, 0.015792149946723805, 0.009402235987244562, 0.017323929941434148, 0.12547072096731912, 0.12046710479232486, 0.10040815183934775], "NoiseHL": [0.1869217450773888, 0.17409274571088165, 0.14772130454994387, 0.14906879082364266, 0.1553727043109214, 0.15581952943505997, 0.14478379291263332]}