{"FilterHL": [0.005443289286401684, 0.010323834596646474, 0.01182493220030595, 0.015013515055983596, 0.015281302134843158, 0.04075782408954201, 0.006806180991337895], "NoiseHL": [0.17819939297096668, 0.22585923273377445, 0.20253423011432015, 0.2614499096374237, 0.19011997282731474, 0.22039168841015858, 0.2420439771881919]}