{"FilterHL": [0.02606525487851917, 0.050624724858919515, 0.029198417647602833, 0.034959275409353466, 0.04421306888682763, 0.023404909268291616, 0.0740192973208519], "NoiseHL": [0.043955682906376, 0.04633960417997451, 0.03174862521497517, 0.03357034034744789, 0.031875463917225344, 0.034265827395078476, 0.03611375892719795]}