{"FilterHL": [0.01203534957475529, 0.026791773726526632, 0.017799922029026922, 0.0033647413260079443, 0.07428324313238258, 0.051002257201477524, 0.05164834592456119], "NoiseHL": [0.2986991696251259, 0.3790194565531989, 0.32758404061112545, 0.40166038389968306, 0.3192226660126838, 0.3657902595241544, 0.3341508600155316]}