{"FilterHL": [0.021336659335829577, 0.10617819911374704, 0.04120105487064693, 0.06568135863980916, 0.18810223407060625, 0.06487279786122074, 0.2022175876367194], "NoiseHL": [0.16285219949449645, 0.21101407067894273, 0.18952049834820758, 0.23617039691826477, 0.32704035502699674, 0.33236593320107727, 0.3232486812446294]}