{"FilterHL": [0.016177539491981696, 0.013232761362555835, 0.017491694226147995, 0.027524637642160368, 9.325719195653444e-05, 0.013558857344115521, 0.01724977731407381], "NoiseHL": [0.0977334517519833, 0.20135002686068854, 0.17468416431027273, 0.1837223703073479, 0.12966398085506325, 0.18957345042387616, 0.15079455979454615]}