{"FilterHL": [0.010499551470915844, 0.024535550561235627, 0.016825402545200603, 0.009865954728814356, 0.009720564959709539, 0.010455261231536913, 0.016881450191085955], "NoiseHL": [0.20226775724505522, 0.20325771957653962, 0.2086867210448909, 0.2216520155644497, 0.22296090971058985, 0.26158622258527153, 0.2423066014271695]}