{"FilterHL": [0.025143775666989398, 0.09936673177764938, 0.03318231341564521, 0.05965433249671986, 0.015779909489550926, 0.06809315776769291, 0.05003807795196497], "NoiseHL": [0.2904076138041581, 0.2520553145945204, 0.2947588142206371, 0.2593206255363874, 0.3048913343753882, 0.2758006309367961, 0.3101213554723146]}