{"FilterHL": [0.019176263960691185, 0.04018879760826939, 0.06122721178096012, 0.01981504532168257, 0.016197408456175177, 0.06410696010679803, 0.03057829566648291], "NoiseHL": [0.45002759052368024, 0.4446021745758429, 0.46810757172529777, 0.45852572210979836, 0.4425094754686081, 0.466083497634637, 0.43700160196310556]}