{"FilterHL": [0.00011241458071379821, 0.000136294970101059, 0.00011241458071379821, 0.0, 0.0, 0.0, 0.0], "NoiseHL": [0.16500333021764654, 0.2034297098849552, 0.16500333021764654, 0.2404665476109235, 0.19053478273184227, 0.20467814417459612, 0.2059196678858405]}