{"FilterHL": [0.03436291347378163, 0.022296069398668236, 0.015823774416667997, 0.039203488357749054, 0.010957810608649412, 0.02444234227456423, 0.043596633717431464], "NoiseHL": [0.11972817776312167, 0.17766859632690213, 0.12005821035379852, 0.1737721251360787, 0.12611522502989306, 0.1722532191844624, 0.1413779861656759]}