{"FilterHL": [0.01830172304416688, 0.02654490655680187, 0.022713324336618573, 0.023421870907259123, 0.019644499344805104, 0.018313521939377096, 0.03341386819208665], "NoiseHL": [0.150239815682023, 0.21094702729466241, 0.19186152642613769, 0.2440746506521316, 0.18689142447051607, 0.21184490035157613, 0.21920323776888254]}