{"FilterHL": [0.03033211476327066, 0.051332613698781435, 0.010144584424847562, 0.03742792764807409, 0.027659644585162686, 0.03582713332012313, 0.01930451461535388], "NoiseHL": [0.03240089829238896, 0.07694824364655628, 0.06112885719256647, 0.08317948006094272, 0.041626502265721586, 0.0976673830234838, 0.0759985466818823]}