{"FilterHL": [0.3828858164063468, 0.18406634812804112, 0.4270599891003155, 0.36081764405589656, 0.53742136175538, 0.1688305010972999, 0.45384904837009743], "NoiseHL": [0.5442727701058189, 0.5890871605512089, 0.5662171896218462, 0.5834188000343417, 0.5418808591982113, 0.5755361013279853, 0.5867975952113588]}