{"FilterHL": [0.009287725409831547, 0.02853768138189241, 0.016881892306375136, 0.0068154913846800915, 0.001269880966722304, 0.01321550600883433, 0.02016222090606348], "NoiseHL": [0.0965756040133312, 0.1603905727191223, 0.14584684587688873, 0.18522140021234823, 0.11964573446795004, 0.1501991589730851, 0.16715073038802622]}