{"FilterHL": [0.016132981913180622, 0.021084679944875007, 0.010382835638659866, 0.007838001911256142, 0.07498947929834598, 0.07285895142193884, 0.052602178878795286], "NoiseHL": [0.16089317605338516, 0.15087693474684902, 0.13556364901555606, 0.13880857929400786, 0.16743293534465606, 0.18671021760585416, 0.16034637468191829]}