{"FilterHL": [0.01951886350322598, 0.013576365255982334, 0.018697452216563697, 0.04950905087309016, 0.007722495120190736, 0.03341160660562966, 0.022866801309223327], "NoiseHL": [0.1156199053918967, 0.129776986018348, 0.09485991587484725, 0.10234104684463273, 0.12210161578556164, 0.10690397864164522, 0.12465505305480964]}