{"FilterHL": [0.029721283689115693, 0.05469287332703605, 0.03685632593614444, 0.034433828357239536, 0.08683231740787148, 0.09401905333567062, 0.09782397737076705], "NoiseHL": [0.1247466142055901, 0.09423143180577127, 0.1273472945928135, 0.09312724151536535, 0.11449712035226355, 0.06227217572715641, 0.08576261096178701]}