{"FilterHL": [0.05369055396672657, 0.05357577405500624, 0.03630572441432651, 0.03675721811985082, 0.06993527406537466, 0.0586483734231782, 0.06752407901926068], "NoiseHL": [0.2666295362676067, 0.27721722002227767, 0.23803118543835616, 0.2733686508107974, 0.250126915191504, 0.24320284505122292, 0.2541561499641601]}