{"FilterHL": [0.05498362786137403, 0.09222057408862352, 0.03615744191108777, 0.062281408139844445, 0.06879791536734778, 0.059484353219182884, 0.0320388316457337], "NoiseHL": [0.35426719178559923, 0.3799067718205929, 0.3634064166193403, 0.3512002762991827, 0.3615126100870372, 0.3641709097735302, 0.37832965897017684]}