{"FilterHL": [0.018312110325814947, 0.024458824520156814, 0.011072390731255207, 0.03147774607655888, 0.008199152115405879, 0.013701249260372918, 0.037874654251913324], "NoiseHL": [0.10640809355292317, 0.10671524778339747, 0.11169510959715934, 0.12418030110530916, 0.12562571465049507, 0.14500836031620631, 0.12856395468685333]}