{"FilterHL": [0.0370441767444681, 0.0036392886118141203, 0.018501558301839978, 0.010771891659121548, 0.04605369071175799, 0.016607998681381235, 0.06284870568409066], "NoiseHL": [0.27221990769130827, 0.39053985744027125, 0.34027593376605236, 0.3890221862609412, 0.27369189994674364, 0.35127846096666704, 0.3366636167031069]}