{"FilterHL": [0.0067038585837896295, 0.015044471602875103, 0.0018306620352705981, 0.0026975101469432308, 0.0126993096023213, 0.0048990801165085885, 0.012747700380265565], "NoiseHL": [0.21810580981326108, 0.1894022550279875, 0.2023933762696641, 0.16536092431913302, 0.21701912482151878, 0.1970792197300117, 0.19320277267648944]}