{"FilterHL": [0.019957395181356707, 0.02701139784806219, 0.031991724276825576, 0.027919925993128064, 0.029912496365393674, 0.0391651873783305, 0.020512378232978606], "NoiseHL": [0.21490138097423353, 0.2459084228789883, 0.22854229698413472, 0.25086814589866197, 0.2670861491735968, 0.306285841635668, 0.2870909271667905]}