{"FilterHL": [0.024719336884446597, 0.05095143269493358, 0.06169366166995327, 0.07842747395197218, 0.05112304004515105, 0.06539966453023649, 0.07393512194231505], "NoiseHL": [0.08442601125331625, 0.10882339147933463, 0.09518878131258607, 0.05901633993174252, 0.06725089513690057, 0.06153295357208706, 0.03372010024100472]}