{"FilterHL": [0.017445166091156657, 0.04121404630580155, 0.02432402683600736, 0.029162385579826172, 0.09599413581918563, 0.027766490139711907, 0.0221310790647713], "NoiseHL": [0.35393989324735564, 0.3468240990710796, 0.3611506506532462, 0.3667360679413711, 0.3526125564075377, 0.35949566026710017, 0.3549293094365213]}