{"FilterHL": [0.01891107769460213, 0.016602309292348905, 0.013900364234142697, 0.02880787913541897, 0.008839010366984822, 0.02276456575467229, 0.01643588955064227], "NoiseHL": [0.12596199799364732, 0.11955024466783948, 0.14396380262543634, 0.16530264931656838, 0.17251478863505393, 0.18528464189466598, 0.1878309311687662]}