{"FilterHL": [0.010318532639915041, 0.0032907401076728805, 0.017411488172083114, 0.027702914590385125, 0.0080733603671457, 0.024613292254600832, 0.013926926509773858], "NoiseHL": [0.26151260726457254, 0.3776284254327045, 0.254146571716042, 0.36719558224533627, 0.383515656573317, 0.4455599297087189, 0.3775558101806688]}