{"FilterHL": [0.004048646933778384, 0.013871397286639348, 0.009939689373756716, 0.004723334498038858, 0.005284652382903256, 0.008656911779239145, 0.01667579899577602], "NoiseHL": [0.07037707014398999, 0.17247176467057287, 0.15075117615413547, 0.18518282012318044, 0.07988886773846209, 0.16040054279190646, 0.1665282481505739]}