{"FilterHL": [0.018862145878842586, 0.01316554265238379, 0.009352966465672824, 0.02690146904640126, 0.008032281806298789, 0.009758166112325283, 0.023042686313417656], "NoiseHL": [0.0410196046484958, 0.11521909563184755, 0.06999788475184615, 0.12140915751302396, 0.06651795895187923, 0.11338978943607728, 0.06291810286179567]}