{"FilterHL": [0.03685817790338729, 0.03948175444001312, 0.024480105033705454, 0.02638857505156395, 0.03818834195279831, 0.043353607820933004, 0.023194114562494386], "NoiseHL": [0.15952315688761043, 0.16572069074422557, 0.17748349563204438, 0.17142649412472732, 0.19821935929526327, 0.18201268229929085, 0.2059078096378351]}