{"FilterHL": [0.032917278501798944, 0.03925125275449006, 0.02066249809127456, 0.04104212544411317, 0.00967369588530452, 0.011477661542452815, 0.030722093717454955], "NoiseHL": [0.10713570797311384, 0.13277250162774887, 0.10166311608503496, 0.12109083186401254, 0.11611205685111108, 0.15500476324980944, 0.11460184857656062]}