{"FilterHL": [0.016270950801178432, 0.01604089122607966, 0.021382262443503768, 0.004926557882752083, 0.027732782583519442, 0.1368077969256974, 0.04199708910884553], "NoiseHL": [0.19386562127667026, 0.2817305539517024, 0.19941143017324595, 0.3123874182894904, 0.19214421854379504, 0.2687793218348212, 0.2219110733190867]}