{"FilterHL": [0.026364842571351875, 0.028811775834111656, 0.023307407448018447, 0.03347530923667935, 0.030729780911975934, 0.08874970262536488, 0.05069649208223283], "NoiseHL": [0.3194544008899006, 0.3463790844523539, 0.3148793136455089, 0.36072234628953337, 0.3310308026411033, 0.4050874661379363, 0.34294679308245785]}