{"FilterHL": [6.92928141209415e-05, 1.8544856527072247e-05, 0.0, 1.8544856527072247e-05, 0.0014764493141090852, 0.00023355318479196724, 0.0009131531840546494], "NoiseHL": [0.2305892712780783, 0.2144269219230429, 0.22493644505680488, 0.2144269219230429, 0.2393868301256415, 0.20960401046104254, 0.2372144506373005]}