{"FilterHL": [0.016287653417074117, 0.021733971872176492, 0.022503235490601008, 0.022830427934418234, 0.013458641572649276, 0.026019843772514737, 0.026041883430940337], "NoiseHL": [0.200407218139553, 0.274194017625301, 0.21168229959849105, 0.24787482514395445, 0.22702707156602336, 0.285425551239036, 0.20654630216675426]}