{"FilterHL": [0.018497483834177226, 0.04123281726701617, 0.015621157794798784, 0.028582421366963186, 0.022325722109853743, 0.013937572058583265, 0.0285946327571066], "NoiseHL": [0.059262861798702916, 0.11968588028954381, 0.0508700017144004, 0.11834821264394876, 0.06812855849928451, 0.11225051295195772, 0.06133549383059038]}