{"FilterHL": [0.006123675844369999, 0.03622142473627611, 0.021298051510906166, 0.017321810975385852, 0.011010863578513918, 0.026900425048722688, 0.015549082153928653], "NoiseHL": [0.17099485921985846, 0.17905716930212656, 0.19964503027197933, 0.20920375522317364, 0.22499931749750846, 0.21547088238398296, 0.24688388092854394]}