{"FilterHL": [0.013726585866692379, 0.02109067642272314, 0.007523953289337261, 0.008261478202319445, 0.006249540739921245, 0.006418854588680067, 0.007444112051712187], "NoiseHL": [0.23938966132098874, 0.3194814102564865, 0.28501973490510013, 0.365500849664617, 0.25423663553732523, 0.2980227181856606, 0.31268538814334756]}