{"FilterHL": [0.8585970169027158, 0.07044391513276392, 0.013293073237090358, 0.020180197176988775, 0.03245914265618324, 0.08758307578875618, 0.02564803702909719], "NoiseHL": [0.11359532540133743, 0.12328776601882754, 0.10943498649883703, 0.12719560220596549, 0.15682128178765964, 0.10107735656282997, 0.16929911017791066]}