{"FilterHL": [0.03495260927130169, 0.02935490481443165, 0.021915808008322202, 0.042113451667382236, 0.012870988096559626, 0.028364187160484947, 0.017935911778798167], "NoiseHL": [0.022901518017325546, 0.096625418334793, 0.045351973562573124, 0.10132006723651399, 0.04511587432163207, 0.10204351638815316, 0.05725491253203323]}