{"FilterHL": [0.02898871332529232, 0.05093133201464345, 0.5528416365901538, 0.8311104402890642, 0.031986743182015914, 0.08517972337695719, 0.05132697287209088], "NoiseHL": [0.07219592252192754, 0.1286871781785401, 0.05616608314601491, 0.13042183966560938, 0.06031826453777743, 0.15128406803420094, 0.07287318101436617]}