{"FilterHL": [0.03696226635654222, 0.05340630789844709, 0.03391198712982992, 0.058581787642312005, 0.029192059021981683, 0.022447031179250617, 0.03823463894456252], "NoiseHL": [0.1461567879925285, 0.16420622452493971, 0.12982434340796267, 0.1529514363145468, 0.14891725538548278, 0.11985731853570054, 0.1620846295200157]}