{"FilterHL": [0.021862902146763317, 0.021340573833839114, 0.015672281589714364, 0.026976915242966942, 0.01729279165151929, 0.0098914629048413, 0.037566561235493685], "NoiseHL": [0.20947205675182803, 0.2590145597823157, 0.1087399632877575, 0.19134119746284525, 0.21347967229993156, 0.20988611999851428, 0.09614170603438833]}