{"FilterHL": [0.026528290235380735, 0.021229902926233498, 0.030622121506898796, 0.007632600460942371, 0.03178468581410488, 0.015570265509938407, 0.0499614305763745], "NoiseHL": [0.16772687913180756, 0.18329805120123696, 0.14796137690822694, 0.18588214373096573, 0.16727170162701666, 0.16308856462903473, 0.19378714812353143]}