{"FilterHL": [0.027924215964552836, 0.03300055689272805, 0.03631620793794087, 0.03142390156226042, 0.03350583094181432, 0.058870447225980206, 0.027626833597597513], "NoiseHL": [0.025100818599850354, 0.08124117921390225, 0.03062215170990083, 0.03428306125128496, 0.029203536949256547, 0.05821359418896951, 0.030431271350031545]}