{"FilterHL": [0.04084197814429943, 0.05106933891726308, 0.13287247811136438, 0.08425434221396512, 0.07928497652440884, 0.09048007303071218, 0.13577936008045205], "NoiseHL": [0.338162824365506, 0.35817111146906955, 0.2759086151254615, 0.3384265308443145, 0.26582632708501874, 0.2908218599249736, 0.28867077652323253]}