{"FilterHL": [0.010040355411698808, 0.05450289300970452, 0.002923429765940214, 0.035283792385923066, 0.02015449239849706, 0.018609100773903122, 0.01485255776170775], "NoiseHL": [0.12601717980908428, 0.13194335789595205, 0.1452883759372013, 0.13539793166883973, 0.1237427253963353, 0.13874055470112046, 0.14657439027765978]}