{"FilterHL": [0.018811574680909476, 0.01891003113505533, 0.002972404035902387, 0.03071841619595969, 0.00354425223304133, 0.02350275930483559, 0.02287565814499274], "NoiseHL": [0.22545663839849375, 0.28816263211442944, 0.21093182376085953, 0.2990998721379387, 0.20469680698604395, 0.2676469538129006, 0.21035076826519708]}