{"FilterHL": [0.03817665752423204, 0.03087157010367234, 0.01871971025061114, 0.01293203394123422, 0.030251435306908235, 0.030988627050701517, 0.015550546039041682], "NoiseHL": [0.08951838357047724, 0.16563636194006962, 0.10313351484864972, 0.18828537099855003, 0.08822964584950485, 0.16491916015244162, 0.12914890844555857]}