{"FilterHL": [0.0001082835448820437, 0.0, 0.057367034696892444, 0.017060859202912976, 0.041358110432336934, 0.017902476362325143, 0.0], "NoiseHL": [0.2701392032139025, 0.2863094019622411, 0.34783041691918165, 0.34406462298312607, 0.32448114908156284, 0.3350205741563077, 0.28723702582719046]}