{"FilterHL": [0.023852204635256686, 0.02549913834153892, 0.011901677146397156, 0.028280554995640906, 0.0240354227053646, 0.0379357082192091, 0.026504259670189875], "NoiseHL": [0.17657998885219148, 0.17448763106410703, 0.14627908210982699, 0.13572344515345752, 0.16879149740706512, 0.19958494848441163, 0.13999918501708283]}