{"FilterHL": [0.0, 6.322027559250747e-08, 0.0, 4.2146849766967993e-08, 0.0002118828791424818, 0.005396528626926588, 6.322027559250747e-08], "NoiseHL": [0.11733130495004837, 0.16801938030584954, 0.14044858014632036, 0.1507282797138842, 0.14567520307051546, 0.1957864663624126, 0.16801938030584954]}