{"FilterHL": [0.002965896053401182, 0.015084428848361335, 0.005360298242510576, 0.005422397777637819, 0.003542561881287859, 0.008839823642650148, 0.019326267888071402], "NoiseHL": [0.36679529070566336, 0.3609838156399522, 0.37434682540473596, 0.3496948772660471, 0.37745673257526563, 0.3431860845664534, 0.36702762683482987]}