{"FilterHL": [0.030828746919298624, 0.008788879284148038, 0.046059989177957075, 0.008223384836807108, 0.029705997436898897, 0.03822729571626059, 0.027012292682011756], "NoiseHL": [0.09574211211901726, 0.0773017761444531, 0.07901285995607349, 0.0665766364708039, 0.10078241882970142, 0.08826024748711271, 0.09778497707716674]}