{"FilterHL": [0.06539106415683749, 0.008326208244463045, 0.030542599341998097, 0.018528393071647557, 0.018002198780544418, 0.17588817482464195, 0.01489014016598212], "NoiseHL": [0.3482414867464057, 0.27882824220160385, 0.375370925586089, 0.2935043551237896, 0.378996268053789, 0.3597675143342651, 0.36087199505699]}