{"FilterHL": [0.1358660509710807, 0.17083698437169204, 0.12365104417552511, 0.3016659709779037, 0.41086343797044916, 0.5701779013324785, 0.4140292592704824], "NoiseHL": [0.0830257319467088, 0.22555169477751777, 0.25482765167656907, 0.36279913271013137, 0.31548398091208363, 0.3470747848579997, 0.3414907169467532]}