{"FilterHL": [0.008976604331551098, 0.03040506834913262, 0.01705403202879364, 0.031097279283017604, 0.014963618767095364, 0.041869793864686276, 0.008320744671591822], "NoiseHL": [0.1902894045021694, 0.1971351475480949, 0.22000541516185748, 0.2205661844456984, 0.24414251741977683, 0.2571016177225146, 0.2075182189024215]}