{"FilterHL": [0.019114016951505382, 0.02514380727577443, 0.009997269907597287, 0.02670766277177037, 0.013131675915475998, 0.017099428577411483, 0.03965900015871881], "NoiseHL": [0.11945231244597827, 0.13505394657945735, 0.11970503387862379, 0.1441557293106299, 0.13730551006491012, 0.14101107181658812, 0.14381179134252556]}