{"FilterHL": [0.004948477397871064, 0.011422304204525929, 0.00921003161803421, 0.03143828793529428, 0.06414505057630034, 0.026342857399746806, 0.07199043276201272], "NoiseHL": [0.27502622161432716, 0.2825751699811722, 0.2762133067200565, 0.2645329988638196, 0.27993830245287493, 0.25826342978437733, 0.2828005499575743]}