{"FilterHL": [0.019840184020902044, 0.00521376908915439, 0.030859147735962808, 0.0015214905238049767, 0.04632811306666785, 0.03922135909262905, 0.032086529522248046], "NoiseHL": [0.12531597111043186, 0.14374098336071914, 0.15193610644125424, 0.18556083881096264, 0.10568923275535781, 0.07578392414475854, 0.15101233655558768]}