{"FilterHL": [0.04025163840010069, 0.0413509361603507, 0.045815764351986636, 0.059577154054854614, 0.10798022147604512, 0.09090354458760988, 0.08781432916870434], "NoiseHL": [0.07547179611539413, 0.060763423942616364, 0.10391746784598467, 0.03105136558391821, 0.07612364135100569, 0.049793421791458535, 0.06854749614604037]}