{"FilterHL": [0.007522498256249525, 0.014397968272472778, 0.007552651676046934, 0.006882777588662325, 0.004763866525017914, 0.022499539513700477, 0.014361458365893092], "NoiseHL": [0.07442983964873406, 0.10393047316794736, 0.13887322571272054, 0.1333821441903978, 0.12794150967762338, 0.13689710957709897, 0.15419746810123275]}