{"FilterHL": [0.024424117065853946, 0.01276827917179408, 0.017981518775187704, 0.01094943487404274, 0.7235523424340916, 0.027453091167547294, 0.036147256702784444], "NoiseHL": [0.04481579494229053, 0.1440532443673225, 0.07353330243824438, 0.13710288300835502, 0.06587562191757874, 0.14634135256631323, 0.0732148081083912]}