{"FilterHL": [0.08940495861244781, 0.0787215623061095, 0.06249556630474747, 0.06043587169501896, 0.07791415995384841, 0.0878327502314875, 0.03118453037127563], "NoiseHL": [0.19233226374735202, 0.3242316490166175, 0.19086333819876736, 0.33125952947478615, 0.23975900851856632, 0.29375834108856186, 0.182212241998289]}