{"FilterHL": [0.0158931983826694, 0.02344729779367436, 0.0011419650758935798, 0.011882134638246005, 0.011967883357021846, 0.01763703719125368, 0.022602057068124515], "NoiseHL": [0.1789559002773058, 0.10153651298271, 0.1782022407927939, 0.12948008241339073, 0.1726885594908971, 0.1636656458319814, 0.19488759901933814]}