{"FilterHL": [0.020000679968158696, 0.022445913312060896, 0.016317027556750345, 0.03027393671097584, 0.011487734434582326, 0.012981232026678117, 0.0334928429681445], "NoiseHL": [0.06741788395145809, 0.13740689575518145, 0.08367174719739931, 0.1341870354730178, 0.08038289148626405, 0.13782807382664472, 0.08733003288138443]}