{"FilterHL": [0.02224486358921297, 0.026932491644529398, 0.029324504676536755, 0.019244655499279208, 0.025353390272509945, 0.01709426521058536, 0.03425709533205575], "NoiseHL": [0.14186324976427472, 0.14718001136770267, 0.1394060069650727, 0.14583741834472103, 0.11667904253070269, 0.12321944985571745, 0.1002461084254356]}