{"FilterHL": [0.0, 0.002707724566145481, 0.0026531270958081742, 0.004500623094259015, 0.0023141294160641556, 0.0021989961271163365, 0.0021989961271163365], "NoiseHL": [0.16801938030584954, 0.21561738357673682, 0.22263951724907946, 0.2797452855106961, 0.2372144506373005, 0.24474362140675346, 0.24474362140675346]}