{"FilterHL": [0.007167308034168572, 0.035745898616529465, 0.026916968001976457, 0.033294905183180616, 0.022575107846702774, 0.01709151916883666, 0.03714618299350046], "NoiseHL": [0.10697112851027189, 0.07498273224370505, 0.09169619064352949, 0.1201476638445386, 0.12749840368575208, 0.13132693074065466, 0.1266760059312884]}