{"FilterHL": [0.040682731593884316, 0.033313750105826614, 0.03293076128179785, 0.03531931002880014, 0.03322905255338775, 0.029647998722088637, 0.03727272634518868], "NoiseHL": [0.03647765185220866, 0.03544147300065918, 0.03252708565044214, 0.047196948880226186, 0.0385069301536151, 0.031437921905715066, 0.03287783365073502]}