{"FilterHL": [0.019447545084933914, 0.04060640023367504, 0.008975391166271818, 0.027228476718435087, 0.07974335302975281, 0.046373705376348266, 0.13212412453930053], "NoiseHL": [0.10480483964187143, 0.12118137732770896, 0.26538292755843584, 0.2757630159480467, 0.0831311101579102, 0.07048401409338613, 0.24607989372149755]}