{"FilterHL": [0.06581639676829808, 0.05709163492893425, 0.04749415397219121, 0.03746692529133977, 0.07989129513268464, 0.033264162845079215, 0.057368448306271476], "NoiseHL": [0.16139430301387747, 0.04496113091899676, 0.14724937684919576, 0.032024865426409296, 0.1361108005926551, 0.06704195384570409, 0.1358718751546704]}