{"FilterHL": [0.0030586530726307106, 0.012402674892523469, 0.008757142203814511, 0.012312659862084387, 0.03578037404591685, 0.017977876893854147, 0.02296302250520298], "NoiseHL": [0.16236524905824815, 0.2023622007561729, 0.2180677750547282, 0.27244069244117564, 0.20917384234338776, 0.2208022288941366, 0.18046171419824694]}