{"FilterHL": [0.014683546664422623, 0.04090965494377463, 0.025973405911968766, 0.01670272769366694, 0.019628757150936312, 0.017723762014382718, 0.032953480479597355], "NoiseHL": [0.08972284216150628, 0.10669585800909935, 0.09634273997441051, 0.10962060171408237, 0.14778106662902823, 0.16611953168612717, 0.1372400082402177]}