{"FilterHL": [0.03193416925876509, 0.04388466479008897, 0.0170638399087439, 0.046082501565417044, 0.04413307941890051, 0.10507189060642677, 0.017183162270218655], "NoiseHL": [0.13159582516390417, 0.1574830922127133, 0.1561498235079744, 0.19120809645346876, 0.1348261322582912, 0.1855671792792953, 0.16592539023012953]}