{"FilterHL": [0.021835734509793713, 0.05928249591334103, 0.035362581850748406, 0.047428383589490024, 0.03907886385844421, 0.04848189933132941, 0.11195526036024323], "NoiseHL": [0.14401547036270443, 0.03930504004713032, 0.12836898728978405, 0.060654622706506435, 0.15490319346306072, 0.05677106361833525, 0.16206044829808805]}