{"FilterHL": [0.00020931115544903838, 0.0014006837273186528, 0.00017535263231050204, 0.0, 0.0, 0.004144072899345863, 0.0], "NoiseHL": [0.17677669529663687, 0.26023620398396025, 0.16500333021764654, 0.2489564445084177, 0.2120278888000165, 0.2701392032139025, 0.20217423592924638]}