{"FilterHL": [0.01190930891436921, 0.01706120165399662, 0.004347926794205058, 0.009587361523308618, 0.01692042856218489, 0.012182973579758278, 0.012072944912722802], "NoiseHL": [0.15968718415701708, 0.1629612233673165, 0.16083099579566737, 0.15928816108003135, 0.1823662618744921, 0.18753464034414322, 0.19585998391096474]}