{"FilterHL": [0.013113893237383933, 0.01633549024133351, 0.0329756170419631, 0.10351704989553341, 0.34482431724270685, 0.2241326859818848, 0.14158234258010852], "NoiseHL": [0.24041731654994802, 0.6003130393459438, 0.6256655572795188, 0.6353327777487958, 0.42293772378171135, 0.6882346721389352, 0.58123112362193]}