{"FilterHL": [0.020894109661717262, 0.035593119052590834, 0.03429252373532017, 0.05814567964133362, 0.042830571763850474, 0.057326754977261425, 0.03584686814760077], "NoiseHL": [0.15582970713313934, 0.1842409714241637, 0.2301804921377543, 0.22856800235967942, 0.236737762594961, 0.2235951735994753, 0.18139322725255286]}