{"FilterHL": [0.002959054689627706, 0.015672936989844767, 0.01088742835308311, 0.004496100200217836, 0.00421131961938488, 0.009312868256991427, 0.01815047141287926], "NoiseHL": [0.1016232503085475, 0.09907080055137513, 0.12758213762466813, 0.15078392210537594, 0.12577280731403925, 0.13689501345310992, 0.15404079200034804]}