{"FilterHL": [0.034453385591827444, 0.014520630691904029, 0.04948525471521612, 0.05766185276240825, 0.027330629754027537, 0.02453378286669543, 0.012463643765544567], "NoiseHL": [0.3366897884734667, 0.3436344505882644, 0.46986888837623936, 0.46737855187829214, 0.3169571198214872, 0.33596701536295814, 0.399667355317194]}