{"FilterHL": [0.04029387709746794, 0.044292756243279274, 0.029784896125387483, 0.06894104417366152, 0.07893211546213788, 0.08034059109001114, 0.15078883296379908], "NoiseHL": [0.2477941728372327, 0.24581601509925224, 0.26034139908063375, 0.2505131891546353, 0.2409234400706171, 0.25755261413881847, 0.25640796092753154]}