{"FilterHL": [0.13743133715056527, 0.35888805891826786, 0.329737581208693, 0.23408513792550706, 0.760358858546916, 0.7412038511364492, 0.7443665477527812], "NoiseHL": [0.6876046294101229, 0.691485401189213, 0.7011309877188624, 0.6996437465636777, 0.680278603891817, 0.6617120804269857, 0.6896026797189956]}