{"FilterHL": [0.007663515744352974, 0.023139101629343666, 0.010941619752544112, 0.04749201160186542, 0.032703217564616624, 0.05071633802960467, 0.05458928566542299], "NoiseHL": [0.19937157912870357, 0.23082807719985146, 0.421091298138487, 0.41407332619178155, 0.27646158637127904, 0.2897648708220441, 0.37082792901866385]}