{"FilterHL": [0.05291490227629489, 0.02202306076618326, 0.05234197670491756, 0.020317662669672148, 0.03756563128756513, 0.18605525178174248, 0.14514264782275096], "NoiseHL": [0.23541809595438493, 0.15692902378077897, 0.22659056087771087, 0.18404287843942085, 0.233239464221757, 0.17951901468901746, 0.2305875681131736]}