{"FilterHL": [0.04344302821643155, 0.03941219808606152, 0.04154649378657369, 0.04529418466908973, 0.01399185225034628, 0.06023559868530752, 0.026357801035334427], "NoiseHL": [0.12866413715086067, 0.145097235740051, 0.142297986243424, 0.15210535693982125, 0.14863160014142376, 0.19004804274775133, 0.14542680359305377]}