{"FilterHL": [0.0, 0.0, 0.0, 0.0, 0.0, 0.0, 0.0], "NoiseHL": [0.11942301505899512, 0.12938974008971083, 0.14044858014632036, 0.15562474979979976, 0.13502822103059414, 0.13317431117202394, 0.17390359233227098]}