{"FilterHL": [0.03413742155888309, 0.037617370308741155, 0.01805675929620554, 0.01169362808287335, 0.05399876105628148, 0.03779379735742799, 0.03323244712049831], "NoiseHL": [0.2618891734366327, 0.20923856698445958, 0.33539196558548073, 0.3278546172337055, 0.25453906268220866, 0.21568142125955123, 0.3393222821956279]}