{"FilterHL": [0.016731047767479055, 0.03928042255517281, 0.029357278253536453, 0.029157250403495146, 0.02661138408999055, 0.017114424789523533, 0.0415937609483209], "NoiseHL": [0.0640345779238799, 0.09876570486358058, 0.07734740410933359, 0.06716260980000385, 0.19448064164331721, 0.20592520378637427, 0.1826398267628707]}