{"FilterHL": [0.00926206229247787, 0.017486063467575266, 0.009972371242502498, 0.014426412582747197, 0.0019535423996564676, 0.01613038666640672, 0.0045057224704278705], "NoiseHL": [0.23868544478912868, 0.2670603349537594, 0.22566123980485095, 0.28041649961195014, 0.23879645199598232, 0.2751439391960965, 0.24981240846303096]}