{"FilterHL": [0.015338303824873181, 0.03238770182679437, 0.010345470231572873, 0.038612646215458186, 0.048919264662092135, 0.02163754687900581, 0.05570829150408808], "NoiseHL": [0.16834112217716424, 0.25003527530965214, 0.16589996070861068, 0.24238732888396905, 0.18070527157094743, 0.23042596457739062, 0.2057026584748451]}