{"FilterHL": [0.0060077015977620446, 0.024686047052445984, 0.0087508464854856, 0.005824172646885786, 0.010093628691130148, 0.0302015188306314, 0.013777545058790015], "NoiseHL": [0.34812518422137284, 0.36634371099358204, 0.43730472148610566, 0.44404925031493087, 0.3550120039408924, 0.3995340820854881, 0.43858591405957803]}