{"FilterHL": [0.01611462499712532, 0.0013140480922618784, 0.003467288433144187, 0.027317961232753672, 0.011351971562630705, 0.03506527417700322, 0.01704500548134158], "NoiseHL": [0.1201810222271965, 0.14003489369795552, 0.14816621568157284, 0.1748605681902218, 0.13419917084222718, 0.17496767106378597, 0.15221674793652643]}