{"FilterHL": [0.026358501637941862, 0.0505612157695688, 0.0026992129464950988, 0.03621304190241384, 0.009511756834010846, 0.039870081984855144, 0.008954400705029971], "NoiseHL": [0.08498308608487898, 0.09318965774075162, 0.09945016785118645, 0.08843993394878198, 0.09259463842823844, 0.1102652916704939, 0.12407432945803312]}