{"FilterHL": [0.004728721517151885, 0.014888843097942778, 0.0020124362048147054, 0.012572709583596435, 0.0045217082872035, 0.009966384124721454, 0.001856053425945206], "NoiseHL": [0.08097864055243602, 0.12145216763010921, 0.09660101060577715, 0.11682011948368991, 0.1255506985102622, 0.15722581536336833, 0.12575312853108014]}