{"FilterHL": [0.009060203941265412, 0.010094779824733864, 0.007209277719863538, 0.010657327457733108, 0.0018826371929102788, 0.002180045070419464, 0.009371316444265853], "NoiseHL": [0.09130396088846246, 0.18933631397373582, 0.11082806083481732, 0.20091526888077038, 0.15077741704125094, 0.14398158184725435, 0.15082180031099623]}