{"FilterHL": [0.009457085851111558, 0.01956493530090869, 0.014237138743440724, 0.021738070388675763, 0.009899253459767832, 0.07962297963240542, 0.024447319742901933], "NoiseHL": [0.23844439878979037, 0.349714522589936, 0.23516795309726513, 0.37919853708646095, 0.39311288774321274, 0.39200262710404565, 0.3662988706073388]}