{"FilterHL": [0.0068155635199503364, 0.03633587951553216, 0.017789908856249072, 0.017659081204386938, 0.010457172039356252, 0.02343319109573611, 0.015482875075715205], "NoiseHL": [0.2901271795272739, 0.30079469629701006, 0.2806937881236208, 0.31752730243281907, 0.3217364546848112, 0.33282650952892895, 0.3035489858819939]}