{"FilterHL": [0.01599302724778699, 0.017738966853134128, 0.011347138720947478, 0.009649504450906047, 0.030673554439026314, 0.034093797681717074, 0.03294569579131093], "NoiseHL": [0.1063133229546926, 0.10857544602729523, 0.11945974407026812, 0.11942314166600802, 0.0776296054483956, 0.10175656347173363, 0.09730256336891184]}