{"FilterHL": [0.03517905275248145, 0.025078903371343306, 0.02619526690815054, 0.04602714101604432, 0.05741581740998871, 0.05858532995639794, 0.021065607528870045], "NoiseHL": [0.15270053263126937, 0.13577739867542624, 0.13468585276196945, 0.1453430647485973, 0.12389035517197368, 0.11893336602376997, 0.12562474239348762]}