{"FilterHL": [0.019688772831608314, 0.015351347681199992, 0.029363776089022884, 0.01835366563993488, 0.05976943537994861, 0.06665659336681178, 0.03695609821935871], "NoiseHL": [0.09283245565544584, 0.19489433736715475, 0.1986223853023954, 0.155096483028042, 0.14386721853560755, 0.20178022512064359, 0.22536050266197943]}