{"FilterHL": [0.0016899871004505667, 0.026902727395099177, 0.009961635881251516, 0.012927539299461836, 0.001657827323953502, 0.012105325728120083, 0.022021497718986996], "NoiseHL": [0.1983377442347862, 0.3033730707828871, 0.2587643530134566, 0.3549256925657553, 0.19870016434831067, 0.28297057834016737, 0.268525488586888]}