{"FilterHL": [0.01482439385033568, 0.011532505096038693, 0.03032300022740506, 0.03967777284457202, 0.015368536488178998, 0.007024407612267505, 0.027988533357423715], "NoiseHL": [0.10348940494454482, 0.13167665212941285, 0.10316819076726554, 0.11382025158429429, 0.12316340074350768, 0.14186946350111762, 0.11294195467775281]}