{"FilterHL": [0.00021928190686834915, 0.018764760897454234, 0.0008152739426335668, 0.01630489532970466, 0.0027930455533974182, 0.02125331216034149, 0.008862096798256208], "NoiseHL": [0.17245022900462764, 0.1761847633040351, 0.2120278888000165, 0.20991588568873187, 0.22263951724907946, 0.1624611144246306, 0.2561839685989771]}