{"FilterHL": [0.0, 0.005327910579289631, 0.0, 0.0005735706086937728, 0.020152759783165834, 0.08145708171551334, 0.020152759783165834], "NoiseHL": [0.25, 0.23976000788339286, 0.22379061732305383, 0.2357644763317373, 0.31746116200074787, 0.3409202616456755, 0.3174611620007478]}