{"FilterHL": [0.1246927698206952, 0.04544077764262359, 0.06793742151390524, 0.10093870954572366, 0.20008497783683624, 0.28813686821258305, 0.26585294356009753], "NoiseHL": [0.2546643732450732, 0.33066536032015353, 0.3461400593882735, 0.3711757043729397, 0.24650037825700155, 0.2662713616488197, 0.3400432554155476]}