{"FilterHL": [0.025882335906478895, 0.04259285025294534, 0.017788944154201642, 0.03668954381786533, 0.1572123267496015, 0.14822152249411452, 0.15377732589820037], "NoiseHL": [0.05246709067495407, 0.07271723278996263, 0.04943990349077334, 0.07260568197353437, 0.09223957973302332, 0.05001445734546124, 0.08415958872220662]}