{"FilterHL": [0.0391128214712705, 0.042848144112466874, 0.0369413760102794, 0.03983547003038801, 0.03702958975619141, 0.025077454375906198, 0.043007213010537185], "NoiseHL": [0.032953874554617964, 0.05643021877152202, 0.03273853371468646, 0.037758123103892385, 0.03454529791311111, 0.04340631251210545, 0.03610963155880791]}