{"FilterHL": [0.006047402653307183, 0.010081674508762564, 0.0029168709918789477, 0.004808697118080399, 0.009555527643363091, 0.00658033359149713, 0.010252971251516262], "NoiseHL": [0.09941625771495541, 0.11104894721903705, 0.11523542214680989, 0.1294549508986704, 0.155912370660198, 0.1572765974767439, 0.16348578377653294]}