{"FilterHL": [0.03924971727205492, 0.09535374833225065, 0.050387876415320255, 0.053150422188877736, 0.14822701092049453, 0.17339448709745658, 0.1615631490207746], "NoiseHL": [0.3188003078861904, 0.10880158040847966, 0.2923901971632336, 0.0626779203791829, 0.18779168371435578, 0.08582892834592003, 0.16321773783121993]}