{"FilterHL": [0.0, 0.09617568265221063, 0.0009790536623364577, 0.05734914761277263, 0.06906748270282057, 0.0350084810760324, 0.10419166494958151], "NoiseHL": [0.3849502264547481, 0.4147823707684294, 0.3767019529958348, 0.3987882626235243, 0.39582720066108645, 0.4895453847323275, 0.3959804646896843]}