{"FilterHL": [0.029327796949503927, 0.027557866672333592, 0.014205068403046346, 0.02696319862379593, 0.018261263569459438, 0.03757796897520946, 0.02777151840195754], "NoiseHL": [0.11495261685589546, 0.12067517710912222, 0.14971336128989382, 0.182841084267165, 0.13046484952985898, 0.080653463574325, 0.17167799471077766]}