{"FilterHL": [0.04841354345009042, 0.07065201137428764, 0.06333033227047138, 0.06230073400483129, 0.10222195924713871, 0.11795412818309156, 0.14165350482810302], "NoiseHL": [0.352049839167646, 0.38284672328311203, 0.3129759719047181, 0.3536625595018112, 0.3368994033659752, 0.4101367281821457, 0.32097302966628455]}