{"FilterHL": [0.016242833795186044, 0.04773106211415997, 0.021453871239560034, 0.044527776722787425, 0.03359718305428521, 0.052972144488880275, 0.016707107703794966], "NoiseHL": [0.12885717500851845, 0.0800041201160352, 0.11124819596040868, 0.06699358456622076, 0.11858541359093185, 0.06512952069420347, 0.10830037271728458]}