{"FilterHL": [0.0031130247043167202, 0.014549571744755333, 0.009966099877335014, 0.010194863546198486, 0.005917215450781015, 0.006169055390294282, 0.0035831731711775303], "NoiseHL": [0.13005218657052683, 0.11944592077212972, 0.11956380934941957, 0.10638480579379814, 0.14587850895263874, 0.15573976659825645, 0.13933789824235607]}