{"FilterHL": [0.030860931495136065, 0.04952501519062866, 0.03434928036840034, 0.03194074881090462, 0.13795101579077945, 0.1772176345554671, 0.14598452369202897], "NoiseHL": [0.15981684333265284, 0.13218312970152338, 0.18055976824209977, 0.11628123157487957, 0.12284932052356401, 0.08387482339289253, 0.10377626102606333]}