{"FilterHL": [0.030657104579946096, 0.035937475520234206, 0.022447012039397172, 0.026777277005524215, 0.026862432621955125, 0.005813374089385724, 0.019988007816975094], "NoiseHL": [0.04001718897415872, 0.11290064376126177, 0.05525445963827759, 0.12063370390462473, 0.046438286223886224, 0.1307844584357602, 0.06375017369870924]}