{"FilterHL": [0.03837296254925576, 0.04995993001979445, 0.030512656671690966, 0.026082201645193023, 0.02670380719528698, 0.09721878383378404, 0.03801596178056954], "NoiseHL": [0.06370647128581909, 0.1067307505476841, 0.09308497903954104, 0.12997349198093794, 0.08878073599372041, 0.13235577835620407, 0.09930439877691549]}