{"FilterHL": [0.0, 0.0017133220356778858, 0.00014862540749298176, 0.0, 0.0, 0.0, 0.0], "NoiseHL": [0.4211259772110817, 0.5013015216220337, 0.41971520653413996, 0.4967412056849905, 0.4895453847323275, 0.49869734808728755, 0.47303921954380396]}