{"FilterHL": [0.019728341056509814, 0.02937395282410331, 0.025838747945113157, 0.029461017613600492, 0.021761616297375566, 0.027836160519783465, 0.02947508359914884], "NoiseHL": [0.1131288193816788, 0.09410266733431225, 0.11142199077415368, 0.12152785999621367, 0.1274911066054908, 0.15566137582218206, 0.1361147051800246]}