{"FilterHL": [0.005590899258533173, 0.012025073298629549, 0.007919431831529907, 0.004282798914920403, 0.007255697500432602, 0.00699263724291233, 0.015518204263279574], "NoiseHL": [0.2840530430963242, 0.30618786315975977, 0.3250899966906461, 0.315762545039204, 0.3458139376901383, 0.35591784368207297, 0.37444020222332974]}