{"FilterHL": [0.18548753862522874, 0.2134707509302662, 0.1928240013597709, 0.21092481863621304, 0.2524406787318504, 0.20045557881559872, 0.2048375670475363], "NoiseHL": [0.5258976707381496, 0.5505626261342237, 0.5721817362311538, 0.5860055818643096, 0.5441500351268032, 0.55410100502748, 0.5794323566764639]}