{"FilterHL": [0.015135340291397669, 0.01920102902298893, 0.016721375757940637, 0.02339055786614219, 0.008532519407333424, 0.02650761180048764, 0.04009401816139945], "NoiseHL": [0.16309876698236353, 0.16900621607028987, 0.1504681673648748, 0.1716135223216381, 0.18135927817212577, 0.12316235101880434, 0.16556779102627556]}