{"FilterHL": [0.006739128589030977, 0.018652953203799, 0.017667587926769437, 0.0026632283393004962, 0.0060529647831366684, 0.008680339988937623, 0.014879249189795841], "NoiseHL": [0.1312958393222171, 0.12362407749216474, 0.11088365017285873, 0.12379528023707026, 0.13130226745383702, 0.10879527536388736, 0.12351161381569437]}