{"FilterHL": [0.11266149424072579, 0.11009921608458677, 0.12047988998075394, 0.11721598676526274, 0.07485650476483083, 0.20031871094124262, 0.1016089509855224], "NoiseHL": [0.152433040520663, 0.170805551911014, 0.17459592828175047, 0.2002631299404549, 0.21757536226746724, 0.18614381058196863, 0.18932708819742639]}