{"FilterHL": [0.00012881250183210537, 0.0, 0.0001311520819924891, 0.0004978452435520995, 0.0, 0.0, 0.0], "NoiseHL": [0.35748376388368475, 0.3849502264547481, 0.39161387359361494, 0.3945522710850319, 0.3856943031828902, 0.37443152810313624, 0.3849502264547481]}