{"FilterHL": [0.030644084429162523, 0.04720063476222105, 0.041630974655306914, 0.05539003664918713, 0.07395035028322045, 0.09209084072601072, 0.1412058317648985], "NoiseHL": [0.2279556363302431, 0.1843663752646677, 0.05154775913435558, 0.04278169874343451, 0.10369703356238728, 0.09807187046045863, 0.07262797214734971]}