{"FilterHL": [0.030881286089031436, 0.059198023926516165, 0.024015167204146842, 0.04312666966806851, 0.1742283887087842, 0.1930621508287019, 0.16415465302194515], "NoiseHL": [0.18252768122864232, 0.1886710838749131, 0.21481151430923504, 0.21385794413203935, 0.3031894357418185, 0.3218224522001916, 0.33055349602768225]}