{"FilterHL": [0.009404463068365277, 0.017865805869753882, 0.00959090215252265, 0.014785721457408023, 0.010049299331692059, 0.02512252845753625, 0.010493680630172038], "NoiseHL": [0.2901092101147683, 0.32453730011255993, 0.27974859859774104, 0.31600741892529927, 0.3200602152809571, 0.3362279982342952, 0.30012961491395906]}