{"FilterHL": [0.06546795671390918, 0.05918892625479391, 0.04879412444554953, 0.0613313606300666, 0.05047072065687666, 0.03291225608166237, 0.03956222816040762], "NoiseHL": [0.2608372028775636, 0.22682121896043078, 0.26895388332128783, 0.253761237486859, 0.2655976027918767, 0.2776545434490387, 0.26980963698457333]}