{"FilterHL": [0.013394092495079356, 0.018553246221637263, 0.02027702472666323, 0.015467869182033083, 0.014953722027128804, 0.046004473396573466, 0.025695761423509815], "NoiseHL": [0.3349697526620324, 0.30823330083137557, 0.34560334219489186, 0.35983007152153357, 0.3444603938087065, 0.33531867818257843, 0.45147012347098125]}