{"FilterHL": [0.02533966804376411, 0.05647562757796275, 0.020869551561930346, 0.030848977627444055, 0.03981934546660774, 0.03758720947510157, 0.03563361209519641], "NoiseHL": [0.027394536300564026, 0.04487310735547229, 0.040203692163818326, 0.030371948416828255, 0.03091177357096064, 0.04851817949782388, 0.043815625561374714]}