{"FilterHL": [0.03150291949125382, 0.04593903581487094, 0.019546499460697545, 0.02868116623743192, 0.0228206810097812, 0.039671082027510025, 0.026063816663170952], "NoiseHL": [0.019366660764993774, 0.02660260993653978, 0.01731536367791338, 0.036785140000169234, 0.016455018319027463, 0.03210676446201232, 0.02483393066489064]}