{"FilterHL": [0.004546076748060486, 0.020826447500211065, 0.023183793626493587, 0.014837168006361442, 0.015044508824606723, 0.009258356517999231, 0.008946779713045043], "NoiseHL": [0.27167103406070836, 0.27608307317859987, 0.27840862789838433, 0.2942184474248759, 0.292353843888336, 0.3180984259607386, 0.2563119933905437]}