{"FilterHL": [0.003838410743094523, 0.023895916490021887, 0.02231114672706826, 0.0016377857600396745, 0.010801971932830189, 0.002506915687251417, 0.015975349723398792], "NoiseHL": [0.12411666579741855, 0.11602763113766502, 0.12364943712357856, 0.16123160966328848, 0.11102317934034257, 0.15370451209574001, 0.13198098023636348]}