{"FilterHL": [0.03731313625677203, 0.04195456983995338, 0.034150331064835525, 0.06347816846408738, 0.048754702755895385, 0.1412721514649261, 0.04811386002578037], "NoiseHL": [0.07976251528379939, 0.15968163075640088, 0.09549478557534495, 0.17397777875102857, 0.1028286842476018, 0.16345727278989597, 0.08855779816802538]}