{"FilterHL": [0.02174003817766412, 0.019468574722056316, 0.01206711122086906, 0.027144476263385186, 0.017668106947898617, 0.02688929127307486, 0.00794746051370697], "NoiseHL": [0.06372652736883173, 0.06870468384286892, 0.10097565166776883, 0.06848577638506638, 0.07732417050709652, 0.0809471372088662, 0.09610795493044678]}