{"FilterHL": [0.010560034213451579, 0.009391069000718573, 0.013001499455238373, 0.015618938097437671, 0.007692959560801128, 0.007194702733379993, 0.02741267534191027], "NoiseHL": [0.25941154424098417, 0.2551623506888855, 0.1801066228804165, 0.16961124078955916, 0.24480876682316444, 0.24580339051023442, 0.25011849205425013]}