{"FilterHL": [0.0038346460171967117, 0.0007516612698768032, 0.014859002830536018, 0.028877852108296315, 0.0006887477744165603, 0.03295112121409744, 0.0077330004191019175], "NoiseHL": [0.18022917100248184, 0.19323505058362098, 0.17737440282810843, 0.21788189588149115, 0.20241647661080966, 0.2292932478911702, 0.19718373264754038]}