{"FilterHL": [0.05839844371140774, 0.057020456368609564, 0.10018146091367185, 0.13451401906637087, 0.0712978763674991, 0.10457759207871394, 0.15818388489133256], "NoiseHL": [0.36415865613685283, 0.4006188818748925, 0.47324105332010896, 0.4319718957907962, 0.3752351515988378, 0.3979262348336952, 0.4432658128529217]}