{"FilterHL": [0.017417740750518218, 0.03539048556905283, 0.018615279930668954, 0.014488545518350299, 0.008720815020876687, 0.020452237641429446, 0.02199966229555149], "NoiseHL": [0.1073766558993613, 0.09321625257747364, 0.1310154309203682, 0.1443044153769213, 0.08836271465641683, 0.08759843058866781, 0.15229810625071188]}