{"FilterHL": [0.0, 0.0, 7.852393880251977e-05, 4.0799326397904723e-05, 0.0, 0.0, 0.0], "NoiseHL": [0.16950843122097695, 0.19186013665193044, 0.1753456551944575, 0.22607708161584836, 0.11733130495004837, 0.15880924869119284, 0.15400905983632326]}