{"FilterHL": [0.021538087875768577, 0.02432985478336256, 0.007501024445846437, 0.028510176260972544, 0.023755232253312532, 0.017891621682763727, 0.03319187808976228], "NoiseHL": [0.17344471809615164, 0.18071259020956468, 0.1880003205045943, 0.19802859230276615, 0.2447918683301884, 0.25210834835214785, 0.22536085563003638]}