{"FilterHL": [0.03010514229226947, 0.05080373999282617, 0.03301902397865778, 0.058749825220488675, 0.03211665848728948, 0.022658480231032684, 0.0442287048428183], "NoiseHL": [0.0966952416459772, 0.11357363583058133, 0.11753792678399082, 0.136053861220067, 0.10570393017298875, 0.1169587326415648, 0.1267733001338602]}