{"FilterHL": [0.0, 6.452976952729172e-05, 6.178997965177954e-05, 5.3865724078738306e-05, 0.0, 0.0, 0.0], "NoiseHL": [0.07665926208437472, 0.14044858014632036, 0.09906452513549582, 0.1490620996510314, 0.10627440321039956, 0.14737794897420034, 0.11733130495004837]}