{"FilterHL": [0.07457291053729895, 0.0711532294491238, 0.047867485724304035, 0.08849070955484897, 0.05287430330211605, 0.04397461857191679, 0.06719004129964577], "NoiseHL": [0.10544109890244706, 0.09606067359624781, 0.08979655480257098, 0.12177919045535165, 0.10565277809393887, 0.07973066709545051, 0.10539372308827576]}