{"FilterHL": [0.006039254976745508, 0.050871723069771405, 0.022101367810984797, 0.04368616538570695, 0.014829411356231816, 0.011684069124933666, 0.021868911206645334], "NoiseHL": [0.22742883634543273, 0.23287638855324497, 0.23404851566164472, 0.26298380871865296, 0.22451593212802531, 0.25338198182747373, 0.24390826388526202]}