{"FilterHL": [0.00047032558493611095, 0.0, 0.00012588276822513966, 0.001943829184969515, 0.00019689534235160116, 0.0, 0.0], "NoiseHL": [0.24685785366827007, 0.3383205474006166, 0.2963824050818444, 0.36370975920756327, 0.2972843603127713, 0.33668782285012294, 0.32424710260113027]}