{"FilterHL": [0.011018510164108793, 0.01858922890012304, 0.022998885665433406, 0.020831679768928715, 0.01593221453524642, 0.036454209108763146, 0.04182064281699451], "NoiseHL": [0.25923250763668615, 0.26868591319092855, 0.31196833288406756, 0.31605969414604007, 0.3055501363146599, 0.3320095635931766, 0.3594799120421913]}