{"FilterHL": [0.000136906217486646, 0.0, 2.5604674049116074e-05, 0.0004066865253297281, 0.0, 0.0022590973321952234, 0.0], "NoiseHL": [0.1796067636529137, 0.2214830616120933, 0.19053478273184227, 0.2305892712780783, 0.21323045788224296, 0.12938974008971083, 0.2059196678858405]}