{"FilterHL": [0.016089840132272437, 0.031721183315747754, 0.008236247356111412, 0.038399331706449054, 0.009681217929554708, 0.018206496509124225, 0.01656144654718936], "NoiseHL": [0.1507515923110078, 0.1810089993268808, 0.17098551878892332, 0.17822600396998448, 0.19060693669156323, 0.18923063853126604, 0.1932615784676078]}