{"FilterHL": [0.039967951874260575, 0.04776237980749666, 0.03181552364575859, 0.037856800327323754, 0.3525620275995767, 0.3962876087062384, 0.25386671633580876], "NoiseHL": [0.37410356172402526, 0.34475062675431656, 0.3760251706995415, 0.3617140384891151, 0.38235795572155257, 0.3812757916961465, 0.3997878054751209]}