{"FilterHL": [0.042571366645205604, 0.033226663996527676, 0.040797850232725655, 0.04252499631392894, 0.028502422886736777, 0.039978581855884245, 0.046198975670219744], "NoiseHL": [0.08814740933303354, 0.07129365438152271, 0.026907983935949502, 0.07346459513287815, 0.09508448385546824, 0.11021660203624606, 0.09178856985235233]}