{"FilterHL": [0.014096727586323236, 0.0037048478809170123, 0.004851343900482639, 0.0094301065540521, 0.03837237579436389, 0.05308892559990499, 0.13806200858652073], "NoiseHL": [0.45919770275975336, 0.48321768829654804, 0.48061622257891123, 0.5093045762955635, 0.455848212362521, 0.501313186307623, 0.5098265309103938]}