{"FilterHL": [0.12489394948816517, 0.09250566899533466, 0.10209717166931855, 0.10406832375051374, 0.12682434508376642, 0.07919811740151424, 0.098126103907199], "NoiseHL": [0.1644858936506796, 0.2297682930949127, 0.1559655716236873, 0.21030009943767491, 0.17320063783951295, 0.22197685199139588, 0.16379281851264524]}