{"FilterHL": [0.008989371927142054, 0.013254700326240886, 0.01414067939586785, 0.030770800636459372, 0.006012100198574858, 0.02419740635179738, 0.01768421211200774], "NoiseHL": [0.20362614464695297, 0.24341453732577104, 0.19987149951364905, 0.33035026516978183, 0.2667292701377607, 0.3024744499337379, 0.2619296921736984]}