{"FilterHL": [0.005042551993319618, 0.01419518443353016, 0.003396114782487568, 0.0039029497395777616, 0.007169989671501841, 0.014127328313136463, 0.01803558229163818], "NoiseHL": [0.1063971311531233, 0.15081967474659275, 0.115255522528577, 0.16202524190258766, 0.1066387565482614, 0.1508250173799195, 0.1256223619787034]}