{"FilterHL": [0.024886850170943938, 0.0141024632523531, 0.014121101000816557, 0.015061093451097166, 0.014066555398110133, 0.005785355969627062, 0.01738620978095238], "NoiseHL": [0.25431924278765883, 0.2496753930424751, 0.22336089581611587, 0.19760626979884588, 0.2524318629039773, 0.23632177460111709, 0.22916279010237942]}