{"FilterHL": [0.0, 0.0, 0.0, 1.0325985424753022e-06, 0.000100485226705689, 0.0, 0.005132302697904862], "NoiseHL": [0.24368051018541526, 0.36060618173820735, 0.32508767843708475, 0.32001888456532224, 0.32424710260113027, 0.3431841512317855, 0.3782104902694655]}