{"FilterHL": [0.00539475956727419, 0.1127400783938725, 0.0052855730599447965, 0.032091490641282874, 0.3041172182285567, 0.31595386320719376, 0.2980034467676705], "NoiseHL": [0.31922738906797354, 0.33692029083844116, 0.31260210090539164, 0.30556400001234646, 0.19426564023524912, 0.175485919776312, 0.209467114313712]}