{"FilterHL": [0.031197871384072828, 0.04932003359528278, 0.02495837845497053, 0.049436465322886876, 0.04290631339441333, 0.04972396964866093, 0.03688076846502014], "NoiseHL": [0.04426418853521116, 0.07770597621538816, 0.05587703804067711, 0.08043608312672064, 0.05979810803077644, 0.09621524592230585, 0.05846788749431378]}