{"FilterHL": [0.03798169791102353, 0.02303154422494149, 0.01189033823779824, 0.009954514660915703, 0.022117946603801633, 0.020716511636229742, 0.004474724242823848], "NoiseHL": [0.18771400427558413, 0.24221302365978506, 0.2030836209630845, 0.2779557422459305, 0.18739588099103485, 0.22457663866458435, 0.23180226077416352]}