{"FilterHL": [0.026367268547341904, 0.03647193022754185, 0.03576416771897133, 0.050984742258943616, 0.03906803604973998, 0.038675787840665415, 0.03810758006552262], "NoiseHL": [0.1463406028326966, 0.12397483044678395, 0.12268200323850295, 0.11010697721074605, 0.0896272955544849, 0.12482128892237555, 0.10371867703620137]}