{"FilterHL": [0.00497783186323332, 0.03221656075566892, 0.025906095435701687, 0.04056950586999334, 0.01574207000824078, 0.010586474560720495, 0.01109921870285925], "NoiseHL": [0.15123367122107173, 0.16009949732171092, 0.1422555129581115, 0.1335579846893383, 0.1512760629076114, 0.15896274080496153, 0.13883723045320778]}