{"FilterHL": [0.007117355982428575, 0.008560578254792037, 0.004336928966686039, 0.03886349931776308, 0.002497582982610166, 0.00901361859811807, 0.014289854082898104], "NoiseHL": [0.227323478214216, 0.20473784463787312, 0.2395248903376898, 0.17088524949778164, 0.24790955922992275, 0.18677036883026596, 0.2412831496813124]}