{"FilterHL": [0.05209187313709326, 0.05057040899254079, 0.027952976665446903, 0.05753884917534136, 0.06519314864403303, 0.04593334236900318, 0.03813218924038946], "NoiseHL": [0.046669289930327124, 0.03984891167864273, 0.04454107009585629, 0.059525934217407185, 0.05673787060585934, 0.03596026425200816, 0.0399217577171307]}