{"FilterHL": [0.027375994876189916, 0.048267671547254865, 0.028850109109757778, 0.027913178446765607, 0.02540146320356959, 0.02395075803943105, 0.04388517734891696], "NoiseHL": [0.010677813225193896, 0.010198695004006955, 0.017055067640393166, 0.015830500450306616, 0.021369986601564712, 0.016616377830757867, 0.04350338973848809]}