{"FilterHL": [0.03194592117060929, 0.036919342056871245, 0.031483359670563954, 0.03429611648231634, 0.030480738578978463, 0.037799528141217564, 0.046085843421351386], "NoiseHL": [0.1451548298259182, 0.20840420301145435, 0.19708006861005586, 0.23668165040228856, 0.1799923307237597, 0.2097040180922642, 0.21573631852584738]}