{"FilterHL": [0.0, 0.0, 9.7197312928457e-05, 0.0, 0.012343385795529259, 0.014983998010782713, 0.013307276086677255], "NoiseHL": [0.31488735035330745, 0.28723702582719046, 0.3183155034171673, 0.3114298399318968, 0.35434194469879454, 0.359827365101645, 0.35670015035662817]}