{"FilterHL": [0.04218517156154149, 0.03611609781264283, 0.032649782382013035, 0.08937593183591111, 0.19106600218321929, 0.18439891037519454, 0.19516555873989744], "NoiseHL": [0.1648832144649476, 0.21270998030429653, 0.2018185486856606, 0.2706140904299127, 0.14577432077338073, 0.2214454996603593, 0.21055327007074454]}