{"FilterHL": [0.021724967826863822, 0.019801510355577985, 0.011076782195108565, 0.022136893747671558, 0.007585526976570538, 0.013857858057270836, 0.029864333722239053], "NoiseHL": [0.07519609367690333, 0.13929870635263858, 0.07502080447894595, 0.1352881667759548, 0.07918076007126482, 0.13764927572351263, 0.09570698691217776]}