{"FilterHL": [0.02672539409353197, 0.021464064457340674, 0.01628445266968786, 0.06081221798708788, 0.020186441479552206, 0.055780407864907386, 0.013639040699913311], "NoiseHL": [0.09600411710498706, 0.2167246485223586, 0.11213916144389871, 0.18243943784084257, 0.11703565123759004, 0.20811589348635937, 0.143944689699963]}