{"FilterHL": [0.011304643625448937, 0.004559048043892752, 0.01154708247149151, 0.0034770695318043846, 0.01315907128864247, 0.02632519966835404, 0.022637524883117904], "NoiseHL": [0.11224245147001075, 0.11752623290470778, 0.1333033967604427, 0.1428141730383218, 0.1534070549441676, 0.17911472189017916, 0.16813548788551402]}