{"FilterHL": [0.32781981957406053, 0.1265473514324904, 0.32964905605506767, 0.15961280425685476, 0.3336833766587417, 0.333338878721854, 0.3372501627558256], "NoiseHL": [0.6483870293260494, 0.6899165112160018, 0.6784582082616515, 0.7113626808127652, 0.647023271155012, 0.6852461285833326, 0.6719869192122808]}