{"FilterHL": [0.028334413937585255, 0.056478711141650616, 0.03750250125292383, 0.038599298716366186, 0.049970978642277675, 0.05107758607885283, 0.05391351958443713], "NoiseHL": [0.27717594651121746, 0.3047201659132081, 0.33372419114456975, 0.3529355166095913, 0.25340160704420356, 0.3044805135629676, 0.2795973296606731]}