{"FilterHL": [0.3163114253802664, 0.3247015159411833, 0.3106753994300478, 0.2742102939134978, 0.3776374859122672, 0.3323906446240025, 0.3396294140992933], "NoiseHL": [0.512002400434546, 0.5505279143857162, 0.5188616135903619, 0.5034511551849219, 0.5157389800767255, 0.5418823331989004, 0.5221146862522195]}