{"FilterHL": [0.0, 1.6416388058685026e-05, 0.03705953255130456, 0.000831448800576194, 0.0, 0.0012858261101743103, 0.042985353739745644], "NoiseHL": [0.19053478273184227, 0.2582168997340125, 0.22864636360523483, 0.29652618705107087, 0.2404665476109235, 0.277846286164513, 0.2670024765495846]}