{"FilterHL": [0.01733634342029795, 0.04173139107573634, 0.02093313286585594, 0.009268572271438477, 0.018022956406645384, 0.02029389705864474, 0.03487945391642409], "NoiseHL": [0.16917121024374085, 0.1842849193221736, 0.15291510403987088, 0.16430156989839967, 0.19935508068592567, 0.19964661158570818, 0.19482024995273306]}