{"FilterHL": [0.012523469221304956, 0.020474335125585646, 0.011613288882475802, 0.009936646475498433, 0.01914620272067933, 0.04897183437907903, 0.02032893937612796], "NoiseHL": [0.19903100998617257, 0.2226824363227519, 0.23320569558415602, 0.245127011793838, 0.29371533488777163, 0.271168999366972, 0.2937223772440456]}