{"FilterHL": [0.00011740979403633092, 0.003978263196758978, 0.0006377165047194181, 0.0, 0.054135695005931996, 0.08034817518702751, 0.072846682455123], "NoiseHL": [0.3996616021907821, 0.49739354521895585, 0.31916807257306506, 0.4783459339710993, 0.393841924618231, 0.5014174057414124, 0.3912551453991502]}