{"FilterHL": [0.004212618907812754, 0.02061857832007625, 0.014813264058864972, 0.006367285879886754, 0.0043633550796722915, 0.013995653723910005, 0.02937231420772472], "NoiseHL": [0.11303513913431815, 0.10397461246547798, 0.11521224809796776, 0.09906645734905428, 0.10634120250089243, 0.12747354981059164, 0.12148678281395169]}