{"FilterHL": [0.01770993466947986, 0.01331511642926152, 0.015547693421629243, 0.030270067625202797, 0.010171386923468091, 0.02082342773329032, 0.01973706734237944], "NoiseHL": [0.13533685561870076, 0.1331779455725473, 0.14052312029543018, 0.16379848265064337, 0.18790811492025095, 0.20099948304186194, 0.1990091478107063]}