{"FilterHL": [0.007390785336493269, 0.04230041794514527, 0.008714202870732934, 0.014624152528297775, 0.015278196478474476, 0.03204507165647772, 0.006575259682739767], "NoiseHL": [0.22847793167737857, 0.16136819509180475, 0.24475895489511018, 0.23522404544628678, 0.1507559282319898, 0.11390182643600383, 0.19841511430515102]}