{"FilterHL": [0.07639228414517052, 0.04635798831343309, 0.0868640992726101, 0.11695147126665605, 0.08777302230881032, 0.06966616377402861, 0.10191224028947243], "NoiseHL": [0.1733831038030745, 0.22416556228161177, 0.1651851550226445, 0.1806764114663492, 0.19049307797331014, 0.18539743867488134, 0.17430366419376883]}