{"FilterHL": [0.0005360387853218019, 0.026962039155495367, 0.021366179842323845, 0.000809257874751689, 0.010875520438154167, 0.0058303582551815, 0.01553996587146606], "NoiseHL": [0.11402391101644437, 0.16235495144374495, 0.1269693776450694, 0.17596443567153822, 0.17532071948385083, 0.19593805305206433, 0.18176309919398517]}