{"FilterHL": [0.04686570450917989, 0.051200125442273266, 0.029448910669360322, 0.01384093522980011, 0.03461201763555629, 0.0283778394904345, 0.03305498771548771], "NoiseHL": [0.2851937893100873, 0.2404710726145536, 0.2740054096095476, 0.24494656874425247, 0.2330102536330028, 0.2255223214822435, 0.241934118824379]}