{"FilterHL": [0.0015086331454059367, 0.002355274149986934, 0.0014875572159759646, 0.0024407004874286635, 0.002025866496559074, 0.0036396648800395164, 0.003749123145620997], "NoiseHL": [0.1015235126358928, 0.15400905983632326, 0.16801938030584954, 0.15237707995139405, 0.1572246532975914, 0.2009115892650161, 0.20217423592924638]}