{"FilterHL": [0.0, 0.0, 0.008154647048298415, 0.007250395845638569, 0.0026395259822404073, 0.008838686237219439, 0.017318325692181682], "NoiseHL": [0.1507282797138842, 0.18239580959790105, 0.12194285730936899, 0.18580765827901896, 0.19053478273184227, 0.2120278888000165, 0.16200456870607477]}