{"FilterHL": [2.107342739563193e-07, 1.0536712912769736e-07, 1.6858741414075958e-07, 8.429370204608392e-08, 0.0016405515104168308, 0.0, 0.00704830040344744], "NoiseHL": [0.22946862650151673, 0.2863094019622411, 0.2652269334169895, 0.31316232914598263, 0.32001888456532224, 0.2797452855106961, 0.3350491837643214]}