{"FilterHL": [0.008009705298043799, 0.009582215756221405, 0.005121366313597415, 0.01287751932262491, 0.13789740703690562, 0.10721231247742172, 0.14584674380702922], "NoiseHL": [0.18944785280418353, 0.24864833137252298, 0.20912461624835235, 0.2616391273848092, 0.25380655027335614, 0.2787459266664685, 0.2898118306836137]}