{"FilterHL": [0.08348543918780713, 0.06626190030977987, 0.0478724182604002, 0.0982886889426875, 0.0925756560335858, 0.09260699039362072, 0.10071274327832959], "NoiseHL": [0.11669920773555757, 0.09315932093212873, 0.09146738247396057, 0.12246403152744137, 0.12454038597634683, 0.10697833737320646, 0.11625478216038808]}