{"FilterHL": [0.041199476935580674, 0.10598283444490522, 0.02366366644582219, 0.06607774940365556, 0.036071301054330956, 0.09982212129295503, 0.036572956205558754], "NoiseHL": [0.15110500705637908, 0.07915455342292121, 0.20326179481389275, 0.09599049938562466, 0.14945501987715212, 0.072728340982683, 0.20055636894368478]}