{"FilterHL": [0.029201584419614762, 0.023071714714319205, 0.013673220022851597, 0.031219052812944504, 0.007677474247122025, 0.021805783070341905, 0.03773610146107295], "NoiseHL": [0.08293049478247518, 0.1016518467357337, 0.12946815645242513, 0.13537594783369095, 0.08864299431013702, 0.07707908521581686, 0.14749798229488237]}