{"FilterHL": [0.022687768864333928, 0.021125699488912787, 0.02292229670369859, 0.020566202005076077, 0.015362311215387515, 0.04125084165726534, 0.02750516913090075], "NoiseHL": [0.1345679279289582, 0.2438655468571874, 0.18170522696310298, 0.2576156127574054, 0.1950851881505358, 0.269129842734458, 0.16542027166898013]}