{"FilterHL": [0.02330232068132265, 0.03810076053416145, 0.023567282708873025, 0.04105337175650597, 0.09602763960125275, 0.09239142404687375, 0.09550147432545689], "NoiseHL": [0.029646695633141384, 0.06158972986217353, 0.027648993895390495, 0.038078460085912064, 0.033772466880404306, 0.04304800654392771, 0.04475489353650851]}