{"FilterHL": [0.030988563030967007, 0.0195247651917091, 0.02594032524119099, 0.01615501959290952, 0.026312918823434315, 0.042748939597039626, 0.03221064474313183], "NoiseHL": [0.07630456787900626, 0.10226180239854506, 0.07804073969013803, 0.10756827366437845, 0.14411083794530039, 0.1812127584163373, 0.1399136838612293]}