{"FilterHL": [0.0, 1.2854800480450756e-06, 1.1716920962019094e-05, 0.0, 0.0, 0.0, 0.0], "NoiseHL": [0.35670015035662817, 0.39674702561008857, 0.35355339059327373, 0.3683309749787435, 0.3399474501591288, 0.3698625321544197, 0.3894008249463023]}