{"FilterHL": [0.05331267329710963, 0.05411998446598352, 0.025990123524952616, 0.05977720552916749, 0.02743141807108884, 0.024948985929107076, 0.033873137773687556], "NoiseHL": [0.09756502656991611, 0.08962833899672246, 0.03508123328653035, 0.10206116454235296, 0.10758678435725495, 0.1272789390090383, 0.13596402737926241]}