{"FilterHL": [0.005640353296242976, 0.035526948176841294, 0.03547319667791699, 0.022969978112067312, 0.018517747394706727, 0.028579389316749443, 0.029533863097430245], "NoiseHL": [0.22367540062188923, 0.19957627352317442, 0.09625954191957588, 0.061417208046907965, 0.2095895720209829, 0.2174025115934824, 0.09040141360015107]}