{"FilterHL": [0.028931719863682287, 0.06401752209746231, 0.06259194664559369, 0.0521767288342351, 0.03512215989740737, 0.051272762318654595, 0.06284319861832005], "NoiseHL": [0.0611913026930318, 0.06918832451002882, 0.07014810842033972, 0.08168751172074885, 0.07619081534198185, 0.055830063989897025, 0.056263088889595476]}