{"FilterHL": [0.06640929079117104, 0.09900326461989238, 0.08158731132303225, 0.09671165798842266, 0.09223318860378958, 0.1585231735352427, 0.08031542442150331], "NoiseHL": [0.10280915396836662, 0.0953651140830787, 0.1315255569543652, 0.082851693359281, 0.11302277102109824, 0.10900961991051723, 0.09657358258056761]}