{"FilterHL": [0.017308413092380175, 0.015272381637883784, 0.024117680810210727, 0.036161025652053466, 0.024056603524554947, 0.01673960179783553, 0.027127412719243363], "NoiseHL": [0.045442310194682124, 0.14101576961189635, 0.07510722026203653, 0.1515932723593882, 0.06412065231836082, 0.14175335653603297, 0.09657450171814291]}