{"FilterHL": [0.03571566365610617, 0.0408218870178125, 0.027283475137882325, 0.05434593206547223, 0.024987530901464258, 0.03476246436037434, 0.008045320751089633], "NoiseHL": [0.03360354331151618, 0.0392369262399468, 0.045958460073644944, 0.05913080744917979, 0.03743936688227295, 0.04292184209945613, 0.028718145645302857]}