{"FilterHL": [0.02506270359048738, 0.03003221312071257, 0.029941808550542962, 0.03785408953638241, 0.020712245098525803, 0.0266227251082057, 0.01978650491473301], "NoiseHL": [0.07041694349175055, 0.05949279137515501, 0.07249773093256913, 0.06567421208877412, 0.11154984891261563, 0.1463644923762339, 0.11618229401296373]}