{"FilterHL": [0.0, 0.05205520956391776, 0.008641347871229735, 0.062262207701977414, 0.0007242219254166892, 0.044256143703647687, 0.056141606081348154], "NoiseHL": [0.31660503303722437, 0.28975230097798743, 0.2636066732606893, 0.15271806750570635, 0.3208679543044806, 0.27756405599101164, 0.28116708846129107]}