{"FilterHL": [0.012282512016223905, 0.0491532274509651, 0.02841459250523217, 0.01926194810089883, 0.03549498447814832, 0.045616945730399906, 0.03811889351628039], "NoiseHL": [0.10417265684907366, 0.09940051265272644, 0.08575042929675275, 0.10665873943430182, 0.12222960845170276, 0.11762151012679452, 0.09935658906116188]}