{"FilterHL": [0.027675347481490992, 0.0598175389262718, 0.015217216507976293, 0.04933731254477928, 0.02603442841047638, 0.07640067605923212, 0.03545152552294954], "NoiseHL": [0.17655307717874855, 0.21889139768160928, 0.17132780080807983, 0.2063183321180127, 0.18170325207154778, 0.21172016669690047, 0.18445096640135303]}