{"FilterHL": [0.028278752027124165, 0.03231590176843108, 0.00885753343080614, 0.02635444365724612, 0.006380564630167833, 0.017751453203141067, 0.028324955765647405], "NoiseHL": [0.21768049939155643, 0.19282082076551552, 0.19549752129900194, 0.18391863856477772, 0.19798571561713213, 0.22046553069327235, 0.20444614055327606]}