{"FilterHL": [0.12407094289950159, 0.06805651436303749, 0.07929236628675108, 0.08180322877942833, 0.0586533727451626, 0.0483634294388204, 0.09439299859109815], "NoiseHL": [0.34997002078875916, 0.356745832813912, 0.34296485041405794, 0.35917553302981337, 0.33335719732349034, 0.30167521134915815, 0.33741783408421205]}