{"FilterHL": [0.024998713566795207, 0.05755274375049885, 0.037161381706869064, 0.041569154817949816, 0.025047899166862002, 0.0655785010886687, 0.04949973772215649], "NoiseHL": [0.02826934730593921, 0.06108634317361587, 0.03593863015650379, 0.03587338665982689, 0.02647524905284779, 0.04197732945432826, 0.01911068433281816]}