{"FilterHL": [0.12677799001380508, 0.19061865075819165, 0.18324970248408862, 0.16424290724136006, 0.15711775669303468, 0.10443478525198849, 0.14588001606260775], "NoiseHL": [0.3892993499948315, 0.3925530476638098, 0.5224284306928191, 0.5173509345818096, 0.3932758853819549, 0.3793739194318363, 0.4195092355992111]}