{"FilterHL": [0.03123323747740812, 0.04591049739712243, 0.02337590358407416, 0.02732624562706991, 0.025792077396417, 0.028916651928385606, 0.0233142157352297], "NoiseHL": [0.0408015345408437, 0.0413036767556867, 0.035507879368214035, 0.04367705387501013, 0.03569025153763363, 0.023473905394366883, 0.021160833875359244]}