{"FilterHL": [0.017826205927883646, 0.04708029526151271, 0.015454375853765407, 0.029951234863525366, 0.02400590898124585, 0.02613925140486615, 0.01972911520566371], "NoiseHL": [0.04448458249654596, 0.10864621754556072, 0.07419954116772244, 0.13530872304289535, 0.10420722515125254, 0.11537731049330655, 0.10251101620125405]}