{"FilterHL": [0.030065369337998797, 0.05081393310055599, 0.037605909064927376, 0.05684624992649498, 0.027854322480441895, 0.03551577819181637, 0.014787452592785126], "NoiseHL": [0.20219371906326472, 0.31320347426495837, 0.268203801331419, 0.2954784685980383, 0.23311756947398468, 0.3221904224592452, 0.2328300980757713]}