{"FilterHL": [0.06817445932541757, 0.05215516334545346, 0.01273770873127027, 0.028058794570472962, 0.07032688953526779, 0.08242322844020228, 0.023376029065652695], "NoiseHL": [0.09481433759543596, 0.20134173000826405, 0.11231467506716575, 0.19301949270982643, 0.09731537980523958, 0.1577375893114076, 0.1367476986712133]}