{"FilterHL": [0.024317207817860606, 0.022158035801911603, 0.01651488491793482, 0.040215547778006025, 0.011837030473536127, 0.033310011272572895, 0.019875085404199397], "NoiseHL": [0.043834853815915606, 0.12920257846767877, 0.07579244726526983, 0.0950730492445786, 0.06903296455200207, 0.1371200507672472, 0.09800369141498033]}