{"FilterHL": [0.11997848386169128, 0.12684100488231698, 0.04989816231753033, 0.09710783949488347, 0.19319277085104788, 0.1619858713210536, 0.11839818415116649], "NoiseHL": [0.04975679740513015, 0.06367016130442267, 0.4615855847869271, 0.46900721367615356, 0.06969265700553619, 0.04318914957357201, 0.44716047162371514]}