{"FilterHL": [0.02157494424697464, 0.10784200747216507, 0.035703369362846474, 0.024073800912679043, 0.15785230095167951, 0.14167325326481245, 0.2136882177544216], "NoiseHL": [0.6707969144499872, 0.5627109884349036, 0.5091212491989394, 0.3563830091393949, 0.6404562854790159, 0.5509407485750663, 0.5804358208621754]}