{"FilterHL": [0.03327582012681561, 0.04942904355332331, 0.0290536774531625, 0.0369547823140898, 0.031474117641948296, 0.029852459006563015, 0.06095965063931439], "NoiseHL": [0.02656826046083914, 0.24679630544459805, 0.03532679292171221, 0.27184119378084887, 0.04492321268361262, 0.26816921217154926, 0.05194961483206248]}