{"FilterHL": [0.030670970820139466, 0.04121643890941547, 0.013233417377163095, 0.036734905587311815, 0.026909001893598405, 0.03567289672229603, 0.014537987671284273], "NoiseHL": [0.03800308608817761, 0.08468127660564857, 0.054309280468544004, 0.08354371029472094, 0.0454098519326002, 0.10507637667250672, 0.07313639406436952]}