{"FilterHL": [0.05444448163891758, 0.05749858371952915, 0.044054535341320616, 0.06407713222548818, 0.052209362133200723, 0.04209973472462653, 0.059027329079691285], "NoiseHL": [0.13794340880890227, 0.14385798071613418, 0.253547626474763, 0.24926162561537182, 0.14506552317095944, 0.13094340640883517, 0.2449060782642963]}