{"FilterHL": [0.03964446799764322, 0.0382759954972918, 0.017305879523218982, 0.05471746762804948, 0.03688830440197777, 0.028160883123288672, 0.045588987306847704], "NoiseHL": [0.1740294789417466, 0.17212014986373356, 0.1626051084757915, 0.17166631790477793, 0.17756928750884765, 0.15385953870914854, 0.15457629274633702]}