{"FilterHL": [0.024165836548800803, 0.022273116609912606, 0.05203006384286266, 0.12524929988828004, 0.059751283512138736, 0.23879220330386708, 0.008610989257590549], "NoiseHL": [0.3169564707401647, 0.335450271152983, 0.3539370692036749, 0.3530987868970871, 0.3179999554744699, 0.3422135620206496, 0.3295050041969733]}