{"FilterHL": [0.029622754222768725, 0.03466123955386035, 0.031208633577103823, 0.048840330919630935, 0.021254978925748843, 0.012126938098868457, 0.048644047949558976], "NoiseHL": [0.24252243013303204, 0.17799472917352235, 0.18916309535288983, 0.09479844274541777, 0.1891925935023966, 0.1837987059784215, 0.12345606758857357]}