{"FilterHL": [0.03806021165470238, 0.02689529875545418, 0.032576440383500056, 0.05376928499036224, 0.010045964958049953, 0.11163357230101104, 0.029815819949481674], "NoiseHL": [0.17697886676178776, 0.1652540456663543, 0.181377637186383, 0.2017113666137935, 0.2094353493698157, 0.23176994757779776, 0.22680198261025344]}