{"FilterHL": [0.3160385651572558, 0.09796322091527691, 0.34941080665864865, 0.15111061867208078, 0.43581668585788574, 0.37218183933416105, 0.5643056978113555], "NoiseHL": [0.4530831207563368, 0.05919504076020897, 0.5188245595392265, 0.05094786166168222, 0.46786658637119694, 0.06465146571688045, 0.5095127445574472]}