{"FilterHL": [0.017827038843264694, 0.06190474635987975, 0.019916902008775845, 0.016250836056156546, 0.011706790654300078, 0.03754247825002518, 0.030220022294379773], "NoiseHL": [0.1813499497543454, 0.20009940478986943, 0.18197445125997577, 0.18528940021641296, 0.23787546689937977, 0.2567540191192203, 0.237742204559727]}