{"FilterHL": [0.00863231108673958, 0.012620565441205774, 0.005407823018348963, 0.01064750587010133, 0.0036308509367157056, 0.017893111744902757, 0.01626405824537292], "NoiseHL": [0.2500659279180009, 0.26922924991205166, 0.2927825788376214, 0.2966317267228475, 0.27501577501460917, 0.3041751891336176, 0.32004530892306854]}