{"FilterHL": [0.07784771547440743, 0.08245562714686602, 0.0029853351497968455, 0.0041324093957811675, 0.38322428213370324, 0.26399554424590654, 0.11073916852623537], "NoiseHL": [0.5900467132892842, 0.49714929860611917, 0.5919706599913005, 0.4962344702781298, 0.6215169009544013, 0.5719233029153946, 0.6228935314659877]}