{"FilterHL": [0.029597121940293857, 0.04322131280306649, 0.008719124361006005, 0.019458747177790916, 0.006932767349224165, 0.01929553899356685, 0.018470234857004702], "NoiseHL": [0.09867485607117413, 0.10311730413765381, 0.12015271172473564, 0.11439067385283212, 0.10802609822161004, 0.09076408456001053, 0.12854313921212412]}