{"FilterHL": [0.007904440669668679, 0.01634934611481207, 0.06074661969141906, 0.12026600650569924, 0.04991100312967729, 0.06303954872496702, 0.0045099792309758165], "NoiseHL": [0.3407673083903936, 0.3551324364067877, 0.4698828160109994, 0.4614561399481642, 0.3467142247897299, 0.35916799773669433, 0.4550762534873921]}