{"FilterHL": [0.008323304919420309, 0.05302560524784342, 0.003634063833349222, 0.01966221790005852, 0.012207542977849137, 0.022592879675242258, 0.004391404574379299], "NoiseHL": [0.08282571026498681, 0.11303716776085915, 0.10633189375121917, 0.13598868719709978, 0.076680261969098, 0.12156670375372514, 0.10400978377349034]}