{"FilterHL": [0.027355681117840844, 0.029723115172338645, 0.013545902922873993, 0.024351286470554016, 0.010247041621792111, 0.02261137265632322, 0.03973632344081823], "NoiseHL": [0.08382978328564102, 0.09545951058587174, 0.08481469273248499, 0.1021553757539465, 0.0798980010824489, 0.0839026821464443, 0.08421073533392726]}