{"FilterHL": [0.009264080510656338, 0.016697242376677218, 0.0018904700835414047, 0.007287389943579174, 0.03541465682250687, 0.01867471776422752, 0.02814465686765237], "NoiseHL": [0.12746685650522765, 0.08298838197391471, 0.13642416826290255, 0.09541814728103347, 0.16478187148389276, 0.1716113308074668, 0.1775479106204023]}