{"FilterHL": [0.0, 0.00030683240825121316, 0.001233565460681329, 0.010183442466569225, 0.0, 0.015793167724871045, 0.01614111949447393], "NoiseHL": [0.33009682013546676, 0.42464124206469855, 0.2733676941194548, 0.41831119107428877, 0.36293560125645874, 0.43231847120657996, 0.2902889781698514]}