{"FilterHL": [0.021752428893036507, 0.03189098126927882, 0.016651147990021552, 0.015338176901585555, 0.023248564572439116, 0.018728958463190587, 0.02445668272748519], "NoiseHL": [0.1239215165515302, 0.1665715062678803, 0.14222477561723287, 0.14994746366098105, 0.15201480057514757, 0.1642604403339046, 0.17457477011269032]}