{"FilterHL": [0.0201742184028912, 0.05069382051516216, 0.016499007346223046, 0.034900361186509514, 0.024647244360966932, 0.011374471857319855, 0.03444863042691641], "NoiseHL": [0.025907114405102908, 0.10613677782314947, 0.05100814117646151, 0.11158118741664247, 0.04658927530734745, 0.10521363910408724, 0.05824074915262289]}