{"FilterHL": [0.0858516301416791, 0.1374355833821534, 0.08826186444466066, 0.16454666513793575, 0.21626095362150397, 0.1682144584185038, 0.1486473010112056], "NoiseHL": [0.3667735628871112, 0.3976688123010579, 0.3851104476814439, 0.42876207790529397, 0.3683572633851295, 0.43063185474182536, 0.38795447051071014]}