{"FilterHL": [0.030609149745632464, 0.04230846907427531, 0.04040993473148487, 0.03703669606492045, 0.03362546640804189, 0.017061155590178328, 0.017238358143542427], "NoiseHL": [0.07638954479799304, 0.12283800770584961, 0.13399418977703006, 0.15581721037588592, 0.10226972067605106, 0.1051991217322845, 0.1556754500977587]}