{"FilterHL": [0.049776953589782735, 0.1745382079463117, 0.03301172707911586, 0.12580256293175235, 0.027820034491146093, 0.173074231181694, 0.04013748183759288], "NoiseHL": [0.41463984267489956, 0.5913799891835936, 0.4105710979613937, 0.5946618562512227, 0.42954794736742863, 0.603086904892556, 0.4260294831403856]}