{"FilterHL": [0.09640011013800591, 0.1479379275779899, 0.039229565721609246, 0.10935797259138558, 0.3890109012980279, 0.3754286540484118, 0.45001008231305034], "NoiseHL": [0.24046228551453847, 0.19753256669827884, 0.23640769437783543, 0.19451037238877353, 0.25904089899620686, 0.243012839930527, 0.2394281641232021]}