{"FilterHL": [0.0, 0.0, 0.0, 0.001669912299376067, 0.0, 0.01032280786106567, 0.0], "NoiseHL": [0.1665177944500141, 0.30881681198870464, 0.1781969793463003, 0.3479977451053712, 0.3267638742314115, 0.3660254037844386, 0.329265981228787]}