{"FilterHL": [0.0, 0.0, 0.007526336794526384, 0.00024455723244796724, 0.0, 0.025766364503736268, 0.008770981942754805], "NoiseHL": [0.2853793027819435, 0.36293560125645874, 0.34076191440556136, 0.3886613478333254, 0.3479977451053712, 0.3627510050457153, 0.34643047045914577]}