{"FilterHL": [0.0033118600327896926, 0.026923418719833205, 0.006772282221896623, 0.005747487999715835, 0.009862261367837516, 0.024158347056102373, 0.008502440730333979], "NoiseHL": [0.08860606429919238, 0.14912190004846196, 0.14737800436811424, 0.15562495237543122, 0.1135737077082945, 0.14245994199832876, 0.1507969604644438]}