{"FilterHL": [0.007070148010400701, 0.038671113203843574, 0.019624754789117398, 0.007714717658629923, 0.01581463592336761, 0.007853588082827346, 0.034995811778041015], "NoiseHL": [0.16898687487106204, 0.1656367524875833, 0.11549034310688672, 0.11036927030300162, 0.15849234744227633, 0.18201739987636112, 0.13092700956108258]}