{"FilterHL": [0.031026193060255208, 0.04580807984408546, 0.03123108993847711, 0.05387338239030075, 0.04502230325968399, 0.04604835826709055, 0.039107238289024814], "NoiseHL": [0.048735244096548065, 0.11324916957996987, 0.09155116076670256, 0.12193725944808559, 0.04854591859370455, 0.11406096814793687, 0.043640338556120394]}