{"FilterHL": [0.01839478108343499, 0.022408094605919682, 0.011197800575315841, 0.03764347476965436, 0.02357192974019452, 0.02619732991058772, 0.03580552254978709], "NoiseHL": [0.10228701258717288, 0.17231271317837688, 0.10767481208612456, 0.18661834767749194, 0.11387388667166992, 0.17610634196867514, 0.12331503102349456]}