{"FilterHL": [0.008201721641981454, 0.011810055988728954, 0.0021028974492114504, 0.006508214970398273, 0.004138331182124016, 0.008215379816130911, 0.007454016114766157], "NoiseHL": [0.19969942312438813, 0.24896519188319227, 0.22149008443602392, 0.23059372773643624, 0.20720428182609382, 0.23941396712926158, 0.23392355537514722]}