{"FilterHL": [0.045954927220157475, 0.06088355836670806, 0.0480220798914959, 0.03805001150454271, 0.042141972264834064, 0.0534322924075586, 0.0640354864137227], "NoiseHL": [0.10321946632284847, 0.07559214692118421, 0.08796917850513572, 0.07195291859065495, 0.06881727260961043, 0.06132579927096758, 0.07782514649613174]}