{"FilterHL": [0.07687816491690633, 0.11010124259558798, 0.06383232992352846, 0.08613150539358504, 0.15060619858105623, 0.09912894328171695, 0.12360082414016667], "NoiseHL": [0.17032848378065674, 0.23243187017164282, 0.16343997620066059, 0.2386967011852687, 0.27476311541584236, 0.20054790947031517, 0.24274231201584578]}