{"FilterHL": [0.012418121448204911, 0.0051031036149499845, 0.01591609882796441, 0.028942878792471517, 0.007792180974502625, 0.003615562729042081, 0.014122590193559744], "NoiseHL": [0.13505873635406035, 0.1769519620020899, 0.1413266813048265, 0.19909888616184754, 0.19319597357201473, 0.24168505150594985, 0.2047024063357467]}