{"FilterHL": [0.0, 1.2559872402601597e-05, 0.0, 0.0, 0.00024609612632910496, 0.0, 1.2559872402601597e-05], "NoiseHL": [0.22379061732305383, 0.24685785366827007, 0.2393868301256415, 0.2393868301256415, 0.24790907888765304, 0.2372144506373005, 0.24685785366827007]}