{"FilterHL": [0.051766128171522686, 0.049985694931915084, 0.027198465578859625, 0.030825551659649703, 0.04907564235437909, 0.03175097829263459, 0.058970888925784844], "NoiseHL": [0.28621239471408905, 0.3293018726816743, 0.29248930654158567, 0.29809669208950096, 0.3103642564842868, 0.3371870076085847, 0.3033062160032156]}