{"FilterHL": [0.007267298996200307, 0.014718502389605892, 0.006867059396356342, 0.005241907565760589, 0.008608741980283505, 0.00402408568656189, 0.018684100865904208], "NoiseHL": [0.0920570842125242, 0.16681664668194987, 0.20470187305032245, 0.2351296757746835, 0.10879459185790658, 0.1490950211593205, 0.16526655564665618]}