{"FilterHL": [0.005219276734297138, 0.006917068798555888, 0.015008868296196277, 0.017010268628891382, 0.005406443971081901, 0.011328420972657294, 0.0037876472801677925], "NoiseHL": [0.23956609835533346, 0.2698503351155979, 0.22474986951008302, 0.23500065687895402, 0.2933175098046174, 0.26790464639606654, 0.2640348411365541]}