{"FilterHL": [0.0502852166771212, 0.03433425695947422, 0.015217631226671885, 0.039691590734387924, 0.04909384575670256, 0.04036985549530084, 0.04140737721896475], "NoiseHL": [0.0662050279967753, 0.05062872511535186, 0.03349477125453838, 0.04973579011303129, 0.060696702222546306, 0.04689841554094308, 0.03729131295046564]}