{"FilterHL": [0.39935453769038526, 0.14681044872953364, 0.06517273911009022, 0.3026690364703791, 0.4238678076013882, 0.5923567999874871, 0.5513125887169088], "NoiseHL": [0.6875338155535349, 0.7127685302517911, 0.5669831131850687, 0.640272673517248, 0.6955837267534812, 0.726918701107145, 0.585819839060319]}