{"FilterHL": [0.02205381794448603, 0.011426194485777141, 0.012274809717033108, 0.00871816033182569, 0.13160749214932504, 0.13342964849504033, 0.1317067913875737], "NoiseHL": [0.30698219396935544, 0.2941676106055454, 0.36537133628083107, 0.3227267613870367, 0.26286808807107015, 0.20087046098775585, 0.30637272875389343]}