{"FilterHL": [0.007092781363401402, 0.022896178920860523, 0.016284533201936985, 0.008856510115825606, 0.006448163457203836, 0.012885702939307105, 0.031562036230334094], "NoiseHL": [0.05423817999378415, 0.08576181785315744, 0.06999096381652305, 0.07668910428157621, 0.09655869055815458, 0.10393253792832978, 0.08864441900851631]}