{"FilterHL": [0.0, 0.005158622155242195, 0.0, 0.005304429810806577, 0.013330197116621766, 0.0042929810018711, 0.005753655174233101], "NoiseHL": [0.16037899096361255, 0.2033983413889128, 0.18785815120172258, 0.2026806197314732, 0.237745470109936, 0.2179806966614001, 0.2052932535315819]}