{"FilterHL": [0.009938095928855282, 0.025038387552842864, 0.03212071000474271, 0.005466515800715428, 0.0608014538795157, 0.08457559861579624, 0.07968650496193229], "NoiseHL": [0.13699583266152948, 0.14153948739046215, 0.1386684592022161, 0.16012660961374117, 0.13912650102657118, 0.15959091744781465, 0.13655136522010006]}