{"FilterHL": [0.01944334104069922, 0.04243107821052344, 0.04075156300047355, 0.050423463822577855, 0.12582175211607843, 0.09254490589483413, 0.225460779729348], "NoiseHL": [0.15221095898938894, 0.1404664138891873, 0.15867568389379905, 0.1773573061229646, 0.24620407705333097, 0.2314374192675544, 0.2555803978684499]}