{"FilterHL": [0.0, 0.0, 8.429370204608392e-08, 5.689826838165499e-07, 0.0, 0.0, 0.0], "NoiseHL": [0.25516228884138725, 0.2909232592243174, 0.2954782282049058, 0.3157471010468728, 0.2768927248622021, 0.2863094019622411, 0.31316232914598263]}