{"FilterHL": [0.027061319097912758, 0.05234631874573418, 0.026812392573083096, 0.03675397008112288, 0.05286905026389683, 0.07024148312507075, 0.029532322773880074], "NoiseHL": [0.07562987363489285, 0.06670017192887838, 0.023485604468062943, 0.024522283318197363, 0.044053443773342034, 0.05463982161695393, 0.03461920464688954]}