{"FilterHL": [0.0017489173457620071, 0.015642308370139, 0.005518080380335741, 0.01565618991692594, 0.03312730909140199, 0.05692226050783748, 0.048593573821616914], "NoiseHL": [0.2203490732283427, 0.24934584121169784, 0.2191537451714139, 0.24098083250500765, 0.18156587170349073, 0.20228231594494558, 0.19950940544887363]}