{"FilterHL": [0.033288011091131324, 0.04294626060571849, 0.03198230995967568, 0.030767789673086687, 0.07818565826873874, 0.023896412122554448, 0.026803644616078842], "NoiseHL": [0.08999377991381484, 0.1796709949294904, 0.12976215744044678, 0.22950957994499188, 0.24983588014858585, 0.10794930878349418, 0.23439131114762324]}