{"FilterHL": [0.024541165293378023, 0.05992903379205093, 0.038999177603647225, 0.05518388161584922, 0.015596977270160883, 0.07435170238247087, 0.009571369325867005], "NoiseHL": [0.15712559293564302, 0.1387217319625704, 0.15909758141968394, 0.14144690473152785, 0.170640205603937, 0.15982108056475897, 0.15766585846530098]}