{"FilterHL": [0.017926529571500774, 0.01628353088547583, 0.02170484001203871, 0.0135741949310923, 0.055855245446128, 0.0393823696100839, 0.029313728371580968], "NoiseHL": [0.18712252381120134, 0.1563942217627736, 0.18577087948490795, 0.15269828843099154, 0.19291183370659218, 0.15575588729507825, 0.150742274267596]}