{"FilterHL": [0.006754674694374298, 0.017078532902873127, 0.024781376900525412, 0.033617092060536126, 0.03642766500956468, 0.01307281913251732, 0.021720102194951702], "NoiseHL": [0.06720381758091099, 0.1015542681266579, 0.06882642746293326, 0.11376376881376722, 0.08354247079255711, 0.1070045788011328, 0.09536982107539221]}