{"FilterHL": [0.07845909253015758, 0.10331918367938372, 0.08492212262213854, 0.13206994716081627, 0.241466614785965, 0.19687244896550884, 0.28175835045012865], "NoiseHL": [0.16878500765792864, 0.19633473544924382, 0.16265165378437088, 0.1622359116655831, 0.10844081467950563, 0.1469924598090917, 0.09530370217245994]}