{"FilterHL": [0.025082508272152915, 0.027840640077126312, 0.031710627289790294, 0.04513295656522935, 0.014983049154881595, 0.0707343626532928, 0.02703801926451114], "NoiseHL": [0.06500053224229578, 0.05188862563751957, 0.056777498621761895, 0.057456141466704455, 0.05480315974526367, 0.06314894165610604, 0.07088109035102619]}