{"FilterHL": [0.011897667328259403, 0.022534846902964995, 0.007936263578395539, 0.013418445475730331, 0.08159980558924469, 0.07344918349073433, 0.057223579163304256], "NoiseHL": [0.1575945871015349, 0.14739196951904662, 0.12795275760919886, 0.11947734268663052, 0.14635793256719165, 0.1560081717169495, 0.15149675576697452]}