{"FilterHL": [0.0015348088167344877, 0.01759341395327785, 0.022523074160472153, 0.022808134982341615, 0.016666199168930924, 0.03442828946308541, 0.009976295598664281], "NoiseHL": [0.18026078354170594, 0.1883216417951591, 0.1698794386743063, 0.20588453789384784, 0.18129872151649343, 0.2003149071276119, 0.1966305750088741]}