{"FilterHL": [0.167559330764858, 0.14782100932176356, 0.1745386280619792, 0.1675947605611369, 0.1281003245761224, 0.10231099799594097, 0.12126589454687223], "NoiseHL": [0.5580851511437644, 0.5538640536482813, 0.5716370949165408, 0.5541712198935969, 0.5511443833086144, 0.5240139652766471, 0.5446337966964423]}