{"FilterHL": [0.033426802601390734, 0.042245440104407735, 0.019601843828523716, 0.04197055167469236, 0.02027058155461673, 0.050610383249585084, 0.037038744926119284], "NoiseHL": [0.0382174809788129, 0.04389802217517764, 0.029400386870102636, 0.05281299505313548, 0.040711720809167753, 0.04987484037082469, 0.03665682069131817]}