{"FilterHL": [0.01688141579901644, 0.01463147826906089, 0.009773495959829815, 0.03168527776193405, 0.010039311274920462, 0.00882697119241343, 0.03691253069589048], "NoiseHL": [0.24743593157986202, 0.25439195203241505, 0.2470897037940436, 0.24979145995893184, 0.24412961440435715, 0.23174335411769328, 0.25082936840680015]}