{"FilterHL": [0.07259702561577924, 0.06807969016645225, 0.06949862912690236, 0.07245078033191428, 0.08382225628119526, 0.08802335621603244, 0.07209366416735231], "NoiseHL": [0.17190271770034063, 0.17405711020363962, 0.2501632374862662, 0.27380996595219403, 0.19180322215330797, 0.14225598920966917, 0.25129384265002785]}