{"FilterHL": [8.429370204608392e-08, 8.429370204608392e-08, 0.0, 0.0, 0.10588020894151827, 0.10019684602395952, 0.11307254599194264], "NoiseHL": [0.11082626344894847, 0.11082626344894847, 0.13317431117202394, 0.1214797384251674, 0.11457585633860512, 0.12212024014889089, 0.1114062587008276]}