{"FilterHL": [0.00593542590613046, 0.01987956356035952, 0.0007966329251272755, 0.01924576007049823, 0.00682615974688403, 0.025126456282424086, 0.014370890593458065], "NoiseHL": [0.2096634278084342, 0.2948582826151074, 0.3452477617626979, 0.3595156932646865, 0.1895172524235756, 0.27396499928677437, 0.31709876019649297]}