{"FilterHL": [0.011028761103004065, 0.02270894770285245, 0.017304744306642472, 0.025894104716240186, 0.0061496365441734225, 0.011341962271789442, 0.02773922525997365], "NoiseHL": [0.12972556823759063, 0.12591431675730227, 0.160174800273562, 0.1813323007408508, 0.17125371001039394, 0.18555282792589803, 0.1655597751551559]}