{"FilterHL": [0.007707193797572681, 0.030700815349353296, 0.04576233021509521, 0.030577573276742497, 0.025535873764531796, 0.025684229766412884, 0.02526036730221013], "NoiseHL": [0.07812304426587832, 0.11991899450890704, 0.09730028617894661, 0.10820134315453592, 0.10546584693181092, 0.11246454489764236, 0.10563204464574283]}