{"FilterHL": [0.022057440166662192, 0.0029308974773987646, 0.01769584590158487, 0.0030337637720838978, 0.022625821520321634, 0.010725247270564307, 0.013786730401645967], "NoiseHL": [0.19966593826864926, 0.25922826533597404, 0.20962360736979474, 0.27112588892110867, 0.19841810136857968, 0.24590712933679362, 0.21443089955401076]}