{"FilterHL": [0.01241438038312352, 0.048687207463084324, 0.0010893009095908615, 0.03387133253896291, 0.006688377670692116, 0.011039913319827501, 0.007671112883622526], "NoiseHL": [0.20343947393250644, 0.2404780261033054, 0.28035688206546694, 0.30500077642512274, 0.24380220856543952, 0.2585316353843346, 0.3106910512520236]}