{"FilterHL": [0.07648549777426844, 0.041277750102170226, 0.030277413385068425, 0.03705459674504637, 0.06833114657075322, 0.019574295943273652, 0.07373093381543906], "NoiseHL": [0.023741161174511676, 0.29851781599679084, 0.06094791585396685, 0.30308401110555894, 0.06813469848114047, 0.3269840422704316, 0.08881448277613546]}