{"FilterHL": [0.030437881486647056, 0.037733948855894296, 0.026070824504581407, 0.035479801308452186, 0.03696446518862345, 0.03871564663996979, 0.05283343643543268], "NoiseHL": [0.30610400871868143, 0.22667006237276358, 0.3017145107965556, 0.21342776816813802, 0.2928836565195972, 0.22768399846304535, 0.2859531015710838]}