{"FilterHL": [0.030098934952557766, 0.031355541436131805, 0.012439044918541965, 0.032212399880563236, 0.07556849548555067, 0.0694059913920442, 0.05299950802395044], "NoiseHL": [0.23671743826387417, 0.2270449568929857, 0.245419413301464, 0.2449085189554449, 0.23123403439025975, 0.2318013778100693, 0.2268758302369567]}