{"FilterHL": [0.0012222401885487292, 0.0, 0.0, 0.007277157956239826, 0.1503582153068832, 0.20201639623461143, 0.18435887122727002], "NoiseHL": [0.44882260281898695, 0.5232739460226443, 0.5431094403594869, 0.5634622417517888, 0.4111410867149671, 0.47199707709727484, 0.4371101709582744]}