{"FilterHL": [0.04640383035700282, 0.04141917598153061, 0.017418256015132767, 0.0151795276399331, 0.0802811394364068, 0.09015838871990893, 0.032816777923027514], "NoiseHL": [0.30296150945656647, 0.329274104931984, 0.41506341854671464, 0.4009233369858912, 0.35312383841467937, 0.36055216564413595, 0.42204212771040045]}