{"FilterHL": [0.013776100157353694, 0.02160744896814866, 0.013900826475856068, 0.010711095522479572, 0.03417341078023344, 0.028034119166895004, 0.02067495417239625], "NoiseHL": [0.17259794176668863, 0.17968077428398474, 0.1620578012679701, 0.17487732173517623, 0.16209651396497574, 0.17817876973323116, 0.14769576754618316]}