{"FilterHL": [0.025517828419107675, 0.055738775915591024, 0.031073135216169848, 0.03874134350826566, 0.016020206002437743, 0.03561733180713573, 0.03412244389630843], "NoiseHL": [0.027945613784129297, 0.030311656914586402, 0.04122188014562908, 0.023414371698199515, 0.02091243167759202, 0.04357309062090567, 0.05179940502332378]}