{"FilterHL": [0.01594199980282627, 0.05542921459200181, 0.026863618365175982, 0.04910138417559437, 0.08785177812150789, 0.08006155296780795, 0.07420285979523535], "NoiseHL": [0.18441217764537746, 0.13045507133774645, 0.16986785274204147, 0.11166008754859769, 0.15888779770842515, 0.14603535918347266, 0.1362217815651793]}