{"FilterHL": [0.0003191236549164259, 0.0, 0.0, 0.00042049769647565415, 0.0, 0.0, 0.0], "NoiseHL": [0.302650597456391, 0.32759952141623117, 0.32759952141623117, 0.351972498137622, 0.3447941251790983, 0.33586924850133365, 0.333404535312594]}