{"FilterHL": [0.03797999679686169, 0.038837645877989296, 0.02466376294076726, 0.04153036706274055, 0.1668243877624278, 0.1729005157736141, 0.16503442389328105], "NoiseHL": [0.074905597547434, 0.07523380534410166, 0.07179318633209646, 0.06160709490618588, 0.12049036381901505, 0.10386269031880972, 0.10463437072194914]}