{"FilterHL": [0.006147964860611805, 0.00639795755616989, 0.004213346183427652, 0.0057717341420599425, 0.006822213871331492, 0.006556195562354983, 0.02170589678995839], "NoiseHL": [0.1388144663592906, 0.24393289121318848, 0.1958747018899782, 0.26159141315419654, 0.15086276807899046, 0.22265264256003417, 0.21773173353091008]}