{"FilterHL": [0.06553787785894621, 0.08624343457728972, 0.03858928464154562, 0.104418208574838, 0.0645239064881314, 0.07574463147287473, 0.08146466455287686], "NoiseHL": [0.10394852178273306, 0.16714588383944087, 0.090809396790696, 0.17454949162724331, 0.09754015176716653, 0.14880342609046707, 0.11944005275472881]}