{"FilterHL": [0.036581943682109624, 0.04122764166863672, 0.03250620619504905, 0.04940756741622056, 0.049242039614204, 0.04610232694330068, 0.04290473175531985], "NoiseHL": [0.048484902545285036, 0.11391377127510122, 0.09491425613403796, 0.12119979743127814, 0.04854591859370455, 0.11615493452787998, 0.04506666516857887]}