{"FilterHL": [0.0015442417223635039, 0.031077409076203974, 0.020761989623937792, 0.008642892197668, 0.40804431898971033, 0.2901649680219841, 0.40213544494039094], "NoiseHL": [0.43509414363828625, 0.4434937705365425, 0.4234024981683546, 0.41828083332657967, 0.1973627621092457, 0.220550996756801, 0.20510462853575331]}