{"FilterHL": [0.04321700870736799, 0.04535550345261369, 0.025522709267319338, 0.03384040789225026, 0.02666766870241473, 0.03473617320281021, 0.03862397700304697], "NoiseHL": [0.04285654425796691, 0.05036346395693286, 0.04354167024397963, 0.0646488431686701, 0.02508131173381164, 0.049126610304315504, 0.05933309606596792]}