{"FilterHL": [0.0039564056837490666, 0.014500376540433376, 0.008437731749051991, 0.004982269871812233, 0.005556229230823159, 0.008889662457967226, 0.0188006078845441], "NoiseHL": [0.15623844868313058, 0.09272388428267236, 0.22042128053786983, 0.20964315841223258, 0.15675412895205867, 0.11927371570793704, 0.17694731709647202]}