{"FilterHL": [0.012831207476284294, 0.027515594419050667, 0.022830213233218977, 0.014678645007777323, 0.011584191002242335, 0.0013988520267224902, 0.029367038169367355], "NoiseHL": [0.41977539474435127, 0.48629342516905794, 0.4418758500779141, 0.45666273721679806, 0.40043155798864993, 0.4532510289030423, 0.44920287860430774]}