{"FilterHL": [0.006985858896864633, 0.011363731159364902, 0.00818743069248428, 0.009490178941679544, 0.005563168325794092, 0.010387264589170183, 0.009563292880729476], "NoiseHL": [0.19829898321461725, 0.13449893649613778, 0.19578927073098734, 0.11945106367190222, 0.1992345312477309, 0.15921955833722168, 0.17426014460900002]}