{"FilterHL": [0.04708859131719638, 0.03604867165169307, 0.09008865978385051, 0.034061266317341674, 0.0652801739759347, 0.048217988372527346, 0.3473185155654721], "NoiseHL": [0.25919052304940343, 0.2496221752005431, 0.43240755475073916, 0.38968094291487887, 0.28264463612484747, 0.2656841314328415, 0.4126709112741034]}