{"FilterHL": [0.0185528986376393, 0.03568311614756433, 0.007185516814417721, 0.008463337586843958, 0.016888328473992024, 0.025038075584236267, 0.0037169708922540905], "NoiseHL": [0.03831396043088698, 0.10397390178240618, 0.08583508119425935, 0.1235389228354657, 0.050624525689567365, 0.10515332661779374, 0.1119781057557915]}