{"FilterHL": [0.021986571293769644, 0.022305335918290276, 0.01818273235043753, 0.022100881191441154, 0.028438177798868213, 0.0545187209726284, 0.024405653010019193], "NoiseHL": [0.24129454247632745, 0.25892706325751635, 0.25365600334253335, 0.2681258901078512, 0.27733141552106644, 0.29924072325381873, 0.25186314002968097]}