{"FilterHL": [0.021855635884426478, 0.05238501927194587, 0.0179190221332675, 0.03296499775231484, 0.021222768554572682, 0.023615831697948626, 0.033647362985360627], "NoiseHL": [0.02587253096279543, 0.05862619352587642, 0.04412209230794345, 0.06624233203942133, 0.02840718933226691, 0.03541052606239508, 0.04395672301532848]}