{"FilterHL": [0.02879576358682954, 0.05010381258874306, 0.04076946570653982, 0.04515946595153651, 0.05361601748167656, 0.05277591266270079, 0.05552006457570099], "NoiseHL": [0.24154973142581024, 0.2216047606857639, 0.22069962579927976, 0.21003103412644672, 0.19080895209195534, 0.21708945073264801, 0.1804220728360077]}