{"FilterHL": [0.0016209430090295149, 0.015017739790115827, 0.011147568820552822, 0.004696105637862489, 0.0035157170448889045, 0.011967363267076408, 0.02260649981771677], "NoiseHL": [0.09759839191322695, 0.16355085101553973, 0.1540138901383949, 0.20838248124203534, 0.10431743686390685, 0.14128170365438836, 0.14045680593883123]}