{"FilterHL": [0.02550348984646818, 0.04179911947304487, 0.03954871990691657, 0.045910359917096834, 0.030123328941405677, 0.04724089943597604, 0.03969791633380263], "NoiseHL": [0.07128779559908878, 0.09119497553539957, 0.06262392940156045, 0.04197548668940108, 0.08017779712197451, 0.108146143531243, 0.052066303500794484]}