{"FilterHL": [0.031103043515004147, 0.023354768215965403, 0.0155431498044305, 0.03830651515927893, 0.01514304105887906, 0.019981357643075178, 0.029998188609160054], "NoiseHL": [0.0383305894090999, 0.07669292788297084, 0.050336303348554254, 0.07351784428221889, 0.04445468070606629, 0.08611419196322843, 0.06222175896638575]}