{"FilterHL": [0.0, 0.0, 0.0, 0.0002583863168631469, 0.14345324333152246, 0.13129518424232384, 0.12134193754774558], "NoiseHL": [0.21442692192304294, 0.294571808286785, 0.2582168997340125, 0.3114298399318968, 0.28529912953035197, 0.24353977261597134, 0.2756719302706943]}