{"FilterHL": [0.01048412316177197, 0.025307879257434076, 0.009129144960189945, 0.01891722390096878, 0.018572443142743023, 0.015598350686737336, 0.011871406708130318], "NoiseHL": [0.1516313571052397, 0.133606387291386, 0.15552062015807175, 0.1121059282271311, 0.14460589803857224, 0.12297959628018063, 0.14593263707131804]}