{"FilterHL": [7.586436801640578e-07, 0.0, 2.865991506826817e-06, 1.2011862028065596e-06, 0.0, 0.0, 0.0009035102420874908], "NoiseHL": [0.09906452513549582, 0.16500333021764652, 0.1507282797138842, 0.19707921959999697, 0.1865064993035597, 0.15722465329759136, 0.2034297098849552]}