{"FilterHL": [0.020508488564481623, 0.0489796536787537, 0.019570308511558276, 0.009141172192618625, 0.00509638867571634, 0.010523056049798852, 0.011814985646756128], "NoiseHL": [0.08296694482902799, 0.09657478239773468, 0.09662218932969126, 0.09151163570828502, 0.10031791973362103, 0.07342890068161016, 0.1005263501979652]}