{"FilterHL": [0.0027482310590409755, 0.018272294269123548, 0.01574369905461698, 0.006303717738998349, 0.00610680068124548, 0.013808174847627802, 0.013874328951509389], "NoiseHL": [0.14867403403619003, 0.1767146815116169, 0.1411397860976973, 0.19344629374866826, 0.13577108954543984, 0.12381872044511874, 0.14791572841989253]}