{"FilterHL": [0.0038633213457239376, 0.037403856261833034, 0.0034338904297518706, 0.0032477565788966273, 0.008847177987149629, 0.008467634620321195, 0.007994200977011114], "NoiseHL": [0.22181902919829538, 0.2428234439217391, 0.22834320983313783, 0.2480949648220607, 0.2262794027967109, 0.28567905479873723, 0.24686700159134817]}