{"FilterHL": [0.03219426557131109, 0.04588328120905796, 0.03940542569387061, 0.03542990736615069, 0.08672048219279828, 0.050311329823935186, 0.08968210071738003], "NoiseHL": [0.27717594651121746, 0.3047201659132081, 0.33372419114456975, 0.3529355166095913, 0.25340160704420356, 0.3044805135629676, 0.2795973296606731]}