{"FilterHL": [0.0070197382719449685, 0.010002897148209683, 0.0027174416300293322, 0.009229608302899758, 0.009831772715779969, 0.016811242604732036, 0.01360545181436383], "NoiseHL": [0.11082787209006414, 0.1711890690415601, 0.12382999476441524, 0.1681964183100601, 0.14046365170113825, 0.1824084930447287, 0.16095133366150952]}