{"FilterHL": [0.0024850003261182715, 0.018450964849981287, 0.01257809181869346, 0.006504447093006633, 0.005953854764620548, 0.008052704674155038, 0.01702086161035243], "NoiseHL": [0.1296184607900904, 0.1313225873164997, 0.15239416563995267, 0.1404486791530118, 0.17265548865249863, 0.18515377358670354, 0.19453298458650675]}