{"FilterHL": [0.017018388597005323, 0.00991266550644149, 0.00042813122669142876, 0.003057825278982887, 0.015034009945917508, 0.027150093854566744, 0.018215027065770006], "NoiseHL": [0.20418925474537047, 0.19606596979062044, 0.2268727786308804, 0.21691505997184726, 0.25152373742051914, 0.2819254340783266, 0.27043457384972974]}