{"FilterHL": [0.039958691451810475, 0.056059971581802495, 0.0347262397800906, 0.06185438299390605, 0.04472156047089695, 0.05449670239129695, 0.04255250177448119], "NoiseHL": [0.1340243360842181, 0.1338963318557245, 0.1541658755448296, 0.15080293635103237, 0.11368881061252074, 0.09631961733773937, 0.1275881494501786]}