{"FilterHL": [0.02673844082168206, 0.05156043309679731, 0.011971163698731196, 0.029078470514331305, 0.03107698709922394, 0.010639779094465222, 0.016467223341288393], "NoiseHL": [0.049458599380857594, 0.11337776988520663, 0.09602200587724906, 0.13366318130590968, 0.049899016649248944, 0.1210737894019149, 0.1072339287484146]}