{"FilterHL": [0.011426699894266703, 0.03772305022229988, 0.027145941870679393, 0.03572134094955238, 0.19433105841500667, 0.19425340084866685, 0.17625429033759984], "NoiseHL": [0.01987397882946544, 0.04091080789171522, 0.037758059352985776, 0.06181722949554404, 0.07813922962744418, 0.10288198374773574, 0.08147206021346848]}