{"FilterHL": [0.02133907851143143, 0.04680796905541295, 0.031416511720010205, 0.027761718505727156, 0.0238946022765123, 0.027798057561781785, 0.054234583209572834], "NoiseHL": [0.05400462659182371, 0.12262276625204308, 0.06698940068193474, 0.12039309339344985, 0.05584860091135464, 0.12096384727795836, 0.06760382886754733]}