{"FilterHL": [6.53276453690628e-07, 1.6901088235607246e-05, 0.0, 1.6901088235607246e-05, 0.0, 0.007699772449962338, 0.0], "NoiseHL": [0.14567520307051546, 0.2120278888000165, 0.16801938030584954, 0.2120278888000165, 0.2059196678858405, 0.2339226017491985, 0.2059196678858405]}