{"FilterHL": [0.020089988357058282, 0.03775860056694897, 0.01652323553862985, 0.03143845548757673, 0.01714353474441441, 0.04831406945191473, 0.010226076916845853], "NoiseHL": [0.22091131262746388, 0.19669083333594284, 0.23507379835921702, 0.2173724732948034, 0.18008731400777528, 0.12651137310548383, 0.21065793428007296]}