{"FilterHL": [0.023498125283744793, 0.03823804813847972, 0.02573924755151592, 0.030579130229272083, 0.01566047349457897, 0.020202837829228628, 0.03164970527154315], "NoiseHL": [0.07009814522742218, 0.17060735217071582, 0.07365348694888536, 0.17307849347718762, 0.08392533716875668, 0.1809733960336169, 0.07780787514139277]}