{"FilterHL": [0.031241500861419927, 0.04938030218615409, 0.019427309320056305, 0.015698826324407066, 0.04111196364866975, 0.08927166582011915, 0.05031438707505627], "NoiseHL": [0.23640033884906278, 0.2521644421967673, 0.22925107549707596, 0.2677910069849328, 0.2223543457330195, 0.238430921580149, 0.23523251100797735]}