{"FilterHL": [0.04516976921974376, 0.043431349298529195, 0.035107129917534806, 0.04093058727921293, 0.02121134068257621, 0.02925010960045104, 0.04795568235369924], "NoiseHL": [0.0563648679332805, 0.09698540362523282, 0.06183175134486551, 0.09934941114662417, 0.05897031696573817, 0.09049731459750533, 0.07178487762333367]}