{"FilterHL": [0.003648774519178651, 0.01744242738827339, 0.0098451045353706, 0.0070760365179126814, 0.14678437213905537, 0.09044941553043385, 0.09112601518477292], "NoiseHL": [0.3234207218949718, 0.36796883024869326, 0.3035415226898961, 0.3678089615714564, 0.2799558371249064, 0.28122681551925854, 0.29126247195416594]}