{"FilterHL": [0.028282914564759135, 0.041418927139894854, 0.024768844663747673, 0.04162783115511606, 0.02261758013966756, 0.028179978001022805, 0.019658871013976217], "NoiseHL": [0.07600594008345594, 0.09714438985563605, 0.18733525157095698, 0.187884356315952, 0.09971853214964427, 0.0812119300375789, 0.18528780586796123]}