{"FilterHL": [0.015770881328613342, 0.031195090371783862, 0.0218208972726855, 0.02934595679068597, 0.012963904652888884, 0.02122011558606357, 0.05416282146315071], "NoiseHL": [0.1057947737393663, 0.1599068982678446, 0.10927733233522978, 0.1396861813198235, 0.11841509212896381, 0.21767073606549125, 0.11590077038144525]}