{"FilterHL": [0.5669356006974999, 0.03799640570143648, 0.02732647016763047, 0.023940899161484886, 0.025853031699054625, 0.0408360743686765, 0.024337093629634786], "NoiseHL": [0.05295798704371363, 0.07232356648305659, 0.04814106155942379, 0.03650569340477179, 0.051507379978777745, 0.08497757794225523, 0.024896890304640894]}