{"FilterHL": [0.04362763606061234, 0.07041575909373177, 0.06059379261538183, 0.07287555732511555, 0.08799814618226755, 0.07580031602753619, 0.062032631874831407], "NoiseHL": [0.07079516451420026, 0.10974483035817591, 0.11113344408661142, 0.0630368499319872, 0.07227433398436606, 0.09374517145946334, 0.08825676196033394]}