{"FilterHL": [0.045258661061545226, 0.06375259441369274, 0.04288157524033314, 0.05861072399220954, 0.09530425471409434, 0.08445817611947792, 0.05109012858093031], "NoiseHL": [0.04714346416628335, 0.07229703576184499, 0.0498570317794628, 0.06274395393279038, 0.07335076591553846, 0.10897096865519762, 0.08099690472441212]}