{"FilterHL": [0.008971291486086748, 0.2792007688386154, 0.14013501649294435, 0.16567420920757822, 0.06340717420580873, 0.34468752629645244, 0.21008161806517664], "NoiseHL": [0.41010643773536054, 0.6095660444115824, 0.6348061593672321, 0.4555012765598308, 0.42946588169547384, 0.6271072855472352, 0.6254576586480339]}