{"FilterHL": [0.022463548261448398, 0.05707880830027078, 0.03364374831580975, 0.038189045104349735, 0.040260855099705645, 0.03466729376529451, 0.05104270123652373], "NoiseHL": [0.032014187798872974, 0.04424306398352087, 0.03810692305473596, 0.039724008672499776, 0.026739847709800296, 0.0313439480095353, 0.05099515152030585]}