{"FilterHL": [0.0052583037709439786, 0.051915669475522445, 0.004000579372820408, 0.040531354545281666, 0.01199487503398288, 0.042402662896691805, 0.01811861236020401], "NoiseHL": [0.4169306732853101, 0.4111869693251501, 0.40405694368315687, 0.4182277550767747, 0.4351042125630316, 0.3895949106343095, 0.44343320768761]}