{"FilterHL": [0.0030979284546809385, 0.006102357031681547, 0.01078436160785261, 0.02536686012772285, 0.003443100026098075, 0.0014363268698276805, 0.006400848618532776], "NoiseHL": [0.1108303538367945, 0.11739560497214477, 0.1278973333055647, 0.12294162918129271, 0.12941629568547897, 0.11737254461508348, 0.1294396853412222]}