{"FilterHL": [0.022002574813836055, 0.043464984744430925, 0.016554877133469294, 0.024227976769142557, 0.017212726579624592, 0.033611638392093454, 0.014599829753388588], "NoiseHL": [0.03989962333943017, 0.05433532957717928, 0.2133790476726501, 0.23992378507798454, 0.06827410677784487, 0.054536213944333424, 0.2306946377940992]}