{"FilterHL": [0.011599162585217928, 0.030917078811531426, 0.004426080465925523, 0.014176248960490048, 0.004906956210170597, 0.02232689981648224, 0.014028142482454703], "NoiseHL": [0.23507387961219967, 0.224098871062783, 0.22722276300993632, 0.23422274205613658, 0.23439496787089514, 0.20591976584563276, 0.24911286587164894]}