{"FilterHL": [0.05917819777197798, 0.13278340413573603, 0.015537022239880988, 0.0438380750855549, 0.16978441421244914, 0.17277213297528832, 0.17872427916876854], "NoiseHL": [0.32736894880010287, 0.21804569579498176, 0.36692294680529086, 0.23833760241478313, 0.5496071872262361, 0.545195074862501, 0.5608490903523271]}