{"FilterHL": [0.05382415610236008, 0.10406637943423867, 0.021961354933906132, 0.029996653341501787, 0.04357325504205491, 0.10002067944742236, 0.038552281990983685], "NoiseHL": [0.1794754023973131, 0.2001631212076837, 0.2609721941249057, 0.28734908901444617, 0.1933432636684464, 0.16009525986624734, 0.2781777608697629]}