{"FilterHL": [0.02595958243268955, 0.03939525847129644, 0.029019095138634446, 0.015884179692113067, 0.016808306325405593, 0.028704423351443017, 0.01827999468321558], "NoiseHL": [0.14074803172250683, 0.16983274404320234, 0.12453269411577644, 0.14889890031553765, 0.20604609107907512, 0.2064037004791824, 0.19713507579803408]}