{"FilterHL": [0.015837939038539074, 0.04474477855346995, 0.013829138107753578, 0.028209917745663782, 0.01198900668733053, 0.02539627116283368, 0.01167819425765495], "NoiseHL": [0.10828895376404493, 0.10781943653457939, 0.10333237171784139, 0.11421645938415662, 0.06909155984807325, 0.07294417361074097, 0.06943260054593647]}