{"FilterHL": [0.026346265315086957, 0.01798256116397988, 0.010428924852017213, 0.022438966952805894, 0.006819227741186256, 0.014146037983851624, 0.029290323333909282], "NoiseHL": [0.058940774582803446, 0.11334903629363745, 0.05521448086316085, 0.08810054882508761, 0.06708035301224184, 0.10436147171058792, 0.07911862107879794]}