{"FilterHL": [0.04185294007236913, 0.03760958780006939, 0.017875050033738207, 0.011954710840114057, 0.03499723087040772, 0.04078668896396865, 0.04350071973609837], "NoiseHL": [0.30221983296255256, 0.3309810151032855, 0.2941662331320295, 0.3253057914075409, 0.2937600062021504, 0.34142410477061014, 0.2750479150911952]}