{"FilterHL": [0.029696042938941233, 0.048912772195121565, 0.03390668096810294, 0.03312793272702489, 0.02640769253649772, 0.02263189892613817, 0.030608213896682106], "NoiseHL": [0.10175034711429912, 0.11723380730320869, 0.10609564233368483, 0.11462690540943456, 0.10243068683666073, 0.11594238002445134, 0.1052622196471497]}