{"FilterHL": [0.015806599277903288, 0.061095276721909585, 0.041064334953989666, 0.022412741792276127, 0.028877298125109745, 0.022207537819942565, 0.024772107806794157], "NoiseHL": [0.0560389538802973, 0.1078092725721012, 0.09176084141855757, 0.08314987624830258, 0.074622415411363, 0.07169039053984061, 0.060042801025159555]}