{"FilterHL": [0.017898315067328485, 0.0, 0.00957507444269048, 0.00037128477118905504, 0.018687666345450042, 0.010082025108682603, 0.019230812730830854], "NoiseHL": [0.2277978241972002, 0.2541370758203428, 0.23158339941436706, 0.29997710552629714, 0.23417611709326752, 0.23794704771937555, 0.24707371439603434]}