{"FilterHL": [0.020095350989640465, 0.03489230456805857, 0.01734182262215091, 0.02483458368726516, 0.02735191844613371, 0.05477557315383651, 0.02782542947556329], "NoiseHL": [0.27114811302084063, 0.17420416948360462, 0.2708676664780685, 0.1756545326859587, 0.27714679078331766, 0.18896377342286147, 0.2527206583575651]}