{"FilterHL": [0.00081982909896282, 0.030378030210916052, 0.0023907637041836243, 0.011644175298743722, 0.012466926424546112, 0.005847238436552032, 0.03470852421266098], "NoiseHL": [0.1424874897409929, 0.13861572612173118, 0.16565248614768743, 0.17286014053655965, 0.2064338792559603, 0.24476921051208755, 0.20001399103388362]}