{"FilterHL": [0.05083521277076857, 0.04588754394976137, 0.04932811863351743, 0.04958116000041554, 0.08427965123313058, 0.11096892200146843, 0.05547856733466232], "NoiseHL": [0.08942758514910154, 0.09410334434007518, 0.06534064651585243, 0.07902762593917427, 0.12207457418459787, 0.15138661833104597, 0.16501779645727851]}