{"FilterHL": [0.02177790967506587, 0.034427583353928384, 0.025955803408299994, 0.024483737632315004, 0.02458944573944387, 0.02493565974766985, 0.02971298863031375], "NoiseHL": [0.040654345419131196, 0.046903546151816404, 0.01888634715060914, 0.04157313032034206, 0.020051231708515485, 0.031674116255336594, 0.044314959664052675]}