{"FilterHL": [0.002086417929974602, 0.0, 0.02975987037275073, 0.030624271112190835, 0.007634027008984004, 0.003002763740021079, 0.051848415613451763], "NoiseHL": [0.4426708476489185, 0.5258423657101156, 0.47840724576757665, 0.5320546322855506, 0.5443843857286352, 0.5354488648255004, 0.5434017935563568]}