{"FilterHL": [0.03025298948105033, 0.02948156425948004, 0.03195682811547234, 0.034372579213318384, 0.02203935763852055, 0.046812189899468906, 0.03584435186338313], "NoiseHL": [0.0424692845695889, 0.03266671793692318, 0.028272701715327902, 0.04894593350828356, 0.026692752378922862, 0.03970149632481069, 0.0443924354170285]}