{"FilterHL": [0.23128095987633387, 0.17696093882529443, 0.07404229672416973, 0.18934689704070345, 0.37095308471564453, 0.29413500230037726, 0.28453172535181204], "NoiseHL": [0.5669351347366683, 0.5560027301879277, 0.5178658530234387, 0.5348715425605793, 0.5566771615402941, 0.5545898472976037, 0.5385504297812502]}