{"FilterHL": [0.010617790562207035, 0.03228272988476002, 0.016605208216179397, 0.018562068450113108, 0.016909897935011672, 0.017982428402531885, 0.020207675556642296], "NoiseHL": [0.22095367741667335, 0.28297524671593477, 0.21011596661435916, 0.299625843560706, 0.2179362525691654, 0.26371036713816837, 0.22444620240557364]}