{"FilterHL": [0.016967612993595883, 0.04067090654310819, 0.015304266756342957, 0.014911952011277638, 0.016819398996415796, 0.03187966509637402, 0.020130165673028524], "NoiseHL": [0.06732737206384422, 0.15580881923077483, 0.08672268480409645, 0.14772437656874976, 0.08751372457376211, 0.14728421656665097, 0.10489839920554989]}