{"FilterHL": [0.10586853621405118, 0.05188561526711994, 0.07614165569974568, 0.08768427789848313, 0.27209047817429216, 0.191883638320704, 0.11296955667865402], "NoiseHL": [0.3397553532519229, 0.36651909222895823, 0.3716419815591424, 0.3979583000952994, 0.31601396634679096, 0.36774021219016395, 0.35932022032682925]}