{"FilterHL": [0.011165218668219066, 0.002631761598683819, 0.01513294933462603, 0.02154667436565934, 0.017018050393888904, 0.022815877418685872, 0.03355746411692045], "NoiseHL": [0.34447415402312054, 0.43836750336573455, 0.3910081809323966, 0.48220032854501144, 0.4443908635845172, 0.3587048795676915, 0.49464068174465653]}