{"FilterHL": [0.04810864419233701, 0.08198605880880525, 0.03726741822123027, 0.06372769240971254, 0.0315825880385525, 0.13514434461479458, 0.04736584649523515], "NoiseHL": [0.19708311878401025, 0.20747396896492415, 0.1652007867214393, 0.18707242068226917, 0.20347757595307922, 0.22572617432913417, 0.17565854049839688]}