{"FilterHL": [0.03917713527303009, 0.05290979682391033, 0.058193116066919987, 0.06877119253316702, 0.029137849908067257, 0.17627960427099093, 0.08024976201158517], "NoiseHL": [0.1010374720190013, 0.14773670617973528, 0.13551039024195113, 0.125994928905523, 0.18701577715033968, 0.18612629217200238, 0.17388778132995705]}