{"FilterHL": [0.07036492100857662, 0.06974902073149145, 0.07494637131620044, 0.817390962850969, 0.06753481969300411, 0.04741110281131954, 0.08803125835886917], "NoiseHL": [0.14026512738889266, 0.15834748018906522, 0.1330290841272864, 0.1773654587974052, 0.15379353185154576, 0.17033668616389924, 0.16065945516144428]}