{"FilterHL": [7.87136207103792e-05, 0.0, 1.5362693168133352e-05, 0.00033025553446449735, 0.007635006966946573, 0.02098468249894524, 0.013089226611485174], "NoiseHL": [0.20217423592924638, 0.2393868301256415, 0.20960401046104254, 0.2520758735267398, 0.294571808286785, 0.33422761671951423, 0.31316232914598263]}