{"FilterHL": [0.0007312466052952491, 0.0, 0.0, 0.0007821723495723202, 0.0, 0.0025487669531872228, 0.0], "NoiseHL": [0.29275215217742273, 0.30881681198870464, 0.31746116200074787, 0.3350491837643214, 0.30968974984153164, 0.3423770863549488, 0.31660503303722437]}