{"FilterHL": [0.12954067250989443, 0.0017113996988553073, 0.24485985506703326, 0.0, 0.43920050107745023, 0.0, 0.5976432275025354], "NoiseHL": [0.7050381873648963, 0.6753032840525893, 0.7154434955017999, 0.6826417551817748, 0.7267292121523519, 0.6779653276119983, 0.7324531347168369]}