{"FilterHL": [0.0, 0.00048200812901782547, 0.003614273681222133, 0.011228761575744947, 0.010868850158034196, 0.008433115837307433, 0.007693508684059387], "NoiseHL": [0.14395320073022042, 0.1634756284592911, 0.175392503752571, 0.19226166861519178, 0.1492030206665073, 0.1556830423026838, 0.19448580951758207]}