{"FilterHL": [0.02805058151928347, 0.03159524134392952, 0.027488899357970803, 0.018929784170680423, 0.023120284284097865, 0.030243650772444716, 0.016578869712211095], "NoiseHL": [0.06258899273212122, 0.0798616435819566, 0.05878038612883358, 0.08627801812700342, 0.08890358409300028, 0.06648505378777304, 0.07436393155308112]}