{"FilterHL": [0.009342395178231641, 0.029851158975841792, 0.009548256440483217, 0.007472139038755202, 0.029382822236288124, 0.011082681220246623, 0.04211200584191995], "NoiseHL": [0.08687063321376819, 0.1641252605328451, 0.14044473462777846, 0.1632691789665288, 0.08136883282315356, 0.14366888422464527, 0.1497926517760052]}