{"FilterHL": [0.03001218863143115, 0.01207865538484693, 0.02462595752214001, 0.030997991629541994, 0.09705937007383364, 0.12275404878110174, 0.09235033134130725], "NoiseHL": [0.22699127937902508, 0.15835804015492536, 0.21042741046564603, 0.15584337291507167, 0.23194363897154088, 0.19667877240130374, 0.20682626246372032]}