{"FilterHL": [0.0, 0.0, 0.0, 2.132662695640115e-05, 0.09074855784303158, 0.07966412507850038, 0.09573969510789684], "NoiseHL": [0.12745679692125245, 0.14044858014632036, 0.14044858014632036, 0.1490620996510314, 0.12698414382989323, 0.13489171853000886, 0.12829826714438028]}