{"FilterHL": [0.027919907112800613, 0.01292335067369196, 0.018957573870509437, 0.011093560367013307, 0.0386976483046213, 0.029844075636474152, 0.0409251554242684], "NoiseHL": [0.3247886193414628, 0.33665509159243373, 0.3621992773295509, 0.35033259997738525, 0.30461717444458697, 0.32206106881809304, 0.3039879620802568]}