{"FilterHL": [0.02376471038692601, 0.016303308976356626, 0.0348116164136965, 0.027327422393617275, 0.013814543291944053, 0.016736388205426216, 0.030792078017181007], "NoiseHL": [0.15927408424669653, 0.1693248623096023, 0.1558159811198922, 0.17168786144689518, 0.21056996737005546, 0.22858724205753603, 0.20978304774750314]}