{"FilterHL": [0.0257220096598335, 0.012443887157096658, 0.01682253968472303, 0.0263826571827271, 0.009424554655390821, 0.01805983786487503, 0.007012657883327654], "NoiseHL": [0.159189832524068, 0.18478406838168188, 0.16287037874288957, 0.15571316596875745, 0.16450101555728394, 0.14253735393148442, 0.1881778226124545]}