{"FilterHL": [0.03536293017202848, 0.025026463075543827, 0.0309715207763402, 0.04853446381611233, 0.07998247080637182, 0.016544951134662905, 0.04457527925426962], "NoiseHL": [0.06049663187256505, 0.06195103894273634, 0.05779657295321005, 0.07521142410345832, 0.08078343486218581, 0.0688849937157987, 0.05397158403189932]}