{"FilterHL": [0.0026670486592079465, 0.011082460323324416, 0.011323934724099616, 0.012103415737541498, 0.007066229078778205, 0.005362939078823209, 0.0077631402033750225], "NoiseHL": [0.24647295652137186, 0.23830934910433152, 0.2537981863140536, 0.247562043698141, 0.2688061606857323, 0.2652410751201922, 0.26395232659469176]}