{"FilterHL": [0.03425645018583949, 0.049122890955158434, 0.034099072674530544, 0.030256639612704476, 0.0699999339796949, 0.05762414534762286, 0.0447328096625781], "NoiseHL": [0.06989580195295439, 0.06362229088952076, 0.06106128580077077, 0.06652870344581557, 0.08561297887816438, 0.07188797003469853, 0.10011130445289933]}