{"FilterHL": [0.005769891619563456, 0.012884987971535566, 0.001763505406482246, 0.016223434123215107, 0.00752449156368005, 0.011742702595794687, 0.005712947594832977], "NoiseHL": [0.27319264468782833, 0.14649524573667785, 0.2277649706831981, 0.2192760447189323, 0.2623061964433932, 0.12616727230741565, 0.22032185726573547]}