{"FilterHL": [0.059218809492491455, 0.07173647567760531, 0.04346277347812189, 0.05908690441679101, 0.03354144566254853, 0.06753654672710468, 0.056914959387368784], "NoiseHL": [0.11848102388760402, 0.09309788053102802, 0.08697642444158052, 0.07646096684143878, 0.09337575815338722, 0.06650244292661789, 0.09385688011581178]}