{"FilterHL": [0.022762287598074794, 0.042808558512417126, 0.038968659110602356, 0.03815611368634885, 0.03343570640814921, 0.040172912930373325, 0.032564534937453385], "NoiseHL": [0.10934509458210975, 0.15293052572351676, 0.10988893963149089, 0.16973796567860883, 0.11881042640648856, 0.15552896325113771, 0.13991294389491918]}