{"FilterHL": [0.04466982073239898, 0.20143967332240226, 0.05908336599502135, 0.04602574546424627, 0.05600483470646185, 0.06350580529271162, 0.06356849369260739], "NoiseHL": [0.05987571200308066, 0.08300900029793064, 0.0683930091886109, 0.08805049390984676, 0.048355139981382, 0.07858584564543543, 0.07868677800795874]}