{"FilterHL": [0.02573554536819583, 0.04015510367007033, 0.027919697188317286, 0.04277960377048915, 0.01871426533017769, 0.01020950024221393, 0.055724647945243885], "NoiseHL": [0.30053737236037487, 0.30282261822044204, 0.10766646484292108, 0.11550562506480737, 0.3204794094978149, 0.29028763526758034, 0.10104812587060708]}