{"FilterHL": [0.013688218471647974, 0.0657053622550594, 0.008372854080718613, 0.07248518710933449, 0.01735314606455699, 0.08747230737914946, 0.01050376326164998], "NoiseHL": [0.13715537122131868, 0.13963882864428032, 0.1629643421040839, 0.17984724903935076, 0.14045021730864568, 0.14310203613417644, 0.16671107642640767]}