{"FilterHL": [0.011116962836905888, 0.023698559699966076, 0.008811131871733963, 0.02090603609162685, 0.010455180142506033, 0.006640933922200761, 0.01752386359781494], "NoiseHL": [0.15562475056120384, 0.16503623340579182, 0.17018445691750472, 0.15774036204195455, 0.21447871376719768, 0.21744805117215407, 0.197089198026643]}