{"FilterHL": [0.026253576977638707, 0.04700520521406876, 0.029654238819930727, 0.04041199821399558, 0.0150368657657456, 0.032846855285023985, 0.028697705210691513], "NoiseHL": [0.07884258457742092, 0.07127349403746597, 0.09042462369509795, 0.044156884141845786, 0.08795826792072704, 0.04869789335848042, 0.07836502455132885]}