{"FilterHL": [0.0024491161350877542, 0.024646238075404326, 0.020212007977297265, 0.001428368413626086, 0.012031920854232396, 0.004960193870939827, 0.017423050262848648], "NoiseHL": [0.1903522515507323, 0.2279783446170883, 0.1912216874875537, 0.2306224005239519, 0.11945499673698104, 0.18809742602180238, 0.13557960709366065]}