{"FilterHL": [2.6215825746752777e-05, 0.0, 0.0, 0.0, 0.0, 0.0, 0.0002013852461957412], "NoiseHL": [0.1507282797138842, 0.2059196678858405, 0.19707921959999697, 0.2203211650582041, 0.18785815120172258, 0.20960401046104254, 0.2226395172490795]}