{"FilterHL": [0.019482236421382627, 0.04403572923987742, 0.00824490834526437, 0.03596287054870953, 0.011794829098260264, 0.0182915513902649, 0.031836502351342715], "NoiseHL": [0.14749099492087522, 0.09578466046720199, 0.17197566006396608, 0.18482501840543178, 0.1562469998557891, 0.0822146413905141, 0.1792774589069599]}