{"FilterHL": [0.00011846364101781384, 0.0, 0.0, 0.0, 0.02531050647854589, 0.020180767987949533, 0.008485425512024261], "NoiseHL": [0.1490620996510314, 0.19317708832355046, 0.2954782282049058, 0.33422761671951423, 0.3246098416364022, 0.32943012854301695, 0.35759607931732856]}