{"FilterHL": [0.014272322040478846, 0.018767716319157406, 0.01942853048462711, 0.03550200127923124, 0.016961720528914082, 0.013904388480605042, 0.017537200853195697], "NoiseHL": [0.06687451764113606, 0.052443147782245715, 0.06393418719299951, 0.05010861963358123, 0.1325237623847539, 0.1429551842065569, 0.1176260287924549]}