{"FilterHL": [0.057030713357120164, 0.05102778243618373, 0.025915207407008735, 0.04043638438001309, 0.03679679319985856, 0.1343189705072521, 0.05307231254556031], "NoiseHL": [0.23587166445523958, 0.22564653937279477, 0.22623343211668923, 0.23832058856908112, 0.2274372021420534, 0.2575731796969679, 0.23418426948075216]}