{"FilterHL": [0.0017015409537421164, 0.010387131472320302, 0.010848775077825364, 0.010237280304746557, 0.010468947056666856, 0.009353765262626396, 0.003215580635125616], "NoiseHL": [0.044218030357799615, 0.06294859432005731, 0.06662488977447421, 0.067073648397336, 0.05458615974608546, 0.07159959277266757, 0.08305966056502444]}