{"FilterHL": [0.001312596398846012, 0.0, 0.0, 0.005872959939471764, 0.021573705921686715, 0.07878967001301602, 0.03888656395226552], "NoiseHL": [0.48165043551804065, 0.5187716523477297, 0.5245585343444046, 0.5494796429438754, 0.43926320735596824, 0.4830574684470827, 0.4482133973748697]}