{"FilterHL": [0.4647663325665611, 0.4569638071194194, 0.4649369325472425, 0.4323528890077927, 0.4689368641013069, 0.47592961052824445, 0.4555834496282149], "NoiseHL": [0.49109947945043037, 0.5043508589687808, 0.48516053960051964, 0.5164146768465738, 0.4978215637982162, 0.5314412847097737, 0.48872580662297926]}