{"FilterHL": [0.006545786349589567, 0.006245638993487342, 0.004757757782606492, 0.007355429873947186, 0.0736813261505309, 0.09455127575487786, 0.07591016112185345], "NoiseHL": [0.27124714685983975, 0.3106399256005513, 0.26963870795601147, 0.31679468261257043, 0.24884611567380477, 0.2833264413503395, 0.23217519055798533]}