{"FilterHL": [0.01141518734909125, 0.017122241469797485, 0.00661490946118852, 0.00804505768682234, 0.01290750259679916, 0.018044322420008682, 0.04932482508231971], "NoiseHL": [0.11535219978878164, 0.09410097762932218, 0.11189376840773461, 0.12178478555012252, 0.13546425638442913, 0.1639249430163459, 0.14813483379220216]}