{"FilterHL": [0.004859452609152311, 0.02674724654405455, 0.019903235549057083, 0.02670322326358146, 0.011804758213387839, 0.016587999216031678, 0.02344878786533238], "NoiseHL": [0.08308383485838026, 0.10027340930757528, 0.1295345259793698, 0.11354747492454652, 0.08292655137325407, 0.07792600218250252, 0.10428692737807582]}