{"FilterHL": [0.057539669511091435, 0.05288713086731391, 0.04986063494881526, 0.03887923613517794, 0.04562968790016102, 0.0458628713663524, 0.039829988307016735], "NoiseHL": [0.16917934893372708, 0.14810732262577775, 0.1784480227109227, 0.16290240026132444, 0.16256801890221323, 0.13719483379068717, 0.18426566399167177]}