{"FilterHL": [0.00587133703750053, 0.019443540925382707, 0.004161314858739275, 0.004168244051780195, 0.014123612435957932, 0.0049847295128133675, 0.013111758050507745], "NoiseHL": [0.2561896846202062, 0.19526781276864313, 0.24370079169930617, 0.18504619619691667, 0.24925266198452012, 0.21562098904450808, 0.22265572688619084]}