{"FilterHL": [0.03509141040062147, 0.0465734292959222, 0.033080017124219464, 0.044721420010392685, 0.04078452971294934, 0.03951411887052019, 0.034290838454191], "NoiseHL": [0.13132179308188935, 0.16952489162655082, 0.16350521807780716, 0.1913885922241993, 0.16045503226860924, 0.18377962457904523, 0.19841065959406295]}