{"FilterHL": [0.004708089811052489, 0.017582333253741186, 0.012437604846380273, 0.004923762512714582, 0.005417610081548117, 0.010483373405498559, 0.023872638715375493], "NoiseHL": [0.07666273159775004, 0.11942472595269374, 0.10858959174053831, 0.1214865679583576, 0.10392731543125366, 0.1255084933745681, 0.11085845093042185]}