{"FilterHL": [0.06172651123012663, 0.07393339140878574, 0.08982275913835014, 0.11534547673755983, 0.07819538069931461, 0.0615833360004501, 0.12896772513880264], "NoiseHL": [0.07278555560727669, 0.06311564956082906, 0.2196449462732723, 0.2158145938789847, 0.07107888746176444, 0.07504823788075635, 0.207264153422375]}