{"FilterHL": [0.08711686992581513, 0.07419360625624151, 0.054376126329779395, 0.07263105153639124, 0.07667970430937252, 0.0685738356478468, 0.10089511953359849], "NoiseHL": [0.16305069946478354, 0.12283916822831681, 0.19087229071747763, 0.20372611877579888, 0.10613999631372666, 0.0976681085105249, 0.15780285392748689]}