{"FilterHL": [0.00013587342048778113, 0.0, 0.0, 0.0003950895671945606, 0.0, 0.0, 0.0], "NoiseHL": [0.29366312361983693, 0.3423770863549488, 0.32843355267654617, 0.3721517875737817, 0.3383205474006166, 0.3590473624079459, 0.3621602913026009]}