{"FilterHL": [0.008964067512521002, 0.023032192634090808, 0.02920917050566912, 0.0006814635939622983, 0.01886873897850824, 0.03631315913664686, 0.03183029461325737], "NoiseHL": [0.18086789250459304, 0.22445058035536677, 0.18631503573235283, 0.2458027183570052, 0.20755365158068234, 0.2051430590568763, 0.22453930826671734]}