{"FilterHL": [0.015256274212239981, 0.011383761273804895, 0.0116726543437379, 0.027218554813021743, 0.0058191914401490895, 0.017372171549982104, 0.012405976143007631], "NoiseHL": [0.2278361538940212, 0.3007975278096044, 0.22639030574227692, 0.31663325208017173, 0.2936727318444684, 0.3054790557726406, 0.31406389644289406]}