{"FilterHL": [0.0024679383936667522, 0.010702436113130641, 0.02611679280747376, 0.011457955913732817, 0.017995741579551926, 0.026274448229017, 0.022599622123714354], "NoiseHL": [0.19596769266887418, 0.2137362542054438, 0.21116930753563262, 0.20534836685482022, 0.23809627526882057, 0.2517125416020797, 0.23624210096074785]}