{"FilterHL": [0.07745263077893809, 0.008405980324506906, 0.05323065985103589, 0.009928347346889521, 0.07864230059551819, 0.030332794864456628, 0.053883504758147856], "NoiseHL": [0.14436412947542304, 0.11915537843143949, 0.10673825310946404, 0.08959408038628741, 0.1498692790198488, 0.11672820323022039, 0.12499368739425477]}