{"FilterHL": [0.024716641448836944, 0.04869504174792046, 0.03286931567420349, 0.033182554504448125, 0.02775448159942421, 0.027770835563857933, 0.027450144903411453], "NoiseHL": [0.11440964754787233, 0.10293667605976398, 0.08926163942836145, 0.1007717417128745, 0.08329521080215951, 0.09694174926832985, 0.09952143682856453]}