{"FilterHL": [0.0, 0.0, 5.262229841967792e-05, 0.0, 0.01083370528722387, 0.0, 0.0], "NoiseHL": [0.12350322450529108, 0.29366312361983693, 0.2531082856368078, 0.3849502264547481, 0.14567520307051546, 0.3044224920897379, 0.2612408472229728]}