{"FilterHL": [0.018390311869947433, 0.034329461176380666, 0.01977585476497702, 0.04274794041786842, 0.034043564778653314, 0.05626368375013124, 0.06703239845551835], "NoiseHL": [0.027971148754378904, 0.05696006202165, 0.037996652627883556, 0.05461654404226542, 0.036919722686413976, 0.04978628256644078, 0.06627690119767293]}