{"FilterHL": [0.002770628856567685, 0.014873977495700002, 0.011301361455079116, 0.0045071109878425135, 0.004243478418318814, 0.006235258103183722, 0.020569574227649958], "NoiseHL": [0.1695302880745839, 0.20613430285507042, 0.16039585818548796, 0.20960435656746695, 0.22856285146235034, 0.24616228925445088, 0.2012645283226982]}