{"FilterHL": [6.53276453690628e-07, 3.6878588615980417e-06, 0.0, 2.5709624330157667e-06, 0.0, 0.0, 0.0057968893591730545], "NoiseHL": [0.1634756284592911, 0.20838248111736035, 0.22834309600589234, 0.2582168997340125, 0.2226395172490795, 0.2541370758203428, 0.29092325922431733]}