{"FilterHL": [0.005624737982905917, 0.017417696973268747, 0.004673669320215488, 0.012232746664487034, 0.0071251522013892465, 0.0063109387999234975, 0.02122824990961078], "NoiseHL": [0.14160470137148853, 0.20064938252366027, 0.1791142038928608, 0.23557254162038624, 0.1482691743883877, 0.1721753783177935, 0.1805695471442125]}