{"FilterHL": [0.014043432530177426, 0.022385652198188152, 0.014683280186375049, 0.032159002161994514, 0.0034890911845837282, 0.03575585488712337, 0.024091733408250555], "NoiseHL": [0.15005839544623265, 0.1594403552714259, 0.17578625174949186, 0.1818421606527823, 0.1998093900791849, 0.2152696135845432, 0.22401900728653593]}