{"FilterHL": [0.025540992101710645, 0.019397985063518367, 0.014957800652010427, 0.03223468317719779, 0.009094824324226786, 0.01681883694164176, 0.03693176846751509], "NoiseHL": [0.15849287843431237, 0.18900916783593322, 0.21924917122134857, 0.20125068830026813, 0.169866352529258, 0.16732791499833632, 0.2073590953930801]}