{"FilterHL": [0.0350339267587043, 0.039076999538190764, 0.03501059939424902, 0.03917270953905616, 0.03408323106878966, 0.061273726642093136, 0.024822477713825786], "NoiseHL": [0.0413020166938199, 0.048297788283537244, 0.025126509785292933, 0.046419759246901955, 0.020020674431808414, 0.05754590752484425, 0.043715713782351485]}