{"FilterHL": [0.00408343153159927, 0.03229569956934646, 0.017573611871372543, 0.014077592919242647, 0.023763972399252008, 0.009232311672206128, 0.028811728771528156], "NoiseHL": [0.06335615673023262, 0.18069698308938764, 0.10401658406120096, 0.19479120394996735, 0.08060359344174252, 0.1740806001026661, 0.12042631585749426]}