{"FilterHL": [0.05383098819731386, 0.027176166621437015, 0.01682423746683255, 0.0446267192090567, 0.00786264799528796, 0.022976490895117087, 0.02716805838596395], "NoiseHL": [0.13281810388433157, 0.11001408618940524, 0.11481697984300603, 0.12434704701381494, 0.12585591962668885, 0.12181469976266388, 0.12358758933621242]}