{"FilterHL": [0.016166253700679107, 0.0228065227726793, 0.010037201946295479, 0.008485992227536598, 0.007305382419498449, 0.0026439608115252145, 0.003376325539697571], "NoiseHL": [0.23580093803967547, 0.21463944055561482, 0.21456134776085636, 0.2283434669648478, 0.177234949779801, 0.13685794068425117, 0.1753376633703517]}