{"FilterHL": [0.08648417153650591, 0.09566603167412067, 0.06493543757317277, 0.12986245829981202, 0.049971668244630174, 0.12457699765967038, 0.06586998459725953], "NoiseHL": [0.21253838874337908, 0.19287767621900143, 0.1997158248150185, 0.21530537754971898, 0.18510039062963868, 0.21823302824927066, 0.18779951080454266]}