{"FilterHL": [0.03026180719119597, 0.026395595563051343, 0.02543269935071777, 0.023339741453019515, 0.03275347936213506, 0.028113939894664566, 0.04708689120063478], "NoiseHL": [0.16325484621029832, 0.22628972718251586, 0.15203709894171705, 0.22409193537640443, 0.1654922599757558, 0.22246659065762955, 0.1764263231266974]}