{"FilterHL": [0.0402980849305151, 0.06974630067118327, 0.026720558812120897, 0.01898507045962496, 0.031030109802791188, 0.048901491528938794, 0.05790608419222091], "NoiseHL": [0.046700647285033516, 0.07116358960797114, 0.023319426384067005, 0.020255233632246204, 0.03384267117951813, 0.0451161849801079, 0.06043403069149064]}