{"FilterHL": [0.13216912408951947, 0.13549723064653732, 0.1130750243715921, 0.14093043387304913, 0.16715153223156676, 0.18746915362194966, 0.15148717574757467], "NoiseHL": [0.347407020279881, 0.31038333477904345, 0.35151992246135333, 0.323527769369395, 0.3029276749174167, 0.2778616510566036, 0.46634116238275897]}