{"FilterHL": [0.01882312198372853, 0.017610969455953744, 0.014612774403619718, 0.011856143897919811, 0.020750194689098406, 0.01701711102151703, 0.021624852904235596], "NoiseHL": [0.04676906712384359, 0.19784715953231877, 0.07011806876135729, 0.20488563248495456, 0.08371934770651332, 0.1355809954940871, 0.09169092614997962]}