{"FilterHL": [0.0, 0.0, 0.014423237812720313, 0.06350356361193676, 0.7071067811865475, 0.7071067811865475, 0.6944184632745583], "NoiseHL": [0.4796688314116495, 0.4836288173711282, 0.5193906838110749, 0.4977802669480753, 0.5656625130330626, 0.5780901522463622, 0.5020389854309378]}