{"FilterHL": [0.024263839693968867, 0.021179909329002346, 0.02103731160887831, 0.052634493432211986, 0.015996461892969997, 0.022162888716295417, 0.02804168256664341], "NoiseHL": [0.13299015349477625, 0.1417362076274223, 0.12657362539928135, 0.13450623848455517, 0.1415497587872324, 0.12005170556154665, 0.1499909625390433]}