{"FilterHL": [0.035328952389119386, 0.09595595696370231, 0.05766117648732845, 0.07514548901922319, 0.048528527502793246, 0.07641795852464496, 0.06329249501133234], "NoiseHL": [0.09315033132814025, 0.1971325408487672, 0.07993958379647505, 0.13919015109421068, 0.1316539038822257, 0.168666132837118, 0.07194004347326831]}