{"FilterHL": [0.04258823765651321, 0.04258410675287259, 0.03218361751023703, 0.0470324520541905, 0.05966510277918488, 0.06301746180313528, 0.034713540654956895], "NoiseHL": [0.06933262298418393, 0.05695726844366452, 0.03170994770234083, 0.05127539859715135, 0.04369519728532933, 0.05380124734465816, 0.034538008573737566]}