{"FilterHL": [0.02953599933207702, 0.038169965752495316, 0.029348966485681506, 0.03990473420559395, 0.030246748423908495, 0.05419263554007954, 0.021196817766819788], "NoiseHL": [0.19132043896470247, 0.2299492328330505, 0.17326510643766124, 0.24501046447519179, 0.19740443596148843, 0.24642728339802616, 0.19686810286303547]}