{"FilterHL": [0.04883379251731558, 0.03489476527015611, 0.031530199450909714, 0.027849395600631443, 0.11267999400597506, 0.06304677985763113, 0.04314800151601664], "NoiseHL": [0.341799838665886, 0.4413002499147088, 0.3860324320275426, 0.436889580023884, 0.4574327912878847, 0.5135391441748167, 0.48177071717929576]}