{"FilterHL": [0.002022590738313934, 0.0008038955627880109, 0.0004257692070170634, 0.0041593880854980635, 0.0, 0.0027250685702347403, 0.0], "NoiseHL": [0.14044858014632036, 0.11082626380937569, 0.13866442710839363, 0.10634809948981847, 0.12350322450529108, 0.13129519017397245, 0.12549508256710148]}