{"FilterHL": [0.030979831074205044, 0.031318925478184614, 0.024684747769633045, 0.03010962878577791, 0.018203808489173905, 0.022518601062182286, 0.04922222974928444], "NoiseHL": [0.0859921608758144, 0.19801785553201295, 0.09807826315275692, 0.19286255790325002, 0.11076487955314152, 0.1858650730034314, 0.12558210248333287]}