{"FilterHL": [0.013668888985048528, 0.027983881067335604, 0.012402328670696952, 0.02749962570429911, 0.00985870470969003, 0.04276063770794114, 0.026070949689407697], "NoiseHL": [0.20528983957517688, 0.21855707070615984, 0.2165083325995426, 0.22580781201233782, 0.22087760897130146, 0.18095403848510658, 0.21358151267567052]}