{"FilterHL": [0.0789289120120843, 0.05489906654938019, 0.07574771218384155, 0.07743935484556716, 0.138599507646281, 0.16016514359624504, 0.09334312076418658], "NoiseHL": [0.44538999661020445, 0.4402220351947257, 0.24274893494286054, 0.20825091906089532, 0.4526977033415174, 0.43617543017370847, 0.27158028402282075]}