{"FilterHL": [0.0, 0.016373766975679844, 0.01752835530775783, 0.056654783134495575, 0.014508700422114069, 0.14253057076568143, 0.00487891334279087], "NoiseHL": [0.30881681198870464, 0.33730445291725863, 0.4183017165841477, 0.37127853983102826, 0.24474362140675346, 0.348406680890688, 0.35826616493699964]}