{"FilterHL": [0.025612734485232613, 0.04945633430563592, 0.02243203123100719, 0.03796290341670719, 0.03199231939610699, 0.03809817561821323, 0.02198809653442121], "NoiseHL": [0.19258997738999, 0.2525680207370293, 0.18815369419093592, 0.24270987286537926, 0.2545329537237416, 0.1875097732453243, 0.2420742852886795]}