{"FilterHL": [0.027188838127880203, 0.02236183533850385, 0.026503890468728874, 0.00704655796150346, 0.005199818544799132, 0.019064135230583843, 0.014778729647856623], "NoiseHL": [0.1608477721327175, 0.2120086891885658, 0.16877436074486382, 0.20104244668739304, 0.1794521623856025, 0.21128502362777943, 0.14207478587929676]}