{"FilterHL": [0.17557782920843407, 0.04528794030399864, 0.21424959283015138, 0.03759590793779865, 0.18080252344525588, 0.02836367778457381, 0.2542128626770246], "NoiseHL": [0.5980870247750989, 0.3740586706672788, 0.6295510833318033, 0.3815125285133223, 0.6028221475618956, 0.38182173992991486, 0.6595433056933042]}