{"FilterHL": [8.910405184896912e-05, 0.0, 8.910405184896912e-05, 2.5920359342057443e-06, 0.0041172159830925575, 0.012939268780336154, 0.0033652996671427564], "NoiseHL": [0.3407587467942908, 0.34398982727819466, 0.34075874679429075, 0.3690972973785796, 0.38046581783026107, 0.3952847075210474, 0.3789632562956531]}