{"FilterHL": [5.2643373412612745e-05, 0.0, 0.0, 0.00022577456479439185, 0.09410635792582325, 0.10509693857878527, 0.09545003293476977], "NoiseHL": [0.3105607534363284, 0.3447941251790983, 0.3267638742314115, 0.35748376388368475, 0.2984775219456926, 0.31681125986194936, 0.3027125010042376]}