{"FilterHL": [0.06454847330884587, 0.09354643642217891, 0.033784171583091965, 0.09813530381259254, 0.04676434525887681, 0.10380676248453978, 0.050029223085255814], "NoiseHL": [0.16048019690967869, 0.15209446060646042, 0.04335860730504373, 0.0687484467098398, 0.13633502197855565, 0.15461791585843124, 0.036030259444572714]}