{"FilterHL": [0.018424773059592486, 0.009184909202979145, 0.02355450914152806, 0.010111611710967198, 0.032709207370992414, 0.007792393480900341, 0.029183555670576008], "NoiseHL": [0.12370332195312536, 0.15578081524380388, 0.15995913532555672, 0.16691623976394035, 0.1538868612922845, 0.19166464317231266, 0.20575586612014918]}