{"FilterHL": [0.04116771607700969, 0.0126492822566634, 0.027513826194757333, 0.00730469777763306, 0.32317935000416714, 0.337619614025848, 0.2449652449394651], "NoiseHL": [0.5116238850210274, 0.5555996855175913, 0.3654516730892074, 0.43169161792588, 0.3593904897540305, 0.406148365240768, 0.35080896866283573]}