{"FilterHL": [0.011521793028760224, 0.02172673128989782, 0.043373574224737074, 0.08972166633788935, 0.057487330836947334, 0.0397661016398122, 0.060891576890190396], "NoiseHL": [0.18120947981581448, 0.19444019673511947, 0.354330591995876, 0.35357755370766075, 0.27977909034275095, 0.2917195489049612, 0.35895021100054914]}