{"FilterHL": [0.024784161913911352, 0.057549429330554736, 0.014367270918164952, 0.04615987114739271, 0.035292470857253185, 0.04662562744131262, 0.05324033878238594], "NoiseHL": [0.033992128733165955, 0.07067891626037469, 0.02320017446039565, 0.042649312255736725, 0.05213000395897541, 0.06494947039154882, 0.06425029454994165]}