{"FilterHL": [0.010404397183722477, 0.0582414011818592, 0.034750291927881746, 0.03262237595545484, 0.22399809904677864, 0.050035172831614176, 0.19715174642362082], "NoiseHL": [0.32829854033867933, 0.4070758298137147, 0.28940039709267545, 0.3926158448432627, 0.3323682628571029, 0.4103657830801785, 0.3169206040624112]}