{"FilterHL": [0.00036310403439251444, 0.0, 0.0, 0.0008503392725134284, 0.02036365661495992, 0.0, 0.0002320143182172495], "NoiseHL": [0.23830281775681836, 0.294571808286785, 0.25720215815045966, 0.32001888456532224, 0.2009115892650161, 0.24261333094355142, 0.2393868301256415]}