{"FilterHL": [0.0016819949357874597, 0.01047044847642852, 0.020121713888996424, 0.04579922788668247, 0.007058517563534115, 0.0032561339712752313, 0.03629205536174417], "NoiseHL": [0.24790907888765304, 0.3035375752754972, 0.22716158271414505, 0.2978687750161477, 0.2909232592243174, 0.26423520936170475, 0.24127964026209206]}