{"FilterHL": [9.030538943522326e-05, 0.0, 0.0, 0.0001781771772498377, 0.0, 0.011571392860599886, 0.0], "NoiseHL": [0.20467814417459612, 0.2825738991468142, 0.20838248111736035, 0.3105607534363284, 0.2881621992123956, 0.34639862872051724, 0.3008703820942616]}