{"FilterHL": [0.016592744749185883, 0.032545650214302314, 0.014991268185807233, 0.029524312684578308, 0.015390462497988778, 0.01750435596386601, 0.02729062269397222], "NoiseHL": [0.08931077478464197, 0.10574820174355139, 0.08707545368288278, 0.10644508595449358, 0.09447984203741963, 0.08949358391220064, 0.09712144745368868]}