{"FilterHL": [0.00761859550868266, 0.012991513906052311, 0.0025357677122864663, 0.009896681785418691, 0.013406080696246513, 0.0063410189894591365, 0.013726171185848991], "NoiseHL": [0.1813224085419712, 0.19481389851113629, 0.1799130409062464, 0.20765288572354865, 0.16779423854607894, 0.21852400355294896, 0.1696158671667848]}