{"FilterHL": [0.004339666486711057, 0.017570190737880662, 0.008172720554602338, 0.014720480108336965, 0.012277343822081713, 0.012324521699722497, 0.03126720247007194], "NoiseHL": [0.2792433984412987, 0.30519096087224473, 0.4436866610677343, 0.42325170022751046, 0.284843717109224, 0.2788021756927267, 0.3167819121980677]}