{"FilterHL": [0.02882234290098788, 0.03941100415410675, 0.03734068365084541, 0.04814782438972923, 0.02429106666358682, 0.025604361796173748, 0.038206717691961364], "NoiseHL": [0.040820741662706994, 0.04609042133359343, 0.05373073812001218, 0.04384920862282665, 0.03528090894034186, 0.041205085201592224, 0.03355638484491132]}