{"FilterHL": [0.07486470466568122, 0.043550908705568506, 0.029399231814205333, 0.05437387629007494, 0.023904801704523103, 0.09049636843736893, 0.06591097201697903], "NoiseHL": [0.030581144404367114, 0.07119926936994338, 0.1309230984203513, 0.14782935210901577, 0.09479912708523644, 0.11851060202873953, 0.15120402554167323]}