{"FilterHL": [0.04141291797392134, 0.06102887623181981, 0.03892124487006832, 0.06341957946938856, 0.02457548440533952, 0.036426289180588635, 0.026940767742107224], "NoiseHL": [0.05191179499499954, 0.08975145600012938, 0.24633889759523844, 0.2655850959904149, 0.08066364841266914, 0.07329112446881154, 0.25152619747989924]}