{"FilterHL": [0.25082470098483384, 0.2714808330343291, 0.38250699069818406, 0.3192507732661311, 0.39560061736170665, 0.3466157888336912, 0.6689272292335594], "NoiseHL": [0.6305759983630622, 0.649388692054342, 0.6724095287672862, 0.6727616012534846, 0.6512710062068469, 0.6330373950006564, 0.6717411676352418]}