{"FilterHL": [0.0068763425162559995, 0.01675075512494969, 0.0062415501425106025, 0.021252132169578702, 0.01233493919799539, 0.007345110700094026, 0.024487767029765763], "NoiseHL": [0.20480379909832205, 0.24127560453242278, 0.3123050804425213, 0.31665855006891214, 0.33209336270438944, 0.33424188154400086, 0.35333073590429376]}