{"FilterHL": [0.024210352057350358, 0.021809754770887358, 0.01569891942957444, 0.02311838248073204, 0.014536471681991556, 0.013869215759693309, 0.025702849869476466], "NoiseHL": [0.11473476096420733, 0.11893468225792485, 0.12299382556764159, 0.10397954444637691, 0.11763371335938386, 0.1294125837540913, 0.14468979179030023]}