{"FilterHL": [0.017583375065637924, 0.052110630941371174, 0.02732454345240666, 0.03687987935143135, 0.019921639666878058, 0.04760633505109402, 0.05256395043172576], "NoiseHL": [0.10179381471529235, 0.10841352934038594, 0.08656584952839318, 0.08328172596212118, 0.09033336143658671, 0.1137205833644118, 0.0985337105666852]}