{"FilterHL": [0.004430628718119931, 0.02045781112325943, 0.016091032804035118, 0.004301567979441248, 0.013870856563376985, 0.024078415985473025, 0.021341246123081012], "NoiseHL": [0.07980479053641804, 0.16348777583175655, 0.1178872519592667, 0.19339728790886543, 0.08922847126309279, 0.16038160137290475, 0.14834225416191538]}