{"FilterHL": [0.06197592731913055, 0.08982142774831219, 0.03633765173996419, 0.11204607810207866, 0.04196568352687, 0.07109150928261805, 0.05172921309459065], "NoiseHL": [0.1321103977686951, 0.1864932830304074, 0.14142135869502112, 0.192585481454487, 0.15190610869547544, 0.13568443272240951, 0.14812790688238386]}