{"FilterHL": [0.008832479695365747, 0.02523075610007211, 0.02812337932342166, 0.0007483972433478026, 0.017390208156094288, 0.03618183772095363, 0.030954998715053483], "NoiseHL": [0.1845283168669438, 0.22988253985031248, 0.17991437227835771, 0.2622422036792348, 0.2151371684437387, 0.2175648046491786, 0.21816924719117967]}