{"FilterHL": [0.09410564992085317, 0.02111676693238932, 0.09253611905465682, 0.03444488657447509, 0.4997164434666008, 0.5605570188929896, 0.48984530425152034], "NoiseHL": [0.5531433258868612, 0.6712831181156728, 0.5644588751807845, 0.683885321579356, 0.6845292572768054, 0.6977100092204152, 0.7125191193536765]}