{"FilterHL": [0.005307855401067339, 0.041428401750613394, 0.011928314355542808, 0.00972230957783155, 0.004134659697128298, 0.006153101513081616, 0.021019219689459814], "NoiseHL": [0.21059789303552207, 0.3102525734338374, 0.21229291174242948, 0.32067759560967246, 0.18539361582887645, 0.2913899901062286, 0.19272166912791797]}