{"FilterHL": [0.04933636062165189, 0.04591436954106058, 0.07368450306648701, 0.07863958518756597, 0.07150740854102093, 0.05934152152612048, 0.08871753233326823], "NoiseHL": [0.1860395287774602, 0.18799194162491734, 0.15324139121431307, 0.18709232336455875, 0.20428795308722864, 0.1953722002296792, 0.16925795049730857]}