{"FilterHL": [0.0, 0.28217979543471444, 0.21633719691475722, 0.39077014529596105, 0.5111004794532472, 0.13143542180159315, 0.2926825127019931], "NoiseHL": [0.7077976533173315, 0.7462940339027359, 0.714046848485839, 0.7324531347168369, 0.5717144005141912, 0.6136700116729998, 0.5657923371350538]}