{"FilterHL": [0.03213822087910683, 0.04646023793146836, 0.0379564298531179, 0.024607718677336556, 0.034679819252251054, 0.036933878564543145, 0.04538197093671037], "NoiseHL": [0.24939536079937827, 0.22493644733653256, 0.2645021531024553, 0.2148952792645268, 0.22548079955974334, 0.19613870682598492, 0.22182343541454075]}