{"FilterHL": [0.04503718436472746, 0.11388419088008118, 0.03190983624107077, 0.0820070306818819, 0.10883350223247715, 0.05049512132528337, 0.1034760960879204], "NoiseHL": [0.10808509397413417, 0.18234346185901493, 0.1100201728329632, 0.1795157956376816, 0.21269349226809273, 0.14372399844527098, 0.1868985791048823]}