{"FilterHL": [0.023880247193317456, 0.05213252313999936, 0.015966453778495007, 0.028549992049536427, 0.022362785523172786, 0.024593496219860345, 0.026534111515221653], "NoiseHL": [0.0715122127611677, 0.08995219896026449, 0.12963347961300115, 0.151143269234964, 0.09189334164601431, 0.06690668483590421, 0.14601757904657725]}