{"FilterHL": [0.019151614534485776, 0.016379786722253983, 0.021460346975193213, 0.020924874249968417, 0.009732808702959474, 0.03005726063426068, 0.023194130394671924], "NoiseHL": [0.14708791189748632, 0.12788262915780532, 0.14876190335734654, 0.10826958442949888, 0.16732463529767966, 0.1655203669564499, 0.14509118737518908]}