{"FilterHL": [0.012435672795094837, 0.015327532005507936, 0.013467946010408635, 0.025964651962716793, 0.01072367896358577, 0.011225466102453275, 0.021439205062697402], "NoiseHL": [0.033241040016688594, 0.07353052708841876, 0.06338966917094904, 0.0772552208510363, 0.06366205213791999, 0.09409803200551106, 0.08068976889533287]}