{"FilterHL": [0.002993825623907535, 0.036661830353596055, 0.002407693405442751, 0.0025223187135917386, 0.008180108571462888, 0.009275940907750382, 0.006950704637233789], "NoiseHL": [0.10427129090185117, 0.1697544224932285, 0.12354251951388555, 0.17256805163429995, 0.16198942916211045, 0.1892954077042657, 0.16955699828466464]}