{"FilterHL": [0.010299584950242163, 0.02335688721077096, 0.059356779358283464, 0.15821792006213461, 0.1690252485813079, 0.1805001642028054, 0.21981996719926106], "NoiseHL": [0.4332039433464573, 0.4290807316363044, 0.4722350571278296, 0.4470029168822288, 0.4439760570075515, 0.4385865371626825, 0.4746153754913044]}