{"FilterHL": [0.06372296495578973, 0.04629076387276927, 0.06732907624996957, 0.05596817092649182, 0.1764418914064705, 0.18447727097094077, 0.18315353299942413], "NoiseHL": [0.05739443272887138, 0.11019704892629481, 0.06538222401460507, 0.09925992057913546, 0.23705580518293787, 0.24312787540657443, 0.19842795136157845]}