{"FilterHL": [0.01807719228118989, 0.026031111735476085, 0.01587684403926366, 0.006969929208014844, 0.03477080774847528, 0.026478785654156053, 0.043542169303423826], "NoiseHL": [0.24637004142655294, 0.17046975519857355, 0.19486855983864404, 0.2295705379829661, 0.2593245022453477, 0.2640379302669271, 0.2542659118812899]}