{"FilterHL": [0.01904324329569631, 0.015790505128440473, 0.0012743491252813716, 0.03787307915410673, 0.007536050781598425, 0.021312140220884422, 0.018197393677876855], "NoiseHL": [0.08008132205267289, 0.18112008417108647, 0.17396478959044653, 0.18941540294452175, 0.10403946181531756, 0.16503469573237836, 0.16385973317733357]}