{"FilterHL": [0.3908998162857632, 0.07445522906718166, 0.42281060616478355, 0.057508142271887594, 0.4492788568695771, 0.05664941078352481, 0.4349449455856599], "NoiseHL": [0.4600236174830111, 0.2027175936756616, 0.46996577887766844, 0.21704936727208374, 0.4667589456786606, 0.24807795138629232, 0.4716574682119277]}