{"FilterHL": [0.004659459793012363, 0.016120557274406953, 0.002139145855886242, 0.017086457547113867, 0.030873154006199464, 0.013887253886993179, 0.015774103831944483], "NoiseHL": [0.3114332327819455, 0.35761741339275, 0.30306958261461386, 0.40117227196371147, 0.3132382720666422, 0.3287282250998052, 0.30209118105642435]}