{"FilterHL": [0.03592148902070045, 0.02653268692390541, 0.01366428994513831, 0.03871986578324954, 0.011872453527800935, 0.026212560487336573, 0.0328702814318927], "NoiseHL": [0.03837601674935268, 0.12171261232078412, 0.05557456719086977, 0.08892486919027566, 0.04985247281301337, 0.1218485896850604, 0.0691981881584673]}