{"FilterHL": [0.030027813047694415, 0.004426025923703567, 0.021779188149644666, 0.000802214556515254, 0.011953167256868527, 0.006741889992158155, 0.03993965466968713], "NoiseHL": [0.1542352730088411, 0.2270144912746501, 0.21391292925308525, 0.2632403118070741, 0.23856481157976525, 0.27119423104404816, 0.2534007497199106]}