{"FilterHL": [0.03399294930838908, 0.05758197437987377, 0.0340644184029813, 0.059431489132477144, 0.03950960762428494, 0.04803089180529845, 0.025447577222163124], "NoiseHL": [0.01891597993478255, 0.06846650018373804, 0.02989251920522669, 0.0583695982356822, 0.039329704848955684, 0.0583259580861304, 0.04332219883562062]}