{"FilterHL": [0.031437795555798925, 0.017281977359988734, 0.023932369429184367, 0.02292541165770757, 0.0053991185138502285, 0.013943832278117189, 0.029255836811475238], "NoiseHL": [0.0896603674586938, 0.09167312191556105, 0.0850201960246271, 0.08191860023367907, 0.0968399308500146, 0.09699498428279797, 0.09124873481011407]}