{"FilterHL": [0.13752615790789707, 0.14828871415073364, 0.1402804445041169, 0.14969424231630263, 0.14666302773169856, 0.09687803226901567, 0.16128368702927562], "NoiseHL": [0.18939265810374173, 0.24130982679760582, 0.2293168218249607, 0.24377625139693973, 0.2101869499834739, 0.21917596413027937, 0.22356795460724913]}