{"FilterHL": [0.016584400096009855, 0.0463549642453892, 0.02881132390321587, 0.029824477894566544, 0.009296953601100543, 0.01808688328233457, 0.036390011141459136], "NoiseHL": [0.04414352537932066, 0.091141156670974, 0.14836930458636607, 0.1523454230431667, 0.047350400404315034, 0.05788024092830606, 0.13233082204301652]}