{"FilterHL": [0.01694555803155994, 0.04307548356237456, 0.01633260395645148, 0.030949708517692125, 0.009284188777267003, 0.02485277889113957, 0.02029806390001996], "NoiseHL": [0.1497228872425288, 0.1640438219696933, 0.19929941116059355, 0.2231578406175697, 0.16579385567847105, 0.15994430308752802, 0.19369501273500522]}