{"FilterHL": [0.03457189666288855, 0.04576763693391541, 0.019435764589125853, 0.03259755103220009, 0.021438917177549414, 0.04434075220973052, 0.03395736901904563], "NoiseHL": [0.07929563750033325, 0.06948187810206771, 0.09025647644272652, 0.09281329105189243, 0.034444662229976414, 0.053335014464474834, 0.03824352217668859]}