{"FilterHL": [0.04404769660955611, 0.07065310945209617, 0.008235147618392101, 0.08260806271967094, 0.09058580873119405, 0.07317128382005068, 0.09071432284670444], "NoiseHL": [0.2251470118373463, 0.08374302882389574, 0.22911967351728663, 0.09406236522818164, 0.24182961797627903, 0.1265397177871478, 0.2459338131326083]}