{"FilterHL": [0.0753576436659091, 0.08799013240788706, 0.06115718611427466, 0.06171851579860945, 0.06682596143006449, 0.12384795382974269, 0.071966765359165], "NoiseHL": [0.20980632752420592, 0.248295133323193, 0.1610662298943895, 0.20149461789142709, 0.18486765352437104, 0.27160057830402157, 0.15285551926578694]}