{"FilterHL": [0.017940108284201468, 0.025316534815842597, 0.026885788253712944, 0.028153047642994606, 0.012354604475140512, 0.022328828047207882, 0.008232334256136146], "NoiseHL": [0.18317979888488942, 0.2129577727271966, 0.18558350947000987, 0.2007099408475123, 0.173453048939524, 0.22796880910178438, 0.20223234557897185]}