{"FilterHL": [0.10306388017851402, 0.10184774148221803, 0.11372088190644204, 0.13300209143433664, 0.10137970732683266, 0.11742493365818417, 0.12239161205383933], "NoiseHL": [0.16207570020374085, 0.132845251317821, 0.19198545350394874, 0.20505087871296643, 0.1556612358413306, 0.16086197767056265, 0.19448461924345994]}