{"FilterHL": [0.0, 0.0, 0.0, 0.00021002786439044813, 0.23105378436387863, 0.24922129934636228, 0.304469314116324], "NoiseHL": [0.3894008249463023, 0.40256306355402854, 0.44882260281898695, 0.45086383864879576, 0.5799579569461452, 0.5869365126601472, 0.6072733662465118]}