{"FilterHL": [0.030728195904623317, 0.05791143476967593, 0.05722734888337466, 0.04123760828613706, 0.04660005536032699, 0.04478120089199341, 0.034532265204762866], "NoiseHL": [0.043500247984875354, 0.08932703355992037, 0.06384183336962292, 0.08554826446715902, 0.09537707004826002, 0.07305875926052771, 0.05240863482288282]}