{"FilterHL": [0.0, 0.009916422284650332, 0.0, 0.0008109489172573673, 0.0, 0.016233795658064865, 0.008469641466058418], "NoiseHL": [0.24261333094355136, 0.25738911688401506, 0.28351157719282805, 0.29275215217742273, 0.2582168997340125, 0.2575782160271197, 0.3157471010468728]}