{"FilterHL": [0.21754291162105252, 0.2007218819358026, 0.18267758254812339, 0.22487229673133663, 0.24419264260255044, 0.2765847171088732, 0.22633759947482815], "NoiseHL": [0.5379902445609646, 0.5264271410946539, 0.5246421914773173, 0.5387390046019134, 0.544685356576739, 0.5528423332486752, 0.5374632612364504]}