{"FilterHL": [0.011723955748748124, 0.007984475493757016, 0.006124269979895407, 0.019073116971932497, 0.015445864541391477, 0.02016423093634994, 0.0035719881405073804], "NoiseHL": [0.1886004197854661, 0.16807787335880586, 0.15925189463771916, 0.13372554341295406, 0.1793356919661579, 0.1945713784566585, 0.14955459173389887]}