{"FilterHL": [0.027692204158937615, 0.04607966467939368, 0.028173123098418372, 0.046174799662395724, 0.030736220635581582, 0.03323353776046381, 0.02150719260623784], "NoiseHL": [0.01906809317069713, 0.0203467486076977, 0.03653065060588083, 0.047449556076092664, 0.03927514223840026, 0.02687201642021785, 0.04004291674943195]}