{"FilterHL": [0.03399626621505469, 0.012125386094125919, 0.02349939427752932, 0.025151301081857404, 0.015643443711280246, 0.03057173223495572, 0.024090395876966056], "NoiseHL": [0.11478710879345089, 0.1172245261890378, 0.09219787110553146, 0.08388742100475499, 0.11392036051080791, 0.0702535765804052, 0.10317089011615815]}