{"FilterHL": [0.06730326679906615, 0.0866083492537411, 0.07908767844297848, 0.04205962113050086, 0.04866008203232203, 0.05555491196495516, 0.04828908924867564], "NoiseHL": [0.14026134989116895, 0.18024801226625356, 0.1717453626756745, 0.12856954567694603, 0.16459836305018644, 0.15050628270547778, 0.18451627741035043]}