{"FilterHL": [0.09875286068236913, 0.08855071343252466, 0.08313379463483649, 0.10491458087198272, 0.40500233006770525, 0.6070177206403202, 0.4904301729459033], "NoiseHL": [0.507357793230555, 0.565086607291834, 0.5109161423100687, 0.5392132948862731, 0.5709436923398044, 0.5577488653625492, 0.5604145284715653]}