{"FilterHL": [0.025124721704155358, 0.03647885977768963, 0.014253239647724302, 0.02928392271643366, 0.019877040352455806, 0.02742531488890972, 0.03424528967206465], "NoiseHL": [0.10774541857454992, 0.12350582693192655, 0.15754211669170556, 0.1492031852442776, 0.17743514213476094, 0.19318647539977898, 0.20155578101753555]}