{"FilterHL": [0.00458788216939943, 0.015879252386556665, 0.005562675034889439, 0.013864208373285255, 0.01073721736251193, 0.004977583071107999, 0.023858124981558548], "NoiseHL": [0.3220883809763744, 0.330999403757813, 0.4663593783164283, 0.4547787958370725, 0.37756929926833294, 0.3717027073125065, 0.4247483888109447]}