{"FilterHL": [0.02959220656202275, 0.02046606239945345, 0.028405137953213484, 0.02525987223361758, 0.06655934509444691, 0.061892293736104984, 0.06395287607048689], "NoiseHL": [0.09467641095069038, 0.11504504095961027, 0.09779434140461149, 0.09247919168889743, 0.17004124749813748, 0.2368514040673522, 0.18005123742605555]}