{"FilterHL": [0.03222517804951376, 0.04635885620232497, 0.026660350688280307, 0.04771485929071272, 0.036528599302852516, 0.05935408280520704, 0.050093356320755025], "NoiseHL": [0.16754490764083066, 0.11568765618490988, 0.1316183872522443, 0.11493516192904013, 0.15504545067795658, 0.12959615162473462, 0.10945872724829163]}