{"FilterHL": [0.025385597141859156, 0.05631053346740458, 0.024740776954938943, 0.04041849753120756, 0.09005072567044779, 0.11036064800875242, 0.07992451891573801], "NoiseHL": [0.04540571051692647, 0.06460002764823365, 0.0709332328559043, 0.07044141457044559, 0.038616804557004024, 0.042142348679922496, 0.03826011073522127]}