{"FilterHL": [0.020292293232268454, 0.030969338681982723, 0.021478110620497787, 0.04182090385328558, 0.01740569963914803, 0.020355850105297956, 0.023186926941254734], "NoiseHL": [0.1246778092373451, 0.13594117579914305, 0.12824417324114334, 0.15187277477882843, 0.14328871660829498, 0.1642488692257457, 0.12689636508651092]}