{"FilterHL": [0.015362682087006084, 0.047529099418128065, 0.013544711717688979, 0.03626395217413353, 0.023531342796965164, 0.027578176381086023, 0.0185967729184219], "NoiseHL": [0.06297299122741783, 0.10058867895189101, 0.07196612938130509, 0.12024834143745282, 0.06810817775902614, 0.09737862574101168, 0.08610155356226903]}