{"FilterHL": [0.05521963752414335, 0.06215564173769665, 0.016925413368439113, 0.03013788291819363, 0.05472833057847747, 0.03317052333662029, 0.037079635033499675], "NoiseHL": [0.18082631667127907, 0.2395698278289231, 0.21831898211029693, 0.2717418910825431, 0.23382833291612692, 0.2829007719921957, 0.2581376304671926]}