{"FilterHL": [0.2800960111101813, 0.22135839493079323, 0.30622664991958637, 0.13427797250010554, 0.48779013278713435, 0.567662033358142, 0.633527974996798], "NoiseHL": [0.6128239739246734, 0.6160045221696204, 0.6133579495341586, 0.6331254800403725, 0.6087285098959951, 0.5956702447077774, 0.6113501782483612]}