{"FilterHL": [0.05408758661191962, 0.4348783048492782, 0.05206774016783303, 0.051785736664146445, 0.04215034568283707, 0.05260918458864106, 0.03451224650238729], "NoiseHL": [0.0934503091398864, 0.09824419804907174, 0.09986418294091334, 0.05939635986824224, 0.10568309062600045, 0.06911690621415048, 0.1055790722561661]}