{"FilterHL": [0.3072261689021247, 0.2910458069675789, 0.1824002630198916, 0.1707114524389807, 0.25370182126021, 0.48889371271081244, 0.1391739506376239], "NoiseHL": [0.5597199124165017, 0.5833763533032944, 0.5614444809180523, 0.5455526295551401, 0.5671438999144004, 0.559722897852118, 0.552259717745725]}