{"FilterHL": [0.010307945618858042, 0.0064636147583846315, 0.010108892726848034, 0.013028494385127565, 0.0043362849666074635, 0.02815701534924598, 0.01467035184632347], "NoiseHL": [0.13680439278342102, 0.1835204441626364, 0.1338607941572854, 0.19779554699255816, 0.19622669347810273, 0.2634476881997215, 0.21395793888801534]}