{"FilterHL": [0.03690756047287633, 0.04636750360426759, 0.026607582048878822, 0.03274909070444064, 0.030154501845879166, 0.04001263142616059, 0.04521861132160532], "NoiseHL": [0.040844975428317984, 0.0584411079869928, 0.034432951230081055, 0.0502648369484409, 0.01580782214316688, 0.05824724615350745, 0.0369221801419062]}