{"FilterHL": [0.002133171476717597, 0.02343458597839324, 0.008142265051005175, 0.004925278970985263, 0.010050632960955513, 0.01078561280636276, 0.004307908152149632], "NoiseHL": [0.10500731692672233, 0.17941243436661414, 0.1503464218888247, 0.15908950158517174, 0.13215858814372103, 0.20392658789230886, 0.17526381102199506]}