{"FilterHL": [0.005827632788235995, 0.07636345781533697, 0.0058299663284005505, 0.03775435858100583, 0.0033733139180778487, 0.013846992924016248, 0.009448424924442853], "NoiseHL": [0.2712204004742379, 0.33754174454058966, 0.3073764407202462, 0.33990428565699193, 0.2735635714675317, 0.31945410125083634, 0.30804836843204975]}