{"FilterHL": [0.02000787024300561, 0.05219132632116831, 0.02305839243763928, 0.024116102948024586, 0.02763748750200827, 0.022935836431251664, 0.03181019437356933], "NoiseHL": [0.03381469629851544, 0.06937245791235458, 0.03176854284901168, 0.02391470154015571, 0.036275543629738616, 0.05755639477837337, 0.027774447391606626]}