{"FilterHL": [0.01856282658914333, 0.024411578326521768, 0.024672048111006793, 0.00909855070876704, 0.05218543571972029, 0.05249796881410521, 0.05830690685458381], "NoiseHL": [0.2164669584036349, 0.21121308377532544, 0.22434780318298722, 0.23077685207841736, 0.22388721839230827, 0.2691075567541508, 0.2471184231204124]}