{"FilterHL": [0.00036641426957657587, 4.343366133537686e-05, 0.0, 4.343366133537686e-05, 0.0008815028830130411, 0.0, 0.00036641426957657587], "NoiseHL": [0.2853793027819435, 0.2436805101854153, 0.2662155203826279, 0.24368051018541526, 0.28723702582719046, 0.2561839685989771, 0.2853793027819435]}