{"FilterHL": [0.0, 0.24916345706437762, 0.0, 0.2554393007771821, 0.0, 0.24436880143726158, 0.17183652008077663], "NoiseHL": [0.4211259772110817, 0.5990021773571864, 0.6673586144902985, 0.5843985287855401, 0.41475585442735385, 0.6155635904815249, 0.6431936178337525]}