{"FilterHL": [0.09926932441605744, 0.05992975326501254, 0.14499810848690187, 0.06760737502449908, 0.10986480417704278, 0.07428427825832071, 0.14886563133124953], "NoiseHL": [0.20320936160777026, 0.12650560853544218, 0.18711654094522875, 0.08260823073693943, 0.18692934370357728, 0.15603681909668488, 0.1693110801558508]}