{"FilterHL": [0.0061300093584196426, 0.022783508558242533, 0.0021120102413254727, 0.0065939826748015445, 0.016456804127391984, 0.0057147336869900894, 0.013751667346127728], "NoiseHL": [0.32694459228645084, 0.3313123063947255, 0.3202340406676993, 0.3035375799065618, 0.3112715520089116, 0.30626775969098796, 0.30452373301525293]}