{"FilterHL": [0.0348588283248541, 0.04447941012148361, 0.020509419283183217, 0.03461873162766511, 0.030973165124561657, 0.03495650736003941, 0.16323984239043368], "NoiseHL": [0.14027839011480903, 0.14953720719201707, 0.20243412274082093, 0.23537713701430912, 0.14766936581861287, 0.13284397594867756, 0.22871260538203808]}