{"FilterHL": [0.023509024829173872, 0.02138980188337329, 0.020460882075757404, 0.03561905620790445, 0.02966590429413614, 0.06353502830024203, 0.02076776511806497], "NoiseHL": [0.20906246577138857, 0.30357012140499284, 0.21713172249199256, 0.33194888439231723, 0.31349570998040477, 0.3835339570233945, 0.30442542035114434]}