{"FilterHL": [0.0, 0.0, 0.0, 0.0, 0.0008234810148169317, 0.0, 0.0], "NoiseHL": [0.16193431328727037, 0.2214830616120933, 0.2214830616120933, 0.2730507170196538, 0.20960401046104254, 0.12745679692125245, 0.2393868301256415]}