{"FilterHL": [0.004748468500159712, 0.013528600753735253, 0.007803954350728156, 0.004298934073936659, 0.007735978854229817, 0.005503167044672922, 0.01234019654646102], "NoiseHL": [0.13193886687042286, 0.12575144841612612, 0.1540138901383949, 0.15889328181135579, 0.1673168363870169, 0.18540174207670485, 0.1972831918409596]}