{"FilterHL": [0.04113485769502325, 0.021703797014126665, 0.02990048136118274, 0.00997766670777148, 0.03710116046706368, 0.04028764991398183, 0.0367035491045564], "NoiseHL": [0.10844841434885612, 0.1300752023348502, 0.10459120043196654, 0.15324070092387054, 0.1402971990071967, 0.18914635991624612, 0.14154526867639483]}