{"FilterHL": [0.02834944248667832, 0.006335049082491348, 0.019162587452371562, 0.036791655607185884, 0.03410712120582952, 0.027099552145209448, 0.028734929093994145], "NoiseHL": [0.05001441221327252, 0.25327902719377193, 0.1970828088192464, 0.34721097018528946, 0.22363707253219367, 0.234874859269555, 0.29201718140905575]}