{"FilterHL": [0.0707602237514474, 0.0714312366634242, 0.12719550806201502, 0.10563381084655993, 0.1593888504428759, 0.17108125830628104, 0.14781791665678906], "NoiseHL": [0.3920649612527552, 0.45541583943144903, 0.32289910984724135, 0.4232775048933579, 0.4469011358805323, 0.44856323552400496, 0.3961011601530721]}