{"FilterHL": [0.0, 0.0005453798067167343, 0.0, 0.0011768131176648372, 0.0, 0.0009254549838708579, 0.0010205004691432261], "NoiseHL": [0.45763586502579223, 0.44882260281898695, 0.4902011206418737, 0.49869734808728755, 0.4535784781091612, 0.43923430747829806, 0.49739354521895585]}