{"FilterHL": [0.009783112143708656, 0.011618474094494404, 0.005509930174382933, 0.00773462722585182, 0.025606576823816708, 0.025757812376645865, 0.011423272810965958], "NoiseHL": [0.085753857935238, 0.17271059675138212, 0.1078083976382013, 0.15267446933045284, 0.16056453731954087, 0.2132731671588454, 0.1613691253221928]}