{"FilterHL": [0.021465415459921446, 0.05674223073762938, 0.02449912138487782, 0.020503017994572704, 0.02152506871930976, 0.153345815041325, 0.004759099839261926], "NoiseHL": [0.23616580181546526, 0.5768128165612657, 0.1724627865215787, 0.5780556519352196, 0.22964118256691768, 0.5909734524168035, 0.1998276979154963]}