{"FilterHL": [0.06182542341070468, 0.05541318059127391, 0.03788211591937186, 0.04449325842310301, 0.05208767847900695, 0.040642278504229315, 0.03974962021293445], "NoiseHL": [0.19354919687841227, 0.19274723416710568, 0.18082265555488058, 0.18556376980122577, 0.18611401602408442, 0.1957377659697718, 0.19639287699134797]}