{"FilterHL": [0.04098420726460507, 0.06922118358268597, 0.10068412529096753, 0.07377371681237169, 0.054777852213516706, 0.06439114620862695, 0.10385600138058082], "NoiseHL": [0.05881100584384768, 0.06435646669089153, 0.18071120749741232, 0.10906673595583931, 0.03753140280650697, 0.06723061643827893, 0.17363206114415775]}