{"FilterHL": [0.06736390166890019, 0.03869053566774959, 0.04888362494457423, 0.05146076995780841, 0.06117852705779018, 0.05088122942663293, 0.026373479852232436], "NoiseHL": [0.25828492838733597, 0.26424348488716237, 0.3054871195262342, 0.2966325631263399, 0.2866072816712697, 0.3086435277001132, 0.2918452230684961]}