{"FilterHL": [0.044309832647704536, 0.06960901903658707, 0.010410679412375307, 0.07339376495661269, 0.020160882250891528, 0.05983540115399717, 0.05868459942783157], "NoiseHL": [0.08019163666798886, 0.11661428607822993, 0.0709314968518502, 0.09611913315365415, 0.06662211029261071, 0.10921200667437911, 0.11181209852012187]}