{"FilterHL": [0.0010049820309815814, 0.022221978503105297, 0.01807636134393198, 0.010762535140673624, 0.005206338902374356, 0.013464157099864111, 0.029584877880077107], "NoiseHL": [0.15730032759764728, 0.16199995618284152, 0.16193514891323046, 0.15405546942233028, 0.1695417672958031, 0.15241745699781498, 0.17401950518743406]}