{"FilterHL": [0.16535445148726616, 0.33037163127124286, 0.16938652398425635, 0.18050123074049804, 0.16431327025580025, 0.6202825042704434, 0.3236600900210252], "NoiseHL": [0.5343341720722072, 0.5484809367076456, 0.5206144771024336, 0.5497913789879915, 0.5471426346383713, 0.49671729937331044, 0.5357236668212078]}