{"FilterHL": [0.028380955988286865, 0.020534960308856313, 0.008444090998075702, 0.056094105336774426, 0.014326764404054107, 0.032857281851417376, 0.01181212283239889], "NoiseHL": [0.13601269957602596, 0.18729915963673488, 0.15081648576090326, 0.1836334839456701, 0.15497140549318442, 0.20597362782349457, 0.16421830395802406]}