{"FilterHL": [0.00769956068831743, 0.010911030588476719, 0.0025342999636556764, 0.009901670809321072, 0.002543419741201726, 0.010420629337425694, 0.02136067251992642], "NoiseHL": [0.22379122693675013, 0.28259351128252175, 0.2114646222038709, 0.3167195757916054, 0.2992251055491462, 0.25208797617026585, 0.2656660753102657]}