{"FilterHL": [0.0348149828874112, 0.022457716854917188, 0.01649488579808643, 0.03138751814431162, 0.008090639220380188, 0.017453715426091133, 0.04021949691446705], "NoiseHL": [0.09776416131301342, 0.1963977742058667, 0.1016092090627863, 0.17855354213791483, 0.10231048268454603, 0.17882764131117618, 0.1202131281729249]}