{"FilterHL": [0.0007787856877715157, 0.015617888184139438, 0.01208147931324589, 0.007311929688321478, 0.005045327427060098, 0.008442337004780242, 0.022925516013160615], "NoiseHL": [0.31348932535426655, 0.3736933785747201, 0.3157519241351419, 0.3535947165031356, 0.3400154992513264, 0.36714878988128535, 0.34959973888825085]}