{"FilterHL": [0.024026555227956988, 0.05557016204416727, 0.03019971077459689, 0.05220502872621643, 0.0444133563965251, 0.03629464893260405, 0.042952341185085174], "NoiseHL": [0.03258795965601978, 0.06226353655533981, 0.04461318064554027, 0.090682930663649, 0.040071777547762984, 0.05123667153029009, 0.04804861845909822]}