{"FilterHL": [0.006841816638719685, 0.018736693620342654, 0.003263770181507521, 0.01174431103767726, 0.007088456672429974, 0.003729626850422913, 0.024227513278419693], "NoiseHL": [0.09915583993759851, 0.0858969051805577, 0.12549725020465727, 0.12166756890704414, 0.10933215986198005, 0.07758046945158341, 0.14806216118280666]}