{"FilterHL": [0.07601191898711848, 0.060733241763057624, 0.03529739644050002, 0.04971354977773811, 0.047959065943904394, 0.09074937850548666, 0.0605601810899362], "NoiseHL": [0.04361501992568488, 0.0666473339586714, 0.10931421210522023, 0.11549026058135085, 0.08630241742153918, 0.10649241971743212, 0.1421345690416843]}