{"FilterHL": [0.01749401304913944, 0.027901434181004263, 0.020345691025364557, 0.03270020262896554, 0.014292797138452969, 0.024141378169471168, 0.017148019452121226], "NoiseHL": [0.08716314791418142, 0.14404746902470653, 0.11563502650254817, 0.1979841949308879, 0.17146023221380854, 0.09913760584035797, 0.18172895577731393]}