{"FilterHL": [0.002932266202648905, 0.01606145150125122, 0.012248961339283888, 0.006340041938234133, 0.005235605383330236, 0.012626520528384142, 0.021661937858466603], "NoiseHL": [0.15239554487023488, 0.22272906956253566, 0.16805304856916545, 0.23059247296952504, 0.21808191540249064, 0.20003265961660002, 0.22170228463401093]}