{"FilterHL": [0.037763059609765635, 0.027763707522831558, 0.028810287930769552, 0.030093210151051677, 0.10392054500524461, 0.07557833706451438, 0.11782364312789793], "NoiseHL": [0.15150546251065006, 0.2575353339252021, 0.17871882561030455, 0.24977948647280734, 0.205444177136445, 0.25168958971527294, 0.21847142799324062]}