{"FilterHL": [0.04048105338563787, 0.07483975421028279, 0.04796210155575855, 0.04202102410368661, 0.0835843099098789, 0.04489982601300628, 0.09345408473413332], "NoiseHL": [0.12215622836658388, 0.17933229701660747, 0.14366216260857223, 0.1913134279583429, 0.1653041146982252, 0.19256035676164948, 0.17771256649352457]}