{"FilterHL": [0.012305548043072443, 0.03063149412708826, 0.022798534926072683, 0.015428192703913896, 0.0135852722627386, 0.02470841294419782, 0.015571383869613657], "NoiseHL": [0.10627886855540505, 0.10427078399899217, 0.10863006780975534, 0.1085835357116296, 0.14046446929781276, 0.14145493381826113, 0.14045248921792422]}