{"FilterHL": [0.07930370279993885, 0.1009312263366738, 0.11266721187706873, 0.11284716131640941, 0.059321026977995954, 0.09359018423487063, 0.11084951645436718], "NoiseHL": [0.1549033984361091, 0.1839679745326264, 0.19281389221200235, 0.20370223320756445, 0.18198378401362342, 0.19978418335433024, 0.21946427944724603]}