{"FilterHL": [0.008053275066645361, 0.014710734422001418, 0.017581468608910553, 0.00582123501219448, 0.010554497015741855, 0.020261522440752845, 0.021016171832253835], "NoiseHL": [0.1634766938740447, 0.17686558714995865, 0.1552542434309567, 0.1878389552674675, 0.14060457850230826, 0.13131352515113423, 0.1582262270787439]}