{"FilterHL": [0.0, 0.00012689447342205238, 0.0, 0.0220983646740851, 0.0, 0.0, 0.02211283249237292], "NoiseHL": [0.46234824365615323, 0.5354488648255004, 0.5084405989331083, 0.5866661007363787, 0.5748835402271557, 0.5831297003577206, 0.5212650348926221]}