{"FilterHL": [0.009665817269608168, 0.023850235352240515, 0.03302414819109232, 0.005488030688545935, 0.08580461424330356, 0.11515648949978045, 0.09508713879896806], "NoiseHL": [0.13693164073452205, 0.1506559653298714, 0.16050409994502263, 0.15421046534883429, 0.17553185542541866, 0.17680907723982558, 0.16540708753661448]}