{"FilterHL": [0.013798849175813782, 0.03686491940545726, 0.006621473999922458, 0.04412922924978526, 0.011585684746883212, 0.027796340538958242, 0.030635038711848757], "NoiseHL": [0.08241403761336703, 0.07218741369469785, 0.08572295815144515, 0.07940271107914214, 0.15144802941031602, 0.1682357073143495, 0.1587247576159925]}