{"FilterHL": [0.0, 0.0, 0.00013490385733128517, 5.3633898789995676e-05, 0.0, 0.0, 0.0006869268971267395], "NoiseHL": [0.18514569594605018, 0.17677669529663687, 0.1796067636529137, 0.20217423592924638, 0.1996416327232974, 0.17098527586296225, 0.2108191091580861]}