{"FilterHL": [0.01558352470388526, 0.044181696352174095, 0.02775382861070111, 0.04225162104946561, 0.024366303696006494, 0.038632854154758534, 0.15502847486516533], "NoiseHL": [0.1350720595107842, 0.13484463865392562, 0.12586945556696122, 0.12115230143734476, 0.2122048485722334, 0.22458799065474863, 0.21865803053420496]}