{"FilterHL": [0.0002475085387302015, 0.0, 0.0002475085387302015, 0.0, 0.0, 0.003367480612875764, 0.0], "NoiseHL": [0.33504918376432147, 0.31916807257306506, 0.3350491837643214, 0.3267638742314115, 0.32843355267654617, 0.3479977451053712, 0.322560925753623]}