{"FilterHL": [0.0017744605427638404, 0.01158249983796058, 0.03456124631816996, 0.003146943369363554, 0.007717347792930337, 0.00556887885374316, 0.02599749789172158], "NoiseHL": [0.18515576602517722, 0.16456152287132014, 0.26124502545495026, 0.2520863147753825, 0.14223677990256633, 0.13521728512616035, 0.2272140595135225]}