{"FilterHL": [0.009796772644376787, 0.013854695163966506, 0.0025140575073155057, 0.007354554551420108, 0.011264508210572384, 0.0027511749810211566, 0.015580489026890283], "NoiseHL": [0.09543649510186894, 0.1138653822812107, 0.12765408066611642, 0.1606399472305391, 0.09328870285351493, 0.08014456714864948, 0.12982807215317727]}