{"FilterHL": [0.036278723219590754, 0.03422286896474548, 0.031084758993133673, 0.06984866520095608, 0.3288223467467398, 0.03930243215100803, 0.02782908235608201], "NoiseHL": [0.39422314124244, 0.3553019587698267, 0.38822649984720337, 0.3717969977674879, 0.3842142263147588, 0.3548951159763758, 0.38211355614019143]}