{"FilterHL": [0.027085814308405554, 0.028178450878753657, 0.03128339313104812, 0.03825814493693374, 0.12267919520392269, 0.13079914765823666, 0.1291532286270561], "NoiseHL": [0.2993991599270052, 0.30135502662911845, 0.2806663222296252, 0.2929386638841156, 0.23344540457033483, 0.20081337187996443, 0.20660487361862676]}