{"FilterHL": [0.02327270450772206, 0.016273913616455474, 0.03112900974046971, 0.019226963273720008, 0.02800070286753537, 0.03699176452296999, 0.015407480064180393], "NoiseHL": [0.09917780027592332, 0.15614510643728804, 0.14401812655093676, 0.12020186057815738, 0.11158371143756216, 0.14067507085045633, 0.14872077800878167]}