{"FilterHL": [0.04745296561912421, 0.05792343754450363, 0.03780429104750802, 0.07022327317535862, 0.049426338359708506, 0.049343655388583284, 0.03910238847825074], "NoiseHL": [0.13129875017212392, 0.36931798819861983, 0.14107083964436826, 0.35078179002496546, 0.3072947828377853, 0.23513063524474812, 0.32327694514775956]}