{"FilterHL": [0.0006138504423412993, 0.0019398108653660001, 0.012916150705872586, 0.0030043738091486104, 0.001531342234404729, 0.02031925098221445, 0.008129636433300922], "NoiseHL": [0.14362568536023262, 0.17201775347989637, 0.12540736871120248, 0.16993855899292987, 0.13153617136301474, 0.15849826523510918, 0.1238141873931422]}