{"FilterHL": [0.03316096440107459, 0.04885090070936607, 0.022544222674096732, 0.029698430583515855, 0.04840629012188615, 0.046899886411179564, 0.0423788369837742], "NoiseHL": [0.03603689976467949, 0.05638955975996694, 0.018028474614849823, 0.050874400874636794, 0.0579648584987051, 0.0553794090222006, 0.042128453215829684]}