{"FilterHL": [0.040361191064022785, 0.04347386488505277, 0.05608511515315388, 0.09099710974889377, 0.05916191175244577, 0.06468405068153701, 0.0945247114593565], "NoiseHL": [0.09466078627797365, 0.09236723210032796, 0.19910298587770914, 0.1119293693454842, 0.088335318123302, 0.10967264575154387, 0.18706025985085845]}