{"FilterHL": [0.042053687768903024, 0.06333891488286765, 0.03972207029148236, 0.030476428453422345, 0.05124654343052389, 0.049468856732344496, 0.05185600421202562], "NoiseHL": [0.31829912432646124, 0.3078579159286971, 0.30801215762056033, 0.32765276570135715, 0.28491226151419735, 0.2699987781170595, 0.2757141528816207]}