{"FilterHL": [0.022089114032622505, 0.030117023996623585, 0.022045358668509242, 0.02896260005956459, 0.020955796125137805, 0.007258568659727456, 0.026757099318243317], "NoiseHL": [0.059113369006450756, 0.1734755209512832, 0.09313685148525461, 0.17154531850198587, 0.09141704209459234, 0.17989299259055463, 0.09958804273229091]}