{"FilterHL": [0.026565810084313884, 0.03120678698512302, 0.009160333374191245, 0.007964954449460115, 0.04699718882196594, 0.020659005017376136, 0.066394484893085], "NoiseHL": [0.29517241460803095, 0.26919758887486694, 0.33464770315910836, 0.29251687404499266, 0.27309038991088025, 0.23502647656054212, 0.31230284815466647]}