{"FilterHL": [0.02578415482288161, 0.04268457866524545, 0.025415160256921098, 0.03718156061207788, 0.06496882868993177, 0.06409208324435361, 0.05696128666504753], "NoiseHL": [0.03856324068278605, 0.038777152138861515, 0.023445825982089028, 0.012990447812927271, 0.029051187831878305, 0.03629768175935334, 0.054305751881205226]}