{"FilterHL": [0.03223178494590975, 0.05416040040577151, 0.033315292146005385, 0.03078536852367612, 0.03219385692816066, 0.03366025580034395, 0.03991098200429161], "NoiseHL": [0.013500858916724765, 0.014369865651958835, 0.035177166179097455, 0.036632862604986056, 0.03422392700735943, 0.029791185481989283, 0.019571593988518366]}