{"FilterHL": [0.22617747892708892, 0.1893000522018177, 0.2816101321248684, 0.23383452543183147, 0.48741490563680223, 0.6817440539385996, 0.40990394926856466], "NoiseHL": [0.5928888979524995, 0.595132414625316, 0.6112220290051008, 0.6362113130267005, 0.6084585961810699, 0.6117972233218577, 0.6373071835690332]}