{"FilterHL": [0.031900395873533605, 0.0027138439354201334, 0.0280945720688547, 0.00938425272318569, 0.0437960783365767, 0.06008178978083167, 0.05683943717068757], "NoiseHL": [0.20772609256728855, 0.26484067960533003, 0.22546059267096968, 0.2761740502195196, 0.20583961609161147, 0.2539899802159885, 0.1846175698879845]}