{"FilterHL": [0.02289148278820103, 0.033740474353300895, 0.03354637497989813, 0.01197589789240194, 0.019945430757936033, 0.02628542989866761, 0.033224694625160305], "NoiseHL": [0.1620036686760718, 0.17726930575869648, 0.16674861881675826, 0.1618381981370353, 0.19061948487528138, 0.1991620156120864, 0.20728325030070377]}