{"FilterHL": [0.009410075471077934, 0.017549282894380847, 0.019663484265919066, 0.006246214779385119, 0.011030750172808069, 0.02318028925588885, 0.005828808990975675], "NoiseHL": [0.2096251780139351, 0.22092582939440394, 0.23132480518700635, 0.22034450815848328, 0.22856957525190125, 0.24772405410886605, 0.2426762959917527]}