{"FilterHL": [0.010748445458210477, 0.033629876736493786, 0.010376947971518611, 0.04850772790054979, 0.014980033930472593, 0.017636349882594365, 0.031091434397723584], "NoiseHL": [0.0748484223900004, 0.050036631344901855, 0.0774113052930037, 0.06809513369414295, 0.09360021770154098, 0.10144088898276196, 0.1117694956576329]}