{"FilterHL": [0.03370999522511831, 0.007728141284925434, 0.023328727930751338, 0.0185456249228198, 0.04692444292659592, 0.025075301845408595, 0.030228213744896683], "NoiseHL": [0.1386862406603099, 0.12185813324557379, 0.11902331573821409, 0.10294245980739103, 0.18222601212125156, 0.19891046951679311, 0.16196103678596643]}