{"FilterHL": [0.014834249457085794, 0.014018201208812727, 0.01780463119363935, 0.02486976014488487, 0.035293075812692525, 0.019137147535093862, 0.029993579640423432], "NoiseHL": [0.1550578719965867, 0.15496901256687812, 0.19909933333683796, 0.19252274738729966, 0.19917630655526897, 0.21020331474739906, 0.16211708251447363]}