{"FilterHL": [0.010862404973383855, 0.027283910324644778, 0.010991944270271264, 0.02423165494701354, 0.25671579489879875, 0.24741575399250731, 0.24700984675161383], "NoiseHL": [0.30737909358042753, 0.3730416297748123, 0.39982322875783355, 0.3962318175789106, 0.4756956482917972, 0.5013015216220337, 0.501951864998912]}