{"FilterHL": [0.03557081708948096, 0.09260880415387876, 0.09948652221787449, 0.10789545538317191, 0.019179621772098553, 0.08433440852300143, 0.13877281861591398], "NoiseHL": [0.32885602703163774, 0.31700199948652785, 0.5157782286022387, 0.4961545220295964, 0.34707925045730526, 0.3322745295694224, 0.556193485651973]}