{"FilterHL": [0.017475644076032117, 0.02964020160741306, 0.014336308072409694, 0.0179510402299424, 0.013662431871963258, 0.02145021082668977, 0.03166225840920137], "NoiseHL": [0.09709669060057796, 0.10144092982470412, 0.09662476500636093, 0.10124037504050594, 0.097074783427121, 0.0802634451230759, 0.08591398178422095]}