{"FilterHL": [0.017318626791050888, 0.010043162587578772, 0.009200654386703361, 0.011038659065077068, 0.00067585936945412, 0.003015114588159319, 0.005875237570780293], "NoiseHL": [0.11979367222299334, 0.08999964411173851, 0.1250712277592546, 0.10157804018032443, 0.12887618714515595, 0.1019496530644387, 0.1252042760764942]}