{"FilterHL": [0.017319705137574925, 0.020739099863576388, 0.026219573579094914, 0.007068804551486003, 0.03147215986535029, 0.03656041050163983, 0.03571996770710247], "NoiseHL": [0.05569316710403921, 0.05754823056628257, 0.07686493997133616, 0.051210445400905545, 0.11349478333961845, 0.12839125489178302, 0.10738050574427543]}