{"FilterHL": [0.028725629145707213, 0.026037658456882357, 0.01684068039841892, 0.012962051413119818, 0.04353775575795955, 0.03444835942561946, 0.030705800915195043], "NoiseHL": [0.18110133580152984, 0.2584409162362052, 0.20273088709490966, 0.268326639628586, 0.21436710516580537, 0.23332047301383024, 0.1977012378735092]}