{"FilterHL": [0.0045562497575082385, 0.028378454837485766, 0.0023480866201010782, 0.0031894022405652526, 0.06478477961593881, 0.06925905632674541, 0.06861439966782223], "NoiseHL": [0.4090435197155264, 0.39881186327304224, 0.38856748930043045, 0.37219522106125436, 0.48523790367438124, 0.4886407834581497, 0.4731121815424388]}