{"FilterHL": [0.018619635723676812, 0.016803791329899433, 0.017510444719341708, 0.023337769239684693, 0.008277754055494304, 0.009913132096607484, 0.023801414822274714], "NoiseHL": [0.07006595483512292, 0.05443771277905677, 0.07669453159458703, 0.0626426931896618, 0.08860762681964753, 0.11748807167511482, 0.0966238729904769]}