{"FilterHL": [0.0162787625529202, 0.022407253509285765, 0.009024939266775927, 0.007819928200425773, 0.09472800472235617, 0.09602191052471545, 0.07913856775298413], "NoiseHL": [0.15407723273093832, 0.15081113595305834, 0.1195898410595427, 0.10627442588952232, 0.15581142026230105, 0.15594407790488304, 0.14887395639671225]}