{"FilterHL": [0.035713077866855875, 0.037679722680393476, 0.045201365570242034, 0.04357641081620877, 0.08149532551221018, 0.0733159089351504, 0.17650324891104074], "NoiseHL": [0.15652840584109654, 0.13207031412598488, 0.28718562469260295, 0.3089247381222757, 0.09626825851832148, 0.11335235354516392, 0.17092576857460898]}