{"FilterHL": [0.060549519044257705, 0.06645527183377352, 0.03742871590975942, 0.03588312947120491, 0.08553509059513413, 0.04485633623694917, 0.10540992883611175], "NoiseHL": [0.0874814399197872, 0.08319463556552065, 0.19653409167586247, 0.18919811600206507, 0.10028710724109498, 0.100976451716403, 0.06396601615863606]}