{"FilterHL": [0.0402195120234217, 0.05509760722836517, 0.035745614787591105, 0.034711003779867716, 0.03543082555724807, 0.022491598402777622, 0.028022827455160826], "NoiseHL": [0.03684903283870297, 0.04294009086089707, 0.03419964744327322, 0.03423285528753909, 0.015916957213694297, 0.03747896123705063, 0.04765871633496297]}