{"FilterHL": [0.008668547276427092, 0.039443314800683894, 0.02706171375428248, 0.011481494378511677, 0.021276985184446668, 0.016444257300270007, 0.03180083493102636], "NoiseHL": [0.15748172771716484, 0.15615115191610834, 0.12802299367222275, 0.12455544087662501, 0.1389487155645419, 0.1718183615199856, 0.15949331197595326]}