{"FilterHL": [0.01924151149231016, 0.048931327976657966, 0.03814982102163333, 0.021267006572973698, 0.03493100852863817, 0.02670055839053571, 0.038173778188018946], "NoiseHL": [0.10854489259094138, 0.1541058175433896, 0.042104603127535355, 0.03544300647797452, 0.10862555999382063, 0.11572475525886541, 0.04822037386332993]}