{"FilterHL": [0.02093409514912717, 0.06927056837502804, 0.018870458592871092, 0.05650719632014642, 0.04641585250143202, 0.04144487304763856, 0.04711278306443311], "NoiseHL": [0.20198747877998482, 0.2466247675897567, 0.1734434917503341, 0.2085473341574389, 0.19772805527872556, 0.2668524170996362, 0.1896341391367716]}