{"FilterHL": [0.06823006009824714, 0.08337011998673068, 0.033534831246951065, 0.03288613449448218, 0.07656045519697308, 0.06869228513348966, 0.057021245505434234], "NoiseHL": [0.09796610509698993, 0.11699549320091886, 0.08140566891945182, 0.09339371751428147, 0.12013998105325736, 0.12920722981675478, 0.09353129195613229]}