{"FilterHL": [0.04208202573847585, 0.02854214142070401, 0.04607504056241463, 0.050824021987242264, 0.05138449262562888, 0.11938576254060067, 0.045226218826294115], "NoiseHL": [0.11641565066028767, 0.114904744737792, 0.056414638888434426, 0.05927736934870939, 0.10505082631321849, 0.12957894884798737, 0.036387351244809754]}