{"FilterHL": [0.02931580479237286, 0.05811735343547551, 0.022072933043467226, 0.03728265566712304, 0.019638488909708318, 0.03242847865799168, 0.01696075615918397], "NoiseHL": [0.04617750080121335, 0.06034714380804261, 0.21614988156773302, 0.24941221247672007, 0.03963194736222048, 0.028707003691460828, 0.20620630697155717]}