{"FilterHL": [0.0058714404311714374, 0.01936639803328038, 0.008674278844775054, 0.0051697815841257825, 0.0050186485400033655, 0.022163342609550614, 0.019271801051947625], "NoiseHL": [0.33604496486973645, 0.3938321158955047, 0.4175954630764939, 0.38353798806120803, 0.3850120292755423, 0.44797348243696977, 0.4013691511598754]}