{"FilterHL": [0.02267055479755143, 0.03499937813429524, 0.017022258789173236, 0.011855988296695765, 0.011552903063715377, 0.017403753585661826, 0.015664106549796726], "NoiseHL": [0.07088336874933068, 0.06986240093595977, 0.08108218991836308, 0.07942746712551682, 0.11407301249955994, 0.12925396959341848, 0.11336978535249129]}