{"FilterHL": [0.024746138611746106, 0.06959594953886342, 0.023894663076321696, 0.047555365881514655, 0.03216396763429539, 0.05155055440404077, 0.045112058357569255], "NoiseHL": [0.025408752933940605, 0.07051969235939928, 0.031737212042855935, 0.047362752023473335, 0.03552175913419407, 0.05631927951507026, 0.03655214147528665]}