{"FilterHL": [0.002972814021156559, 0.03508638480436308, 0.0034391330635826136, 0.0076551695950888, 0.018109614420552613, 0.008516685006683017, 0.03763433044439951], "NoiseHL": [0.11283068696652779, 0.11384615604088578, 0.1435187646507576, 0.15470486470473513, 0.20225975672103763, 0.22260798086457442, 0.17611897695066797]}