{"FilterHL": [0.00015252482134232032, 6.221148509545188e-05, 0.00465090300777488, 0.00862962441098116, 0.027492857784097314, 0.014687806997462813, 0.004905183992926394], "NoiseHL": [0.27111262876644165, 0.2881621992123956, 0.26338227897698135, 0.25850057474633714, 0.24746842102120467, 0.24868465415564303, 0.31229702626329436]}