{"FilterHL": [0.003362445141996608, 0.010152473984045476, 0.0055902255506519345, 0.0029437485795300164, 0.008351907727049518, 0.005134154855209662, 0.011785406517357815], "NoiseHL": [0.16040094147137468, 0.15881611832478, 0.1457397245667329, 0.16194114481610647, 0.16349962888871333, 0.17245255120129327, 0.16042733212482235]}