{"FilterHL": [0.014566084694007166, 0.0246093131512594, 0.0032739882337619606, 0.01771324030907038, 0.005534714259290782, 0.018763490831187474, 0.019963660007016763], "NoiseHL": [0.1255540434289031, 0.1970812176721431, 0.1921241809534609, 0.2312334856109255, 0.1439775134281276, 0.1827599722542778, 0.21708940228010085]}