{"FilterHL": [0.035171711158992806, 0.058601667511557994, 0.04877291277397498, 0.059303354176274116, 0.04513935978149592, 0.033632768424270224, 0.03816250592064213], "NoiseHL": [0.024994870211355883, 0.05236402381781693, 0.05774923903554714, 0.03410166578897099, 0.0438721547382681, 0.06557800807742856, 0.03655500952164638]}