{"FilterHL": [0.005892319377071165, 0.02767475762449332, 0.01931338579332033, 0.010903587483865093, 0.009286950722720084, 0.021336591337109193, 0.01993771931394072], "NoiseHL": [0.2440586719222304, 0.2387132973538337, 0.21793865700975357, 0.21179407999427985, 0.22593971171158606, 0.25129240833054844, 0.21531988286092377]}