{"FilterHL": [0.007073896471251403, 0.03777406119647013, 0.012768730822830242, 0.00861030717326088, 0.01750928940246845, 0.020429214581282037, 0.02531540548522129], "NoiseHL": [0.062149428120083235, 0.09230498830863373, 0.08828245978127006, 0.11501591200333637, 0.08043194660593692, 0.08105680772895606, 0.10975608834293114]}