{"FilterHL": [0.3345609257114023, 0.1837033623696973, 0.2692472418797504, 0.378443354549665, 0.3381838205008708, 0.3725429813768109, 0.4525772636120245], "NoiseHL": [0.38562290886305145, 0.3912606137047289, 0.3904486928682628, 0.42535385039254164, 0.3951033084439861, 0.4457724835884224, 0.3766495884412399]}