{"FilterHL": [0.009118716988035494, 0.01550527081738562, 0.022009181521829894, 0.026786400308796175, 0.007258179794773713, 0.01582285077931084, 0.025427732686009397], "NoiseHL": [0.122190236937077, 0.10255704143472898, 0.12186907539197087, 0.13617854277578306, 0.1620356150913948, 0.1945676768952992, 0.159477471588418]}