{"FilterHL": [0.018874130380011525, 0.029670795578515555, 0.03459244917173029, 0.023715908525931056, 0.028505726975599346, 0.031607573831715335, 0.03236052854210399], "NoiseHL": [0.16255782923373302, 0.16098649991997063, 0.18812394061176613, 0.19365195647307742, 0.18447609821853414, 0.20808866272963683, 0.20019825310462172]}