{"FilterHL": [0.04361161680483195, 0.07082065499945579, 0.08023872853920935, 0.0718477436160255, 0.22329839710856245, 0.23139294654065223, 0.26766184066712756], "NoiseHL": [0.2485382613855217, 0.22648918205972612, 0.23824332327711448, 0.2214533311294474, 0.3067327741184483, 0.3080792637922008, 0.3331744739773873]}