{"FilterHL": [0.03699532920236964, 0.03548999722484762, 0.03825738219411385, 0.05746209148835527, 0.034798675994143304, 0.02132945726978437, 0.0195291020127042], "NoiseHL": [0.046881656945089896, 0.058371531615284945, 0.04772964516605017, 0.06032519639073968, 0.05217099914321698, 0.03731942364431953, 0.038740500967277144]}