{"FilterHL": [0.07072334313102607, 0.01730446859766731, 0.041700119286127955, 0.035107448836937234, 0.03166950154529159, 0.02642870434409192, 0.04119940962711203], "NoiseHL": [0.24151323114029222, 0.2538468953653102, 0.3220056867187901, 0.3320361852864281, 0.3438163373603939, 0.36930360976583987, 0.39911887603999446]}