{"FilterHL": [0.040227600811772755, 0.048218039416742055, 0.045886410179916806, 0.0514131231248362, 0.09786354949858038, 0.07436960825345816, 0.06444376096551847], "NoiseHL": [0.03963562768159156, 0.05695795540299516, 0.056585550752249615, 0.05821556693272186, 0.06384730503901563, 0.04337234097789425, 0.048194831765003415]}