{"FilterHL": [0.03809511524048891, 0.05186690270596098, 0.04493259687532214, 0.017820601515673957, 0.015287992568280817, 0.022338523116476886, 0.03667332321180574], "NoiseHL": [0.04653675231379669, 0.06574723143074214, 0.06618540701383903, 0.05017091833769986, 0.04075055740278387, 0.026122128704562923, 0.0531950616670593]}