{"FilterHL": [0.026384056299092334, 0.03668360995515692, 0.0123332588323719, 0.008987084333423816, 0.008360060620124267, 0.012098704981518238, 0.027304616814862747], "NoiseHL": [0.0775469130146767, 0.13225304688825332, 0.09763600159414973, 0.14732566954374207, 0.10195465211700698, 0.16660011584953682, 0.1123416596400685]}