{"FilterHL": [0.08499959157104095, 0.11899751046477713, 0.49468392281608253, 0.10906317759495437, 0.905804845038757, 0.9185586535436917, 0.9028413519429296], "NoiseHL": [0.5272251700709032, 0.5463357746519046, 0.5327014310840611, 0.5331156191795928, 0.40442083316386274, 0.37239973147662103, 0.3960829407227821]}