{"FilterHL": [2.1073424569465507e-08, 0.0, 0.0, 4.2146849766967993e-08, 0.0, 0.0, 0.0], "NoiseHL": [0.30706506372943193, 0.39161387359361494, 0.3675635571657941, 0.4495035223163089, 0.32843355267654617, 0.41617630313644177, 0.40904518435664383]}