{"FilterHL": [0.03188498933097291, 0.045710192999059325, 0.022357589703024518, 0.02359995868003672, 0.03393699989942926, 0.04210444180244641, 0.0436642148905211], "NoiseHL": [0.04998371505637547, 0.056502163005610916, 0.0356237954919344, 0.03525303165264384, 0.01797800876803422, 0.045368088289432694, 0.031168119753856548]}