{"FilterHL": [6.7434989772924e-07, 0.0, 6.427423609717047e-06, 2.95028555052502e-06, 0.0, 0.0, 0.0], "NoiseHL": [0.3053053667491258, 0.30706506372943193, 0.30618621784789724, 0.3613838209539516, 0.30794192249105196, 0.34398982727819466, 0.333404535312594]}