{"FilterHL": [0.012172861625132312, 0.025161253953438732, 0.011143502919924688, 0.016881081361353634, 0.014739951237438554, 0.010663394213030138, 0.005958108847067567], "NoiseHL": [0.1465987057811241, 0.1679699319717181, 0.14763127286427272, 0.1727291512203746, 0.11821322433017004, 0.15949018629802025, 0.11530628368275271]}