{"FilterHL": [0.06482407339802689, 0.06611238669612067, 0.05018979443534282, 0.03041156878175616, 0.050180769595046144, 0.038070349063582844, 0.041498166098854435], "NoiseHL": [0.19337474629816162, 0.162933752078883, 0.18872677568016724, 0.18065918609422607, 0.16437367227199462, 0.12557194824770124, 0.1698681881080097]}