{"FilterHL": [0.0, 0.0, 0.2587628301124028, 0.1267788152089435, 0.0, 0.0, 0.0781328180319138], "NoiseHL": [0.49412886588116967, 0.4603313879072274, 0.6846531968814576, 0.6503319990440607, 0.509088057760535, 0.5032517296698715, 0.6200374080551458]}