{"FilterHL": [0.09146672470166584, 0.08106685181775722, 0.0642300715272835, 0.03599052207272565, 0.2185255512188116, 0.0845075240966128, 0.2046449647891113], "NoiseHL": [0.3165205524509777, 0.34063909349690513, 0.2955021924799546, 0.3927313824832501, 0.31453439542787587, 0.26406673942662817, 0.2999641662850087]}