{"FilterHL": [0.005648259363863385, 0.0410575303140893, 0.01694177844705892, 0.006810553786036394, 0.00507639346987437, 0.00799503642149764, 0.0011977404118779962], "NoiseHL": [0.09796558775143283, 0.14127153383771726, 0.186405487580635, 0.17959532468968842, 0.17974086930712674, 0.19327878161753276, 0.20052521968929202]}