{"FilterHL": [0.02236622842761744, 0.04758357826049649, 0.021770505008593666, 0.013681981640075242, 0.0064181403586619345, 0.020137949128328395, 0.026577307979211984], "NoiseHL": [0.051273126323676844, 0.06032643152846218, 0.06274356293765643, 0.06452152568425604, 0.08603355379822665, 0.09914550493758582, 0.09198646454881301]}