{"FilterHL": [0.006083564201798513, 0.015284768359979687, 0.004443974447037891, 0.008222800818668994, 0.006562414931664461, 0.015243089238147472, 0.020204936137348833], "NoiseHL": [0.19976559670802116, 0.29766452302279267, 0.2799090232442772, 0.2876268955752618, 0.259508164978504, 0.3160846101529181, 0.26988149982170817]}