{"FilterHL": [0.030360018743158305, 0.03702911633373542, 0.02935497537003074, 0.043475266413333116, 0.183820990075226, 0.18409372611001473, 0.2705936313209163], "NoiseHL": [0.10411551097711123, 0.0912333141308504, 0.09165304338831395, 0.09101504621897924, 0.10950156927027006, 0.09266065743276732, 0.16464825925030624]}