{"FilterHL": [0.00610083216124046, 0.03696342319480323, 0.0060615217247157365, 0.002488027473312055, 0.006930266152015202, 0.00788440093437169, 0.020916730671978575], "NoiseHL": [0.20689122807938173, 0.23425399392254637, 0.20573489930409214, 0.23399841167043225, 0.19019173373461853, 0.1899488159966762, 0.17049371050736473]}