{"FilterHL": [0.037284949627019615, 0.04309311242417596, 0.028165795899545307, 0.03189894793203347, 0.0420632605982846, 0.06721438001115689, 0.027011110815868798], "NoiseHL": [0.05882904363430491, 0.05957814560835993, 0.027844856696094492, 0.038908578055878475, 0.05321789770500776, 0.07900091863768079, 0.023138503982631346]}