{"FilterHL": [0.029007131489210403, 0.049722955009718815, 0.03416610388442701, 0.05007245859374272, 0.1666951630366775, 0.2007562488952677, 0.1279598020604629], "NoiseHL": [0.07990364588345038, 0.10926891910348173, 0.10742420339353949, 0.11880441762165296, 0.06023054450553735, 0.0682182440272372, 0.04287232400861673]}