{"FilterHL": [0.036811835414864255, 0.03226094346320541, 0.02479581489891985, 0.04148089616776671, 0.028251933215418346, 0.019908688109582042, 0.029016700537714313], "NoiseHL": [0.050067596886442765, 0.12176247008383713, 0.10200181708439489, 0.08491759415554928, 0.06777836663935491, 0.06463818977044729, 0.09147834403711892]}