{"FilterHL": [0.015522261570050778, 0.014573133048448938, 0.014382945734573202, 0.02401761970487329, 0.5535125223253371, 0.7071067811865475, 0.5552009845947478], "NoiseHL": [0.21761147105238055, 0.4032214828447479, 0.21583731676699985, 0.42754367307287006, 0.6379764790200589, 0.657117728601144, 0.6214142041881765]}