{"FilterHL": [0.04141330089495925, 0.060513271707391805, 0.02375050685073078, 0.06413290343256395, 0.055167350647197654, 0.05660770504042628, 0.050087816658545295], "NoiseHL": [0.04808709557806914, 0.0688667976441644, 0.03207271161078762, 0.08229633895411952, 0.0815656933464762, 0.06941403562097102, 0.06463616578333847]}