{"FilterHL": [0.01741362167821396, 0.02569198561890274, 0.02862942983919145, 0.03993216926447519, 0.0165464991157176, 0.026656813756947884, 0.017855760358616975], "NoiseHL": [0.11587419480379446, 0.12124222515468328, 0.15706209130931217, 0.15934468469927782, 0.16549872011236036, 0.190423674669695, 0.18566578537751316]}