{"FilterHL": [0.006573961049313412, 0.023590176110672795, 0.004328998504025294, 0.002259925005435817, 0.005234313618748405, 0.019523877499239686, 0.02795091905974358], "NoiseHL": [0.3325139010328324, 0.31070473574913665, 0.42155855163458356, 0.4051483856253818, 0.3471308291728233, 0.3325712887773107, 0.3534610316155071]}