{"FilterHL": [0.013566075515462777, 0.05607704051276486, 0.03300470579125033, 0.057588732540633084, 0.018706132030341497, 0.021903234813987413, 0.0340134597450369], "NoiseHL": [0.02645879296725881, 0.037732733389702164, 0.04659094937486154, 0.04876873008785942, 0.039940653084447005, 0.014152297347351515, 0.03624640916872945]}