{"FilterHL": [0.07569799160356816, 0.07168960727332954, 0.0698228658552654, 0.07113720019977937, 0.055050846545371436, 0.11032131564301488, 0.06978581350455859], "NoiseHL": [0.09756948240657566, 0.11022849854294928, 0.1011124485872162, 0.07522482161957551, 0.06337611022826332, 0.08506099121643924, 0.09679482460480343]}