{"FilterHL": [0.032482543123185846, 0.07598913380179433, 0.021887534439264944, 0.04801746500841807, 0.10538249923521903, 0.0503831998861895, 0.07294122769330762], "NoiseHL": [0.040699838796730343, 0.09025614555038246, 0.03785511073433674, 0.03685172020444401, 0.10098036080472568, 0.038945324606470204, 0.09097327997596369]}