{"FilterHL": [0.0661994044646829, 0.07318255846968741, 0.036697277126140605, 0.0751382589281792, 0.07223122339698039, 0.09275760606210845, 0.08773944580544017], "NoiseHL": [0.15082672520368742, 0.10168762371641483, 0.127096385102086, 0.12315496544376597, 0.11806132419146091, 0.1365054587918777, 0.0933770753348082]}