{"FilterHL": [0.03451130673228743, 0.04527115060601184, 0.032464878911565936, 0.0510592997489563, 0.04507083807336576, 0.052636522012897126, 0.03673784262545241], "NoiseHL": [0.05457070778707924, 0.12760368273509318, 0.07726438451030311, 0.1294422982409589, 0.06286463962447908, 0.10960389625678801, 0.07218734422897793]}