{"FilterHL": [0.015231384705095882, 0.0010630635076911928, 0.005968739833104844, 0.001626966415814344, 0.00409399584260923, 0.001679019793979917, 0.008734811427494488], "NoiseHL": [0.0914114149091027, 0.11697191340800898, 0.12019132392690156, 0.1508177822125324, 0.11617139576628795, 0.13132225716714424, 0.13728084929400833]}