{"FilterHL": [0.06025004863832891, 0.0616538656366307, 0.05581904372793965, 0.05387081418757752, 0.059169996353769856, 0.05738175207877446, 0.06176255722423029], "NoiseHL": [0.2687327900524544, 0.3170183381920606, 0.24572003423314842, 0.31427377224146247, 0.24100201871980037, 0.20545129540916157, 0.22675179255900996]}