{"FilterHL": [0.025345953449968178, 0.008178933901168719, 0.022700742178951655, 0.023472287179593345, 0.020357742737803823, 0.01589484487233493, 0.012466672578646856], "NoiseHL": [0.30586424734940565, 0.3392443550412865, 0.2749776764664509, 0.37104966580799725, 0.2523428354269699, 0.3253312499764049, 0.24800138325883667]}