{"FilterHL": [0.003766365780525182, 0.01844870722823698, 0.004090155186181252, 0.022717436066203658, 0.07940722289835792, 0.06943172857342249, 0.0896320121978789], "NoiseHL": [0.2329777239145478, 0.2603129587060107, 0.26982024403136007, 0.3045359884512641, 0.23407876441180672, 0.2525536390871293, 0.22357700617493476]}