{"FilterHL": [0.04034925786539074, 0.05246801297740647, 0.019766810187127948, 0.045512749452474854, 0.02865093955141152, 0.0538589953993057, 0.04838155331340067], "NoiseHL": [0.0063883867035172, 0.008334172449715987, 0.01167846095372626, 0.011673099491245321, 0.0038910963004516242, 0.013130584429947224, 0.010441085629150405]}