{"FilterHL": [0.021859448333062123, 0.03560978234643489, 0.02289612827166763, 0.026432187807662964, 0.014338921029794002, 0.015414317797926439, 0.012436860303687203], "NoiseHL": [0.13645941348105864, 0.13950526369955837, 0.1640658602621394, 0.1683672916515277, 0.1501808898042061, 0.13138812562926114, 0.18010075651041815]}