{"FilterHL": [0.0, 0.20614919254847047, 0.08491570362007649, 0.20289915714803716, 0.037072876894098716, 0.20381077255487953, 0.1679838851965264], "NoiseHL": [0.5475697300798753, 0.5800017923443244, 0.5660012375502276, 0.5649487866715832, 0.5602873593049109, 0.5978320553835581, 0.5742492220954892]}