{"FilterHL": [0.02442207046305117, 0.0150430554144841, 0.008007959140159936, 0.029633722750811883, 0.004262031367222047, 0.016386894387159946, 0.01554418850046707], "NoiseHL": [0.33090948985790364, 0.3699819093589965, 0.3154410504627089, 0.38127841069736507, 0.3528810163075614, 0.37672962459998616, 0.3515088160908956]}