{"FilterHL": [0.00012567199649128944, 0.0, 0.0001649187768325881, 0.0, 0.010876851680230134, 0.018964239935320485, 0.0072730485050660505], "NoiseHL": [0.2350244059359881, 0.2561839685989771, 0.272083122635683, 0.24368051018541526, 0.14044858014632036, 0.16801938030584954, 0.20217423592924638]}