{"FilterHL": [0.016098057956648815, 0.02276202825459568, 0.023523937169294414, 0.0048531918016938526, 0.022434048649007332, 0.007064529012466777, 0.02703210170615945], "NoiseHL": [0.15170253555373694, 0.15344629832786966, 0.1217863743927084, 0.12105197848168836, 0.14323025924233704, 0.15237845073932077, 0.14183487269443712]}