{"FilterHL": [0.05478738582806696, 0.06582099924929659, 0.058099228863329064, 0.035724146098256665, 0.05881169258048856, 0.05510356670476362, 0.04363596928923128], "NoiseHL": [0.10420829131703527, 0.17005141142641084, 0.10713807641243163, 0.13293759064024735, 0.12795223184625398, 0.16670359845612712, 0.10870958109354059]}