{"FilterHL": [0.08167014586898078, 0.10944527818736846, 0.10649646024746862, 0.13880313780576486, 0.09010771639938803, 0.10144650124211665, 0.19574355676597474], "NoiseHL": [0.0958051546441719, 0.09174399866838982, 0.2870433571977283, 0.2755851466585657, 0.07574649381229812, 0.10966856615957077, 0.3005116894487159]}