{"FilterHL": [0.010802926874253124, 0.005367997606444917, 0.015216036798938827, 0.026197334172140978, 0.00862982792978369, 0.014116600436842104, 0.013020940349906281], "NoiseHL": [0.18863467339015344, 0.25635479300785996, 0.2035290326938128, 0.27158098688651255, 0.2534072758055973, 0.30430282068571857, 0.27602374870787977]}