{"FilterHL": [0.032369271614546745, 0.8798985704048877, 0.023874981606984452, 0.030815579278070705, 0.03518313171027989, 0.07943431680131549, 0.024688598957476018], "NoiseHL": [0.12087418988474807, 0.09099295345246537, 0.11093577135418031, 0.08695236256210158, 0.12048745275582164, 0.09541277163140549, 0.13590412753548847]}