{"FilterHL": [0.02662981828050172, 0.016357392391706298, 0.009607655362735432, 0.03386980015567624, 0.012277562468681632, 0.004534368401938687, 0.03659441005976941], "NoiseHL": [0.13410358836415281, 0.2397339335564678, 0.13258362367448837, 0.22624006934884563, 0.13795916992410517, 0.2381005332334703, 0.14596329335206645]}