{"FilterHL": [0.0813954720946005, 0.20343354107691924, 0.15705935682218833, 0.10772006935734738, 0.2183337567981007, 0.15496996647295125, 0.2311043823341757], "NoiseHL": [0.37005676347643324, 0.14891647293935353, 0.3423231319880227, 0.1367528543337563, 0.2502002521024323, 0.08526595160247774, 0.2658911856578522]}