{"FilterHL": [0.021662916780564943, 0.014524215749231675, 0.01384295248111394, 0.05399371130588915, 0.038016935556766496, 0.06522531998394283, 0.024491757493967932], "NoiseHL": [0.14534451383099714, 0.10956714704190627, 0.12900280887343124, 0.13782109102254828, 0.14720137417534093, 0.1912592920635347, 0.1580548577251267]}