{"FilterHL": [0.050142908621390175, 0.04851375806870909, 0.01009468037756081, 0.011659727201891706, 0.062138093115514034, 0.023090682889679384, 0.012236666197953664], "NoiseHL": [0.23037104811447082, 0.2522371287120276, 0.2090632927377609, 0.21034979938580745, 0.2264305699923027, 0.2313758923103701, 0.21479586010271304]}