{"FilterHL": [0.1587372554542313, 0.07779379920494539, 0.1460450386730082, 0.06225088981076952, 0.1910383675899904, 0.12144742482667235, 0.09356250558979677], "NoiseHL": [0.2687479725500752, 0.21642191177283507, 0.3699804260486461, 0.27803239964664944, 0.2723434523010783, 0.22539930480528672, 0.33903464914391984]}