{"FilterHL": [0.02909733960533865, 0.04550459612338264, 0.021852675873323166, 0.04551553093122592, 0.01898804536470711, 0.04313271439878358, 0.027227339725783842], "NoiseHL": [0.11513419707728895, 0.10023021071321818, 0.1119972722398451, 0.10876117075561953, 0.13559327791728654, 0.14439350810119478, 0.14479096786453458]}