{"FilterHL": [0.07754771689622217, 0.06776343014105818, 0.060575517097543934, 0.03654371795928895, 0.08939273324525075, 0.050172589783938064, 0.09663083258692093], "NoiseHL": [0.18178925152073858, 0.20044228166231992, 0.1361892165776819, 0.18191112096771217, 0.20436895186927284, 0.24168289752873726, 0.19235003326396105]}