{"FilterHL": [0.00014993223568412426, 7.658497110788296e-05, 0.0, 9.348789010026524e-05, 0.0033371173744272983, 0.013960954662670336, 0.03656436550825607], "NoiseHL": [0.1422112410749228, 0.17677669529663687, 0.2531082856368079, 0.29275215217742273, 0.30618621784789724, 0.3325799273522732, 0.3729127483443755]}