{"FilterHL": [0.003932716416794447, 0.02022807555841594, 0.016272575887280254, 0.019245212874713154, 0.015926316681711378, 0.033160133307776334, 0.041688724186216046], "NoiseHL": [0.23519545085999072, 0.25214933041766396, 0.2317054629128537, 0.24734782243075648, 0.24791240046692592, 0.2604128965528755, 0.25925914364991587]}