{"FilterHL": [0.016828786666260198, 0.04734825176735129, 0.018053942670004593, 0.012460024751002483, 0.0214266393083012, 0.029096394403882304, 0.022308474620730243], "NoiseHL": [0.07801717479239757, 0.13927329668598298, 0.10365342782768232, 0.13939891459275905, 0.1170757868314612, 0.14440031939340184, 0.12976769049234826]}