{"FilterHL": [0.008240453867003712, 0.015214954768406999, 0.0020508055465736515, 0.007691429516050959, 0.010211326226212326, 0.00850698453151747, 0.01891158985541758], "NoiseHL": [0.4340080142429516, 0.429099637962766, 0.4206764074035986, 0.4206220264005123, 0.3963513418068227, 0.395323913965585, 0.36526210905706985]}