{"FilterHL": [0.02959203104797545, 0.04461051858193098, 0.021798719902115658, 0.03359026739370646, 0.03345556178791788, 0.0476931255347229, 0.03193505867890693], "NoiseHL": [0.04401547820150817, 0.02981187666595024, 0.023483622999826505, 0.035401675951623315, 0.020380017172050204, 0.04436539089893406, 0.035552072129038735]}