{"FilterHL": [0.021978750079105186, 0.014411545231218046, 0.016574029291246503, 0.0143596533497701, 0.3415507998715755, 0.2999014790891176, 0.3312902193376537], "NoiseHL": [0.3645682172640481, 0.34327549406053187, 0.37827273408636114, 0.3461794747806554, 0.56269320803789, 0.5482064709806141, 0.5597376439604662]}