{"FilterHL": [0.00043635451894267135, 0.0, 0.0, 0.0017120756848331056, 0.13844229330129817, 0.1280468925034055, 0.1168492484865568], "NoiseHL": [0.2305892712780783, 0.2963824050818444, 0.26023620398396025, 0.32508767843708475, 0.31627534305480026, 0.27510807917839736, 0.2947575737110716]}