{"FilterHL": [0.0, 0.013466352035316506, 0.00026110578755267127, 0.000766560919236873, 0.0002294214410185549, 0.026256081044631667, 0.0008277639206894291], "NoiseHL": [0.31488735035330745, 0.3228193940393663, 0.3053053667491258, 0.3267638742314115, 0.30881681198870464, 0.31014456869266166, 0.32759952141623117]}