{"FilterHL": [0.05409273344941647, 0.022567284008752634, 0.05808825939966484, 0.051903295590780045, 0.03170184872174115, 0.02599889459739661, 0.036994188291079054], "NoiseHL": [0.08627665510989331, 0.14719406105174596, 0.09714269773094955, 0.15328564884105172, 0.12385908367446084, 0.1377131246078005, 0.09654694777948013]}