{"FilterHL": [0.03679138956810751, 0.06261837307418944, 0.0340455005031818, 0.04569832688402081, 0.027138429456439954, 0.023750629447151065, 0.044237792525905345], "NoiseHL": [0.027660527957340243, 0.0553048846149102, 0.03630447686950737, 0.035210650964894674, 0.029394834219779203, 0.03682036150177936, 0.04020389159215517]}