{"FilterHL": [0.023295456132130184, 0.010450264005360267, 0.01809760633948392, 0.02110453014130144, 0.02485336965886128, 0.01136699071310979, 0.012582110499656825], "NoiseHL": [0.1312954724131387, 0.1235684801387119, 0.15079046736910195, 0.1500630702456356, 0.1680195980861429, 0.17360939658920124, 0.13419858995953315]}