{"FilterHL": [0.01429922049009264, 0.021332798909173504, 0.017290115599962696, 0.03187938189504445, 0.01446412578561394, 0.016101025367628096, 0.021639484615977086], "NoiseHL": [0.15614758186391547, 0.17084334756932512, 0.17587926314974275, 0.19470939452013147, 0.18519858595583719, 0.1881003708593076, 0.2062510641781241]}