{"FilterHL": [0.017085443405992152, 0.036299724883892055, 0.0057311179647291325, 0.042191613511010445, 0.010978332048726832, 0.027416037569158058, 0.03294869252538364], "NoiseHL": [0.07609926020478935, 0.08892546205115875, 0.07940837012887574, 0.09929124169503906, 0.07032044925462397, 0.09687846346875408, 0.1051914260136051]}