{"FilterHL": [0.02529297078885843, 0.01497386638523002, 0.021355350296069036, 0.010870315177267643, 0.7356981609796274, 0.03127415663674683, 0.03859497983263085], "NoiseHL": [0.04010548841575547, 0.15572891942901784, 0.07023867288107256, 0.15910580350100376, 0.058873583307102725, 0.13630311447151666, 0.06695237449087306]}