{"FilterHL": [0.23835621252565853, 0.21190045257331938, 0.24413647104443606, 0.255536824370295, 0.3346694994228744, 0.20652721819452613, 0.3342321963396855], "NoiseHL": [0.24291163634847812, 0.256102638792156, 0.2902702466133107, 0.2955223414595027, 0.27315681188668856, 0.2685882627290389, 0.287909451157226]}