{"FilterHL": [0.022584963682082272, 0.016467471531028358, 0.017093356718177133, 0.02899496219461157, 0.007479375190059558, 0.011153260296129203, 0.027015086057577103], "NoiseHL": [0.04461990587044696, 0.1643549990651633, 0.06073574970159735, 0.15215563534354082, 0.05366546664362362, 0.1516677477186822, 0.06528556030718316]}