{"FilterHL": [0.13804194765520314, 0.08151496252382179, 0.11191061169648424, 0.10128948594268856, 0.13286758491190612, 0.09109861764613493, 0.14423086496804635], "NoiseHL": [0.2738974244644932, 0.36667169499862895, 0.23181594689291415, 0.3508557788761249, 0.29666000276610854, 0.35167602033042844, 0.2813076151643136]}