{"FilterHL": [0.02809994649170644, 0.022587721903878658, 0.02323019796859464, 0.03275898795607534, 0.017666440504287728, 0.04970141333487058, 0.01930330819847846], "NoiseHL": [0.25212953400559807, 0.3300968376972511, 0.25486772112832456, 0.34884241073361977, 0.31508388926016523, 0.3754506894591242, 0.3218269948832676]}