{"FilterHL": [0.032455737945070284, 0.0908864020281359, 0.06141824386859212, 0.051894370837607715, 0.10811140973549335, 0.11973821832235139, 0.14697149060305978], "NoiseHL": [0.26811199164025223, 0.3125193391666917, 0.229385432312845, 0.3041016974846144, 0.23004377836843778, 0.3469982466391546, 0.1961588078131678]}