{"FilterHL": [0.018468573135946364, 0.016178841746383545, 0.007525753914024116, 0.04374822804012998, 0.0496688679560246, 0.04767746499688919, 0.03160476804459703], "NoiseHL": [0.17623895422440794, 0.1882371100628131, 0.20729593955512765, 0.2121577942190612, 0.22530212520602114, 0.24691800968031064, 0.17275988693818048]}