,Avg Noise HL,Avg Filter HL,Improv HL
ghz,0.2998757795641279,0.0021865541873422323,99.27
simon,0.15282800983310751,0.055147922267182375,63.92
qft,0.6648946550753123,0.14283843318808406,78.52
addition,0.5736542900252204,0.13869887422210114,75.82
similarity,0.67291366007019,0.219202666989071,67.42
phase,0.3130916124143364,0.24533208350786853,21.64
